Item No.,Description,Sell,On Hand,Cost,List,OEM,Category,Extended Sell
AAL-10231,"WTR FLOW DETECT 2""""            """,216.93,0,116.91,216.93,WEST,WEST,"WTR FLOW DETECT 2""""            """
AAL-10233,"WTR FLOW DETECT 1""""            """,200.25,0,107.92,200.25,WEST,WEST,"WTR FLOW DETECT 1""""            """
AAL-10235,"WTR FLOW DETECT 3/"""" 12-32V PDL""",148.51,0,80.04,148.51,WEST,WEST,"WTR FLOW DETECT 3/"""" 12-32V PDL"""
AAL-10271,"WTR FLOW DETECT 1-1/2""""        """,200.25,0,107.92,200.25,WEST,WEST,"WTR FLOW DETECT 1-1/2""""        """
AAL-10331,"WTR FLW DETECT 2"""" 12-32V PDL  """,216.93,0,116.91,216.93,WEST,WEST,"WTR FLW DETECT 2"""" 12-32V PDL  """
AAL-10333,"WTR FLW DETECT 1""""12-32V PDL   """,200.25,0,107.92,200.25,WEST,WEST,"WTR FLW DETECT 1""""12-32V PDL   """
AAL-10334,"WTR FLW DETECT1-1/4""""12-32V PDL""",200.25,0,107.92,200.25,WEST,WEST,"WTR FLW DETECT1-1/4""""12-32V PDL"""
AAL-10371,"WTR FLW DETECT1-1/2""""12-32V PDL""",200.25,0,107.92,200.25,WEST,WEST,"WTR FLW DETECT1-1/2""""12-32V PDL"""
AAL-13110,"WTR FLW DETECT 2-1/2""""         """,176.89,0,95.33,176.89,WEST,WEST,"WTR FLW DETECT 2-1/2""""         """
AAL-13111,"WTR FLW DETECT 3""""             """,176.89,0,95.33,176.89,WEST,WEST,"WTR FLW DETECT 3""""             """
AAL-13114,"WTR FLW DETECT 3-1/2""""         """,176.89,0,95.33,176.89,WEST,WEST,"WTR FLW DETECT 3-1/2""""         """
AAL-13117,"WTR FLW DETECT 4-1/2""""         """,176.89,0,95.33,176.89,WEST,WEST,"WTR FLW DETECT 4-1/2""""         """
AAL-13209,WTR FLW DETECT LO FLO3/4-1-1/2,200.25,0,113.46,200.25,WEST,WEST,WTR FLW DETECT LO FLO3/4-1-1/2
AAL-20001,SYS MONITOR KIT 12V W/BELL,599.05,0,322.84,599.05,WEST,WEST,SYS MONITOR KIT 12V W/BELL
AAL-20003,SYS MONITOR KIT 12V TWN ENG,999.53,0,538.67,999.53,WEST,WEST,SYS MONITOR KIT 12V TWN ENG
AAL-20007,SYS MONITOR KIT 12V W/O BELL,231.96,0,125.01,231.96,WEST,WEST,SYS MONITOR KIT 12V W/O BELL
AAL-20008,SYS MONITOR KIT DUAL ENG BASIC,498.95,0,268.89,498.95,WEST,WEST,SYS MONITOR KIT DUAL ENG BASIC
AAL-20009,SYS MONITOR KIT 32V,248.63,0,133.99,248.63,WEST,WEST,SYS MONITOR KIT 32V
AAL-20011,LAST WATCH II ALARM DGTL12-32V,383.80,0,206.84,383.80,WEST,WEST,LAST WATCH II ALARM DGTL12-32V
AAL-20020,CNTRL BOARD PRNTD CIRC 12V,193.50,0,104.28,193.50,WEST,WEST,CNTRL BOARD PRNTD CIRC 12V
AAL-20021,CNTRL BOARD PRNTD CIRC 24V,201.85,0,108.78,201.85,WEST,WEST,CNTRL BOARD PRNTD CIRC 24V
AAL-20022,CNTRL BOARD PRNTD CIRC 32V,201.85,0,108.78,201.85,WEST,WEST,CNTRL BOARD PRNTD CIRC 32V
AAL-20030,INDICATOR PANEL SGL ENG,63.43,0,34.18,63.43,WEST,WEST,INDICATOR PANEL SGL ENG
AAL-20031,INDICATOR PANEL DUAL ENG,120.14,0,64.75,120.14,WEST,WEST,INDICATOR PANEL DUAL ENG
AAL-20032,SMRT SWTCH-12V,88.44,0,47.66,88.44,WEST,WEST,SMRT SWTCH-12V
AAL-20035,SMRT SWCH AUTO BLG SYS12V-208A,148.51,0,80.04,148.51,WEST,WEST,SMRT SWCH AUTO BLG SYS12V-208A
AAL-20036,SMRT SWCH AUTO BLG SYS24V-208A,148.51,0,80.04,148.51,WEST,WEST,SMRT SWCH AUTO BLG SYS24V-208A
AAL-20038,SS-209 SMRT BLG PUMP 12V,211.94,0,114.22,211.94,WEST,WEST,SS-209 SMRT BLG PUMP 12V
AAL-20039,SS-209 SMRT BLG PUMP 24V,216.93,0,116.91,216.93,WEST,WEST,SS-209 SMRT BLG PUMP 24V
AAL-20043,BILGE PMP MONITR 12V,261.97,0,141.18,261.97,WEST,WEST,BILGE PMP MONITR 12V
AAL-20045,BILGE PMP CNTER 12-32V,133.42,0,71.90,133.42,WEST,WEST,BILGE PMP CNTER 12-32V
AAL-20045-SM,BILGE PMP CNT SUR MNT 12-32V,126.82,0,68.35,126.82,WEST,WEST,BILGE PMP CNT SUR MNT 12-32V
AAL-20050,"BAIT TANK ALRM 3/4""""/1-1/2"""" FPT""",216.93,0,116.91,216.93,WEST,WEST,"BAIT TANK ALRM 3/4""""/1-1/2"""" FPT"""
AAL-20063,"SAVE YOUR ENG KIT 2""""          """,225.28,0,121.41,225.28,WEST,WEST,"SAVE YOUR ENG KIT 2""""          """
AAL-20064,"SAVE YOUR ENG KIT 1/2""""/1-1/2"""" """,216.93,0,116.91,216.93,WEST,WEST,"SAVE YOUR ENG KIT 1/2""""/1-1/2"""" """
AAL-20068,"SAVE YOUR GENERATR KIT 1""""FPT  """,216.93,0,116.91,216.93,WEST,WEST,"SAVE YOUR GENERATR KIT 1""""FPT  """
AAL-20072,FIRE SPRVISR MNITR PANEL,370.46,0,199.65,370.46,WEST,WEST,FIRE SPRVISR MNITR PANEL
AAL-20090,PUMP SWITCH HD 12V 30A,98.45,0,53.05,98.45,WEST,WEST,PUMP SWITCH HD 12V 30A
AAL-20100,RED WARN BELL-12V,125.15,0,67.45,125.15,WEST,WEST,RED WARN BELL-12V
AAL-20101,RED WARN BELL-24V,133.50,0,71.95,133.50,WEST,WEST,RED WARN BELL-24V
AAL-20102,RED WARN BELL-32V,133.50,0,71.95,133.50,WEST,WEST,RED WARN BELL-32V
AAL-20106,ALARM BUZZER 85DB 12-32V,48.40,0,26.08,48.40,WEST,WEST,ALARM BUZZER 85DB 12-32V
AAL-20107,IND/OUTD ALARM SIREN 12V,93.45,0,50.36,93.45,WEST,WEST,IND/OUTD ALARM SIREN 12V
AAL-20111,LO OIL PRESS DETECTOR 12V,50.07,0,26.98,50.07,WEST,WEST,LO OIL PRESS DETECTOR 12V
AAL-20112,RMT FIRE DETECT 12V NEW,110.14,0,59.35,110.14,WEST,WEST,RMT FIRE DETECT 12V NEW
AAL-20116,OVRHT DETECT200F12-32V BOLT-ON,56.75,0,30.58,56.75,WEST,WEST,OVRHT DETECT200F12-32V BOLT-ON
AAL-20118,"OVRHT DETECT200F12-32V 1/2""""MPT""",66.68,0,35.94,66.68,WEST,WEST,"OVRHT DETECT200F12-32V 1/2""""MPT"""
AAL-20120,BILGE LEVEL DETECT 12/32V,78.44,0,42.27,78.44,WEST,WEST,BILGE LEVEL DETECT 12/32V
AAL-20131,BILGE WARN SYS 12V W/BELL,186.91,0,100.73,186.91,WEST,WEST,BILGE WARN SYS 12V W/BELL
AAL-20133,BILGE WARN SYS 32V W/BELL,191.90,0,103.42,191.90,WEST,WEST,BILGE WARN SYS 32V W/BELL
AAL-20140,WTRPRF BACK BOX-RBA BELL,51.74,0,27.88,51.74,WEST,WEST,WTRPRF BACK BOX-RBA BELL
AAL-20143,TIMER CIRCUIT-BILGE ALARM,50.07,0,26.98,50.07,WEST,WEST,TIMER CIRCUIT-BILGE ALARM
AAL-20210,ENG TEMP MNITR W/BLT-ON DETECT,121.81,0,65.65,121.81,WEST,WEST,ENG TEMP MNITR W/BLT-ON DETECT
AAL-20219,ENG TEMP MNTR DUAL 12V2XBLT-ON,155.19,0,83.64,155.19,WEST,WEST,ENG TEMP MNTR DUAL 12V2XBLT-ON
AAL-20220,"LO OILPRES MNTR BLK1/8""""NPT DET""",121.81,0,65.65,121.81,WEST,WEST,"LO OILPRES MNTR BLK1/8""""NPT DET"""
AAL-20227,FIRE WARN PNL 12V BLK,75.10,0,40.47,75.10,WEST,WEST,FIRE WARN PNL 12V BLK
AAL-20230,FIRE WARN W/135F DETECT12V BLK,165.21,0,89.04,165.21,WEST,WEST,FIRE WARN W/135F DETECT12V BLK
AAL-20234,FIRE WARN W/194F DETECT12V BLK,165.21,0,89.04,165.21,WEST,WEST,FIRE WARN W/194F DETECT12V BLK
AAL-20240,HI WTR WRN PLNL&FLT SWCH12V BK,148.51,0,80.04,148.51,WEST,WEST,HI WTR WRN PLNL&FLT SWCH12V BK
AAL-20243,EXHST OVRHT ALRM KIT 24V W/20',130.16,0,70.15,130.16,WEST,WEST,EXHST OVRHT ALRM KIT 24V W/20'
AAL-20245,EXHST OVRHT ALRM KIT 12V,133.42,0,71.90,133.42,WEST,WEST,EXHST OVRHT ALRM KIT 12V
AAL-20248,EXHST OVRHT ALRM KIT DUAL 12V,208.60,0,112.42,208.60,WEST,WEST,EXHST OVRHT ALRM KIT DUAL 12V
AAL-20250,EXHST OVRHT DETECT 200F 12-32V,91.70,0,49.42,91.70,WEST,WEST,EXHST OVRHT DETECT 200F 12-32V
AAL-20252,EXHST OVRHT WARN PNL WHT,58.42,0,31.48,58.42,WEST,WEST,EXHST OVRHT WARN PNL WHT
AAL-20254,BLG HI WTR PANEL 12V BLK,56.75,0,30.58,56.75,WEST,WEST,BLG HI WTR PANEL 12V BLK
AAL-20260,ASM VISUAL IND PNL SNGL ENG,141.85,0,76.45,141.85,WEST,WEST,ASM VISUAL IND PNL SNGL ENG
AAL-20260-24V,24V PANEL W/MUTE,131.31,0,74.70,131.31,WEST,WEST,24V PANEL W/MUTE
AAL-20262,ASM VISUAL IND PNL DUAL ENG,208.60,0,112.42,208.60,WEST,WEST,ASM VISUAL IND PNL DUAL ENG
AAL-20271,SMOKE DETECT HRD WIRE 12/24,208.60,0,112.42,208.60,WEST,WEST,SMOKE DETECT HRD WIRE 12/24
AAL-20275,SMOKE WARN PNL 12V,43.40,0,23.39,43.40,WEST,WEST,SMOKE WARN PNL 12V
AAL-20278,FIRE/SMOKE PNL 12V,93.45,0,50.36,93.45,WEST,WEST,FIRE/SMOKE PNL 12V
AAL-20286,BLUE STROBE/SIREN 105DB 12V,98.45,0,53.05,98.45,WEST,WEST,BLUE STROBE/SIREN 105DB 12V
AAL-20295,AUTO SYS MNTR6W DETCTRS12V SGL,615.75,0,331.84,615.75,WEST,WEST,AUTO SYS MNTR6W DETCTRS12V SGL
AAL-20303,AUTOSYS MNTR5W DETCTRS12V DUAL,999.53,0,538.67,999.53,WEST,WEST,AUTOSYS MNTR5W DETCTRS12V DUAL
AAL-20315,SINGLE ENGINE MONITOR 24V,123.01,0,69.98,123.01,WEST,WEST,SINGLE ENGINE MONITOR 24V
AAL-20320,ENG MONITER-2 PROBE SGL 12V,165.21,0,89.04,165.21,WEST,WEST,ENG MONITER-2 PROBE SGL 12V
AAL-20343,"SMART BILGE MONITOR, 12V      """,262.31,0,141.36,262.31,WEST,WEST,"SMART BILGE MONITOR, 12V      """
AAL-20346,SMART BILGE ALARM 12V,155.98,0,84.06,155.98,WEST,WEST,SMART BILGE ALARM 12V
AAL-20352,COOL WTRFLO ALARM PNL 12V SNGL,71.76,0,38.67,71.76,WEST,WEST,COOL WTRFLO ALARM PNL 12V SNGL
AAL-20353,ENG RAW WATER FLOW WARN PANEL,81.76,0,44.06,81.76,WEST,WEST,ENG RAW WATER FLOW WARN PANEL
AAL-20355,COOL WTRFLO ALARM PNL 12V DUAL,85.10,0,45.86,85.10,WEST,WEST,COOL WTRFLO ALARM PNL 12V DUAL
AAL-20356,ENG RAW WTRFLO WARN PANEL DUAL,95.11,0,51.25,95.11,WEST,WEST,ENG RAW WTRFLO WARN PANEL DUAL
AAL-20358,COOL WTRFLO/EXHST TEMP PNL SGL,91.78,0,49.46,91.78,WEST,WEST,COOL WTRFLO/EXHST TEMP PNL SGL
AAL-20359,COOL WTRFLO/EXHST TMP PNL DUAL,108.47,0,58.45,108.47,WEST,WEST,COOL WTRFLO/EXHST TMP PNL DUAL
AAL-20360,BILGE WARN PNL 2 COMPART,101.79,0,54.85,101.79,WEST,WEST,BILGE WARN PNL 2 COMPART
AAL-20363,BILGE WARN PNL 5 COMPART,116.82,0,62.95,116.82,WEST,WEST,BILGE WARN PNL 5 COMPART
AAL-20364,BILGE WARN PANEL 6 COMPART,121.81,0,65.65,121.81,WEST,WEST,BILGE WARN PANEL 6 COMPART
AAL-20374,BLG SWCH HD W/3-WAY PNL 12V30A,113.48,0,61.15,113.48,WEST,WEST,BLG SWCH HD W/3-WAY PNL 12V30A
AAL-20385,BLG EXCESV PUMPNG ALERT PNL12V,148.51,0,80.04,148.51,WEST,WEST,BLG EXCESV PUMPNG ALERT PNL12V
ABA-13511,#11 SS 304 MINI CLAMP,4.63,5,2.49,4.63,WEST,WEST,#11 SS 304 MINI CLAMP
ABA-13512,#12 304SS MINI HOSECLAMP,4.64,2,2.50,4.64,WEST,WEST,#12 304SS MINI HOSECLAMP
ABA-13513,#13 SS 304 MINI CLAMP,4.66,0,2.51,4.66,WEST,WEST,#13 SS 304 MINI CLAMP
ABA-13514,#14 SS MINI HSECLP 34/64-38/64,4.66,0,2.38,4.66,WEST,WEST,#14 SS MINI HSECLP 34/64-38/64
ABA-13516,#16 SS 304 MINI CLAMP,4.69,0,2.53,4.69,WEST,WEST,#16 SS 304 MINI CLAMP
ABA-13517,#17 SS MINI HOSECLP 5/8-45/84,4.71,-10,2.54,4.71,WEST,WEST,#17 SS MINI HOSECLP 5/8-45/84
ABA-13614,#3 SS MINI HOSECLAMP 5/16-9/16,7.67,5,4.19,7.67,WEST,WEST,#3 SS MINI HOSECLAMP 5/16-9/16
ABA-13617,#4 SS MINI HOSECLMP 7/16-11/16,7.67,11,4.19,7.67,WEST,WEST,#4 SS MINI HOSECLMP 7/16-11/16
ABA-13620,#6 SS MINI HOSECLAMP 1/2-13/16,8.05,11,4.41,8.05,WEST,WEST,#6 SS MINI HOSECLAMP 1/2-13/16
ABA-13624,"#8 SS HOSE CLAMP 5/8""""-1""""      """,8.42,19,4.65,8.42,WEST,WEST,"#8 SS HOSE CLAMP 5/8""""-1""""      """
ABA-13628,"#10 SS HOSE CLAMP 3/4""""-1-1/8"""" """,8.70,10,4.88,8.70,WEST,WEST,"#10 SS HOSE CLAMP 3/4""""-1-1/8"""" """
ABA-13632,"#12 SS HOSE CLAMP 7/8""""-1-1/4"""" """,8.70,14,4.88,8.70,WEST,WEST,"#12 SS HOSE CLAMP 7/8""""-1-1/4"""" """
ABA-13638,#16 SS HOSE CLAMP 1-1/16-1-1/2,9.08,7,5.09,9.08,WEST,WEST,#16 SS HOSE CLAMP 1-1/16-1-1/2
ABA-13644,"#20 SS HOSE CLAMP 1-1/4-1-3/4""""""",9.52,-2,5.29,9.52,WEST,WEST,"#20 SS HOSE CLAMP 1-1/4-1-3/4"""""""
ABA-13650,"#24 SS HOSE CLAMP 1-1/2-2""""    """,9.90,7,4.85,9.90,WEST,WEST,"#24 SS HOSE CLAMP 1-1/2-2""""    """
ABA-13657,"#28 SS HOSE CLAMP 1-1/4-2-1/4""""""",9.90,2,5.50,9.90,WEST,WEST,"#28 SS HOSE CLAMP 1-1/4-2-1/4"""""""
ABA-13664,"#32 SS HOSE CLAMP 1-1/2-2-1/2""""""",10.86,16,6.04,10.86,WEST,WEST,"#32 SS HOSE CLAMP 1-1/2-2-1/2"""""""
ABA-13670,"#36 SS HOSE CLAMP 1-3/4-2-3/4""""""",11.16,22,5.47,11.16,WEST,WEST,"#36 SS HOSE CLAMP 1-3/4-2-3/4"""""""
ABA-13676,"#40 SS HOSE CLAMP 2""""-3""""       """,11.54,5,6.22,11.54,WEST,WEST,"#40 SS HOSE CLAMP 2""""-3""""       """
ABA-13683,"#44 SS HOSE CLAMP 2-1/4-3-1/4""""""",12.07,0,6.51,12.07,WEST,WEST,"#44 SS HOSE CLAMP 2-1/4-3-1/4"""""""
ABA-13689,"#48 SS HOSE CLAMP 2-1/2-3-1/2""""""",12.47,0,6.72,12.47,WEST,WEST,"#48 SS HOSE CLAMP 2-1/2-3-1/2"""""""
ABA-13694,"#52 SS HOSE CLAMP 2-3/4-3-3/4""""""",12.71,0,6.85,12.71,WEST,WEST,"#52 SS HOSE CLAMP 2-3/4-3-3/4"""""""
ABA-13696,"#56 SS HOSE CLAMP 3""""-4""""       """,13.56,11,7.66,13.56,WEST,WEST,"#56 SS HOSE CLAMP 3""""-4""""       """
ABA-13697,"#60 SS HOSE CLAMP 3-1/4-4-1/4""""""",14.88,2,8.01,14.88,WEST,WEST,"#60 SS HOSE CLAMP 3-1/4-4-1/4"""""""
ABA-13698,"#64 SS HOSE CLAMP 3-1/2-4-1/2""""""",15.90,5,8.86,15.90,WEST,WEST,"#64 SS HOSE CLAMP 3-1/2-4-1/2"""""""
ABA-13699,"#72 SS HOSE CLAMP 3-1/2""""-5""""   """,16.73,15,9.01,16.73,WEST,WEST,"#72 SS HOSE CLAMP 3-1/2""""-5""""   """
ABA-31604,DSPLY RACK 244 W/316SS HCLAMPS,1069.30,0,576.27,1069.30,WEST,WEST,DSPLY RACK 244 W/316SS HCLAMPS
ABA-60002,"7MM FLEXIBLE CLAMP DRIVER 10"""" """,70.26,0,37.86,70.26,WEST,WEST,"7MM FLEXIBLE CLAMP DRIVER 10"""" """
ABA-66140,"#80 SS HOSE CLAMP 4""""-5-1/2""""   """,16.70,-8,9.00,16.70,WEST,WEST,"#80 SS HOSE CLAMP 4""""-5-1/2""""   """
ABA-66152,"#88 SS HOSE CLAMP 4-1/2""""-6""""   """,18.77,0,10.12,18.77,WEST,WEST,"#88 SS HOSE CLAMP 4-1/2""""-6""""   """
ABA-66165,"#96 SS HOSE CLAMP 5""""-6-1/2""""   """,19.47,0,10.49,19.47,WEST,WEST,"#96 SS HOSE CLAMP 5""""-6-1/2""""   """
ABA-66178,"#104 SS HOSE CLAMP 5-1/2""""-7""""  """,20.98,0,11.30,20.98,WEST,WEST,"#104 SS HOSE CLAMP 5-1/2""""-7""""  """
ABA-66191,"#112 SS HOSE CLAMP 6""""-7-1/2""""  """,22.31,0,12.02,22.31,WEST,WEST,"#112 SS HOSE CLAMP 6""""-7-1/2""""  """
ABA-66203,"#120 SS HOSE CLAMP 6-1/2""""-8""""  """,22.49,0,12.12,22.49,WEST,WEST,"#120 SS HOSE CLAMP 6-1/2""""-8""""  """
ABA-66216,"#128 SS HOSE CLAMP 7""""-8-1/2""""  """,23.83,0,12.84,23.83,WEST,WEST,"#128 SS HOSE CLAMP 7""""-8-1/2""""  """
ABA-66232,#138 SS HOSE CLAMP 7-5/8-9-1/8,24.15,0,13.01,24.15,WEST,WEST,#138 SS HOSE CLAMP 7-5/8-9-1/8
ABA-66257,#154 SS HOSECLAMP 8-5/8-10-1/8,26.07,0,14.05,26.07,WEST,WEST,#154 SS HOSECLAMP 8-5/8-10-1/8
ABA-66283,#170 SS HOSECLAMP 9-5/8-11-1/8,27.69,0,14.92,27.69,WEST,WEST,#170 SS HOSECLAMP 9-5/8-11-1/8
ABA-66308,#186 SS HOSECLAMP 105/8-12-1/8,28.66,0,15.44,28.66,WEST,WEST,#186 SS HOSECLAMP 105/8-12-1/8
ACR-1958,WH RCL-95 REMOTE CONT.SRCHLHT,1104.10,0,883.28,1104.10,WEST,WEST,WH RCL-95 REMOTE CONT.SRCHLHT
ACR-3971.3,FIREFLY PRO LED WTRBUG CRD,185.10,0,99.76,185.10,WEST,WEST,FIREFLY PRO LED WTRBUG CRD
ACT-PRO-BUF-1,INTELLIGENT BUFFER,856.10,0,684.88,856.10,WEST,WEST,INTELLIGENT BUFFER
ACT-PRO-BUF-2,INTELLIGENT TYPE APPRVD BUFFER,899.14,0,719.31,899.14,WEST,WEST,INTELLIGENT TYPE APPRVD BUFFER
ACT-PRO-MUX-2,PROF NMEA MLTIPX 8-INP 6-OUTP,941.23,0,752.98,941.23,WEST,WEST,PROF NMEA MLTIPX 8-INP 6-OUTP
ACT-PRO-NBF-1,PROF NMEA BUFFR 1-INP 6-OUTP,343.70,0,274.96,343.70,WEST,WEST,PROF NMEA BUFFR 1-INP 6-OUTP
ACT-PRO-NDC-1E,INTELLIGENT TYPE APPRVD MLTIPX,575.00,0,460.00,575.00,WEST,WEST,INTELLIGENT TYPE APPRVD MLTIPX
AIR-AHSR-4,75'WATER SKI ROPE 4-SECTION,59.80,0,32.23,59.80,WEST,WEST,75'WATER SKI ROPE 4-SECTION
AIR-AHSR-8,75'WATER SKI ROPE 8-SECTION,67.28,1,36.29,67.28,WEST,WEST,75'WATER SKI ROPE 8-SECTION
AIR-BKS-6,KILL SWITCH KEYS W/LANYARD SCOTTY,25.43,1,13.71,25.43,WEST,WEST,KILL SWITCH KEYS W/LANYARD SCOTTY
air31-665-2-02,ARIMAR B744 50/200KHZ W/FB GARMIN 6PN,863.20,0,719.33,863.20,WEST,WEST,ARIMAR B744 50/200KHZ W/FB GARMIN 6PN
AMB-135-0000-CP,CHR SHWR & SLIDE BAR,536.65,0,304.09,536.65,WEST,WEST,CHR SHWR & SLIDE BAR
AMB-135-0132-CP,CHR SNG.HNDL.SHWR MIXER,313.61,0,177.70,313.61,WEST,WEST,CHR SNG.HNDL.SHWR MIXER
ANC-104810,14GA TIN.PRM.WIRE RED 100',47.33,0,25.51,47.33,WEST,WEST,14GA TIN.PRM.WIRE RED 100'
ANC-108110,10GA TIN.PRM.WIRE BLU 100',97.58,0,52.59,97.58,WEST,WEST,10GA TIN.PRM.WIRE BLU 100'
ANC-108202,BRN 10GA 25' TIN.PRM.WIRE,42.72,0,23.02,42.72,WEST,WEST,BRN 10GA 25' TIN.PRM.WIRE
ANC-108210,BRN 10GA 100' TIN.PRM.WIRE,97.58,-1,52.59,97.58,WEST,WEST,BRN 10GA 100' TIN.PRM.WIRE
ANC-108225,BRN 10GA 250' TIN.PRM.WIRE,238.96,0,128.78,238.96,WEST,WEST,BRN 10GA 250' TIN.PRM.WIRE
ANC-108250,BRN 10GA 500' TIN.PRM.WIRE,462.17,0,249.07,462.17,WEST,WEST,BRN 10GA 500' TIN.PRM.WIRE
ANC-108302,GRN 10GA 25' TIN.PRM.WIRE,42.72,0,23.02,42.72,WEST,WEST,GRN 10GA 25' TIN.PRM.WIRE
ANC-108310,10GA TIN.PRM.WIRE GRN 100',97.58,0,52.59,97.58,WEST,WEST,10GA TIN.PRM.WIRE GRN 100'
ANC-108350,GRN 10GA 500' TIN.PRM.WIRE,462.17,0,249.07,462.17,WEST,WEST,GRN 10GA 500' TIN.PRM.WIRE
ANC-108502,ORG 10GA 25' TIN.PRM.WIRE,42.72,0,23.02,42.72,WEST,WEST,ORG 10GA 25' TIN.PRM.WIRE
ANC-109010,10GA TIN.PRM.WIRE YEL 100',97.58,0,52.59,97.58,WEST,WEST,10GA TIN.PRM.WIRE YEL 100'
ANC-111510,8GA TIN.BAT.CBL RED 100',164.50,1,88.65,164.50,WEST,WEST,8GA TIN.BAT.CBL RED 100'
ANC-120905,8/2 TIN.BOATCBL WHT50'RD/BLK,239.99,1,141.78,0.00,WEST,WEST,8/2 TIN.BOATCBL WHT50'RD/BLK
ANC-121710,16/2 TIN.BOATCBL WHT100'RD/BLK,86.87,1,51.56,86.87,WEST,WEST,16/2 TIN.BOATCBL WHT100'RD/BLK
ANC-121910,18/2 TIN.BOATCBL WHT100'RD/BLK,69.00,0,37.19,69.00,WEST,WEST,18/2 TIN.BOATCBL WHT100'RD/BLK
ANC-124510,14/2 100'TIN.SAFE.BOATCBL RDYL,110.74,1,73.52,110.74,WEST,WEST,14/2 100'TIN.SAFE.BOATCBL RDYL
ANC-131110,10/3 100'WHT TINBTCBL WT/GR/BK,435.67,0,234.79,435.67,WEST,WEST,10/3 100'WHT TINBTCBL WT/GR/BK
ANC-131310,12/3 100'WHT TINBOATCBL W/G/BK,301.12,0,162.28,301.12,WEST,WEST,12/3 100'WHT TINBOATCBL W/G/BK
ANC-131510,14/3 100'WHT TINBTCBL WT/GR/BK,217.55,0,117.24,217.55,WEST,WEST,14/3 100'WHT TINBTCBL WT/GR/BK
ANC-184003,14GA TIN.PRM.WIRE BLK 18',17.49,1,9.91,0.00,WEST,WEST,14GA TIN.PRM.WIRE BLK 18'
ANC-184303,14GA TIN.PRM.WIRE GRN 18',17.49,2,9.91,0.00,WEST,WEST,14GA TIN.PRM.WIRE GRN 18'
ANC-184403,14GA TIN.PRM.WIRE GRY 18',17.49,4,9.91,0.00,WEST,WEST,14GA TIN.PRM.WIRE GRY 18'
ANC-184503,ORG 14GA 18' TIN.PRIM.WIRE,17.99,2,9.91,0.00,WEST,WEST,ORG 14GA 18' TIN.PRIM.WIRE
ANC-184703,14GA TIN.PRM.WIRE PUR 18',17.49,1,9.91,0.00,WEST,WEST,14GA TIN.PRM.WIRE PUR 18'
ANC-184903,14GA TIN.PRM.WIRE WHT 18',17.49,3,9.91,0.00,WEST,WEST,14GA TIN.PRM.WIRE WHT 18'
ANC-199230,"(25) 14"""" 50LB MOUNT.NAT.TIE   """,11.79,1,7.05,0.00,WEST,WEST,"(25) 14"""" 50LB MOUNT.NAT.TIE   """
ANC-199257,"CABLE TIE MNT14""""BLK.UV50LB25PK""",12.21,0,6.58,12.21,WEST,WEST,"CABLE TIE MNT14""""BLK.UV50LB25PK"""
ANC-210215,"RING NYLON 16-14 5/16"""" 25PK   """,19.47,1,11.64,19.47,WEST,WEST,"RING NYLON 16-14 5/16"""" 25PK   """
ANC-210223,RING NYLON 12-10 #10 25PK,20.99,2,12.67,0.00,WEST,WEST,RING NYLON 12-10 #10 25PK
ANC-210226,"RING NYLON 12-10 3/8"""" 25PK    """,24.55,2,14.69,24.55,WEST,WEST,"RING NYLON 12-10 3/8"""" 25PK    """
ANC-210233,RING NYLON #8-#10 25PK,37.73,0,20.33,37.73,WEST,WEST,RING NYLON #8-#10 25PK
ANC-230215,"RING NYLON 16-14 5/16"""" 5PK    """,5.08,3,3.03,5.08,WEST,WEST,"RING NYLON 16-14 5/16"""" 5PK    """
ANC-230216,"RING NYLON 16-14 3/8"""" 5PK     """,5.08,2,3.03,5.08,WEST,WEST,"RING NYLON 16-14 3/8"""" 5PK     """
ANC-230226,"RING NYLON 12-10 3/8"""" 4PK     """,5.56,0,3.35,5.56,WEST,WEST,"RING NYLON 12-10 3/8"""" 4PK     """
ANC-230828,(4) 12-10 FEMALE DISCONNEC,5.38,5,3.22,5.38,WEST,WEST,(4) 12-10 FEMALE DISCONNEC
ANC-242275,"TINNED LUG 1GA 5/16"""" 25PK     """,88.66,0,47.78,88.66,WEST,WEST,"TINNED LUG 1GA 5/16"""" 25PK     """
ANC-252130,TIN.BUTT CONNECTOR 8GA 2PK,5.69,3,3.42,5.69,WEST,WEST,TIN.BUTT CONNECTOR 8GA 2PK
ANC-252140,TIN.BUTT CONNECTOR 2PK,6.78,2,4.07,6.78,WEST,WEST,TIN.BUTT CONNECTOR 2PK
ANC-252160,TIN.BUTT CONNECTOR 2GA 2PK,11.31,1,6.41,11.31,WEST,WEST,TIN.BUTT CONNECTOR 2GA 2PK
ANC-252180,TIN.BUTT CONNECTOR 1/0 2PK,14.81,1,8.40,14.81,WEST,WEST,TIN.BUTT CONNECTOR 1/0 2PK
ANC-252190,TIN.BUTT CONNECTOR 2/ 2PK,15.88,1,9.01,15.88,WEST,WEST,TIN.BUTT CONNECTOR 2/ 2PK
ANC-252235,"(2) 8GA 5/16"""" TINNED LUG      """,4.49,2,2.72,0.00,WEST,WEST,"(2) 8GA 5/16"""" TINNED LUG      """
ANC-252275,"TINNED LUG 1GA 5/16"""" 2PK      """,9.07,0,4.89,9.07,WEST,WEST,"TINNED LUG 1GA 5/16"""" 2PK      """
ANC-262295,"(2)2/0 5/16"""" 90* TINNED LUG   """,16.65,1,8.97,16.65,WEST,WEST,"(2)2/0 5/16"""" 90* TINNED LUG   """
ANC-262726,"(2)4/0 3/8"""" 90* TINNED LUG    """,24.90,0,13.42,24.90,WEST,WEST,"(2)4/0 3/8"""" 90* TINNED LUG    """
ANC-304603,"RED HEAT SHRNK RED 3/8""""X3"""" 3PK""",7.13,1,4.52,7.13,WEST,WEST,"RED HEAT SHRNK RED 3/8""""X3"""" 3PK"""
ANC-309225,HEAT SHRINK BUTT 12-10 25PK,53.82,1,29.65,53.82,WEST,WEST,HEAT SHRINK BUTT 12-10 25PK
ANC-311203,HEAT SK.RING 16-14 #8 3PAK,6.43,2,3.46,6.43,WEST,WEST,HEAT SK.RING 16-14 #8 3PAK
ANC-311525,"HEAT SK.RING 16-14 5/16""""25PAK """,38.24,2,21.05,38.24,WEST,WEST,"HEAT SK.RING 16-14 5/16""""25PAK """
ANC-311603,"HEAT SK.RING 16-14 3/8""""3PAK   """,5.99,3,3.54,0.00,WEST,WEST,"HEAT SK.RING 16-14 3/8""""3PAK   """
ANC-312203,HEAT SK.RING 12-10 #8 3PAK,8.10,2,4.46,8.10,WEST,WEST,HEAT SK.RING 12-10 #8 3PAK
ANC-312525,"HEAT SK.RING 12-10 5/16""""25PAK """,47.99,2,29.05,0.00,WEST,WEST,"HEAT SK.RING 12-10 5/16""""25PAK """
ANC-312625,"HEAT SK.RING 12-10 3/8""""25PAK  """,47.99,2,29.05,0.00,WEST,WEST,"HEAT SK.RING 12-10 3/8""""25PAK  """
ANC-321325,HEAT SK.RING 8AWG #10 25PAK,57.95,0,31.23,57.95,WEST,WEST,HEAT SK.RING 8AWG #10 25PAK
ANC-321503,"HEAT SK.RING 8AWG 5/16""""3PAK   """,8.93,0,4.81,8.93,WEST,WEST,"HEAT SK.RING 8AWG 5/16""""3PAK   """
ANC-401255,"CLAMP NATURAL 1/4""""100PAK",18.04,0,11.81,18.04,WEST,WEST,"CLAMP NATURAL 1/4""""100PAK"
ANC-401312,"CLAMP NATURAL 5/16""""25PAK",6.38,0,3.44,6.38,WEST,WEST,"CLAMP NATURAL 5/16""""25PAK"
ANC-401375,"CLAMP NATURAL 3/8""""100PAK",21.99,1,12.89,0.00,WEST,WEST,"CLAMP NATURAL 3/8""""100PAK"
ANC-402252,"CLAMP BLACK1/4""""25PAK",7.25,0,4.75,7.25,WEST,WEST,"CLAMP BLACK1/4""""25PAK"
ANC-403182,"CUSH. CLAMP SS 3/16"""" 10 PAK   """,19.99,2,11.65,0.00,WEST,WEST,"CUSH. CLAMP SS 3/16"""" 10 PAK   """
ANC-403902,"CUSH. CLAMP SS 1-1/4"""" 10 PAK  """,31.36,1,16.90,31.36,WEST,WEST,"CUSH. CLAMP SS 1-1/4"""" 10 PAK  """
ANC-404152,"CUSH. CLAMP SS 1-1/2"""" 10 PAK  """,37.49,0,20.92,37.49,WEST,WEST,"CUSH. CLAMP SS 1-1/2"""" 10 PAK  """
ANC-404172,"CUSH. CLAMP SS 1-3/4"""" 10 PAK  """,35.54,0,19.15,35.54,WEST,WEST,"CUSH. CLAMP SS 1-3/4"""" 10 PAK  """
ANC-404202,"CUSH. CLAMP SS 2"""" 10 PAK      """,40.49,1,24.01,0.00,WEST,WEST,"CUSH. CLAMP SS 2"""" 10 PAK      """
ANC-404252,"CUSH. CLAMP SS 2-1/2"""" 10 PAK  """,43.82,0,23.62,43.82,WEST,WEST,"CUSH. CLAMP SS 2-1/2"""" 10 PAK  """
ANC-404302,"CUSH. CLAMP SS 3""""     10/PK",51.49,1,30.12,0.00,WEST,WEST,"CUSH. CLAMP SS 3""""     10/PK"
ANC-529102,(2) 12V .80 AMP 8-CP BULB,5.59,2,3.01,5.59,WEST,WEST,(2) 12V .80 AMP 8-CP BULB
ANC-529340,(1) 12V 25W NAVIGATION BULB,27.76,0,14.96,27.76,WEST,WEST,(1) 12V 25W NAVIGATION BULB
ANC-700115,DIELECTRIC SIL.COMPOUND 1/3OZ.,13.26,2,8.17,13.26,WEST,WEST,DIELECTRIC SIL.COMPOUND 1/3OZ.
ANC-750000,GROMMET KIT ASSORTED 45PCS.,27.91,0,15.04,27.91,WEST,WEST,GROMMET KIT ASSORTED 45PCS.
AQL20210,AQUALARM ENG TEMP MNITR W/BLT-ON DETECT,128.09,1,69.03,128.09,WEST,WEST,AQUALARM ENG TEMP MNITR W/BLT-ON DETECT
AQL20352,AQUALARM COOL WTRFLO ALARM PNL 12V SNGL,75.47,0,40.67,0.00,WEST,WEST,AQUALARM COOL WTRFLO ALARM PNL 12V SNGL
AQS-40100-7,BI-COLOUR LIGHT 25W BLK,205.88,1,117.12,205.88,WEST,WEST,BI-COLOUR LIGHT 25W BLK
AQU-51000,FLUSH N FLOW 1L,40.45,0,25.60,40.45,WEST,WEST,FLUSH N FLOW 1L
AQU-51150,DINGHY/FENDER CLEANER 750ML,20.15,1,13.94,20.15,WEST,WEST,DINGHY/FENDER CLEANER 750ML
AQU-52010,DECK & BOAT WASH 1L,20.15,0,12.75,20.15,WEST,WEST,DECK & BOAT WASH 1L
AQU-52011,DECK & BOAT WASH 4L,70.03,0,44.32,70.03,WEST,WEST,DECK & BOAT WASH 4L
AQU-52012,DECK & BOAT WASH 20L,275.79,0,174.55,275.79,WEST,WEST,DECK & BOAT WASH 20L
AQU-52019,EASY CLEAN MARINE 120ML,4.96,0,3.14,4.96,WEST,WEST,EASY CLEAN MARINE 120ML
AQU-52025,EASY CLEAN MARINE 750ML,18.14,0,11.48,18.14,WEST,WEST,EASY CLEAN MARINE 750ML
AQU-52026,EASY CLEAN MARINE 4L,59.25,0,37.50,59.25,WEST,WEST,EASY CLEAN MARINE 4L
AQU-52027,EASY CLEAN MARINE 20L,242.36,0,153.39,242.36,WEST,WEST,EASY CLEAN MARINE 20L
AT235-B/04,AMERCOAT 235 CURE,36.50,0,25.55,36.50,WEST,WEST,AMERCOAT 235 CURE
ATT-1731-4,"IN-LINE BLOWER 3"""" 12V         """,57.83,0,31.17,57.83,WEST,WEST,"IN-LINE BLOWER 3"""" 12V         """
ATT-1747-4,"IN-LINE BLOWER 4"""" 12V         """,63.98,1,34.48,63.98,WEST,WEST,"IN-LINE BLOWER 4"""" 12V         """
ATT-1749-4,"IN-LINE BLWR 4"""" 12V *W/R*",73.28,-1,39.49,73.28,WEST,WEST,"IN-LINE BLWR 4"""" 12V *W/R*"
ATT-4143-4,SHWR SUMP SYS12V,303.24,0,163.42,303.24,WEST,WEST,SHWR SUMP SYS12V
ATT-4202-7,AUTO.FLOAT SWITCH,60.74,0,35.56,60.74,WEST,WEST,AUTO.FLOAT SWITCH
ATT-4760-4,HD2000 BLG PMP-12V,279.24,0,150.49,279.24,WEST,WEST,HD2000 BLG PMP-12V
ATT-5110-30-7,"ALRND LT W/COLR-30""""           """,58.22,0,31.37,58.22,WEST,WEST,"ALRND LT W/COLR-30""""           """
ATT-5508-7,SAHARA MK2 800 BLG PMP-12V,202.15,0,108.94,202.15,WEST,WEST,SAHARA MK2 800 BLG PMP-12V
ATT-5512-7,SAHARA MK2 1200 BLG PMP-12V,237.34,0,138.96,237.34,WEST,WEST,SAHARA MK2 1200 BLG PMP-12V
ATT-5608-7,TSUNAMI MK2 800G BILGE PUMP,101.87,2,54.90,101.87,WEST,WEST,TSUNAMI MK2 800G BILGE PUMP
ATT-6342SS1,"1.5"""" CRTESY WM WHITE          """,58.47,0,36.25,58.47,WEST,WEST,"1.5"""" CRTESY WM WHITE          """
ATT-6356-D7,STERN LIGHT 12V SS,46.51,0,25.80,46.51,WEST,WEST,STERN LIGHT 12V SS
ATT-6375-D6,BI-COLOUR LIGHT 12V,49.99,4,15.99,0.00,WEST,WEST,BI-COLOUR LIGHT 12V
ATT-68554-1,"THHUL 3/4"""" COMPOSITE          """,20.99,1,12.46,0.00,WEST,WEST,"THHUL 3/4"""" COMPOSITE          """
ATT-68555-1,"THHUL 5/8"""" COMPOSITE          """,14.99,2,8.77,0.00,WEST,WEST,"THHUL 5/8"""" COMPOSITE          """
ATT-68556-1,"THHUL 1"""" COMPOSITE            """,20.16,1,12.46,20.16,WEST,WEST,"THHUL 1"""" COMPOSITE            """
ATT-68557-1,"THHUL 1-1/8"""" COMPOSITE        """,21.21,3,13.11,21.21,WEST,WEST,"THHUL 1-1/8"""" COMPOSITE        """
ATT-6857-1,"1"" 90 DEGREE BEND THRU HULL COMPOSITE CHROME CAP",28.29,1,17.05,0.00,WEST,WEST,"1"" 90 DEGREE BEND THRU HULL COMPOSITE CHROME CAP"
ATT-68577-1,"THR-HUL 3/4""""X90 COMPOSITE     """,21.99,1,13.57,0.00,WEST,WEST,"THR-HUL 3/4""""X90 COMPOSITE     """
ATT-68578-1,"THR-HUL 1""""X90 COMPOSITE       """,27.56,2,14.85,27.56,WEST,WEST,"THR-HUL 1""""X90 COMPOSITE       """
ATT-68579-1,"THR-HUL 1-1/8""""X90 COMPOSITE   """,33.37,0,17.98,33.37,WEST,WEST,"THR-HUL 1-1/8""""X90 COMPOSITE   """
ATT-68581-1,"THR-HUL 1-1/2""""X90 COMPOSITE   """,37.96,0,20.46,37.96,WEST,WEST,"THR-HUL 1-1/2""""X90 COMPOSITE   """
ATT-9065-1,BAT BOX PWR GRD 24,21.86,0,11.78,21.86,WEST,WEST,BAT BOX PWR GRD 24
ATT-9067-1,BATT BOX PWR GRD 27,30.06,2,16.20,30.06,WEST,WEST,BATT BOX PWR GRD 27
ATT-9090-5,BATT TRAY 24-SERIES,18.70,1,10.00,18.70,WEST,WEST,BATT TRAY 24-SERIES
ATT-SL-50SS-P3-7,S/S BALL MT.BRACKET,19.62,2,11.11,19.62,WEST,WEST,S/S BALL MT.BRACKET
ATT-SL3-60#-5,GAS SPRING 20-12BLADE MT,32.20,0,17.35,32.20,WEST,WEST,GAS SPRING 20-12BLADE MT
ATT-SL34-30#-5,GAS SPRING 20-12BALL MT,32.20,1,20.77,32.20,WEST,WEST,GAS SPRING 20-12BALL MT
ATT-SL34-40#-5,GAS SPRING 20-12BALL MT,32.20,0,25.92,32.20,WEST,WEST,GAS SPRING 20-12BALL MT
ATT-SL34-80#-5,"GAS SPRING 20""""-12""""BALL MT     """,32.20,1,18.24,32.20,WEST,WEST,"GAS SPRING 20""""-12""""BALL MT     """
ATT-SL36-90#-5,GAS SPRING 17.2-10.2BALL MT,32.20,0,17.35,32.20,WEST,WEST,GAS SPRING 17.2-10.2BALL MT
ATT-ST34-20#-5,S/S GAS SPRING 20-12BALL MT,90.63,0,48.84,76.00,WEST,WEST,S/S GAS SPRING 20-12BALL MT
AWL-73012-QT,GRIPTEX FINE NON-SKID 1#,100.92,0,54.26,100.92,WEST,WEST,GRIPTEX FINE NON-SKID 1#
AWL-73240-HG,AWLCARE PROTECTIVE POLY.SEALER,145.66,0,78.31,145.66,WEST,WEST,AWLCARE PROTECTIVE POLY.SEALER
AWL-73240-PT,AWLCARE PROTECTIVE POLY.SEALER,48.58,0,26.12,48.58,WEST,WEST,AWLCARE PROTECTIVE POLY.SEALER
AWL-H3002-PT,AWL-CAT #3 BRUSHING CONVERTER,173.24,0,93.14,173.24,WEST,WEST,AWL-CAT #3 BRUSHING CONVERTER
AWL-H8087-QT,AWLGRIP-FLEET WHITE,197.79,0,106.34,197.79,WEST,WEST,AWLGRIP-FLEET WHITE
AWL-J3810-QT,AWLWOOD MA CLEAR MATTE,208.04,0,110.59,208.04,WEST,WEST,AWLWOOD MA CLEAR MATTE
AWL-J4000-QT,AWLWOOD MULTI-CLIMATE GLOSS,222.18,0,118.11,222.18,WEST,WEST,AWLWOOD MULTI-CLIMATE GLOSS
AWL-T0006-GAL,STD.REDUCER FOR EPOXY PRIMERS,151.76,1,81.59,151.76,WEST,WEST,STD.REDUCER FOR EPOXY PRIMERS
AWL-T0031-QT,SLOW DRYING REDUCER FOR BRUSH,68.32,0,36.73,68.32,WEST,WEST,SLOW DRYING REDUCER FOR BRUSH
AWL-T0201-QT,AWLWOOD MA BRUSHING REDUCER,83.74,0,45.02,83.74,WEST,WEST,AWLWOOD MA BRUSHING REDUCER
BAH-6154,"* 54""""THREADED HARDWOOD HDL    """,9.47,0,5.10,9.47,WEST,WEST,"* 54""""THREADED HARDWOOD HDL    """
BAH-852BL,BLUE DECK BRUSH PVC BRISTLE,18.90,1,10.19,18.90,WEST,WEST,BLUE DECK BRUSH PVC BRISTLE
BAH-852BR,PLASTIC DECK BRUSH (BROWN),17.12,0,9.22,17.12,WEST,WEST,PLASTIC DECK BRUSH (BROWN)
BAH-852T,DECK BRUSH NATURAL BRISTLE,19.22,0,10.36,19.22,WEST,WEST,DECK BRUSH NATURAL BRISTLE
BAH-852Y,DECK BRUSH YELLOW BRISTLE,16.58,1,8.99,16.58,WEST,WEST,DECK BRUSH YELLOW BRISTLE
BBS-FLATTOP-27,"ORANGE 27-1/2""""FLAT TOP ONLY   """,230.21,0,135.68,230.21,WEST,WEST,"ORANGE 27-1/2""""FLAT TOP ONLY   """
BBS-MB-0BASE,"PWRBOATSTND 41-58""""BASE ONLY   """,262.74,0,141.60,262.74,WEST,WEST,"PWRBOATSTND 41-58""""BASE ONLY   """
BBS-MB-1BASE,"PWRBOATSTND 33-50""""BASE ONLY   """,229.89,0,123.89,229.89,WEST,WEST,"PWRBOATSTND 33-50""""BASE ONLY   """
BEN-A-1101A,HYDRAULIC CYLINDER,153.73,0,121.97,153.73,WEST,WEST,HYDRAULIC CYLINDER
BEN-AR-512,AUTO TAB RETRACTOR-12V,124.22,1,103.79,124.22,WEST,WEST,AUTO TAB RETRACTOR-12V
BEN-ES-2000,EURO-STYLE W/P ROCKER SWITCH,142.84,0,97.17,142.84,WEST,WEST,EURO-STYLE W/P ROCKER SWITCH
BEN-H-1171-3,"BRASS NIPPLE 1/8""""X 3""""         """,4.31,0,2.49,4.31,WEST,WEST,"BRASS NIPPLE 1/8""""X 3""""         """
BEN-H-1172,"ELBOW 1/8""""NPT/1/4""""TUBE        """,8.11,0,4.29,8.11,WEST,WEST,"ELBOW 1/8""""NPT/1/4""""TUBE        """
BEN-V351HPU1,HYD.POWER UNIT-12V  (V351HPU1),516.31,0,440.27,516.31,WEST,WEST,HYD.POWER UNIT-12V  (V351HPU1)
BEP-1101-BK,SWTICH 10A ON-OFF BLK CNTR1100,38.88,0,20.95,38.88,WEST,WEST,SWTICH 10A ON-OFF BLK CNTR1100
BEP-702B,DISTRIB STUD 10MM SGL BULK,55.56,0,29.94,55.56,WEST,WEST,DISTRIB STUD 10MM SGL BULK
BEP-710-140A,DIG VOLT SENS RELAY 12/24V,248.11,1,133.71,248.11,WEST,WEST,DIG VOLT SENS RELAY 12/24V
BEP-721,BAT SWITCH 3POS 350A HD,137.12,0,73.90,137.12,WEST,WEST,BAT SWITCH 3POS 350A HD
BEP-770-EZ-B,BAT SWTCH ONOFF400A EZMNT SRFC,101.97,0,54.95,101.97,WEST,WEST,BAT SWTCH ONOFF400A EZMNT SRFC
BEP-777-Z10W-200-B,BUSBAR Z 10 WAY 200A BULK,67.92,0,36.60,67.92,WEST,WEST,BUSBAR Z 10 WAY 200A BULK
BEP-777-Z18W-200-B,BUSBAR Z 18 WAY 200A BULK,105.73,0,56.98,105.73,WEST,WEST,BUSBAR Z 18 WAY 200A BULK
BEP-IST-10MM-1S-B,STUD SGL 10MM BULK INSULATED,26.67,0,14.37,26.67,WEST,WEST,STUD SGL 10MM BULK INSULATED
BEP-IST-8MM-1S-B,STUD SGL 8MM BULK INSULATED,26.30,0,14.17,26.30,WEST,WEST,STUD SGL 8MM BULK INSULATED
BLU2715,BLUE SEAS COVER FOR #2301/2302,7.99,3,4.44,0.00,WEST,WEST,BLUE SEAS COVER FOR #2301/2302
BOA-1032,LIFE CALK MAHOG 83ML,31.41,2,16.93,31.41,WEST,WEST,LIFE CALK MAHOG 83ML
BOA-1085,TEAK BRITE CLEANER 32OZ,42.85,3,22.93,42.85,WEST,WEST,TEAK BRITE CLEANER 32OZ
BOA-1160,LIFE SEAL CLEAR 83ML,27.35,0,14.74,27.35,WEST,WEST,LIFE SEAL CLEAR 83ML
BOA-1161,LIFE SEAL-WHITE 83ML,27.35,0,14.74,27.35,WEST,WEST,LIFE SEAL-WHITE 83ML
BOA-1162,LIFE SEAL-BLACK 83ML,27.35,0,14.74,27.35,WEST,WEST,LIFE SEAL-BLACK 83ML
BOM-S616-MB-SCREEN,SCREEN ONLY FOR 616MBSS,56.24,0,34.87,56.24,WEST,WEST,SCREEN ONLY FOR 616MBSS
BOM-S616-MB-SS,S/S PORTLIGHT ELLIPTICAL,934.76,0,583.63,934.76,WEST,WEST,S/S PORTLIGHT ELLIPTICAL
BRU-6148,"48"" WOODEN DECK BRUSH HANDLE",7.49,2,4.40,0.00,WEST,WEST,"48"" WOODEN DECK BRUSH HANDLE"
BRU-6154,"54"" WOODEN BRUSH HANDLE THREADED",8.49,2,5.10,0.00,WEST,WEST,"54"" WOODEN BRUSH HANDLE THREADED"
BSS-1001,"W/P INLET-.31"""" CABLE          """,35.10,2,18.92,35.10,WEST,WEST,"W/P INLET-.31"""" CABLE          """
BSS-1015,12V PLUG & DASH SOCKET KIT,36.41,0,19.62,36.41,WEST,WEST,12V PLUG & DASH SOCKET KIT
BSS-1016,12VDC SCKT DUAL USB OUTPUT 2.1,45.86,1,24.71,45.86,WEST,WEST,12VDC SCKT DUAL USB OUTPUT 2.1
BSS-1045,12/24V 4.8A 2USB SOCKET CHARG,86.61,0,46.67,86.61,WEST,WEST,12/24V 4.8A 2USB SOCKET CHARG
BSS-1830,MONITOR M2 OLED DC SOC,609.99,1,350.09,0.00,WEST,WEST,MONITOR M2 OLED DC SOC
BSS-1838,MONITOR M2 OLED AC MULTIMETER,629.99,1,369.98,0.00,WEST,WEST,MONITOR M2 OLED AC MULTIMETER
BSS-1990,"POWERBAR1000 8X3/8""""STUD W/CVR """,309.99,1,186.05,0.00,WEST,WEST,"POWERBAR1000 8X3/8""""STUD W/CVR """
BSS-1991,"POWERBAR1000 12X3/8""""STUD W/CVR""",399.99,1,232.61,0.00,WEST,WEST,"POWERBAR1000 12X3/8""""STUD W/CVR"""
BSS-2003,"POWER POST 3/8""""LUGS           """,24.72,2,14.00,24.72,WEST,WEST,"POWER POST 3/8""""LUGS           """
BSS-2011,"POWER POST 1/4""""LUGS           """,15.99,2,9.19,0.00,WEST,WEST,"POWER POST 1/4""""LUGS           """
BSS-2104,"MAXIBAR 4 3/8"""" STUD TERMINALS """,204.69,0,110.31,204.69,WEST,WEST,"MAXIBAR 4 3/8"""" STUD TERMINALS """
BSS-2129,PUSH BUTTON CIRC. BREAKER 3A,9.92,0,5.35,9.92,WEST,WEST,PUSH BUTTON CIRC. BREAKER 3A
BSS-2130,PUSH BUTTON CIRC. BREAKER 5A,13.99,2,8.14,0.00,WEST,WEST,PUSH BUTTON CIRC. BREAKER 5A
BSS-2132,PUSH BUTTON CIRC. BREAKER 10A,9.92,1,5.35,9.92,WEST,WEST,PUSH BUTTON CIRC. BREAKER 10A
BSS-2142,PUSH BUTTON BREAKER 50A,97.99,2,57.97,0.00,WEST,WEST,PUSH BUTTON BREAKER 50A
BSS-2301,10-GANG BUSBAR,31.90,0,17.19,31.90,WEST,WEST,10-GANG BUSBAR
BSS-2302,20-GANG BUSBAR,49.57,0,26.71,49.57,WEST,WEST,20-GANG BUSBAR
BSS-2304,MINIBUS 5/#8-32 SCREW,23.90,0,13.54,23.90,WEST,WEST,MINIBUS 5/#8-32 SCREW
BSS-2307,"4-GANG BUSBAR 1/4""""STUD W/COVER",46.00,4,27.62,0.00,WEST,WEST,"4-GANG BUSBAR 1/4""""STUD W/COVER"
BSS-2504,TERMINAL BLOCK 30A/4G,11.14,2,7.30,11.14,WEST,WEST,TERMINAL BLOCK 30A/4G
BSS-2508,TERMINAL BLOCK 30A/8G,18.07,0,11.82,18.07,WEST,WEST,TERMINAL BLOCK 30A/8G
BSS-2510,TERMINAL BLOCK 30A/10G,20.47,0,13.42,20.47,WEST,WEST,TERMINAL BLOCK 30A/10G
BSS-2604,TERMINAL BLOCK 65A/4G,24.49,1,14.29,0.00,WEST,WEST,TERMINAL BLOCK 65A/4G
BSS-2610,TERMINAL BLOCK 65A/10G,52.00,1,31.15,0.00,WEST,WEST,TERMINAL BLOCK 65A/10G
BSS-2708,COVER FOR #2104,47.99,4,26.85,0.00,WEST,WEST,COVER FOR #2104
BSS-2709,COVER FOR #2101,25.99,3,15.55,0.00,WEST,WEST,COVER FOR #2101
BSS-2710,COVER FOR #2702,28.44,1,15.33,28.44,WEST,WEST,COVER FOR #2702
BSS-2713,COVER FOR #2304/2305,6.65,2,3.58,6.65,WEST,WEST,COVER FOR #2304/2305
BSS-2715,COVER FOR #2301/2303,7.99,3,4.44,0.00,WEST,WEST,COVER FOR #2301/2303
BSS-2716,COVER FOR #2302,12.29,2,6.62,12.29,WEST,WEST,COVER FOR #2302
BSS-4135,CLEAR WATERPROOF BOOT (2/PKG),8.99,6,4.99,0.00,WEST,WEST,CLEAR WATERPROOF BOOT (2/PKG)
BSS-4137,W/P PUSH BUTTON CB BOOT(2/PKG),8.99,1,4.99,0.00,WEST,WEST,W/P PUSH BUTTON CB BOOT(2/PKG)
BSS-4155,WD SWITCH DPDT ON/OFF/ON,28.76,0,15.50,28.76,WEST,WEST,WD SWITCH DPDT ON/OFF/ON
BSS-4376,W/R DC PANEL 6POS GRY,256.29,0,138.12,256.29,WEST,WEST,W/R DC PANEL 6POS GRY
BSS-5005,ANL FUSE BLOCK 300A W/COVER,55.99,2,32.67,0.00,WEST,WEST,ANL FUSE BLOCK 300A W/COVER
BSS-5015,AGC FUSE BLOCK 6-CIR.W/GROUND,77.40,0,41.71,77.40,WEST,WEST,AGC FUSE BLOCK 6-CIR.W/GROUND
BSS-5022,PANEL MOUNT CAP FUSE HOLDER,9.99,8,5.86,0.00,WEST,WEST,PANEL MOUNT CAP FUSE HOLDER
BSS-5025,ATO FUSE BLOCK 6-CIR.W/GROUND,83.75,1,47.45,83.75,WEST,WEST,ATO FUSE BLOCK 6-CIR.W/GROUND
BSS-5026,ATO FUSE BLOCK 12-CIR.W/GROUND,104.79,0,56.47,104.79,WEST,WEST,ATO FUSE BLOCK 12-CIR.W/GROUND
BSS-5028,ATO FUSE BLOCK 6-CIRCUIT,73.23,4,40.91,73.23,WEST,WEST,ATO FUSE BLOCK 6-CIRCUIT
BSS-5037,FUSE BLOCK STBLADE 6CIRC IND,68.02,1,36.66,68.02,WEST,WEST,FUSE BLOCK STBLADE 6CIRC IND
BSS-5045,FUSEBLK COMPACT ST BLADE 4CIRC,53.59,0,28.88,53.59,WEST,WEST,FUSEBLK COMPACT ST BLADE 4CIRC
BSS-5052,CIRC BREAK BLOCK 6CIRC W/GRND,124.99,1,74.29,0.00,WEST,WEST,CIRC BREAK BLOCK 6CIRC W/GRND
BSS-5061,SWITCH,22.30,0,1.00,22.20,WEST,WEST,SWITCH
BSS-5063,FUSE HOLDER INLINE AGC/MDL,6.56,6,5.35,6.56,WEST,WEST,FUSE HOLDER INLINE AGC/MDL
BSS-5064,FUSE HOLDER INLINE ATO/ATC,6.43,0,3.46,6.43,WEST,WEST,FUSE HOLDER INLINE ATO/ATC
BSS-5065,W/P FUSE HOLDER ATO/ATC,13.98,2,7.53,13.98,WEST,WEST,W/P FUSE HOLDER ATO/ATC
BSS-5068,FUSE HOLDER MAXI 30-80A INLINE,49.99,4,29.51,0.00,WEST,WEST,FUSE HOLDER MAXI 30-80A INLINE
BSS-5105,MEGA-FUSE 200-AMP VDC,18.00,0,9.70,18.00,WEST,WEST,MEGA-FUSE 200-AMP VDC
BSS-5114,CLASS T FUSE 150-AMP,107.99,1,63.04,0.00,WEST,WEST,CLASS T FUSE 150-AMP
BSS-5118,CLASS T FUSE 250-AMP,115.99,1,68.78,0.00,WEST,WEST,CLASS T FUSE 250-AMP
BSS-5121,CLASS T FUSE 400-AMP,114.99,1,68.78,0.00,WEST,WEST,CLASS T FUSE 400-AMP
BSS-5129,ANL FUSE 200-AMP VDC,38.44,0,20.72,38.44,WEST,WEST,ANL FUSE 200-AMP VDC
BSS-5133,ANL FUSE 300-AMP VDC,47.03,0,25.34,47.03,WEST,WEST,ANL FUSE 300-AMP VDC
BSS-5137,ANL FUSE 500-AMP VDC,47.03,0,25.34,47.03,WEST,WEST,ANL FUSE 500-AMP VDC
BSS-5139,MAXI FUSE 40-AMP,10.39,0,5.60,10.39,WEST,WEST,MAXI FUSE 40-AMP
BSS-5140,MAXI FUSE 50-AMP,10.39,5,5.60,10.39,WEST,WEST,MAXI FUSE 50-AMP
BSS-5165,FUSE ANL 40-AMP,38.44,1,24.39,38.44,WEST,WEST,FUSE ANL 40-AMP
BSS-5181,TERMINAL FUSE 80AMP,29.34,0,15.81,29.34,WEST,WEST,TERMINAL FUSE 80AMP
BSS-5185,TERMINAL FUSE 150-AMP,31.00,2,17.81,0.00,WEST,WEST,TERMINAL FUSE 150-AMP
BSS-5187,TERMINAL FUSE 200-AMP,31.00,11,17.81,0.00,WEST,WEST,TERMINAL FUSE 200-AMP
BSS-5201,AGC FUSE 0.25A (5PK),6.85,3,3.85,0.00,WEST,WEST,AGC FUSE 0.25A (5PK)
BSS-5202,AGC FUSE 0.50A (5PK),6.85,4,3.85,0.00,WEST,WEST,AGC FUSE 0.50A (5PK)
BSS-5204,AGC FUSE 1A (5PK),6.85,2,3.85,0.00,WEST,WEST,AGC FUSE 1A (5PK)
BSS-5205,AGC FUSE 1.50A (5PK),6.85,5,3.85,0.00,WEST,WEST,AGC FUSE 1.50A (5PK)
BSS-5206,AGC FUSE 2A (5PK),6.85,4,3.85,0.00,WEST,WEST,AGC FUSE 2A (5PK)
BSS-5208,AGC FUSE 3A (5 PACK),6.85,4,3.85,0.00,WEST,WEST,AGC FUSE 3A (5 PACK)
BSS-5208100,AGC FUSE 3A (25 PACK),20.49,1,12.03,0.00,WEST,WEST,AGC FUSE 3A (25 PACK)
BSS-5213,AGC FUSE 7.50A (5PK),6.85,6,3.85,0.00,WEST,WEST,AGC FUSE 7.50A (5PK)
BSS-5215,AGC FUSE 10A (5PK),3.42,5,3.85,3.42,WEST,WEST,AGC FUSE 10A (5PK)
BSS-5217,AGC FUSE 15A (5PK),3.42,6,3.85,3.42,WEST,WEST,AGC FUSE 15A (5PK)
BSS-5219,AGC FUSE 25A (5PK),6.85,3,3.85,0.00,WEST,WEST,AGC FUSE 25A (5PK)
BSS-5220,AGC FUSE 30A (5PK),3.42,6,3.96,3.42,WEST,WEST,AGC FUSE 30A (5PK)
BSS-5235,ATO/ATC FUSE 1AMP,5.49,5,3.23,0.00,WEST,WEST,ATO/ATC FUSE 1AMP
BSS-5236,ATO/ATC FUSE 2AMP,5.00,5,2.75,0.00,WEST,WEST,ATO/ATC FUSE 2AMP
BSS-5238,ATO/ATC FUSE 4AMP,5.00,2,2.74,0.00,WEST,WEST,ATO/ATC FUSE 4AMP
BSS-5239,ATO/ATC FUSE 5AMP,5.00,4,2.74,0.00,WEST,WEST,ATO/ATC FUSE 5AMP
BSS-5241,ATO/ATC FUSE 10AMP,3.21,0,1.73,3.21,WEST,WEST,ATO/ATC FUSE 10AMP
BSS-5242,ATO/ATC FUSE 15AMP,3.21,0,1.73,3.21,WEST,WEST,ATO/ATC FUSE 15AMP
BSS-5243,ATO/ATC FUSE 20AMP,3.21,0,1.73,3.21,WEST,WEST,ATO/ATC FUSE 20AMP
BSS-5244,ATO/ATC FUSE 25AMP,5.00,2,2.74,5.00,WEST,WEST,ATO/ATC FUSE 25AMP
BSS-5245,ATO/ATC FUSE 30AMP,3.21,0,1.73,3.21,WEST,WEST,ATO/ATC FUSE 30AMP
BSS-5255,MIDI FUSE 80-AMP (2/PKG),12.49,3,7.46,0.00,WEST,WEST,MIDI FUSE 80-AMP (2/PKG)
BSS-5256,MIDI FUSE 100-AMP (2/PKG),12.29,3,7.46,12.29,WEST,WEST,MIDI FUSE 100-AMP (2/PKG)
BSS-5502,"CLASS""""T""""FUSE BLOCK 225-400AMP """,97.96,0,52.79,97.96,WEST,WEST,"CLASS""""T""""FUSE BLOCK 225-400AMP """
BSS-6004,BAT SWTCH M-SER 2POS LOCK 30A,59.99,2,34.28,0.00,WEST,WEST,BAT SWTCH M-SER 2POS LOCK 30A
BSS-6007,BAT SWITCH 4POS 300A,72.99,1,41.85,0.00,WEST,WEST,BAT SWITCH 4POS 300A
BSS-7054,PUSH-BUTTON BREAKER 10A,9.57,0,5.16,9.57,WEST,WEST,PUSH-BUTTON BREAKER 10A
BSS-7056,PUSH-BUTTON BREAKER 15A,9.57,2,5.16,9.57,WEST,WEST,PUSH-BUTTON BREAKER 15A
BSS-7057,PUSH-BUTTON BREAKER 20A,9.57,2,5.16,9.57,WEST,WEST,PUSH-BUTTON BREAKER 20A
BSS-7059,PUSH-BUTTON BREAKER 30A,11.49,2,6.61,0.00,WEST,WEST,PUSH-BUTTON BREAKER 30A
BSS-7135,SURF/MT BREAKER 25A,146.41,0,78.90,146.41,WEST,WEST,SURF/MT BREAKER 25A
BSS-7136,SURF/MT BREAKER 30A,164.99,2,99.39,0.00,WEST,WEST,SURF/MT BREAKER 30A
BSS-7140,SURF/MT BREAKER 60A,146.41,0,78.90,146.41,WEST,WEST,SURF/MT BREAKER 60A
BSS-7142,SURF/MT BREAKER 80A,169.99,1,99.39,0.00,WEST,WEST,SURF/MT BREAKER 80A
BSS-7148,SURF/MT BREAKER 150A,146.41,0,78.90,146.41,WEST,WEST,SURF/MT BREAKER 150A
BSS-7149,SURF/MT BREAKER 200A,191.88,1,103.41,191.88,WEST,WEST,SURF/MT BREAKER 200A
BSS-7200,TOGGLE BREAKER SP 5A BLK,30.14,0,16.24,30.14,WEST,WEST,TOGGLE BREAKER SP 5A BLK
BSS-7206,TOGGLE BREAKER SP 10A WHT,30.14,0,16.24,30.14,WEST,WEST,TOGGLE BREAKER SP 10A WHT
BSS-7210,TOGGLE BREAKER SP 15A WHT,38.49,1,22.50,0.00,WEST,WEST,TOGGLE BREAKER SP 15A WHT
BSS-7214,TOGGLE BREAKER SP 20A WHT,30.14,-1,22.92,30.14,WEST,WEST,TOGGLE BREAKER SP 20A WHT
BSS-7237,TOGGLE BREAKER DP 30A BLK,69.54,0,37.48,69.54,WEST,WEST,TOGGLE BREAKER DP 30A BLK
BSS-7242,TOGGLE BREAKER DP 50A WHT,86.99,1,51.94,0.00,WEST,WEST,TOGGLE BREAKER DP 50A WHT
BSS-7246,TOGGLE BREAKER SP 60A WHT,75.10,0,40.47,75.10,WEST,WEST,TOGGLE BREAKER SP 60A WHT
BSS-7365,TOGGLE BREAKER DP 30A WHT,180.69,1,97.38,180.69,WEST,WEST,TOGGLE BREAKER DP 30A WHT
BSS-7404,ROCKER BREAKER SP 20A BLK,38.01,0,20.48,38.01,WEST,WEST,ROCKER BREAKER SP 20A BLK
BSS-7414,CIRCUIT BREAKER FLAT ROCKR 30A,93.49,2,55.68,0.00,WEST,WEST,CIRCUIT BREAKER FLAT ROCKR 30A
BSS-7417,CIRCUIT BREAKER FLATROCKER 50A,87.04,1,46.91,87.04,WEST,WEST,CIRCUIT BREAKER FLATROCKER 50A
BSS-7508,25-AMP 12V DIGITAL DIMMER W/SW,159.99,2,91.69,0.00,WEST,WEST,25-AMP 12V DIGITAL DIMMER W/SW
BSS-7532,CHARGER 12V 40A3BK,1272.45,0,908.89,1272.45,WEST,WEST,CHARGER 12V 40A3BK
BSS-7549,ROCKER BREAKER SP 100A BLK,64.03,1,47.80,64.03,WEST,WEST,ROCKER BREAKER SP 100A BLK
BSS-7611,SOLENOID BATTERYLINK 120A ACR,205.86,0,110.94,205.86,WEST,WEST,SOLENOID BATTERYLINK 120A ACR
BSS-7622,SOLENOID ML 500A 12V ACR W/MC,470.84,0,253.75,470.84,WEST,WEST,SOLENOID ML 500A 12V ACR W/MC
BSS-7700,12V ML-SER.SOLENOID W/MAN.CTRL,419.99,3,247.96,0.00,WEST,WEST,12V ML-SER.SOLENOID W/MAN.CTRL
BSS-7929,SWITCH SPST OFF-ON BLK W/RED,31.00,6,17.68,0.00,WEST,WEST,SWITCH SPST OFF-ON BLK W/RED
BSS-7931,CONTURA 2 SWTCH SPDT ON/OFF/ON,32.99,4,19.03,0.00,WEST,WEST,CONTURA 2 SWTCH SPDT ON/OFF/ON
BSS-7935,SWITCH CONTURA2 DPST OFF-(ON),32.49,1,19.15,0.00,WEST,WEST,SWITCH CONTURA2 DPST OFF-(ON)
BSS-7936,SWITCH CONT2 DPDT ON-OFF-ON BK,33.68,0,18.15,33.68,WEST,WEST,SWITCH CONT2 DPDT ON-OFF-ON BK
BSS-7937,SWTCH CONTURA2 DPDT(ON)-OFF-ON,38.99,1,23.52,0.00,WEST,WEST,SWTCH CONTURA2 DPDT(ON)-OFF-ON
BSS-8030,DC BASIC LABEL SET (30),17.47,1,9.41,17.47,WEST,WEST,DC BASIC LABEL SET (30)
BSS-8033,"LED IND.LIGHT AMBER 11/64""""12V """,5.58,2,3.39,5.58,WEST,WEST,"LED IND.LIGHT AMBER 11/64""""12V """
BSS-8059,AC PANEL 8POS C/W 5 BREAKERS,467.05,0,264.64,467.05,WEST,WEST,AC PANEL 8POS C/W 5 BREAKERS
BSS-8086,20/AC-20/DC CIRCUIT PANEL,3328.64,0,1793.88,3328.64,WEST,WEST,20/AC-20/DC CIRCUIT PANEL
BSS-8166,"LED IND.LIGHT RED 11/64""""230V  """,6.71,4,3.62,6.71,WEST,WEST,"LED IND.LIGHT RED 11/64""""230V  """
BSS-8171,"LED IND.LIGHT RED 11/64""""12V   """,5.58,3,3.39,5.58,WEST,WEST,"LED IND.LIGHT RED 11/64""""12V   """
BSS-8172,"LED IND.LIGHT GREEN 11/64""""12V """,5.58,7,3.39,5.58,WEST,WEST,"LED IND.LIGHT GREEN 11/64""""12V """
BSS-8214,DC WATERPROOF LABEL KIT,17.65,0,9.51,17.65,WEST,WEST,DC WATERPROOF LABEL KIT
BSS-8256,DIGITAL AC AMMETER COIL,48.45,0,26.11,48.45,WEST,WEST,DIGITAL AC AMMETER COIL
BSS-8260,CONTURA 6 POS MNTING PANEL BLA,22.81,0,12.29,22.81,WEST,WEST,CONTURA 6 POS MNTING PANEL BLA
BSS-8263,W/P DC BILGE SWITCH PANEL BLK,99.99,1,60.32,0.00,WEST,WEST,W/P DC BILGE SWITCH PANEL BLK
BSS-8266,CONTURA SWITCH C.MOUNT PANEL,5.54,4,3.14,5.54,WEST,WEST,CONTURA SWITCH C.MOUNT PANEL
BSS-8267,V-SERIES END BRACKET BLACK,5.54,4,3.14,5.54,WEST,WEST,V-SERIES END BRACKET BLACK
BSS-8268,CONTURA SINGLE MNTING BRKT,6.00,0,3.23,6.00,WEST,WEST,CONTURA SINGLE MNTING BRKT
BSS-8278,CONTURA SWITCH PLUG BLK,6.00,0,3.23,6.00,WEST,WEST,CONTURA SWITCH PLUG BLK
BSS-8282,SWITCH SPST OFF-ON BLK,28.99,1,16.25,0.00,WEST,WEST,SWITCH SPST OFF-ON BLK
BSS-8285,SWITCH SPDT ON-OFF-ON BLK,32.99,1,18.76,0.00,WEST,WEST,SWITCH SPDT ON-OFF-ON BLK
BSS-8286,SWITCH DPDT ON-OFF-ON BLK,33.68,1,18.15,33.68,WEST,WEST,SWITCH DPDT ON-OFF-ON BLK
BSS-8289,SWITCH DPDT (ON)-OFF-ON BLK,41.99,1,24.29,0.00,WEST,WEST,SWITCH DPDT (ON)-OFF-ON BLK
BSS-8292,SWITCH SPST OFF-(ON) BLK,25.49,1,14.66,0.00,WEST,WEST,SWITCH SPST OFF-(ON) BLK
BSS-8294,CONTURA ACTUATOR BLACK,3.86,1,2.08,3.86,WEST,WEST,CONTURA ACTUATOR BLACK
BSS-8296,"CONTURA ACTUATOR,BLACK NO LENS""",9.49,2,5.62,0.00,WEST,WEST,"CONTURA ACTUATOR,BLACK NO LENS"""
BSS-9001E,BAT SWITCH 4POS 350A,86.99,1,50.34,0.00,WEST,WEST,BAT SWITCH 4POS 350A
BSS-9003E,BAT SWITCH 2POS 350A,83.99,1,47.07,0.00,WEST,WEST,BAT SWITCH 2POS 350A
BSS-9012,"SOLENOID SWITCH, L-SERIES",430.09,0,231.79,430.09,WEST,WEST,"SOLENOID SWITCH, L-SERIES"
BSS-9160,LINK BUS-ML,29.76,0,16.04,29.76,WEST,WEST,LINK BUS-ML
BSS-9217,JUMPER TERMINAL 2500-SER(5/PK),7.40,1,4.14,7.40,WEST,WEST,JUMPER TERMINAL 2500-SER(5/PK)
BSS-9218,JUMPER TERMINAL 2400-SER(5/PK),7.40,2,4.14,7.40,WEST,WEST,JUMPER TERMINAL 2400-SER(5/PK)
BUC-70TBC1000SS,"S/S T-BOLT CLAMP(9.80-10.08"""") """,21.14,0,11.39,21.14,WEST,WEST,"S/S T-BOLT CLAMP(9.80-10.08"""") """
BUC-70TBC1088SS,"S/S T-BOLT CLAMP(10.43-11.00"""")""",21.68,6,11.68,21.68,WEST,WEST,"S/S T-BOLT CLAMP(10.43-11.00"""")"""
BUC-70TBC700SS,"S/S T-BOLT CLAMP(6.80-7.08"""")  """,17.92,3,12.32,17.92,WEST,WEST,"S/S T-BOLT CLAMP(6.80-7.08"""")  """
BUC-70TBC750SS,"S/S T-BOLT CLAMP(7.30-7.58"""")  """,18.10,5,12.44,18.10,WEST,WEST,"S/S T-BOLT CLAMP(7.30-7.58"""")  """
BUC-BBV-100LP,BALL VLV 1 BRZ,103.99,4,56.04,103.99,WEST,WEST,BALL VLV 1 BRZ
BUC-BBV-125LP,BALL VLV 1-1/4 BRZ,172.66,1,75.18,172.66,WEST,WEST,BALL VLV 1-1/4 BRZ
BUC-BBV-25FSS,BALL VLV 1/4 SS,47.18,2,25.42,47.18,WEST,WEST,BALL VLV 1/4 SS
BUC-BBV-75LP,BALL VLV 3/4 BRZ,79.64,5,44.50,79.64,WEST,WEST,BALL VLV 3/4 BRZ
BUC-HN-100,PIPE/HOSE ADAPT 1 BRZ,20.93,4,12.76,20.93,WEST,WEST,PIPE/HOSE ADAPT 1 BRZ
BUC-HN-200,PIPE/HOSE ADAPT 2 BRZ,68.99,2,37.18,68.99,WEST,WEST,PIPE/HOSE ADAPT 2 BRZ
BUC-HN-200-E,PIPE-HOS ADAPTR 2 90*,268.82,2,144.87,268.82,WEST,WEST,PIPE-HOS ADAPTR 2 90*
BUC-HN-250,PIPE/HOSE ADAPT 2-1/2 BRZ,162.32,2,87.48,162.32,WEST,WEST,PIPE/HOSE ADAPT 2-1/2 BRZ
BUC-HN-250-E,PIPE/HOSE ADAPT 2-1/2 90*BRZ,377.10,2,203.23,377.10,WEST,WEST,PIPE/HOSE ADAPT 2-1/2 90*BRZ
BUC-HN-75,PIPE/HOSE ADAPT 3/4 BRZ,17.00,4,7.30,17.00,WEST,WEST,PIPE/HOSE ADAPT 3/4 BRZ
BUC-HN-75-E,PIPE-HOSE ADAP 3/4 90*BRZ,57.70,4,31.09,57.70,WEST,WEST,PIPE-HOSE ADAP 3/4 90*BRZ
BUC-HN-75100,PIPE/HOS ADAPTR 3/4X1,46.23,6,24.91,49.23,WEST,WEST,PIPE/HOS ADAPTR 3/4X1
BUC-PSK200,"2"""" PROP SHAFT KIT             """,124.82,2,48.18,124.82,WEST,WEST,"2"""" PROP SHAFT KIT             """
BUC-SS-1100,SCOOP STRNR 11X7-1/2 SS,397.06,0,225.00,397.06,WEST,WEST,SCOOP STRNR 11X7-1/2 SS
SED-415082-1,"H.D.BATTERY BOX STRAP-48""""     """,24.26,1,10.92,24.26,WEST,WEST,"H.D.BATTERY BOX STRAP-48""""     """
SED-415210-1,BATTERY TERMINAL SET(WING NUT),19.82,2,8.92,19.82,WEST,WEST,BATTERY TERMINAL SET(WING NUT)
SED-420101-1,TOGGLE ON-OFF 15A,12.10,1,5.56,12.10,WEST,WEST,TOGGLE ON-OFF 15A
SED-420102-1,TOGGLE (ON)-OFF 15A,13.84,1,6.23,13.84,WEST,WEST,TOGGLE (ON)-OFF 15A
SED-420103,TOGGLE ON-OFF-ON 15A,13.84,2,6.23,13.84,WEST,WEST,TOGGLE ON-OFF-ON 15A
SED-420103-1,TOGGLE ON-OFF-ON 15A,16.52,4,7.43,16.52,WEST,WEST,TOGGLE ON-OFF-ON 15A
SED-420104-1,TOGGLE (ON)-OFF-(ON) 15A,17.46,2,7.86,17.46,WEST,WEST,TOGGLE (ON)-OFF-(ON) 15A
SED-420109-1,TOGGLE (ON)-OFF-(ON) 15A,14.50,3,6.52,14.50,WEST,WEST,TOGGLE (ON)-OFF-(ON) 15A
SED-420241-1,ROCKER SWITCH ON-OFF,11.78,4,5.30,11.78,WEST,WEST,ROCKER SWITCH ON-OFF
SED-420243-1,ROCKER SWITCH ON-OFF-ON,16.14,1,7.26,16.14,WEST,WEST,ROCKER SWITCH ON-OFF-ON
SED-420251-1,ROCKER SWITCH ILLUM ON-OFF,13.30,3,5.98,13.30,WEST,WEST,ROCKER SWITCH ILLUM ON-OFF
SED-420253-1,ROCKER SWITCH ILLUM ON-OFF-ON,19.24,2,8.66,19.24,WEST,WEST,ROCKER SWITCH ILLUM ON-OFF-ON
SED-420350-1,ING SWITCH 3POS BRASS,52.96,1,23.83,52.96,WEST,WEST,ING SWITCH 3POS BRASS
SED-420365-1,IGN SWITCH 3POS POLY W/CAP,33.66,1,15.15,33.66,WEST,WEST,IGN SWITCH 3POS POLY W/CAP
SED-420379-1,IGN SWITCH 4POS POLY,36.34,2,16.35,36.34,WEST,WEST,IGN SWITCH 4POS POLY
SED-420396-1,PUSH BUTTON ON-OFF 15A W/R,45.78,1,20.60,45.78,WEST,WEST,PUSH BUTTON ON-OFF 15A W/R
SED-420410-1,PUSH-PULL OFF-ON1-ON1&2 15A,38.99,6,18.44,0.00,WEST,WEST,PUSH-PULL OFF-ON1-ON1&2 15A
SED-420416-1,PUSH BUTTON OFF-(ON)15A BLACK,12.82,1,5.77,12.82,WEST,WEST,PUSH BUTTON OFF-(ON)15A BLACK
SED-420420-1,PUSH BUTTON OFF-(ON) 15A,28.99,2,16.98,0.00,WEST,WEST,PUSH BUTTON OFF-(ON) 15A
SED-420430-1,FOOT SWITCH OFF-(ON) 25A,80.84,0,36.38,80.84,WEST,WEST,FOOT SWITCH OFF-(ON) 25A
SED-420441-1,ILLUM.ROCKER SWITCH ON-OFF,8.78,2,4.18,8.78,WEST,WEST,ILLUM.ROCKER SWITCH ON-OFF
SED-420495-1,7 KEY LANYARD,17.18,2,7.73,17.18,WEST,WEST,7 KEY LANYARD
SED-420496-1,KILL SWITCH 10KEY UNIV LANYARD,30.08,0,13.54,30.08,WEST,WEST,KILL SWITCH 10KEY UNIV LANYARD
SED-420501-1,REPL.FUSE HOLDR-SQUARE,8.78,3,3.95,8.78,WEST,WEST,REPL.FUSE HOLDR-SQUARE
SED-420503-1,AGC 15A PANEL MOUNT FUSE HLDR,7.08,3,3.19,7.08,WEST,WEST,AGC 15A PANEL MOUNT FUSE HLDR
SED-420544-1,AGC 4-GANG FUSE/TERM BLOCK,33.66,4,15.15,33.66,WEST,WEST,AGC 4-GANG FUSE/TERM BLOCK
SED-420553-1,AGC W/P 15A INLINE FUSE HOLDER,18.22,4,9.76,18.22,WEST,WEST,AGC W/P 15A INLINE FUSE HOLDER
SED-420554-1,AGC W/P 20A INLINE FUSE HOLDER,19.60,2,8.82,19.60,WEST,WEST,AGC W/P 20A INLINE FUSE HOLDER
SED-420555-1,AGC W/P 30A INLINE FUSE HLDR,23.12,3,10.40,23.12,WEST,WEST,AGC W/P 30A INLINE FUSE HLDR
SED-420810-1,PUSH BUTTON BREAKER 10A,9.30,2,4.18,9.30,WEST,WEST,PUSH BUTTON BREAKER 10A
SED-420830-1,PUSH BUTTON BREAKER 30A,10.30,3,4.63,10.30,WEST,WEST,PUSH BUTTON BREAKER 30A
SED-420839-1,SPLASH GUARD BOOT,7.78,5,3.50,7.78,WEST,WEST,SPLASH GUARD BOOT
SED-420842-1,RESETTABLE BREAKER-20A,17.46,2,7.86,17.46,WEST,WEST,RESETTABLE BREAKER-20A
SED-420844-1,RESETTABLE BREAKER-40A,17.46,2,7.86,17.46,WEST,WEST,RESETTABLE BREAKER-40A
SED-423035-1,BILGE WATER ALARM PANEL,76.02,1,34.21,76.02,WEST,WEST,BILGE WATER ALARM PANEL
SED-426053-1,S/S POWER SOCKET+CAP 12V,30.96,1,13.93,30.96,WEST,WEST,S/S POWER SOCKET+CAP 12V
SED-426116-1,12V PWR SOCKET & PLUG,21.54,2,9.69,21.54,WEST,WEST,12V PWR SOCKET & PLUG
SED-426142-1,CHR.12-V CABLE OUTLET,28.94,1,13.02,28.94,WEST,WEST,CHR.12-V CABLE OUTLET
SED-426262-1,2-PIN 3A CONNECT CHR BRASS,35.04,1,15.77,35.04,WEST,WEST,2-PIN 3A CONNECT CHR BRASS
SED-426264-1,CHR.4-PIN ELEC.CONNECT,43.80,0,20.14,43.80,WEST,WEST,CHR.4-PIN ELEC.CONNECT
SED-426450-1,POWER SOCKET W/BATTERY CLIPS,22.20,1,9.99,22.20,WEST,WEST,POWER SOCKET W/BATTERY CLIPS
SED-426510-1,RND DUAL USB3 USBC POWR SOCKET,32.30,1,15.07,32.30,WEST,WEST,RND DUAL USB3 USBC POWR SOCKET
SED-426535-1,OVL SURF MNT USB3/C PWR SOCKET,47.99,2,27.88,0.00,WEST,WEST,OVL SURF MNT USB3/C PWR SOCKET
SED-426710-1,BUSS BAR 5-GANG,30.04,1,13.52,30.04,WEST,WEST,BUSS BAR 5-GANG
SED-426711-1,BUSS BAR BRASS TIN TERMINALS,31.99,4,16.00,0.00,WEST,WEST,BUSS BAR BRASS TIN TERMINALS
SED-431110-1,S/S MINI-COMPACT HORN-SINGLE,56.56,0,25.45,56.56,WEST,WEST,S/S MINI-COMPACT HORN-SINGLE
SED-431230-1,F/M MINI-CMPACT HORN W/2 GRILL,70.06,1,31.53,70.06,WEST,WEST,F/M MINI-CMPACT HORN W/2 GRILL
SED-431250-1,FLUSH MT MINI COMPACT HORN III,71.40,1,32.13,71.40,WEST,WEST,FLUSH MT MINI COMPACT HORN III
SED-431610-1,S/S CMPACT TRUMPET HORN-SINGLE,132.08,1,59.44,132.08,WEST,WEST,S/S CMPACT TRUMPET HORN-SINGLE
SED-445197-1,INLIN FUSEHLDR AT0/ATC-30A/LED,14.50,2,6.52,14.50,WEST,WEST,INLIN FUSEHLDR AT0/ATC-30A/LED
SED-445198-1,INLINE FUSEHOLDER AT0/ATC-30A,9.64,2,4.63,9.64,WEST,WEST,INLINE FUSEHOLDER AT0/ATC-30A
SED-445199-1,ATO 20A INLINE FUSE HOLDER,8.78,3,4.06,8.78,WEST,WEST,ATO 20A INLINE FUSE HOLDER
SED-491080-1,BOATHOOK 3 SIDE BRUSH MEDM/YEL,29.99,2,16.63,0.00,WEST,WEST,BOATHOOK 3 SIDE BRUSH MEDM/YEL
SED-491090-1,BOATHOOK 3 SIDE BRUSH STIF/WHT,39.99,2,21.76,0.00,WEST,WEST,BOATHOOK 3 SIDE BRUSH STIF/WHT
SED-491135-1,S/S BOAT HOOK CLIP     (2/CRD),7.82,2,3.52,7.82,WEST,WEST,S/S BOAT HOOK CLIP     (2/CRD)
SED-491145-1,RUBBER POLE STORAGE CLIP(2/CRD,13.50,2,6.07,13.50,WEST,WEST,RUBBER POLE STORAGE CLIP(2/CRD
SED-491240-1,S/S RING BOUY BRACKET,17.46,3,7.86,17.46,WEST,WEST,S/S RING BOUY BRACKET
SED-492211-1,"CHR.FLAG POLE SKT-3/4""""        """,29.70,1,13.36,29.70,WEST,WEST,"CHR.FLAG POLE SKT-3/4""""        """
SED-492212-1,"CHR.FLAG POLE SKT-1""""          """,36.40,2,16.38,36.40,WEST,WEST,"CHR.FLAG POLE SKT-1""""          """
SED-512220-1,CHR.BRASS WASH DOWN FAUCET,51.16,1,23.02,51.16,WEST,WEST,CHR.BRASS WASH DOWN FAUCET
SED-517525-1,"S/S 2""""SINK DRAIN WITH STRAINER""",13.14,3,5.91,13.14,WEST,WEST,"S/S 2""""SINK DRAIN WITH STRAINER"""
SED-520040,BRONZE GARBOARD PLUG,24.22,1,10.90,24.22,WEST,WEST,BRONZE GARBOARD PLUG
SED-520040-1,BRONZE GARBOARD PLUG,26.88,2,12.55,26.88,WEST,WEST,BRONZE GARBOARD PLUG
SED-520041-1,BRZ.REPLACE.PLUG FOR #520040,12.74,4,5.96,12.74,WEST,WEST,BRZ.REPLACE.PLUG FOR #520040
SED-520045-1,PLUGMATE GARBOARD WRENCH,21.54,1,9.69,21.54,WEST,WEST,PLUGMATE GARBOARD WRENCH
SED-520047-1,BRZ.REPLACEMENT PLUG W/HANDLE,30.96,0,15.08,30.96,WEST,WEST,BRZ.REPLACEMENT PLUG W/HANDLE
SED-520051-1,REPL. DRAIN PLUG F/520050/55,6.26,0,2.82,6.26,WEST,WEST,REPL. DRAIN PLUG F/520050/55
SED-520092-1,"BRASS BAITWELL PLUG 1/2""""(2/CD)""",10.64,1,4.79,10.64,WEST,WEST,"BRASS BAITWELL PLUG 1/2""""(2/CD)"""
SED-520094,"BRASS BAITWELL PLUG 3/4""""      """,4.58,1,2.06,4.58,WEST,WEST,"BRASS BAITWELL PLUG 3/4""""      """
SED-520095-1,"BRASS BAITWELL PLUG 7/8""""(2/CD)""",12.56,3,5.65,12.56,WEST,WEST,"BRASS BAITWELL PLUG 7/8""""(2/CD)"""
SED-520210-1,BRASS DRAIN TUBE 1-7/8,8.44,2,3.80,8.44,WEST,WEST,BRASS DRAIN TUBE 1-7/8
SED-520220-1,BRASS DRAIN TUBE 2-3/8,8.78,2,3.95,8.78,WEST,WEST,BRASS DRAIN TUBE 2-3/8
SED-520230-1,BRASS DRAIN TUBE 2-7/8,9.80,1,4.41,9.80,WEST,WEST,BRASS DRAIN TUBE 2-7/8
SED-520500-1,NYLON SCUPPER VALVE,6.76,2,3.95,6.76,WEST,WEST,NYLON SCUPPER VALVE
SED-521550-1,INBOARD MOTOR FLUSH,34.82,3,16.24,34.82,WEST,WEST,INBOARD MOTOR FLUSH
SED-580411-1,CHR.ZINC OARLOCK HORN  (2/PKG),30.96,1,13.93,30.96,WEST,WEST,CHR.ZINC OARLOCK HORN  (2/PKG)
SED-580412-1,CHR.ZINC OARLOCK HORN RIBBED,29.34,1,13.20,29.34,WEST,WEST,CHR.ZINC OARLOCK HORN RIBBED
SED-580450-1,CHR.ZINC OARLOCK SOCKET,21.92,1,9.86,21.92,WEST,WEST,CHR.ZINC OARLOCK SOCKET
SED-580451-1,CHR.ZINC OARLOCK SOCKET,27.98,2,12.59,27.98,WEST,WEST,CHR.ZINC OARLOCK SOCKET
SED-580870-1,"GALV.OARLOCK HORN-2""""          """,10.99,2,6.36,0.00,WEST,WEST,"GALV.OARLOCK HORN-2""""          """
SED-580880-1,GALV.TOP MOUNT OARLOCK SOCKET,16.52,2,7.43,16.52,WEST,WEST,GALV.TOP MOUNT OARLOCK SOCKET
SED-582502-1,POLY.4-STEP FOLDING LADDER,102.42,2,47.78,102.42,WEST,WEST,POLY.4-STEP FOLDING LADDER
SED-588010,BLK.ABS F/M DRINK HLDR,2.22,2,1.30,2.22,WEST,WEST,BLK.ABS F/M DRINK HLDR
SED-588011,WHT.ABS F/M DRINK HLDR,3.04,2,1.37,3.04,WEST,WEST,WHT.ABS F/M DRINK HLDR
SED-588220-1,ADJ.FOLDING DRINK HOLDER-BLACK,13.66,2,6.56,13.66,WEST,WEST,ADJ.FOLDING DRINK HOLDER-BLACK
SED-588221-1,ADJ.FOLDING DRINK HOLDER-WHITE,13.66,3,6.15,13.66,WEST,WEST,ADJ.FOLDING DRINK HOLDER-WHITE
SED-671100-1,NYLON GEAR HAMMOCK,19.56,1,8.80,19.56,WEST,WEST,NYLON GEAR HAMMOCK
SED-671460,S/S HAMMOCK HOOK,2.14,1,0.96,2.14,WEST,WEST,S/S HAMMOCK HOOK
SED-671460-1,S/S HAMMOCK HOOK,6.34,1,2.85,6.34,WEST,WEST,S/S HAMMOCK HOOK
SED-751010-1,PLATED COUPLER LOCKING PIN,6.54,1,2.94,6.54,WEST,WEST,PLATED COUPLER LOCKING PIN
SED-751011-1,GALV COUPLER LOCKING PIN,6.68,0,3.01,6.68,WEST,WEST,GALV COUPLER LOCKING PIN
SED-751030-1,BRASS PLTD.COUPLER LOCK 2-PCS,22.26,1,10.02,22.26,WEST,WEST,BRASS PLTD.COUPLER LOCK 2-PCS
SED-DB-1/2X20-NV,BRD NVY DOCKLINE (302112020NV),39.31,0,23.53,39.31,WEST,WEST,BRD NVY DOCKLINE (302112020NV)
SED133896-1,SNAP HOOK SEADOG,3.74,1,2.06,0.00,WEST,WEST,SNAP HOOK SEADOG
SHA-3187,S/S RATCHET ANTENNA MOUNT,102.92,0,55.47,102.92,WEST,WEST,S/S RATCHET ANTENNA MOUNT
SHA-5187,S/S RATCHET ANTENNA MOUNT,139.08,0,74.95,139.08,WEST,WEST,S/S RATCHET ANTENNA MOUNT
SHA-5230,14'GALAXY VHF 8DB 2PC. ANTENNA,1096.12,1,590.72,1096.12,WEST,WEST,14'GALAXY VHF 8DB 2PC. ANTENNA
SHA-5250,3' 3DB SKINNY MINI S/S WHIP,158.35,2,91.18,158.35,WEST,WEST,3' 3DB SKINNY MINI S/S WHIP
SHA-5396-AIS,4'GALAXY 3DB AIS ANTENNA,454.22,1,244.79,454.22,WEST,WEST,4'GALAXY 3DB AIS ANTENNA
SHA-PL258-G,GOLD PLT.BARREL CONNECTOR,25.99,5,14.59,25.99,WEST,WEST,GOLD PLT.BARREL CONNECTOR
SHA-PL259-8XG,GOLD PLT.PL-259 FOR RG-8X,24.01,2,12.94,24.01,WEST,WEST,GOLD PLT.PL-259 FOR RG-8X
SHA-PL259-G,GOLD PLT.PL-259 CONNECTOR,25.99,4,14.59,25.99,WEST,WEST,GOLD PLT.PL-259 CONNECTOR
SHA-PL259CP-G,GOLD PLTD CENTERPIN PL-259,28.77,2,15.51,28.77,WEST,WEST,GOLD PLTD CENTERPIN PL-259
SHI-135-0126B,"H.D.HEATER HOSE 1/2""""X50'      """,146.36,1,78.88,146.36,WEST,WEST,"H.D.HEATER HOSE 1/2""""X50'      """
SHI-144-1006,"SUPER PVC SANITATION 1""""X50'   """,429.79,0,231.62,429.79,WEST,WEST,"SUPER PVC SANITATION 1""""X50'   """
SHI-148-0586,"ULTRAVAC SANI.HOSE 5/8""""X50'   """,189.44,1,102.10,189.44,WEST,WEST,"ULTRAVAC SANI.HOSE 5/8""""X50'   """
SHI-148-1,ULTRAVAC SANITATION HOSE,5.93,6,3.19,5.93,WEST,WEST,ULTRAVAC SANITATION HOSE
SHI-162-0346,"PVC-RED TRACER 3/4""""X50'       """,170.76,20,92.02,170.76,WEST,WEST,"PVC-RED TRACER 3/4""""X50'       """
SHI-162-0586,"PVC-RED TRACER 5/8""""X50'       """,134.20,20,72.32,134.20,WEST,WEST,"PVC-RED TRACER 5/8""""X50'       """
SHI-250-1-1/2,H/W MARINE EXHAUST/WATER HOSE,19.27,0,10.39,19.27,WEST,WEST,H/W MARINE EXHAUST/WATER HOSE
SHI-254-1-1/2,EXOFLEX EXHAUST HOSE,30.41,0,16.39,30.41,WEST,WEST,EXOFLEX EXHAUST HOSE
SHI-365-0386,"HOSE FIRE-ACOL 3/8""""X50'R/O CTN""",303.47,0,163.55,303.47,WEST,WEST,"HOSE FIRE-ACOL 3/8""""X50'R/O CTN"""
SHI-420-3,BLACK H.D.VINYL BLOWER HOSE,4.06,20,2.19,4.06,WEST,WEST,BLACK H.D.VINYL BLOWER HOSE
SHI-420-4,BLACK H.D.VINYL BLOWER HOSE,6.26,0,3.37,6.26,WEST,WEST,BLACK H.D.VINYL BLOWER HOSE
SHR-4158-153-E75,12V 5GPM AQUAKING II SUPREME,831.74,0,448.24,831.74,WEST,WEST,12V 5GPM AQUAKING II SUPREME
SHR-SPDW-1/2B,"1/2""""X4'BLACK DUAL WALL SHRINK """,10.59,0,5.71,10.59,WEST,WEST,"1/2""""X4'BLACK DUAL WALL SHRINK """
SHR-SPDW-1/2R,"1/2""""X4' RED DUAL WALL SHRINK  """,10.59,0,5.71,10.59,WEST,WEST,"1/2""""X4' RED DUAL WALL SHRINK  """
SHR-SPDW-3/4B,"3/4""""X4'BLACK DUAL WALL SHRINK",17.55,0,9.46,17.55,WEST,WEST,"3/4""""X4'BLACK DUAL WALL SHRINK"
SHR-SPDW-3/4R,"3/4""""X4' RED DUAL WALL SHRINK",21.94,0,11.83,21.94,WEST,WEST,"3/4""""X4' RED DUAL WALL SHRINK"
SHU-1710,SYNTHETIC LAMBSWOOL COVER,24.80,2,13.36,24.80,WEST,WEST,SYNTHETIC LAMBSWOOL COVER
SHU-1710C,SWIVEL PAD COMBINATION,65.99,2,35.91,0.00,WEST,WEST,SWIVEL PAD COMBINATION
SHU-293,MICROFIBER TOWELS VARIETY 3-PK,38.23,4,20.23,38.23,WEST,WEST,MICROFIBER TOWELS VARIETY 3-PK
SHU-3151,BUFF MAGIC COMPOUNDING PAD-2PK,44.44,1,23.95,44.44,WEST,WEST,BUFF MAGIC COMPOUNDING PAD-2PK
SHU-3152,"PRO POLISH PAD 6-1/2"""" 2-PK    """,44.44,1,23.95,44.44,WEST,WEST,"PRO POLISH PAD 6-1/2"""" 2-PK    """
SHU-3154,"BUFF MAGIC FOAM PAD 6.5""""(2/PK)""",43.57,0,23.48,43.57,WEST,WEST,"BUFF MAGIC FOAM PAD 6.5""""(2/PK)"""
SHU-740,"ALUM.FIXED LENGTH HANDLE 40""""  """,29.94,2,16.14,29.94,WEST,WEST,"ALUM.FIXED LENGTH HANDLE 40""""  """
SHU-760,"ALUM.FIXED LENGTH HANDLE 60""""  """,39.50,1,21.28,39.50,WEST,WEST,"ALUM.FIXED LENGTH HANDLE 60""""  """
SHU-833,"ALUM.EXT.HANDLE 43""""-72""""       """,65.33,1,35.21,65.33,WEST,WEST,"ALUM.EXT.HANDLE 43""""-72""""       """
SHU-855,"ALUM.EXT.HANDLE 63""""-108""""      """,80.13,0,43.18,80.13,WEST,WEST,"ALUM.EXT.HANDLE 63""""-108""""      """
SHU-950,EXTRA STIFF WHITE POLY.BRUSH,55.59,0,29.96,55.59,WEST,WEST,EXTRA STIFF WHITE POLY.BRUSH
SHU-955,MEDIUM STIFF YELLOW POLY.BRUSH,55.59,0,29.96,55.59,WEST,WEST,MEDIUM STIFF YELLOW POLY.BRUSH
SHU-965,"6""""SOFT/MEDIUM COMBO BRUSH     """,64.91,1,34.98,64.91,WEST,WEST,"6""""SOFT/MEDIUM COMBO BRUSH     """
SHU-970,EXTRA SOFT BLUE NYLON BRUSH,64.91,2,45.93,64.91,WEST,WEST,EXTRA SOFT BLUE NYLON BRUSH
SHU-980,SOFT YELLOW POLY.BRUSH,74.25,0,40.01,74.25,WEST,WEST,SOFT YELLOW POLY.BRUSH
SIE-18-0305-1,GASKET,15.65,5,9.48,15.65,WEST,WEST,GASKET
SIE-18-0309-1,GASKET,15.11,0,9.41,15.11,WEST,WEST,GASKET
SIE-18-0353,GASKET             (AP-370),8.78,0,4.75,8.78,WEST,WEST,GASKET             (AP-370)
SIE-18-0549,RUBBER CAP         (AP-1643),19.19,2,10.37,19.19,WEST,WEST,RUBBER CAP         (AP-1643)
SIE-18-0550,RUBBER CAP         (AP-1644),17.62,3,9.52,17.62,WEST,WEST,RUBBER CAP         (AP-1644)
SIE-18-0943-2,GASKET,11.44,0,6.85,11.44,WEST,WEST,GASKET
SIE-18-0943-2-9,"GASKET, EXHAUST ELBOW (2/PKG) """,26.19,2,14.15,26.19,WEST,WEST,"GASKET, EXHAUST ELBOW (2/PKG) """
SIE-18-0975-9,GASKET (2/PKG),9.72,1,7.66,9.72,WEST,WEST,GASKET (2/PKG)
SIE-18-1908K,RISER KIT,693.83,0,374.88,693.83,WEST,WEST,RISER KIT
SIE-18-1917,BLOCK OFF MANIFOLD PLATE,35.49,6,20.85,35.49,WEST,WEST,BLOCK OFF MANIFOLD PLATE
SIE-18-1927,RISER,405.49,0,240.56,405.49,WEST,WEST,RISER
SIE-18-1953-2,MANIFOLD,391.58,0,211.57,391.58,WEST,WEST,MANIFOLD
SIE-18-1976-2,MANIFOLD ELBOW,301.80,0,163.06,301.80,WEST,WEST,MANIFOLD ELBOW
SIE-18-1977-1,THERMOSTAT COVER   (AP-5009),114.68,0,61.96,114.68,WEST,WEST,THERMOSTAT COVER   (AP-5009)
SIE-18-1997-1,MANIFOLD,541.97,2,292.82,541.97,WEST,WEST,MANIFOLD
SIE-18-2003,SEAL               (AP-3808),32.73,1,17.69,32.73,WEST,WEST,SEAL               (AP-3808)
SIE-18-2014,SEAL               (AP-171),25.48,1,13.77,25.48,WEST,WEST,SEAL               (AP-171)
SIE-18-2051,SEAL               (AP-281),19.44,1,10.50,19.44,WEST,WEST,SEAL               (AP-281)
SIE-18-2052,SEAL               (AP-282),22.60,1,12.21,22.60,WEST,WEST,SEAL               (AP-282)
SIE-18-2062,SEAL               (AP-026),13.89,1,7.51,13.89,WEST,WEST,SEAL               (AP-026)
SIE-18-2116,TRIM HOSE          (AP-700),79.91,2,43.18,79.91,WEST,WEST,TRIM HOSE          (AP-700)
SIE-18-2161,SHIFT ARM          (AP-1358),54.73,6,29.57,54.73,WEST,WEST,SHIFT ARM          (AP-1358)
SIE-18-2174,U-JOINT            (AP-1821),93.67,1,50.61,93.67,WEST,WEST,U-JOINT            (AP-1821)
SIE-18-2587,PWR.STEERING COOLER (AP-2740),405.53,0,219.11,405.53,WEST,WEST,PWR.STEERING COOLER (AP-2740)
SIE-18-2588,OIL COOLER          (AP-2289),502.87,3,304.36,502.87,WEST,WEST,OIL COOLER          (AP-2289)
SIE-18-2613,GASKET KIT         (AP-475),8.58,2,5.15,8.58,WEST,WEST,GASKET KIT         (AP-475)
SIE-18-2699,OUTDRIVE MTG.KIT   (AP-2376),7.93,2,4.67,7.93,WEST,WEST,OUTDRIVE MTG.KIT   (AP-2376)
SIE-18-2748,BELLOWS            (AP-1520),63.81,1,34.48,63.81,WEST,WEST,BELLOWS            (AP-1520)
SIE-18-2753-2,SHIFT CABLE BELLOWS,26.14,1,14.12,26.14,WEST,WEST,SHIFT CABLE BELLOWS
SIE-18-2764,BELLOW             (AP-1999),59.77,0,32.29,59.77,WEST,WEST,BELLOW             (AP-1999)
SIE-18-2765,BELLOW             (AP-1998),78.29,1,42.30,78.29,WEST,WEST,BELLOW             (AP-1998)
SIE-18-2777,HOSE CONNECTER     (AP-5013),91.75,1,49.57,91.75,WEST,WEST,HOSE CONNECTER     (AP-5013)
SIE-18-2918,GASKET             (AP-472),8.32,2,4.49,8.32,WEST,WEST,GASKET             (AP-472)
SIE-18-2949-9,GASKET-GRAPHTD ASB.(2/PKG),50.87,1,27.48,50.87,WEST,WEST,GASKET-GRAPHTD ASB.(2/PKG)
SIE-18-3016-1,IMPELLER KIT,51.82,1,28.00,51.82,WEST,WEST,IMPELLER KIT
SIE-18-3056,IMPELLER           (AP-1814),37.66,1,20.35,37.66,WEST,WEST,IMPELLER           (AP-1814)
SIE-18-3065,IMPELLER           (AP-2174),38.79,2,23.02,38.79,WEST,WEST,IMPELLER           (AP-2174)
SIE-18-3068,IMPELLER           (AP-2009),45.07,1,24.35,45.07,WEST,WEST,IMPELLER           (AP-2009)
SIE-18-3077,IMPELLER KIT       (AP-1933),84.12,1,45.45,84.12,WEST,WEST,IMPELLER KIT       (AP-1933)
SIE-18-3086,IMPELLER           (AP-007),59.39,1,32.09,59.39,WEST,WEST,IMPELLER           (AP-007)
SIE-18-3106,WATER PUMP COUPLER,22.60,1,12.21,22.60,WEST,WEST,WATER PUMP COUPLER
SIE-18-3150,WATER PUMP KIT     (AP-13159),152.40,2,82.34,152.40,WEST,WEST,WATER PUMP KIT     (AP-13159)
SIE-18-3205,WATER PUMP KIT,242.63,1,131.10,242.63,WEST,WEST,WATER PUMP KIT
SIE-18-3380,WATER PUMP KIT,99.16,1,53.58,99.16,WEST,WEST,WATER PUMP KIT
SIE-18-3390,WATER PUMP KIT,106.46,1,57.52,106.46,WEST,WEST,WATER PUMP KIT
SIE-18-3412,WATER PUMP KIT W/HOUSING,100.90,0,54.52,100.90,WEST,WEST,WATER PUMP KIT W/HOUSING
SIE-18-3469,WATER PUMP KIT,363.56,0,214.36,363.56,WEST,WEST,WATER PUMP KIT
SIE-18-3549,THERMOSTAT 120*    (AP-3149),39.06,1,21.10,39.06,WEST,WEST,THERMOSTAT 120*    (AP-3149)
SIE-18-3552,THERMOSTAT,35.29,1,21.38,35.29,WEST,WEST,THERMOSTAT
SIE-18-3575,WATER PUMP KIT,217.57,1,71.58,217.57,WEST,WEST,WATER PUMP KIT
SIE-18-3577-2,WATER PUMP,337.32,0,203.17,337.32,WEST,WEST,WATER PUMP
SIE-18-3586-1,WATER PUMP,595.61,0,321.81,595.61,WEST,WEST,WATER PUMP
SIE-18-3599-2,WATER PUMP,218.87,1,118.26,218.87,WEST,WEST,WATER PUMP
SIE-18-36001,SEA WATER PUMP,824.93,0,445.71,824.93,WEST,WEST,SEA WATER PUMP
SIE-18-3601,HOSE               (AP-1054),19.05,5,10.30,19.05,WEST,WEST,HOSE               (AP-1054)
SIE-18-3602,HOSE               (AP-1053),20.44,5,11.04,20.44,WEST,WEST,HOSE               (AP-1053)
SIE-18-4008,PLATE              (AP-5008),23.40,0,12.64,23.40,WEST,WEST,PLATE              (AP-5008)
SIE-18-43017,THERMOSTAT F/INDMAR S985009,41.47,1,22.40,41.47,WEST,WEST,THERMOSTAT F/INDMAR S985009
SIE-18-4364,MOUNTING KIT,27.00,0,16.27,27.00,WEST,WEST,MOUNTING KIT
SIE-18-4527,WATER PUMP REPAIR KIT W/HOUSIG,108.18,0,58.45,108.18,WEST,WEST,WATER PUMP REPAIR KIT W/HOUSIG
SIE-18-4911,STARTER ROPE (200'),0.80,25,0.43,0.80,WEST,WEST,STARTER ROPE (200')
SIE-18-4913,STARTER ROPE (200'),0.80,22,0.43,0.80,WEST,WEST,STARTER ROPE (200')
SIE-18-4914,STARTER ROPE (200'),0.80,24,0.43,0.80,WEST,WEST,STARTER ROPE (200')
SIE-18-5107-1,IGNITION MODULE,214.01,0,115.63,214.01,WEST,WEST,IGNITION MODULE
SIE-18-5108,SENSOR (P/U COIL)   (AP-13350),50.83,0,30.16,50.83,WEST,WEST,SENSOR (P/U COIL)   (AP-13350)
SIE-18-5244,CAP/ROTOR KIT,26.88,1,1.00,26.88,WEST,WEST,CAP/ROTOR KIT
SIE-18-5256,DIST.TUNE-UP KIT   (AP-1007),63.53,2,34.32,63.53,WEST,WEST,DIST.TUNE-UP KIT   (AP-1007)
SIE-18-5277,COMPLETE TUNE-UP KIT (AP-3080),104.51,1,62.68,104.51,WEST,WEST,COMPLETE TUNE-UP KIT (AP-3080)
SIE-18-5288-1,ELECTRONIC CONVERSION KIT,756.59,0,444.64,756.59,WEST,WEST,ELECTRONIC CONVERSION KIT
SIE-18-5303,POINTS             (AP-865),18.59,5,10.04,18.59,WEST,WEST,POINTS             (AP-865)
SIE-18-5311,POINTS             (AP-2810),19.92,1,10.76,19.92,WEST,WEST,POINTS             (AP-2810)
SIE-18-5345,CONDENSER          (AP-2807),10.50,3,5.68,10.50,WEST,WEST,CONDENSER          (AP-2807)
SIE-18-5352,CAP                (AP-1088),47.38,2,28.73,47.38,WEST,WEST,CAP                (AP-1088)
SIE-18-5353,CAP                (AP-870),62.93,1,37.38,62.93,WEST,WEST,CAP                (AP-870)
SIE-18-5375,CAP                (AP-868),111.36,0,60.17,111.36,WEST,WEST,CAP                (AP-868)
SIE-18-5376,HI-PERF.DISTR.CAP  (AP-3125),54.07,2,29.22,54.07,WEST,WEST,HI-PERF.DISTR.CAP  (AP-3125)
SIE-18-5403,ROTOR,13.06,1,8.01,13.06,WEST,WEST,ROTOR
SIE-18-5404-1,ROTOR              (AP-2863),13.91,4,7.52,13.91,WEST,WEST,ROTOR              (AP-2863)
SIE-18-5407,ROTOR              (AP-866),19.56,4,10.57,19.56,WEST,WEST,ROTOR              (AP-866)
SIE-18-5408,ROTOR              (AP-3065),13.63,1,7.36,13.63,WEST,WEST,ROTOR              (AP-3065)
SIE-18-5411,ROTOR,18.85,1,10.19,18.85,WEST,WEST,ROTOR
SIE-18-5425,ROTOR,29.58,2,18.38,29.58,WEST,WEST,ROTOR
SIE-18-5428,ROTOR              (AP-882),24.45,1,13.21,24.45,WEST,WEST,ROTOR              (AP-882)
SIE-18-5432,ROTOR&TRIGGER WHEEL(AP-2296),20.02,3,10.82,20.02,WEST,WEST,ROTOR&TRIGGER WHEEL(AP-2296)
SIE-18-5433,SERVICE COIL,80.94,2,43.73,80.94,WEST,WEST,SERVICE COIL
SIE-18-5436,SERVICE COIL,106.13,1,64.32,106.13,WEST,WEST,SERVICE COIL
SIE-18-5450,RESISTOR FOR COIL,29.58,0,15.98,29.58,WEST,WEST,RESISTOR FOR COIL
SIE-18-5619,O/B STARTER,295.79,0,174.72,295.79,WEST,WEST,O/B STARTER
SIE-18-5704,RELAY              (AP-598),31.30,1,16.91,31.30,WEST,WEST,RELAY              (AP-598)
SIE-18-5705,RELAY              (AP-1561),34.77,1,18.79,34.77,WEST,WEST,RELAY              (AP-1561)
SIE-18-5851,"RELAY, SHROUDED",53.97,1,29.16,53.97,WEST,WEST,"RELAY, SHROUDED"
SIE-18-5882,ALTERNATOR 75A 12V SERPENTINE,513.74,1,277.57,513.74,WEST,WEST,ALTERNATOR 75A 12V SERPENTINE
SIE-18-5897,"TEMP.SENDER 3/8""""       (26661)""",49.47,1,26.73,49.47,WEST,WEST,"TEMP.SENDER 3/8""""       (26661)"""
SIE-18-5907,STARTER,461.15,0,249.16,461.15,WEST,WEST,STARTER
SIE-18-5908,STARTER,469.90,1,253.89,469.90,WEST,WEST,STARTER
SIE-18-5913-1,STARTER,386.67,0,230.36,386.67,WEST,WEST,STARTER
SIE-18-5920,STARTER,268.99,1,141.01,268.99,WEST,WEST,STARTER
SIE-18-6779,TILT/TRIM MOTOR,336.25,1,181.68,336.25,WEST,WEST,TILT/TRIM MOTOR
SIE-18-6950,POWER TILT FUSE 50-AMP,10.34,2,5.59,10.34,WEST,WEST,POWER TILT FUSE 50-AMP
SIE-18-6951,POWER TILT FUSE 30-AMP,12.71,0,6.87,12.71,WEST,WEST,POWER TILT FUSE 30-AMP
SIE-18-7086,CARB REBUILD KIT   (AP-3683),76.50,0,43.46,76.50,WEST,WEST,CARB REBUILD KIT   (AP-3683)
SIE-18-70930,HOSE               (AP-1522),49.40,1,26.69,49.40,WEST,WEST,HOSE               (AP-1522)
SIE-18-70931,HOSE               (AP-1529),52.22,1,28.21,52.22,WEST,WEST,HOSE               (AP-1529)
SIE-18-7142,O-RING,1.27,5,0.69,1.27,WEST,WEST,O-RING
SIE-18-7152,SEAL               (AP-201),4.14,1,2.24,4.14,WEST,WEST,SEAL               (AP-201)
SIE-18-7170,0-RING             (AP-208),2.79,2,1.51,2.79,WEST,WEST,0-RING             (AP-208)
SIE-18-7267,FUEL PUMP          (AP-1816),285.79,1,167.13,285.79,WEST,WEST,FUEL PUMP          (AP-1816)
SIE-18-7268,FUEL PUMP,331.21,2,178.95,331.21,WEST,WEST,FUEL PUMP
SIE-18-7270,FUEL PUMP,498.66,0,269.43,498.66,WEST,WEST,FUEL PUMP
SIE-18-7278,FUEL PUMP          (AP-1815),435.42,1,235.26,435.42,WEST,WEST,FUEL PUMP          (AP-1815)
SIE-18-7281,FUEL PUMP           (AP-13480),241.10,0,136.97,241.10,WEST,WEST,FUEL PUMP           (AP-13480)
SIE-18-7282,FUEL PUMP          (AP-1838),269.67,0,145.70,269.67,WEST,WEST,FUEL PUMP          (AP-1838)
SIE-18-7326,FUEL PUMP ELECTRIC,511.32,0,276.27,511.32,WEST,WEST,FUEL PUMP ELECTRIC
SIE-18-7333,FUEL PUMP,377.64,1,204.04,377.64,WEST,WEST,FUEL PUMP
SIE-18-7775-1,FUEL WATER SEPERATOR KIT,87.09,0,47.05,87.09,WEST,WEST,FUEL WATER SEPERATOR KIT
SIE-18-7789,FILTER 21 MIC VOLVO/COBRA,15.61,1,8.44,15.61,WEST,WEST,FILTER 21 MIC VOLVO/COBRA
SIE-18-7845,FUEL FILTER 21MIC LONG,16.48,10,11.58,16.48,WEST,WEST,FUEL FILTER 21MIC LONG
SIE-18-7846,FUEL FILTER 21 MIC (AP-6040),20.98,2,11.33,20.98,WEST,WEST,FUEL FILTER 21 MIC (AP-6040)
SIE-18-7848-1,FUEL FILTER        (AP-6012),77.00,3,41.61,77.00,WEST,WEST,FUEL FILTER        (AP-6012)
SIE-18-7862,FUEL FILTER        (AP-1647),23.46,6,13.33,23.46,WEST,WEST,FUEL FILTER        (AP-1647)
SIE-18-7866,FUEL FILTER 10 MIC (AP-1647),28.44,0,15.37,28.44,WEST,WEST,FUEL FILTER 10 MIC (AP-1647)
SIE-18-7891,OIL DRAIN KIT      (AP-1801),142.47,2,76.98,142.47,WEST,WEST,OIL DRAIN KIT      (AP-1801)
SIE-18-7911-1,OIL FILTER,15.45,1,8.35,15.45,WEST,WEST,OIL FILTER
SIE-18-7913,OIL FILTER,14.25,0,8.10,14.25,WEST,WEST,OIL FILTER
SIE-18-7914,OIL FILTER,12.78,0,7.91,12.78,WEST,WEST,OIL FILTER
SIE-18-7915-1,OIL FILTER,15.11,1,8.17,15.11,WEST,WEST,OIL FILTER
SIE-18-7919,FUEL WATER SEPERATOR FILTER,43.67,0,24.47,43.67,WEST,WEST,FUEL WATER SEPERATOR FILTER
SIE-18-7944,FUEL FILTER 10MIC SHORT,12.81,0,6.92,12.81,WEST,WEST,FUEL FILTER 10MIC SHORT
SIE-18-7954,OIL FILTER YAMAHA F350,38.46,0,20.78,38.46,WEST,WEST,OIL FILTER YAMAHA F350
SIE-18-7954-1,OIL FILTER YAMAHA F350,41.18,0,22.25,41.18,WEST,WEST,OIL FILTER YAMAHA F350
SIE-18-7989,FILTER 10 MIC VOLVO/COBRA,15.75,0,8.51,15.75,WEST,WEST,FILTER 10 MIC VOLVO/COBRA
SIE-18-8002S,"PRIMER BULB 1/4""""              """,20.42,0,12.10,20.42,WEST,WEST,"PRIMER BULB 1/4""""              """
SIE-18-8004S,"PRIMER BULB 5/16""""             """,20.42,1,12.10,20.42,WEST,WEST,"PRIMER BULB 5/16""""             """
SIE-18-8005S,"PRIMER BULB 3/8""""              """,20.42,1,12.10,20.42,WEST,WEST,"PRIMER BULB 3/8""""              """
SIE-18-8519,EXHAUST ELBOW MOUNTING KIT,131.76,2,71.19,131.76,WEST,WEST,EXHAUST ELBOW MOUNTING KIT
SIE-18-8802-1,LEAD WIRE KIT,111.36,1,60.17,111.36,WEST,WEST,LEAD WIRE KIT
SIE-18-8808-2,SPARK PLUG WIRE SET,100.87,1,54.50,100.87,WEST,WEST,SPARK PLUG WIRE SET
SIE-18-8820-1,SPARK PLUG WIRE SET,144.89,1,78.28,144.89,WEST,WEST,SPARK PLUG WIRE SET
SIE-18-8821-1,SPARK PLUG WIRE SET,117.67,1,63.58,117.67,WEST,WEST,SPARK PLUG WIRE SET
SIE-18-8828-1,SPARK PLUG WIRE SET,184.42,0,99.64,184.42,WEST,WEST,SPARK PLUG WIRE SET
SIE-18-8836-1,SPARK PLUG WIRE SET,151.29,0,81.74,151.29,WEST,WEST,SPARK PLUG WIRE SET
SIE-18-8868-1,FUEL PUMP,488.14,0,263.74,488.14,WEST,WEST,FUEL PUMP
SIE-18-8926,IMPELLER,88.41,1,47.77,88.41,WEST,WEST,IMPELLER
SIE-18-9031-1,BELLOWS ADHESIVE,21.23,2,11.44,21.23,WEST,WEST,BELLOWS ADHESIVE
SIE-18-9550-3,FOGGING OIL-GAL,92.08,0,44.07,92.08,WEST,WEST,FOGGING OIL-GAL
SIE-18-9680-5,SYNTHETIC GEAR LUBE-5-GAL,561.79,0,302.76,561.79,WEST,WEST,SYNTHETIC GEAR LUBE-5-GAL
SIE-18-9751-2,POWER TRIM & TILT FLUID-QT,19.42,4,10.47,19.42,WEST,WEST,POWER TRIM & TILT FLUID-QT
SIE-23-3300,IMPELLER KIT,39.86,0,24.28,39.86,WEST,WEST,IMPELLER KIT
SIE-23-3304,IMPELLER KIT,39.50,1,24.16,39.50,WEST,WEST,IMPELLER KIT
SIE-23-3307,IMPELLER KIT,49.99,1,27.67,0.00,WEST,WEST,IMPELLER KIT
SIE-23-6401,ANODE,30.19,3,17.15,30.19,WEST,WEST,ANODE
SIE-FS79190,AGC FUSE 20-AMP    (5),11.99,3,6.94,0.00,WEST,WEST,AGC FUSE 20-AMP    (5)
SIE-FS79540,ATO FUSE 10-AMP    (5),7.49,4,4.29,0.00,WEST,WEST,ATO FUSE 10-AMP    (5)
SIE-FS79550,ATO FUSE 15-AMP    (5),7.99,3,4.29,0.00,WEST,WEST,ATO FUSE 15-AMP    (5)
SIE-FS79560,ATO FUSE 20-AMP    (5),7.49,4,4.29,0.00,WEST,WEST,ATO FUSE 20-AMP    (5)
SIE-FS79580,ATO FUSE 30-AMP    (5),7.99,3,4.29,0.00,WEST,WEST,ATO FUSE 30-AMP    (5)
SIE-FS79590,ATO FUSE 40-AMP    (5),7.99,4,4.29,0.00,WEST,WEST,ATO FUSE 40-AMP    (5)
SIE-MP39210,PUSH BUTTON BREAKER BOOT,8.25,1,4.45,8.25,WEST,WEST,PUSH BUTTON BREAKER BOOT
SIE-MP41000,IGN SWITCH 3POS W/CHOKE,42.79,1,23.06,42.79,WEST,WEST,IGN SWITCH 3POS W/CHOKE
SIE-MP51090,IGNITION SWITCH,84.90,0,45.76,84.90,WEST,WEST,IGNITION SWITCH
SIE-OP24891,OIL PRESS.SENDER-DUAL,69.54,1,39.91,69.54,WEST,WEST,OIL PRESS.SENDER-DUAL
SIE-TC42914,4-T0-7 WAY ADAPTER,27.17,0,15.46,27.17,WEST,WEST,4-T0-7 WAY ADAPTER
SIE-TG19520,TOGGLE ON-OFF-ON 20A,44.79,1,26.78,44.79,WEST,WEST,TOGGLE ON-OFF-ON 20A
SIE-TG40300,TOGGLE OFF-ON 20A,26.34,0,15.78,26.34,WEST,WEST,TOGGLE OFF-ON 20A
SIE-TG40320,TOGGLE ON-OFF-ON 20A,29.07,1,17.40,29.07,WEST,WEST,TOGGLE ON-OFF-ON 20A
SIE-TS26621,"TEMP.SENDER 3/8""""SINGLE        """,34.85,1,18.78,34.85,WEST,WEST,"TEMP.SENDER 3/8""""SINGLE        """
SIE-UN22120,DC INDICATOR LIGHT AMBER,17.50,0,9.43,17.50,WEST,WEST,DC INDICATOR LIGHT AMBER
SIK-205-250ML,CLNR&AKTIVATOR 205(YELLOW LID),60.49,1,34.23,60.49,WEST,WEST,CLNR&AKTIVATOR 205(YELLOW LID)
SIK-206GP-250ML,PRIMER BLACK,124.25,1,70.31,124.25,WEST,WEST,PRIMER BLACK
SIK-290DC-PRO-600ML,BLK MARINE DECK CAULK SAUSAGE,66.80,0,36.00,66.80,WEST,WEST,BLK MARINE DECK CAULK SAUSAGE
SIK-291BLK-300ML,SEALANT 300ML CARTRIDGE,19.76,8,11.18,19.76,WEST,WEST,SEALANT 300ML CARTRIDGE
SIK-291GRY-300ML,SEALANT 300ML CART,19.76,6,11.18,19.76,WEST,WEST,SEALANT 300ML CART
SIK-291I-BLK-70ML,MINI-SAUSAGE SEALANT BLACK,17.25,20,9.76,17.25,WEST,WEST,MINI-SAUSAGE SEALANT BLACK
SIK-291I-WHT-70ML,MINI-SAUSAGE SEALANT WHITE,17.25,12,9.76,17.25,WEST,WEST,MINI-SAUSAGE SEALANT WHITE
SIK-291LOTBLK-300,SEALANT 300ML CARTRIDGE,19.76,11,11.18,19.76,WEST,WEST,SEALANT 300ML CARTRIDGE
SIK-291LOTWHT-300,SEALANT 300ML CARTRIDGE,19.76,6,10.65,19.76,WEST,WEST,SEALANT 300ML CARTRIDGE
SIK-291WHT-300ML,SEALANT 300ML CARTRIDGE,19.76,11,11.18,19.76,WEST,WEST,SEALANT 300ML CARTRIDGE
SIK-295UVBLK300ML,DIRECT GLAZING - PLAST(BLK),35.09,0,18.85,35.09,WEST,WEST,DIRECT GLAZING - PLAST(BLK)
SIK-296BLK-600ML,DIRECT GLAZING - GLASS WINDOWS,102.65,1,58.73,102.65,WEST,WEST,DIRECT GLAZING - GLASS WINDOWS
SIK-737343,SIKA CLEANING WIPES-120 (90),81.95,1,44.16,81.95,WEST,WEST,SIKA CLEANING WIPES-120 (90)
SIK-91283,AKTIVATOR 100 250ML(ORANGE LID,82.70,1,46.80,82.70,WEST,WEST,AKTIVATOR 100 250ML(ORANGE LID
sik591BLK-300ML,591 SEALANT CRTRG 300ML BLK,21.54,5,10.20,21.54,WEST,WEST,591 SEALANT CRTRG 300ML BLK
SIM-2100-100,100 MM REDBIRD BRUSH,6.63,5,3.57,6.63,WEST,WEST,100 MM REDBIRD BRUSH
SIM-2100-15,15 MM REDBIRD BRUSH,1.17,10,0.64,1.17,WEST,WEST,15 MM REDBIRD BRUSH
SIM-2100-30,30 MM REDBIRD BRUSH,1.77,28,0.96,1.77,WEST,WEST,30 MM REDBIRD BRUSH
SIM-2100-50,50 MM REDBIRD BRUSH,2.54,24,1.37,2.54,WEST,WEST,50 MM REDBIRD BRUSH
SIM-2100-75,75 MM REDBIRD BRUSH,4.59,11,2.35,4.59,WEST,WEST,75 MM REDBIRD BRUSH
SIM-2940-38,38 MM RADIATOR BRUSH,4.36,0,2.35,4.36,WEST,WEST,38 MM RADIATOR BRUSH
SIM-6350,WIRE BRUSH C/W SCRAPER,3.89,2,2.10,3.89,WEST,WEST,WIRE BRUSH C/W SCRAPER
SIM-7200-64,"2.5"""" ANGLE SASH VINTAGE-PRO   """,29.02,0,15.64,29.02,WEST,WEST,"2.5"""" ANGLE SASH VINTAGE-PRO   """
SIM-9900-100MM,"4""""CHIP BRUSH-WOOD HANDLE      """,3.04,3,1.64,3.04,WEST,WEST,"4""""CHIP BRUSH-WOOD HANDLE      """
SIM-9900-13MM,"1/2""""CHIP BRUSH-WOOD HANDLE    """,0.67,20,0.37,0.67,WEST,WEST,"1/2""""CHIP BRUSH-WOOD HANDLE    """
SIM-9900-25MM,"1""""CHIP BRUSH-WOOD HANDLE      """,0.99,8,0.54,0.99,WEST,WEST,"1""""CHIP BRUSH-WOOD HANDLE      """
SIM-9900-50MM,"2""""CHIP BRUSH-WOOD HANDLE      """,1.22,0,0.67,1.22,WEST,WEST,"2""""CHIP BRUSH-WOOD HANDLE      """
SIM-9900-75MM,"3""""CHIP BRUSH-WOOD HANDLE      """,1.92,0,1.03,1.92,WEST,WEST,"3""""CHIP BRUSH-WOOD HANDLE      """
SIM-A-040,75MM MINI-TRIM ROLLER(WIRE),2.86,16,1.46,2.86,WEST,WEST,75MM MINI-TRIM ROLLER(WIRE)
SIM-A-041,TWIN PACK REFILL FOR A-040,2.66,13,1.43,2.66,WEST,WEST,TWIN PACK REFILL FOR A-040
SIM-A-044,38X75MM  TRIM ROLLER 5MM PILE,3.22,10,1.74,3.22,WEST,WEST,38X75MM  TRIM ROLLER 5MM PILE
SIM-A-090,100MM TRIM ROLLER,5.79,1,3.12,5.79,WEST,WEST,100MM TRIM ROLLER
SIM-A-104,"4"""" FOAM ROLLER REFILL         """,2.29,15,1.17,2.29,WEST,WEST,"4"""" FOAM ROLLER REFILL         """
SIM-A-106,"6"""" FOAM ROLLER REFILL         """,2.91,2,1.57,2.91,WEST,WEST,"6"""" FOAM ROLLER REFILL         """
SIM-A-114,"4""""GOLD STRIPE ROLLER REFILL   """,2.42,2,1.30,2.42,WEST,WEST,"4""""GOLD STRIPE ROLLER REFILL   """
SIM-F-102,"12"""" TRIMMER ROLLER FRAME      """,2.84,4,1.53,2.84,WEST,WEST,"12"""" TRIMMER ROLLER FRAME      """
SIM-F-194,240 CAGE FRAME,5.43,7,2.53,5.43,WEST,WEST,240 CAGE FRAME
SIM-R-121,240 ARTIZAN ROLLR 10MM,2.72,16,1.47,2.72,WEST,WEST,240 ARTIZAN ROLLR 10MM
SIM-R-151,240 ARTIZAN ROLLER 5MM,2.72,14,1.58,2.72,WEST,WEST,240 ARTIZAN ROLLER 5MM
SIM-R-221,240MM MOCRYL FABRIC REFILLS,5.74,0,3.10,5.74,WEST,WEST,240MM MOCRYL FABRIC REFILLS
SIM-R-620,240MM  PROF.LINT FREE REFILL,3.66,4,1.97,3.66,WEST,WEST,240MM  PROF.LINT FREE REFILL
SIM-R-890,240 VINTAGE PRO NYLON 5MM PILE,8.28,10,4.46,8.28,WEST,WEST,240 VINTAGE PRO NYLON 5MM PILE
SIM-S-421,240MM PREMIER ROLLR SET/10MM,15.38,0,8.29,15.38,WEST,WEST,240MM PREMIER ROLLR SET/10MM
SIM-T-040,100MM.PLASTIC TRAY,2.29,4,1.23,2.29,WEST,WEST,100MM.PLASTIC TRAY
SIM-T-060,150MM.PLASTIC TRAY,2.44,4,1.31,2.44,WEST,WEST,150MM.PLASTIC TRAY
SIM-T-160,240 2-LTR.PLASTIC TRAY,5.95,2,3.20,5.95,WEST,WEST,240 2-LTR.PLASTIC TRAY
SIM-T-165,PLASTIC TRAY LINER FOR T-160,1.54,6,0.72,1.54,WEST,WEST,PLASTIC TRAY LINER FOR T-160
SIM-T-175,240 1-LTR.METAL TRAY,12.58,2,6.78,12.58,WEST,WEST,240 1-LTR.METAL TRAY
SIM-T-195,PLASTIC TRAY LINER,1.54,2,0.84,1.54,WEST,WEST,PLASTIC TRAY LINER
STA-85616,MILDEW STAIN REMOVER 22OZ,28.34,3,15.82,28.34,WEST,WEST,MILDEW STAIN REMOVER 22OZ
STA-85900,NON-SKID DECK CLEANER GAL,77.32,2,41.67,77.32,WEST,WEST,NON-SKID DECK CLEANER GAL
STA-85932,NON-SKID DECK CLEANER 32OZ,29.39,4,15.60,29.39,WEST,WEST,NON-SKID DECK CLEANER 32OZ
STA-89222,RUST STAIN REMOVER 22OZ,30.88,3,17.26,30.88,WEST,WEST,RUST STAIN REMOVER 22OZ
STA-92232,BOAT BOTTOM CLEANER 32OZ,42.59,0,22.95,42.59,WEST,WEST,BOAT BOTTOM CLEANER 32OZ
STA-92832,EZ-ON EZ-OFF BOTTOM CLEANER-QT,29.56,0,15.93,29.56,WEST,WEST,EZ-ON EZ-OFF BOTTOM CLEANER-QT
STA-94932,TEAK CLEANER BRIGHTNER 32OZ,46.58,0,26.01,46.58,WEST,WEST,TEAK CLEANER BRIGHTNER 32OZ
STA-96132,HULL CLEANER 32OZ SPRAY GEL,40.75,2,21.96,40.75,WEST,WEST,HULL CLEANER 32OZ SPRAY GEL
STA-96232,ULTIMATE VINYL CLNR SPRAY-32OZ,27.42,1,15.32,27.42,WEST,WEST,ULTIMATE VINYL CLNR SPRAY-32OZ
STA-STN-G2,SNAPPY TEAK-NU PART #2 GAL,84.64,1,45.61,84.64,WEST,WEST,SNAPPY TEAK-NU PART #2 GAL
STP-75000081,EDGE WINDOW CHANNEL,205.53,0,110.76,205.53,WEST,WEST,EDGE WINDOW CHANNEL
STP-75000119,SGL RIGID WINDOW CHANNEL,122.93,0,66.25,122.93,WEST,WEST,SGL RIGID WINDOW CHANNEL
STP-75000120,DBL RIGID WINDOW CHANNEL,157.95,1,85.12,157.95,WEST,WEST,DBL RIGID WINDOW CHANNEL
STR-300646,TERMINAL EYE    (30-S),9.45,0,5.39,9.45,WEST,WEST,TERMINAL EYE    (30-S)
STR-302123,ADAPTER KIT,39.23,0,47.33,39.23,WEST,WEST,ADAPTER KIT
STR-31029,PIVOT           (30-S),20.29,0,10.93,20.29,WEST,WEST,PIVOT           (30-S)
STR-31126,BALL JOINT      (30-S),29.98,1,16.15,29.98,WEST,WEST,BALL JOINT      (30-S)
STR-31419,CABLE CLIP THROTTLE,42.85,2,23.09,42.85,WEST,WEST,CABLE CLIP THROTTLE
STR-31509,CABLE CLAMP     (30-S),2.97,2,1.60,2.97,WEST,WEST,CABLE CLAMP     (30-S)
STR-31799-001,BALL JOINT      (30-S),27.64,2,14.89,27.64,WEST,WEST,BALL JOINT      (30-S)
STR-32010,CABLE CLAMP     (30-S),8.93,4,4.81,8.93,WEST,WEST,CABLE CLAMP     (30-S)
STR-90424P,FUEL SENDER,88.01,0,47.43,88.01,WEST,WEST,FUEL SENDER
STR-CA28020P,CLAMP & SHIM KIT 3300,19.22,4,10.36,19.22,WEST,WEST,CLAMP & SHIM KIT 3300
STR-CCX64310,TFXTREME  CTRL CBLE 10',386.20,0,236.21,386.20,WEST,WEST,TFXTREME  CTRL CBLE 10'
STR-CHX8742P,CONTROL,1518.68,0,818.45,1518.68,WEST,WEST,CONTROL
STR-HA5430,SEASTAR OIL 1QT(946ML),39.95,14,26.63,0.00,WEST,WEST,SEASTAR OIL 1QT(946ML)
STR-HA5438,HELM FILLER KIT,37.99,2,25.80,0.00,WEST,WEST,HELM FILLER KIT
STR-HC4648-3,BAYSTAR CMPACT CYL YAMAHA,844.94,0,563.29,844.94,WEST,WEST,BAYSTAR CMPACT CYL YAMAHA
STR-HC5314-3,SEASTAR CYL BA150-7ATM,1171.34,0,780.89,1171.34,WEST,WEST,SEASTAR CYL BA150-7ATM
STR-HF5528,3/8TUBE-1/4NPT SS STRT (3),36.59,1,26.19,36.59,WEST,WEST,3/8TUBE-1/4NPT SS STRT (3)
STR-HF6005,"ORB T 2X3/8""""TUBE/-5 ORB (2    """,101.57,0,67.71,101.57,WEST,WEST,"ORB T 2X3/8""""TUBE/-5 ORB (2    """
STR-HF6007,ORB 2 STATION KIT W/HOSE,299.33,0,199.55,299.33,WEST,WEST,ORB 2 STATION KIT W/HOSE
STR-HH6191-4,SEASTAR SPORT 1.7 TILT HELM,1713.29,0,1142.19,0.00,WEST,WEST,SEASTAR SPORT 1.7 TILT HELM
STR-HO5090,SPACER KIT HC5345/5358,51.90,0,34.60,51.90,WEST,WEST,SPACER KIT HC5345/5358
STR-HO5104,SYSTEM O/B HOSE 4'PR,221.72,0,147.81,221.72,WEST,WEST,SYSTEM O/B HOSE 4'PR
STR-HO5108,SYSTEM O/BHOSE 8'PR,221.72,1,147.81,221.72,WEST,WEST,SYSTEM O/BHOSE 8'PR
STR-HO5110,SYSTEM O/BHOSE 10'PR,221.72,0,147.81,221.72,WEST,WEST,SYSTEM O/BHOSE 10'PR
STR-HO5124,SYSTEM O/BHOSE 24'PR,313.80,1,209.20,313.80,WEST,WEST,SYSTEM O/BHOSE 24'PR
STR-SHX97606P,XTREME NFB TILT HELM,415.23,0,235.94,415.23,WEST,WEST,XTREME NFB TILT HELM
STR-SS13708,SAFE-T-QC STEERING KIT 8',374.01,1,212.76,374.01,WEST,WEST,SAFE-T-QC STEERING KIT 8'
STR-SS13709,SAFE-T-QC STEERING KIT 9',374.01,1,212.76,374.01,WEST,WEST,SAFE-T-QC STEERING KIT 9'
STR-SS14116,BM RACK STEERING KIT 16',382.20,0,217.42,382.20,WEST,WEST,BM RACK STEERING KIT 16'
STR-SSC13416,BACK MNT RACK SGL CABLE 16',349.51,0,257.23,349.51,WEST,WEST,BACK MNT RACK SGL CABLE 16'
STR-SSC13419,BACK MNT RACK SGL CABLE 19',363.33,0,219.78,363.33,WEST,WEST,BACK MNT RACK SGL CABLE 19'
STR-SSC6208,SSC62 SAFE-T-QC CABLE 8',257.58,0,187.89,257.58,WEST,WEST,SSC62 SAFE-T-QC CABLE 8'
STR-SSC6222,SSC62 SAFE-T-QC CABLE 22',416.68,1,224.56,416.68,WEST,WEST,SSC62 SAFE-T-QC CABLE 22'
STR-SSCX6416,XTREME QC STEERING CABLE 16',313.83,0,229.45,313.83,WEST,WEST,XTREME QC STEERING CABLE 16'
STR-SSX17612,XTREME NFB STEERING KIT-12',604.37,0,343.80,604.37,WEST,WEST,XTREME NFB STEERING KIT-12'
STR-SW59691P,ACE STEERING WHEEL W/FLUSH CAP,77.91,1,41.98,77.91,WEST,WEST,ACE STEERING WHEEL W/FLUSH CAP
SVSLWB,STRLNK ADPTR WEDGE 8 WHITE,401.72,0,281.20,401.72,WEST,WEST,STRLNK ADPTR WEDGE 8 WHITE
SVW-ADA-R1,MOD PLT F/CLSD DOME/OPEN ARRAY,219.82,0,153.87,219.82,WEST,WEST,MOD PLT F/CLSD DOME/OPEN ARRAY
SVW-AM5-M1,"5"""" MOD MNT VERT 8""""RND BASEPLAT""",409.32,0,286.52,409.32,WEST,WEST,"5"""" MOD MNT VERT 8""""RND BASEPLAT"""
SVW-AMA-18,"18"""" SATDOME ADAPTOR           """,553.33,0,387.32,553.33,WEST,WEST,"18"""" SATDOME ADAPTOR           """
SVW-LTB-U1A,UNIVERSAL LIGHT BAR TOP,106.13,0,74.29,106.13,WEST,WEST,UNIVERSAL LIGHT BAR TOP
SVW-LTBLED12,3NM LED COMB MAST/ROUND IP67,234.99,0,164.49,234.99,WEST,WEST,3NM LED COMB MAST/ROUND IP67
SVW-SVSLWB,STRLNK ADPTR WEDGE 8* WHITE,401.74,0,295.68,401.74,WEST,WEST,STRLNK ADPTR WEDGE 8* WHITE
SYS-3003S99,DISPOSABLE MIXING CUPS (12OZ),0.53,29,0.42,0.53,WEST,WEST,DISPOSABLE MIXING CUPS (12OZ)
SYS-3010S99,GRADUATED TUBS 946ML(1QT),5.31,27,3.08,5.31,WEST,WEST,GRADUATED TUBS 946ML(1QT)
SYS-F1400K16,S-1 EPOXY SEALER (1QT KIT),99.82,2,56.78,99.82,WEST,WEST,S-1 EPOXY SEALER (1QT KIT)
SYS-F1400K20,S-1 EPOXY SEALER 1.89L (2QT),155.94,1,88.71,155.94,WEST,WEST,S-1 EPOXY SEALER 1.89L (2QT)
SYS-STIR-STICK,STIR/MIX STIX/EA (MSTR PK 500),0.39,50,0.22,0.39,WEST,WEST,STIR/MIX STIX/EA (MSTR PK 500)
TFX-PTN1.25BK,"FLEXOPET 3/4-1 3/4""""X50'SLV BLK""",83.00,1,44.73,83.00,WEST,WEST,"FLEXOPET 3/4-1 3/4""""X50'SLV BLK"""
THM-LED-51867-DP,UNDERWATER SURF MNT 600LUM BLU,91.05,0,59.98,91.05,WEST,WEST,UNDERWATER SURF MNT 600LUM BLU
THR-#10-1L,CONTACT CEMENT 1 LITRE,86.21,0,49.04,86.21,WEST,WEST,CONTACT CEMENT 1 LITRE
THR-00539,80E 23/4X161/2 HOOKIT GR.COR,4.28,0,2.30,4.28,WEST,WEST,80E 23/4X161/2 HOOKIT GR.COR
THR-00542,40E 23/4X161/2 HOOKIT GR.COR,5.73,0,3.09,5.73,WEST,WEST,40E 23/4X161/2 HOOKIT GR.COR
THR-00612,"80GRIT 6""""HOOKIT DUSTFREE DISC """,4.88,0,2.63,4.88,WEST,WEST,"80GRIT 6""""HOOKIT DUSTFREE DISC """
THR-00615,"40GRIT 6""""HOOKIT DUSTFREE DISC """,6.30,0,3.39,6.30,WEST,WEST,"40GRIT 6""""HOOKIT DUSTFREE DISC """
THR-00624,"40E 8""""HOOKIT DUSTFREE DISC    """,11.09,0,5.98,11.09,WEST,WEST,"40E 8""""HOOKIT DUSTFREE DISC    """
THR-00909,"P1000 3""""HOOKIT FILM DISC      """,2.79,0,1.50,2.79,WEST,WEST,"P1000 3""""HOOKIT FILM DISC      """
THR-00911,"3""""P600 FINISHING FILM DISC    """,2.79,0,1.50,2.79,WEST,WEST,"3""""P600 FINISHING FILM DISC    """
THR-00913,"3""""P400C HOOKIT GOLD DISC      """,1.72,0,0.94,1.72,WEST,WEST,"3""""P400C HOOKIT GOLD DISC      """
THR-00914,"3""""P320C HOOKIT GOLD DISC      """,1.72,0,0.94,1.72,WEST,WEST,"3""""P320C HOOKIT GOLD DISC      """
THR-02002,"400A 9"" ""X11""  WET/DRY SHEET",3.82,0,2.06,3.82,WEST,WEST,"400A 9"" ""X11""  WET/DRY SHEET"
THR-02589,2-3/4X45YD P500 STIKIT SHT.ROL,154.19,0,83.10,154.19,WEST,WEST,2-3/4X45YD P500 STIKIT SHT.ROL
THR-02593,2-3/4X45YD P240 STIKIT SHT.ROL,157.18,0,84.71,157.18,WEST,WEST,2-3/4X45YD P240 STIKIT SHT.ROL
THR-02602,"SUPER FINE 4.5""""X 5.5""""SPONGE   """,8.42,0,4.54,8.42,WEST,WEST,"SUPER FINE 4.5""""X 5.5""""SPONGE   """
THR-02604,"FINE GRIT 4.5""""X 5.5""""SPONGE    """,8.42,11,4.85,8.42,WEST,WEST,"FINE GRIT 4.5""""X 5.5""""SPONGE    """
THR-02606,"MEDIUM GRIT 4.5""""X 5.5""""SPONGE  """,8.42,0,4.54,8.42,WEST,WEST,"MEDIUM GRIT 4.5""""X 5.5""""SPONGE  """
THR-05203,5200 SEALANT WHT 88ML TUBE,32.99,4,19.92,0.00,WEST,WEST,5200 SEALANT WHT 88ML TUBE
THR-05220,5200 FAST WHT 88ML TUBE,32.28,3,17.96,32.28,WEST,WEST,5200 FAST WHT 88ML TUBE
THR-05260,4200 FAST WHT 88ML TUBE,28.09,3,15.50,28.09,WEST,WEST,4200 FAST WHT 88ML TUBE
THR-05280,4000UV FAST WHT 88ML TUBE,31.30,2,16.89,31.30,WEST,WEST,4000UV FAST WHT 88ML TUBE
THR-05710,ADAPT BUFF/POLISH PADS,41.17,3,22.18,41.17,WEST,WEST,ADAPT BUFF/POLISH PADS
THR-05752,"5/8"""" QUICK RELEASE ADAPTOR    """,141.95,1,76.50,141.95,WEST,WEST,"5/8"""" QUICK RELEASE ADAPTOR    """
THR-05753,"9"""" WOOL COMPOUNDING PAD Q/R   """,151.67,3,81.74,151.67,WEST,WEST,"9"""" WOOL COMPOUNDING PAD Q/R   """
THR-05754,"9"""" WOOL POLISHING PAD         """,103.41,4,58.99,103.41,WEST,WEST,"9"""" WOOL POLISHING PAD         """
THR-05768,"8"" HOOKIT SOFT PAD",235.80,0,127.08,235.80,WEST,WEST,"8"" HOOKIT SOFT PAD"
THR-05776,"6""""HOOKIT DISC PAD             """,135.87,0,73.22,135.87,WEST,WEST,"6""""HOOKIT DISC PAD             """
THR-05777,"6"" HOOKIT SOFT INTERFACE PAD",53.96,0,29.08,53.96,WEST,WEST,"6"" HOOKIT SOFT INTERFACE PAD"
THR-05779,"8""""HOOKIT DISC PAD             """,235.80,0,127.08,235.80,WEST,WEST,"8""""HOOKIT DISC PAD             """
THR-05801,1GAL.POLYESTER BODY FILLER,82.83,0,44.64,82.83,WEST,WEST,1GAL.POLYESTER BODY FILLER
THR-05824,710ML FLOWABLE FINISHING PUTTY,87.17,0,46.98,87.17,WEST,WEST,710ML FLOWABLE FINISHING PUTTY
THR-05846,DMS PNEUMATIC APPLICATOR,2352.86,0,1268.01,2352.86,WEST,WEST,DMS PNEUMATIC APPLICATOR
THR-05860,50 GR.DRY GUIDE COAT CARTRIDGE,113.94,0,61.41,113.94,WEST,WEST,50 GR.DRY GUIDE COAT CARTRIDGE
THR-05861,DRY GUIDE COAT KIT,164.44,0,88.62,164.44,WEST,WEST,DRY GUIDE COAT KIT
THR-05865,"6"" HOOKIT DISC PAD",110.24,0,59.41,110.24,WEST,WEST,"6"" HOOKIT DISC PAD"
THR-05907,ADHESION PROMOTER CLEAR 12OZ,120.29,0,64.83,120.29,WEST,WEST,ADHESION PROMOTER CLEAR 12OZ
THR-05928,946 ML FINESSE-IT II COMPOUND,130.83,0,70.51,130.83,WEST,WEST,946 ML FINESSE-IT II COMPOUND
THR-05954,946ML S.DUTY RUBBING COMPOUND,62.76,1,40.57,62.76,WEST,WEST,946ML S.DUTY RUBBING COMPOUND
THR-05955,4LTR. S.DUTY RUBBING COMPOUND,192.05,0,103.50,192.05,WEST,WEST,4LTR. S.DUTY RUBBING COMPOUND
THR-05973,32.OZ PERFECT IT RUBBING CMPD,100.92,1,57.57,100.92,WEST,WEST,32.OZ PERFECT IT RUBBING CMPD
THR-05975,10.5OZ PAINT BUSTER HANDCLNR,62.07,0,33.45,62.07,WEST,WEST,10.5OZ PAINT BUSTER HANDCLNR
THR-05996,32 OZ DARK  PERFECT-IT GLAZE,138.64,0,74.72,138.64,WEST,WEST,32 OZ DARK  PERFECT-IT GLAZE
THR-06-0000-30,SPEEDGLAS AUTO DARKENING FILTR,1469.07,0,791.71,1469.07,WEST,WEST,SPEEDGLAS AUTO DARKENING FILTR
THR-06-0200-30,SPEEDGLAS I/S PROTECTION PLATE,50.37,0,27.14,50.37,WEST,WEST,SPEEDGLAS I/S PROTECTION PLATE
THR-06025,4 LTR HIGH GLOSS GELCOAT CMP,225.43,0,121.49,225.43,WEST,WEST,4 LTR HIGH GLOSS GELCOAT CMP
THR-06068,946ML PERFECT-IT EX MACHNE POL,170.04,2,97.00,170.04,WEST,WEST,946ML PERFECT-IT EX MACHNE POL
THR-06094,946ML PERFECT-IT EX MACH.POLIS,160.84,1,91.75,160.84,WEST,WEST,946ML PERFECT-IT EX MACH.POLIS
THR-06147,"2.5""""X 10' MOISTURE SEAL.CMPD. """,105.03,0,56.60,105.03,WEST,WEST,"2.5""""X 10' MOISTURE SEAL.CMPD. """
THR-06404,"1/8"""" 471+INDIGO FINE LINE TAPE""",18.75,0,10.11,18.75,WEST,WEST,"1/8"""" 471+INDIGO FINE LINE TAPE"""
THR-06405,"1/4"""" 471+INDIGO FINE LINE TAPE""",24.98,0,13.46,24.98,WEST,WEST,"1/4"""" 471+INDIGO FINE LINE TAPE"""
THR-06408,"1/2"""" 471+INDIGO FINE LINE TAPE""",37.49,0,20.20,37.49,WEST,WEST,"1/2"""" 471+INDIGO FINE LINE TAPE"""
THR-06409,"3/4"""" 471+INDIGO FINE LINE TAPE""",49.97,0,26.93,49.97,WEST,WEST,"3/4"""" 471+INDIGO FINE LINE TAPE"""
THR-06500,5200 SEALANT WHT 295ML CART,51.47,3,27.74,51.47,WEST,WEST,5200 SEALANT WHT 295ML CART
THR-06502,5200 SEALANT MAH 295ML CART,51.47,0,37.35,51.47,WEST,WEST,5200 SEALANT MAH 295ML CART
THR-06504,5200 SEALANT BLK 295ML CART,51.47,4,32.56,51.47,WEST,WEST,5200 SEALANT BLK 295ML CART
THR-06520,5200 FAST WHT 295ML CART,46.38,0,24.99,46.38,WEST,WEST,5200 FAST WHT 295ML CART
THR-06525,"1/4""""X60Y PRECISION MASKING TPE""",21.94,0,11.83,21.94,WEST,WEST,"1/4""""X60Y PRECISION MASKING TPE"""
THR-06527,"1-1/2""""X60Y PRECISION MASKING  """,33.48,0,18.04,33.48,WEST,WEST,"1-1/2""""X60Y PRECISION MASKING  """
THR-06528,"2""""X60Y PRECISION MASKING TAPE """,44.64,0,24.06,44.64,WEST,WEST,"2""""X60Y PRECISION MASKING TAPE """
THR-06529,"3/4""""X60Y PRECISION MASKING TPE""",21.63,0,11.65,21.63,WEST,WEST,"3/4""""X60Y PRECISION MASKING TPE"""
THR-06541,18MM #2727 MASKNG TAPE,10.44,0,5.62,10.44,WEST,WEST,18MM #2727 MASKNG TAPE
THR-06560,4200 FAST WHT 295ML CART,47.36,0,25.52,47.36,WEST,WEST,4200 FAST WHT 295ML CART
THR-06564,4200 FAST BLK 295ML CART,47.85,0,25.78,47.85,WEST,WEST,4200 FAST BLK 295ML CART
THR-06580,4000UV FAST WHT 295ML CART,41.13,0,22.17,41.13,WEST,WEST,4000UV FAST WHT 295ML CART
THR-06586,4000UV FAST WHT 400ML FLEX,37.68,0,20.30,37.68,WEST,WEST,4000UV FAST WHT 400ML FLEX
THR-06727,12'X400'OVERSPRAY SHEETING,134.69,0,72.58,134.69,WEST,WEST,12'X400'OVERSPRAY SHEETING
THR-06728,16'X350'OVERSPRAY SHEETING,153.74,0,82.85,153.74,WEST,WEST,16'X350'OVERSPRAY SHEETING
THR-06732,12X180 MASKING PAPER,56.70,0,30.55,56.70,WEST,WEST,12X180 MASKING PAPER
THR-07178,DUAL CARTRG RESPRTR MEDIUM P95,133.70,0,72.05,133.70,WEST,WEST,DUAL CARTRG RESPRTR MEDIUM P95
THR-07179,DUAL CARTRG RESPRTR LARGE P95,137.69,0,74.20,137.69,WEST,WEST,DUAL CARTRG RESPRTR LARGE P95
THR-07442,ULTRA FINE SCUFF SPONGE,8.37,6,4.76,8.37,WEST,WEST,ULTRA FINE SCUFF SPONGE
THR-07445,"WHITE 6""""X 9""""LIGHT DUTY PAD    """,5.14,4,2.77,5.14,WEST,WEST,"WHITE 6""""X 9""""LIGHT DUTY PAD    """
THR-07447,"RED 6""""X 9""""GEN.PURPOSE PAD     """,3.79,16,1.93,3.79,WEST,WEST,"RED 6""""X 9""""GEN.PURPOSE PAD     """
THR-07448,"GREY 6""""X 9"""" ULTRA FINE  PAD   """,3.79,8,2.04,3.79,WEST,WEST,"GREY 6""""X 9"""" ULTRA FINE  PAD   """
THR-07480,"2"""" COARSE SURFACE DISC ROLOC  """,4.02,0,2.17,4.02,WEST,WEST,"2"""" COARSE SURFACE DISC ROLOC  """
THR-08017,M.R.SILICONE WHT 88ML TUBE,36.72,0,19.79,36.72,WEST,WEST,M.R.SILICONE WHT 88ML TUBE
THR-08019,M.R.SILICONE CLR 88ML TUBE,36.72,1,19.80,36.72,WEST,WEST,M.R.SILICONE CLR 88ML TUBE
THR-08027,M.R.SILICONE WHT 295ML CART,70.86,2,38.19,70.86,WEST,WEST,M.R.SILICONE WHT 295ML CART
THR-08029,M.R.SILICONE CLR 295ML CART,70.86,2,38.19,70.86,WEST,WEST,M.R.SILICONE CLR 295ML CART
THR-08051,5 OZ FEATHERING DISC ADHES,39.95,0,21.53,39.95,WEST,WEST,5 OZ FEATHERING DISC ADHES
THR-08090,553GR.SUPER TRIM ADHESIVE,80.03,0,43.13,80.03,WEST,WEST,553GR.SUPER TRIM ADHESIVE
THR-08308,HEAVY BODIED SEAM SEALER 200ML,160.92,0,86.72,160.92,WEST,WEST,HEAVY BODIED SEAM SEALER 200ML
THR-08365,URETHANE SEAM SEALER BEIGE 310,34.13,0,18.40,34.13,WEST,WEST,URETHANE SEAM SEALER BEIGE 310
THR-08367,URETHANE SEAM SEALER BLK 310ML,34.13,0,18.40,34.13,WEST,WEST,URETHANE SEAM SEALER BLK 310ML
THR-08571,MANUAL CART APP GUN 6.8FL OZ,271.34,0,146.23,271.34,WEST,WEST,MANUAL CART APP GUN 6.8FL OZ
THR-08890,5-WAY PLUS OIL,26.99,0,14.54,26.99,WEST,WEST,5-WAY PLUS OIL
THR-08968,NON STREAKING GLASS CLEANER,14.91,0,8.04,14.91,WEST,WEST,NON STREAKING GLASS CLEANER
THR-08987,425G G.PURP.ADHES.CLNR AEROSOL,36.11,0,19.46,36.11,WEST,WEST,425G G.PURP.ADHES.CLNR AEROSOL
THR-09004,16OZ S.DUTY RUBBING COMPOUND,41.90,1,22.58,41.90,WEST,WEST,16OZ S.DUTY RUBBING COMPOUND
THR-09005,16OZ FIBREGLASS RESTOR.&WAX,53.27,0,30.30,53.27,WEST,WEST,16OZ FIBREGLASS RESTOR.&WAX
THR-09006,32 OZ FG RESTORER & WAX,68.44,0,38.93,68.44,WEST,WEST,32 OZ FG RESTORER & WAX
THR-09009,16OZ FIBREGLASS CLEANER&WAX,56.80,2,30.61,56.80,WEST,WEST,16OZ FIBREGLASS CLEANER&WAX
THR-09010,32 OZ FG CLEANER & WAX,64.08,0,36.45,64.08,WEST,WEST,32 OZ FG CLEANER & WAX
THR-09020,18OZ ALUM. RESTORER &POLISH,89.99,6,14.99,0.00,WEST,WEST,18OZ ALUM. RESTORER &POLISH
THR-09023,8OZ VINYL CLEANR &CONDITNR,44.14,0,23.79,44.14,WEST,WEST,8OZ VINYL CLEANR &CONDITNR
THR-09029,15 OZ VINYL CLEANER & RESTORER,45.86,1,24.71,45.86,WEST,WEST,15 OZ VINYL CLEANER & RESTORER
THR-09033,15 OZ. CLEAN/SHINE SPRAY WAX,48.08,0,25.91,48.08,WEST,WEST,15 OZ. CLEAN/SHINE SPRAY WAX
THR-09034,PERFECT-IT BOAT WASH-PINT,36.46,0,19.65,36.46,WEST,WEST,PERFECT-IT BOAT WASH-PINT
THR-09035,PERFECT-IT BOAT WASH-QUART,69.07,2,42.68,69.07,WEST,WEST,PERFECT-IT BOAT WASH-QUART
THR-09061,500ML 3M MARINE LIQUID WAX,59.32,1,31.97,59.32,WEST,WEST,500ML 3M MARINE LIQUID WAX
THR-09062,1LTR 3M MARINE LIQUID WAX,94.81,0,51.09,94.81,WEST,WEST,1LTR 3M MARINE LIQUID WAX
THR-09065,500ML MARINE MILDEW BLOCK,46.06,1,24.82,46.06,WEST,WEST,500ML MARINE MILDEW BLOCK
THR-09067,500ML MILDEW STAIN REMOVER,45.52,4,24.53,45.52,WEST,WEST,500ML MILDEW STAIN REMOVER
THR-09678,13MM SOFT EDGE MASKING FOAM,236.94,0,127.69,236.94,WEST,WEST,13MM SOFT EDGE MASKING FOAM
THR-09973,19MM SOFT EDGE MASKING FOAM,246.14,0,132.65,246.14,WEST,WEST,19MM SOFT EDGE MASKING FOAM
THR-10115NA,#3 SYNTHETIC STEEL WOOL 2/PKG,8.35,0,4.50,8.35,WEST,WEST,#3 SYNTHETIC STEEL WOOL 2/PKG
THR-10116NA,#2 SYNTHETIC STEEL WOOL 2/PKG,8.03,0,4.33,8.03,WEST,WEST,#2 SYNTHETIC STEEL WOOL 2/PKG
THR-10118NA,#0 SYNTHETIC STEEL WOOL 2/PKG,8.35,0,4.50,8.35,WEST,WEST,#0 SYNTHETIC STEEL WOOL 2/PKG
THR-10120NA,#000 SYNTH. STEEL WOOL 2/PKG,8.35,0,4.50,8.35,WEST,WEST,#000 SYNTH. STEEL WOOL 2/PKG
THR-1100,3-M EAR PLUGS,0.37,0,0.21,0.37,WEST,WEST,3-M EAR PLUGS
THR-1130AF,"2""""SCOTCH DUCT TAPE-30YD       """,10.44,0,5.94,10.44,WEST,WEST,"2""""SCOTCH DUCT TAPE-30YD       """
THR-16023,PPS LRG CUP & COLLAR,42.55,0,22.93,42.55,WEST,WEST,PPS LRG CUP & COLLAR
THR-16024,PPS LRG LID & LINERS(25/CASE),247.68,0,140.89,247.68,WEST,WEST,PPS LRG LID & LINERS(25/CASE)
THR-16114,PPS KIT LIDS/LINERS (50),389.91,0,210.13,389.91,WEST,WEST,PPS KIT LIDS/LINERS (50)
THR-16121,PPS H/O MINI PRESSURE CUP,144.39,0,77.81,144.39,WEST,WEST,PPS H/O MINI PRESSURE CUP
THR-16124,PPS H/O LARGE PRESSURE CUP,229.16,0,123.50,229.16,WEST,WEST,PPS H/O LARGE PRESSURE CUP
THR-16578,ACCUSPRAY ONE SPRAY GUN KIT,692.13,0,414.45,692.13,WEST,WEST,ACCUSPRAY ONE SPRAY GUN KIT
THR-16579,ACCUSPRAY ONE REPLAC SPRAY GUN,632.03,0,378.46,632.03,WEST,WEST,ACCUSPRAY ONE REPLAC SPRAY GUN
THR-16587,ACCUSPRAY SPRAY GUN KIT,536.04,0,320.98,536.04,WEST,WEST,ACCUSPRAY SPRAY GUN KIT
THR-165BK4A,19MMX18M TEMFLEX TAPE BLACK,3.36,6,1.87,3.36,WEST,WEST,19MMX18M TEMFLEX TAPE BLACK
THR-165BL4A,19MMX18M TEMFLEX TAPE BLUE,3.56,4,1.97,3.56,WEST,WEST,19MMX18M TEMFLEX TAPE BLUE
THR-165GR4A,19MMX18M TEMFLEX TAPE GREEN,3.56,4,1.97,3.56,WEST,WEST,19MMX18M TEMFLEX TAPE GREEN
THR-165OR4A,19MMX18M TEMFLEX TAPE ORANGE,3.56,1,1.92,3.56,WEST,WEST,19MMX18M TEMFLEX TAPE ORANGE
THR-165RD4A,19MMX18M TEMFLEX TAPE RED,3.56,6,1.97,3.56,WEST,WEST,19MMX18M TEMFLEX TAPE RED
THR-165WH4A,19MMX18M TEMFLEX TAPE WHITE,3.56,4,1.97,3.56,WEST,WEST,19MMX18M TEMFLEX TAPE WHITE
THR-165YL4A,19MMX18M TEMFLEX TAPE YELLOW,3.56,4,1.97,3.56,WEST,WEST,19MMX18M TEMFLEX TAPE YELLOW
THR-16609,ACCUSPRAY AUTOMIZING HEAD 2MM,69.47,0,37.44,69.47,WEST,WEST,ACCUSPRAY AUTOMIZING HEAD 2MM
THR-16611,ACCUSPRAY AUTOMIZING HEAD(4),71.01,0,38.27,71.01,WEST,WEST,ACCUSPRAY AUTOMIZING HEAD(4)
THR-16612,ACCUSPRAY AUTOMIZING HEAD1.4MM,72.16,0,38.89,72.16,WEST,WEST,ACCUSPRAY AUTOMIZING HEAD1.4MM
THR-18730,"2""""GREEN ROLOC BRISTLE DISC    """,20.82,0,11.22,20.82,WEST,WEST,"2""""GREEN ROLOC BRISTLE DISC    """
THR-19223,"4"""" BLACK SAFETY WALK          """,6.66,0,3.59,6.66,WEST,WEST,"4"""" BLACK SAFETY WALK          """
THR-19224,"6"""" BLACK SAFETY WALK          """,9.99,0,5.38,9.99,WEST,WEST,"6"""" BLACK SAFETY WALK          """
THR-19296,"4"""" BLK MED.GRADE SAFETY WALK  """,8.35,0,4.50,8.35,WEST,WEST,"4"""" BLK MED.GRADE SAFETY WALK  """
THR-19297,"6"""" BLK MED.GRADE SAFETY WALK  """,12.53,0,6.75,12.53,WEST,WEST,"6"""" BLK MED.GRADE SAFETY WALK  """
THR-19321,"1"""" GREY MED.GRADE SAFETY WALK """,2.32,0,1.25,2.32,WEST,WEST,"1"""" GREY MED.GRADE SAFETY WALK """
THR-19344,946ML SHARPSHOOTER MARK REMOVR,23.66,1,12.75,23.66,WEST,WEST,946ML SHARPSHOOTER MARK REMOVR
THR-20318MMX55M,"3/4""""  MASKING TAPE            """,4.33,-1,2.33,4.33,WEST,WEST,"3/4""""  MASKING TAPE            """
THR-20324MMX55M,"1""""  MASKING TAPE              """,5.39,-1,2.91,5.39,WEST,WEST,"1""""  MASKING TAPE              """
THR-20336MMX55M,"1-1/2""""  MASKING TAPE          """,8.12,-1,4.37,8.12,WEST,WEST,"1-1/2""""  MASKING TAPE          """
THR-20348MMX55M,"2""""  MASKING TAPE              """,11.52,0,6.21,11.52,WEST,WEST,"2""""  MASKING TAPE              """
THR-20354,"STIKIT LOW PROF DISC PAD 6""""RED""",72.95,0,39.31,72.95,WEST,WEST,"STIKIT LOW PROF DISC PAD 6""""RED"""
THR-20427,"3"""" HOOKIT CLN SND DISC PAD KIT""",87.21,0,47.00,87.21,WEST,WEST,"3"""" HOOKIT CLN SND DISC PAD KIT"""
THR-20452,CLEAN SANDING FILTER BAG,10.74,0,5.79,10.74,WEST,WEST,CLEAN SANDING FILTER BAG
THR-2071,P95 PARTICULATE FILTER 2/PKG,14.01,0,7.55,14.01,WEST,WEST,P95 PARTICULATE FILTER 2/PKG
THR-2078,P95 PARTICULATE FILTER 2/PKG,23.06,0,12.43,23.06,WEST,WEST,P95 PARTICULATE FILTER 2/PKG
THR-2080-24EC,"1""""PAINTERS TAPE DELICATE SURF.""",16.42,0,8.85,16.42,WEST,WEST,"1""""PAINTERS TAPE DELICATE SURF."""
THR-2080-48EC,"2""""PAINTERS TAPE DELICATE SURF.""",31.86,0,17.17,31.86,WEST,WEST,"2""""PAINTERS TAPE DELICATE SURF."""
THR-209018MMX55M,"LONG MASK  MASKNG TAPE 3/4""""   """,10.70,2,5.20,10.70,WEST,WEST,"LONG MASK  MASKNG TAPE 3/4""""   """
THR-209024MMX55M,"LONG MASK  MASKNG TAPE 1""""     """,12.26,1,6.00,12.26,WEST,WEST,"LONG MASK  MASKNG TAPE 1""""     """
THR-209036MMX55M,"LONG MASK  MASKNG TAPE 1-1/2"""" """,18.17,6,8.90,18.17,WEST,WEST,"LONG MASK  MASKNG TAPE 1-1/2"""" """
THR-209048MMX55M,"LONG MASK  MASKNG TAPE 2""""     """,24.50,5,13.34,24.50,WEST,WEST,"LONG MASK  MASKNG TAPE 2""""     """
THR-26000,PPS SERIES 2.0STD CUP 22OZ KIT,396.81,0,213.85,396.81,WEST,WEST,PPS SERIES 2.0STD CUP 22OZ KIT
THR-30344,GELCOAT COMPOUND&POLISH 946ML,154.42,0,83.22,154.42,WEST,WEST,GELCOAT COMPOUND&POLISH 946ML
THR-30345,GELCOAT COMPOUND & POLISH GAL,378.99,0,204.25,378.99,WEST,WEST,GELCOAT COMPOUND & POLISH GAL
THR-31370,"P40 6"""" CUBITRON II HOOKIT DISC""",8.60,0,4.40,8.60,WEST,WEST,"P40 6"""" CUBITRON II HOOKIT DISC"""
THR-31371,"80 GRIT 6"" CUBITRON II DISC",3.94,0,2.12,3.94,WEST,WEST,"80 GRIT 6"" CUBITRON II DISC"
THR-31372,"120 GRIT 6"" CUBITRON II DISC",3.59,0,1.93,3.59,WEST,WEST,"120 GRIT 6"" CUBITRON II DISC"
THR-31373,"150 GRIT 6"" CUBITRON II DISC",3.59,0,1.93,3.59,WEST,WEST,"150 GRIT 6"" CUBITRON II DISC"
THR-31374,"180 GRIT 6"" CUBITRON II DISC",3.59,0,1.93,3.59,WEST,WEST,"180 GRIT 6"" CUBITRON II DISC"
THR-31375,"P40 8"" CUBITRONII HOOKIT DISC",16.62,0,8.95,16.62,WEST,WEST,"P40 8"" CUBITRONII HOOKIT DISC"
THR-31434,"400A 6"" GOLD STIKIT DISCS",8.67,0,4.67,8.67,WEST,WEST,"400A 6"" GOLD STIKIT DISCS"
THR-31471,"P220 5"" CUBITRONII HOOKIT DISC",2.77,0,1.49,2.77,WEST,WEST,"P220 5"" CUBITRONII HOOKIT DISC"
THR-31473,"P320 5"" CUBITRONII HOOKIT DISC",2.77,0,1.49,2.77,WEST,WEST,"P320 5"" CUBITRONII HOOKIT DISC"
THR-31481,"P220 6"" CUBITRONII HOOKIT DISC",3.59,0,1.93,3.59,WEST,WEST,"P220 6"" CUBITRONII HOOKIT DISC"
THR-31483,"P320 6"" CUBITRONII HOOKIT DISC",3.52,0,1.90,3.52,WEST,WEST,"P320 6"" CUBITRONII HOOKIT DISC"
THR-31547,"40E 6"" PROD.GR.FRE-CUT DISC",17.97,0,9.68,17.97,WEST,WEST,"40E 6"" PROD.GR.FRE-CUT DISC"
THR-31550,"40E 8"" PROD.GR.FRE-CUT DISC",35.25,0,19.00,35.25,WEST,WEST,"40E 8"" PROD.GR.FRE-CUT DISC"
THR-31650,"P80 6"""" CUBITRON II NET (50)   """,149.23,0,80.42,149.23,WEST,WEST,"P80 6"""" CUBITRON II NET (50)   """
THR-31651,"P120 6"" CUBITRON II NET (50)",149.23,0,80.42,149.23,WEST,WEST,"P120 6"" CUBITRON II NET (50)"
THR-32036,P600 IMPERIAL WET OR DRY SH,12.71,0,6.85,12.71,WEST,WEST,P600 IMPERIAL WET OR DRY SH
THR-32545,"180A PROD. FRE-CUT SHT.9""""X 11",10.02,0,5.70,10.02,WEST,WEST,"180A PROD. FRE-CUT SHT.9""""X 11"
THR-33279,"9""""DBL SIDE L/LINT WOOL PAD Q/R""",149.68,2,85.39,149.68,WEST,WEST,"9""""DBL SIDE L/LINT WOOL PAD Q/R"""
THR-34464,P120 CLN SND HOOKIT ROLL 115MM,148.45,0,80.00,148.45,WEST,WEST,P120 CLN SND HOOKIT ROLL 115MM
THR-36060,946ML PERFECT-IT EX RUBB.CMPD,150.55,1,85.89,150.55,WEST,WEST,946ML PERFECT-IT EX RUBB.CMPD
THR-36061,1GAL.PERFECT-IT EX RUBB.CMPD,462.44,0,249.22,462.44,WEST,WEST,1GAL.PERFECT-IT EX RUBB.CMPD
THR-36101,PERFECT-IT H/CUTTING CMP-PINT,101.29,1,54.58,101.29,WEST,WEST,PERFECT-IT H/CUTTING CMP-PINT
THR-36102,PERFECT-IT H/CUTTING CMP-QUART,185.17,1,99.79,185.17,WEST,WEST,PERFECT-IT H/CUTTING CMP-QUART
THR-36105,PERFECT-IT M/CUTTING CMP-PINT,78.49,1,42.30,78.49,WEST,WEST,PERFECT-IT M/CUTTING CMP-PINT
THR-36106,PERFECT-IT M/CUTTING CMP-QUART,125.67,0,67.72,125.67,WEST,WEST,PERFECT-IT M/CUTTING CMP-QUART
THR-36109,PERFECT-IT L/CUTTING POL-PINT,69.64,0,37.53,69.64,WEST,WEST,PERFECT-IT L/CUTTING POL-PINT
THR-36110,PERFECT-IT L/CUTTING POL-QUART,110.59,1,59.60,110.59,WEST,WEST,PERFECT-IT L/CUTTING POL-QUART
THR-36111,PERFECT-IT L/CUTTING POL-GAL,313.19,0,168.79,313.19,WEST,WEST,PERFECT-IT L/CUTTING POL-GAL
THR-36112,PERFECT-IT BOAT WAX-PINT,62.76,2,33.82,62.76,WEST,WEST,PERFECT-IT BOAT WAX-PINT
THR-36113,PERFECT-IT BOAT WAX-QUART,113.61,0,61.23,113.61,WEST,WEST,PERFECT-IT BOAT WAX-QUART
THR-36157,"80E 5"""" 321U BLUE ABRASIVE DISC""",2.71,0,1.46,2.71,WEST,WEST,"80E 5"""" 321U BLUE ABRASIVE DISC"""
THR-36159,"120E 5"""" 321U BLUE ABRASVE DISC""",2.29,0,1.23,2.29,WEST,WEST,"120E 5"""" 321U BLUE ABRASVE DISC"""
THR-36160,"150E 5"""" 321U BLUE ABRASVE DISC""",2.29,0,1.23,2.29,WEST,WEST,"150E 5"""" 321U BLUE ABRASVE DISC"""
THR-36161,"180E 5"""" 321U BLUE ABRASVE DISC""",2.29,0,1.23,2.29,WEST,WEST,"180E 5"""" 321U BLUE ABRASVE DISC"""
THR-36165,"320+ 5"""" 321U BLUE ABRASVE DISC""",2.27,0,1.22,2.27,WEST,WEST,"320+ 5"""" 321U BLUE ABRASVE DISC"""
THR-36170,"40E 6"""" 321U BLUE HOOKIT DISC  """,6.75,0,3.64,6.75,WEST,WEST,"40E 6"""" 321U BLUE HOOKIT DISC  """
THR-36172,"80E 6"""" 321U BLUE HOOKIT DISC  """,3.32,0,1.79,3.32,WEST,WEST,"80E 6"""" 321U BLUE HOOKIT DISC  """
THR-36174,"120E 6"""" 321U BLUE HOOKIT DISC """,2.81,0,1.51,2.81,WEST,WEST,"120E 6"""" 321U BLUE HOOKIT DISC """
THR-36879,"28"" X300FT SELF STICK LIQ PROT",1644.03,0,886.00,1644.03,WEST,WEST,"28"" X300FT SELF STICK LIQ PROT"
THR-36880,"36 ""X300FT SELF STICK LIQ PROT",2263.50,0,1219.85,2263.50,WEST,WEST,"36 ""X300FT SELF STICK LIQ PROT"
THR-36882,"56"" X300FT SELF STICK LIQ PROT",3129.76,0,1686.70,3129.76,WEST,WEST,"56"" X300FT SELF STICK LIQ PROT"
THR-4811-48MM,"2"" WHT. PRESERVATION TAPE-36YD",168.62,0,90.87,168.62,WEST,WEST,"2"" WHT. PRESERVATION TAPE-36YD"
THR-55563-SG-O,297G SCOTCHGARD OUTDR.PROT,35.47,0,19.12,35.47,WEST,WEST,297G SCOTCHGARD OUTDR.PROT
THR-5N11,PREFILTER,4.78,0,2.57,4.78,WEST,WEST,PREFILTER
THR-6001,2/PKG ORGANIC VAPOR CARTRID,34.92,3,18.82,34.92,WEST,WEST,2/PKG ORGANIC VAPOR CARTRID
THR-60921,2/PKG ORGANIC VAPOR CARTRIDGE,76.30,1,41.12,76.30,WEST,WEST,2/PKG ORGANIC VAPOR CARTRIDGE
THR-6800,MEDIUM FULL FACE RESPIRATOR,462.54,1,249.27,462.54,WEST,WEST,MEDIUM FULL FACE RESPIRATOR
THR-8210,PARTICULATE RESPIRATOR N95,2.56,46,1.33,2.56,WEST,WEST,PARTICULATE RESPIRATOR N95
THR-9205,AURA PARTICULATE RESPIRAT.N95,3.02,13,1.63,3.02,WEST,WEST,AURA PARTICULATE RESPIRAT.N95
THR-CITRUS-24OZ-IND,BASE CLEANER - CITRUS 24OZ,109.18,0,58.84,109.18,WEST,WEST,BASE CLEANER - CITRUS 24OZ
THR-D3097,P100 PARTICULATE FILTER 2/PK,31.95,2,17.22,31.95,WEST,WEST,P100 PARTICULATE FILTER 2/PK
THR-HF-802SD,MEDIUM HALF FACE REUSABLE RESP,100.73,2,54.29,100.73,WEST,WEST,MEDIUM HALF FACE REUSABLE RESP
THR-HP-156,"OILSORB PADS 17""""X 19""""         """,2.44,218,1.46,2.44,WEST,WEST,"OILSORB PADS 17""""X 19""""         """
