MARISOL MARINE & YACHT,,,,,,,,,,,,,,,,,
,,,,,,Inventory Price List,,,,,,,,,,,
,,,,,,,,,,,,,,,,,
OEM,,Category,Item No.,,Description,,,Bin Location,,,Min/Max,On Hand,List,Cost,Sell ,Extended Sell,
,,,,,,,,,,,,,,,,,
WEST,,,,,,,,,,,,,,,,,
WEST,,WEST,AAL-10231,,"WTR FLOW DETECT 2""""            """,,,,,,0 / 0,0.00,216.93 ,116.91 ,216.93 ,0.00 ,
WEST,,WEST,AAL-10233,,"WTR FLOW DETECT 1""""            """,,,,,,0 / 0,0.00,200.25 ,107.92 ,200.25 ,0.00 ,
WEST,,WEST,AAL-10235,,"WTR FLOW DETECT 3/"""" 12-32V PDL""",,,,,,0 / 0,0.00,148.51 ,80.04 ,148.51 ,0.00 ,
WEST,,WEST,AAL-10271,,"WTR FLOW DETECT 1-1/2""""        """,,,,,,0 / 0,0.00,200.25 ,107.92 ,200.25 ,0.00 ,
WEST,,WEST,AAL-10331,,"WTR FLW DETECT 2"""" 12-32V PDL  """,,,,,,0 / 0,0.00,216.93 ,116.91 ,216.93 ,0.00 ,
WEST,,WEST,AAL-10333,,"WTR FLW DETECT 1""""12-32V PDL   """,,,,,,0 / 0,0.00,200.25 ,107.92 ,200.25 ,0.00 ,
WEST,,WEST,AAL-10334,,"WTR FLW DETECT1-1/4""""12-32V PDL""",,,,,,0 / 0,0.00,200.25 ,107.92 ,200.25 ,0.00 ,
WEST,,WEST,AAL-10371,,"WTR FLW DETECT1-1/2""""12-32V PDL""",,,,,,0 / 0,0.00,200.25 ,107.92 ,200.25 ,0.00 ,
WEST,,WEST,AAL-13110,,"WTR FLW DETECT 2-1/2""""         """,,,,,,0 / 0,0.00,176.89 ,95.33 ,176.89 ,0.00 ,
WEST,,WEST,AAL-13111,,"WTR FLW DETECT 3""""             """,,,,,,0 / 0,0.00,176.89 ,95.33 ,176.89 ,0.00 ,
WEST,,WEST,AAL-13114,,"WTR FLW DETECT 3-1/2""""         """,,,,,,0 / 0,0.00,176.89 ,95.33 ,176.89 ,0.00 ,
WEST,,WEST,AAL-13117,,"WTR FLW DETECT 4-1/2""""         """,,,,,,0 / 0,0.00,176.89 ,95.33 ,176.89 ,0.00 ,
WEST,,WEST,AAL-13209,,WTR FLW DETECT LO FLO3/4-1-1/2,,,,,,0 / 0,0.00,200.25 ,113.46 ,200.25 ,0.00 ,
WEST,,WEST,AAL-20001,,SYS MONITOR KIT 12V W/BELL,,,,,,0 / 0,0.00,599.05 ,322.84 ,599.05 ,0.00 ,
WEST,,WEST,AAL-20003,,SYS MONITOR KIT 12V TWN ENG,,,,,,0 / 0,0.00,999.53 ,538.67 ,999.53 ,0.00 ,
WEST,,WEST,AAL-20007,,SYS MONITOR KIT 12V W/O BELL,,,,,,0 / 0,0.00,231.96 ,125.01 ,231.96 ,0.00 ,
WEST,,WEST,AAL-20008,,SYS MONITOR KIT DUAL ENG BASIC,,,,,,0 / 0,0.00,498.95 ,268.89 ,498.95 ,0.00 ,
WEST,,WEST,AAL-20009,,SYS MONITOR KIT 32V,,,,,,0 / 0,0.00,248.63 ,133.99 ,248.63 ,0.00 ,
WEST,,WEST,AAL-20011,,LAST WATCH II ALARM DGTL12-32V,,,,,,0 / 0,0.00,383.80 ,206.84 ,383.80 ,0.00 ,
WEST,,WEST,AAL-20020,,CNTRL BOARD PRNTD CIRC 12V,,,,,,0 / 0,0.00,193.50 ,104.28 ,193.50 ,0.00 ,
WEST,,WEST,AAL-20021,,CNTRL BOARD PRNTD CIRC 24V,,,,,,0 / 0,0.00,201.85 ,108.78 ,201.85 ,0.00 ,
WEST,,WEST,AAL-20022,,CNTRL BOARD PRNTD CIRC 32V,,,,,,0 / 0,0.00,201.85 ,108.78 ,201.85 ,0.00 ,
WEST,,WEST,AAL-20030,,INDICATOR PANEL SGL ENG,,,,,,0 / 0,0.00,63.43 ,34.18 ,63.43 ,0.00 ,
WEST,,WEST,AAL-20031,,INDICATOR PANEL DUAL ENG,,,,,,0 / 0,0.00,120.14 ,64.75 ,120.14 ,0.00 ,
WEST,,WEST,AAL-20032,,SMRT SWTCH-12V,,,,,,0 / 0,0.00,88.44 ,47.66 ,88.44 ,0.00 ,
WEST,,WEST,AAL-20035,,SMRT SWCH AUTO BLG SYS12V-208A,,,,,,0 / 0,0.00,148.51 ,80.04 ,148.51 ,0.00 ,
WEST,,WEST,AAL-20036,,SMRT SWCH AUTO BLG SYS24V-208A,,,,,,0 / 0,0.00,148.51 ,80.04 ,148.51 ,0.00 ,
WEST,,WEST,AAL-20038,,SS-209 SMRT BLG PUMP 12V,,,,,,0 / 0,0.00,211.94 ,114.22 ,211.94 ,0.00 ,
WEST,,WEST,AAL-20039,,SS-209 SMRT BLG PUMP 24V,,,,,,0 / 0,0.00,216.93 ,116.91 ,216.93 ,0.00 ,
WEST,,WEST,AAL-20043,,BILGE PMP MONITR 12V,,,,,,0 / 0,0.00,261.97 ,141.18 ,261.97 ,0.00 ,
WEST,,WEST,AAL-20045,,BILGE PMP CNTER 12-32V,,,,,,0 / 0,0.00,133.42 ,71.90 ,133.42 ,0.00 ,
WEST,,WEST,AAL-20045-SM,,BILGE PMP CNT SUR MNT 12-32V,,,,,,0 / 0,0.00,126.82 ,68.35 ,126.82 ,0.00 ,
WEST,,WEST,AAL-20050,,"BAIT TANK ALRM 3/4""""/1-1/2"""" FPT""",,,,,,0 / 0,0.00,216.93 ,116.91 ,216.93 ,0.00 ,
WEST,,WEST,AAL-20063,,"SAVE YOUR ENG KIT 2""""          """,,,,,,0 / 0,0.00,225.28 ,121.41 ,225.28 ,0.00 ,
WEST,,WEST,AAL-20064,,"SAVE YOUR ENG KIT 1/2""""/1-1/2"""" """,,,,,,0 / 0,0.00,216.93 ,116.91 ,216.93 ,0.00 ,
WEST,,WEST,AAL-20068,,"SAVE YOUR GENERATR KIT 1""""FPT  """,,,,,,0 / 0,0.00,216.93 ,116.91 ,216.93 ,0.00 ,
WEST,,WEST,AAL-20072,,FIRE SPRVISR MNITR PANEL,,,,,,0 / 0,0.00,370.46 ,199.65 ,370.46 ,0.00 ,
WEST,,WEST,AAL-20090,,PUMP SWITCH HD 12V 30A,,,,,,0 / 0,0.00,98.45 ,53.05 ,98.45 ,0.00 ,
WEST,,WEST,AAL-20100,,RED WARN BELL-12V,,,,,,0 / 0,0.00,125.15 ,67.45 ,125.15 ,0.00 ,
WEST,,WEST,AAL-20101,,RED WARN BELL-24V,,,,,,0 / 0,0.00,133.50 ,71.95 ,133.50 ,0.00 ,
WEST,,WEST,AAL-20102,,RED WARN BELL-32V,,,,,,0 / 0,0.00,133.50 ,71.95 ,133.50 ,0.00 ,
WEST,,WEST,AAL-20106,,ALARM BUZZER 85DB 12-32V,,,,,,0 / 0,0.00,48.40 ,26.08 ,48.40 ,0.00 ,
WEST,,WEST,AAL-20107,,IND/OUTD ALARM SIREN 12V,,,,,,0 / 0,0.00,93.45 ,50.36 ,93.45 ,0.00 ,
WEST,,WEST,AAL-20111,,LO OIL PRESS DETECTOR 12V,,,,,,0 / 0,0.00,50.07 ,26.98 ,50.07 ,0.00 ,
WEST,,WEST,AAL-20112,,RMT FIRE DETECT 12V NEW,,,,,,0 / 0,0.00,110.14 ,59.35 ,110.14 ,0.00 ,
WEST,,WEST,AAL-20116,,OVRHT DETECT200F12-32V BOLT-ON,,,,,,0 / 0,0.00,56.75 ,30.58 ,56.75 ,0.00 ,
WEST,,WEST,AAL-20118,,"OVRHT DETECT200F12-32V 1/2""""MPT""",,,,,,0 / 0,0.00,66.68 ,35.94 ,66.68 ,0.00 ,
WEST,,WEST,AAL-20120,,BILGE LEVEL DETECT 12/32V,,,,,,0 / 0,0.00,78.44 ,42.27 ,78.44 ,0.00 ,
WEST,,WEST,AAL-20131,,BILGE WARN SYS 12V W/BELL,,,,,,0 / 0,0.00,186.91 ,100.73 ,186.91 ,0.00 ,
WEST,,WEST,AAL-20133,,BILGE WARN SYS 32V W/BELL,,,,,,0 / 0,0.00,191.90 ,103.42 ,191.90 ,0.00 ,
WEST,,WEST,AAL-20140,,WTRPRF BACK BOX-RBA BELL,,,,,,0 / 0,0.00,51.74 ,27.88 ,51.74 ,0.00 ,
WEST,,WEST,AAL-20143,,TIMER CIRCUIT-BILGE ALARM,,,,,,0 / 0,0.00,50.07 ,26.98 ,50.07 ,0.00 ,
WEST,,WEST,AAL-20210,,ENG TEMP MNITR W/BLT-ON DETECT,,,,,,0 / 0,0.00,121.81 ,65.65 ,121.81 ,0.00 ,
WEST,,WEST,AAL-20219,,ENG TEMP MNTR DUAL 12V2XBLT-ON,,,,,,0 / 0,0.00,155.19 ,83.64 ,155.19 ,0.00 ,
WEST,,WEST,AAL-20220,,"LO OILPRES MNTR BLK1/8""""NPT DET""",,,,,,0 / 0,0.00,121.81 ,65.65 ,121.81 ,0.00 ,
WEST,,WEST,AAL-20227,,FIRE WARN PNL 12V BLK,,,,,,0 / 0,0.00,75.10 ,40.47 ,75.10 ,0.00 ,
WEST,,WEST,AAL-20230,,FIRE WARN W/135F DETECT12V BLK,,,,,,0 / 0,0.00,165.21 ,89.04 ,165.21 ,0.00 ,
WEST,,WEST,AAL-20234,,FIRE WARN W/194F DETECT12V BLK,,,,,,0 / 0,0.00,165.21 ,89.04 ,165.21 ,0.00 ,
WEST,,WEST,AAL-20240,,HI WTR WRN PLNL&FLT SWCH12V BK,,,,,,0 / 0,0.00,148.51 ,80.04 ,148.51 ,0.00 ,
WEST,,WEST,AAL-20243,,EXHST OVRHT ALRM KIT 24V W/20',,,,,,0 / 0,0.00,130.16 ,70.15 ,130.16 ,0.00 ,
WEST,,WEST,AAL-20245,,EXHST OVRHT ALRM KIT 12V,,,,,,0 / 0,0.00,133.42 ,71.90 ,133.42 ,0.00 ,
WEST,,WEST,AAL-20248,,EXHST OVRHT ALRM KIT DUAL 12V,,,,,,0 / 0,0.00,208.60 ,112.42 ,208.60 ,0.00 ,
WEST,,WEST,AAL-20250,,EXHST OVRHT DETECT 200F 12-32V,,,,,,0 / 0,0.00,91.70 ,49.42 ,91.70 ,0.00 ,
WEST,,WEST,AAL-20252,,EXHST OVRHT WARN PNL WHT,,,,,,0 / 0,0.00,58.42 ,31.48 ,58.42 ,0.00 ,
WEST,,WEST,AAL-20254,,BLG HI WTR PANEL 12V BLK,,,,,,0 / 0,0.00,56.75 ,30.58 ,56.75 ,0.00 ,
WEST,,WEST,AAL-20260,,ASM VISUAL IND PNL SNGL ENG,,,,,,0 / 0,0.00,141.85 ,76.45 ,141.85 ,0.00 ,
WEST,,WEST,AAL-20260-24V,,24V PANEL W/MUTE,,,,,,0 / 0,0.00,131.31 ,74.70 ,131.31 ,0.00 ,
WEST,,WEST,AAL-20262,,ASM VISUAL IND PNL DUAL ENG,,,,,,0 / 0,0.00,208.60 ,112.42 ,208.60 ,0.00 ,
WEST,,WEST,AAL-20271,,SMOKE DETECT HRD WIRE 12/24,,,,,,0 / 0,0.00,208.60 ,112.42 ,208.60 ,0.00 ,
WEST,,WEST,AAL-20275,,SMOKE WARN PNL 12V,,,,,,0 / 0,0.00,43.40 ,23.39 ,43.40 ,0.00 ,
WEST,,WEST,AAL-20278,,FIRE/SMOKE PNL 12V,,,,,,0 / 0,0.00,93.45 ,50.36 ,93.45 ,0.00 ,
WEST,,WEST,AAL-20286,,BLUE STROBE/SIREN 105DB 12V,,,,,,0 / 0,0.00,98.45 ,53.05 ,98.45 ,0.00 ,
WEST,,WEST,AAL-20295,,AUTO SYS MNTR6W DETCTRS12V SGL,,,,,,0 / 0,0.00,615.75 ,331.84 ,615.75 ,0.00 ,
WEST,,WEST,AAL-20303,,AUTOSYS MNTR5W DETCTRS12V DUAL,,,,,,0 / 0,0.00,999.53 ,538.67 ,999.53 ,0.00 ,
WEST,,WEST,AAL-20315,,SINGLE ENGINE MONITOR 24V,,,,,,0 / 0,0.00,123.01 ,69.98 ,123.01 ,0.00 ,
WEST,,WEST,AAL-20320,,ENG MONITER-2 PROBE SGL 12V,,,,,,0 / 0,0.00,165.21 ,89.04 ,165.21 ,0.00 ,
WEST,,WEST,AAL-20343,,"SMART BILGE MONITOR, 12V      """,,,,,,0 / 0,0.00,262.31 ,141.36 ,262.31 ,0.00 ,
WEST,,WEST,AAL-20346,,SMART BILGE ALARM 12V,,,,,,0 / 0,0.00,155.98 ,84.06 ,155.98 ,0.00 ,
WEST,,WEST,AAL-20352,,COOL WTRFLO ALARM PNL 12V SNGL,,,,,,0 / 0,0.00,71.76 ,38.67 ,71.76 ,0.00 ,
WEST,,WEST,AAL-20353,,ENG RAW WATER FLOW WARN PANEL,,,,,,0 / 0,0.00,81.76 ,44.06 ,81.76 ,0.00 ,
WEST,,WEST,AAL-20355,,COOL WTRFLO ALARM PNL 12V DUAL,,,,,,0 / 0,0.00,85.10 ,45.86 ,85.10 ,0.00 ,
WEST,,WEST,AAL-20356,,ENG RAW WTRFLO WARN PANEL DUAL,,,,,,0 / 0,0.00,95.11 ,51.25 ,95.11 ,0.00 ,
WEST,,WEST,AAL-20358,,COOL WTRFLO/EXHST TEMP PNL SGL,,,,,,0 / 0,0.00,91.78 ,49.46 ,91.78 ,0.00 ,
WEST,,WEST,AAL-20359,,COOL WTRFLO/EXHST TMP PNL DUAL,,,,,,0 / 0,0.00,108.47 ,58.45 ,108.47 ,0.00 ,
WEST,,WEST,AAL-20360,,BILGE WARN PNL 2 COMPART,,,,,,0 / 0,0.00,101.79 ,54.85 ,101.79 ,0.00 ,
WEST,,WEST,AAL-20363,,BILGE WARN PNL 5 COMPART,,,,,,0 / 0,0.00,116.82 ,62.95 ,116.82 ,0.00 ,
WEST,,WEST,AAL-20364,,BILGE WARN PANEL 6 COMPART,,,,,,0 / 0,0.00,121.81 ,65.65 ,121.81 ,0.00 ,
WEST,,WEST,AAL-20374,,BLG SWCH HD W/3-WAY PNL 12V30A,,,,,,0 / 0,0.00,113.48 ,61.15 ,113.48 ,0.00 ,
WEST,,WEST,AAL-20385,,BLG EXCESV PUMPNG ALERT PNL12V,,,,,,0 / 0,0.00,148.51 ,80.04 ,148.51 ,0.00 ,
WEST,,WEST,ABA-13511,,#11 SS 304 MINI CLAMP,,,,,,0 / 0,5.00,4.63 ,2.49 ,4.63 ,23.15 ,
WEST,,WEST,ABA-13512,,#12 304SS MINI HOSECLAMP,,,,,,0 / 0,2.00,4.64 ,2.50 ,4.64 ,9.28 ,
WEST,,WEST,ABA-13513,,#13 SS 304 MINI CLAMP,,,,,,0 / 0,0.00,4.66 ,2.51 ,4.66 ,0.00 ,
WEST,,WEST,ABA-13514,,#14 SS MINI HSECLP 34/64-38/64,,,,,,0 / 0,0.00,4.66 ,2.38 ,4.66 ,0.00 ,
WEST,,WEST,ABA-13516,,#16 SS 304 MINI CLAMP,,,,,,0 / 0,0.00,4.69 ,2.53 ,4.69 ,0.00 ,
WEST,,WEST,ABA-13517,,#17 SS MINI HOSECLP 5/8-45/84,,,,,,0 / 0,-10.00,4.71 ,2.54 ,4.71 ,0.00 ,
WEST,,WEST,ABA-13614,,#3 SS MINI HOSECLAMP 5/16-9/16,,,,,,0 / 0,5.00,7.67 ,4.19 ,7.67 ,38.35 ,
WEST,,WEST,ABA-13617,,#4 SS MINI HOSECLMP 7/16-11/16,,,,,,0 / 0,11.00,7.67 ,4.19 ,7.67 ,84.37 ,
WEST,,WEST,ABA-13620,,#6 SS MINI HOSECLAMP 1/2-13/16,,,,,,0 / 0,11.00,8.05 ,4.41 ,8.05 ,88.55 ,
WEST,,WEST,ABA-13624,,"#8 SS HOSE CLAMP 5/8""""-1""""      """,,,,,,0 / 0,19.00,8.42 ,4.65 ,8.42 ,159.98 ,
WEST,,WEST,ABA-13628,,"#10 SS HOSE CLAMP 3/4""""-1-1/8"""" """,,,,,,0 / 0,10.00,8.70 ,4.88 ,8.70 ,87.00 ,
WEST,,WEST,ABA-13632,,"#12 SS HOSE CLAMP 7/8""""-1-1/4"""" """,,,,,,0 / 0,14.00,8.70 ,4.88 ,8.70 ,121.80 ,
WEST,,WEST,ABA-13638,,#16 SS HOSE CLAMP 1-1/16-1-1/2,,,,,,0 / 0,7.00,9.08 ,5.09 ,9.08 ,63.56 ,
WEST,,WEST,ABA-13644,,"#20 SS HOSE CLAMP 1-1/4-1-3/4""""""",,,,,,0 / 0,-2.00,9.52 ,5.29 ,9.52 ,0.00 ,
WEST,,WEST,ABA-13650,,"#24 SS HOSE CLAMP 1-1/2-2""""    """,,,,,,0 / 0,7.00,9.90 ,4.85 ,9.90 ,69.30 ,
WEST,,WEST,ABA-13657,,"#28 SS HOSE CLAMP 1-1/4-2-1/4""""""",,,,,,0 / 0,2.00,9.90 ,5.50 ,9.90 ,19.80 ,
WEST,,WEST,ABA-13664,,"#32 SS HOSE CLAMP 1-1/2-2-1/2""""""",,,,,,0 / 0,16.00,10.86 ,6.04 ,10.86 ,173.76 ,
WEST,,WEST,ABA-13670,,"#36 SS HOSE CLAMP 1-3/4-2-3/4""""""",,,,,,0 / 0,22.00,11.16 ,5.47 ,11.16 ,245.52 ,
WEST,,WEST,ABA-13676,,"#40 SS HOSE CLAMP 2""""-3""""       """,,,,,,0 / 0,5.00,11.54 ,6.22 ,11.54 ,57.70 ,
WEST,,WEST,ABA-13683,,"#44 SS HOSE CLAMP 2-1/4-3-1/4""""""",,,,,,0 / 0,0.00,12.07 ,6.51 ,12.07 ,0.00 ,
WEST,,WEST,ABA-13689,,"#48 SS HOSE CLAMP 2-1/2-3-1/2""""""",,,,,,0 / 0,0.00,12.47 ,6.72 ,12.47 ,0.00 ,
WEST,,WEST,ABA-13694,,"#52 SS HOSE CLAMP 2-3/4-3-3/4""""""",,,,,,0 / 0,0.00,12.71 ,6.85 ,12.71 ,0.00 ,
WEST,,WEST,ABA-13696,,"#56 SS HOSE CLAMP 3""""-4""""       """,,,,,,0 / 0,11.00,13.56 ,7.66 ,13.56 ,149.16 ,
WEST,,WEST,ABA-13697,,"#60 SS HOSE CLAMP 3-1/4-4-1/4""""""",,,,,,0 / 0,2.00,14.88 ,8.01 ,14.88 ,29.76 ,
WEST,,WEST,ABA-13698,,"#64 SS HOSE CLAMP 3-1/2-4-1/2""""""",,,,,,0 / 0,5.00,15.90 ,8.86 ,15.90 ,79.50 ,
WEST,,WEST,ABA-13699,,"#72 SS HOSE CLAMP 3-1/2""""-5""""   """,,,,,,0 / 0,15.00,16.73 ,9.01 ,16.73 ,250.95 ,
WEST,,WEST,ABA-31604,,DSPLY RACK 244 W/316SS HCLAMPS,,,,,,0 / 0,0.00,"1,069.30 ",576.27 ,"1,069.30 ",0.00 ,
WEST,,WEST,ABA-60002,,"7MM FLEXIBLE CLAMP DRIVER 10"""" """,,,,,,0 / 0,0.00,70.26 ,37.86 ,70.26 ,0.00 ,
WEST,,WEST,ABA-66140,,"#80 SS HOSE CLAMP 4""""-5-1/2""""   """,,,,,,0 / 0,-8.00,16.70 ,9.00 ,16.70 ,0.00 ,
WEST,,WEST,ABA-66152,,"#88 SS HOSE CLAMP 4-1/2""""-6""""   """,,,,,,0 / 0,0.00,18.77 ,10.12 ,18.77 ,0.00 ,
WEST,,WEST,ABA-66165,,"#96 SS HOSE CLAMP 5""""-6-1/2""""   """,,,,,,0 / 0,0.00,19.47 ,10.49 ,19.47 ,0.00 ,
WEST,,WEST,ABA-66178,,"#104 SS HOSE CLAMP 5-1/2""""-7""""  """,,,,,,0 / 0,0.00,20.98 ,11.30 ,20.98 ,0.00 ,
WEST,,WEST,ABA-66191,,"#112 SS HOSE CLAMP 6""""-7-1/2""""  """,,,,,,0 / 0,0.00,22.31 ,12.02 ,22.31 ,0.00 ,
WEST,,WEST,ABA-66203,,"#120 SS HOSE CLAMP 6-1/2""""-8""""  """,,,,,,0 / 0,0.00,22.49 ,12.12 ,22.49 ,0.00 ,
WEST,,WEST,ABA-66216,,"#128 SS HOSE CLAMP 7""""-8-1/2""""  """,,,,,,0 / 0,0.00,23.83 ,12.84 ,23.83 ,0.00 ,
WEST,,WEST,ABA-66232,,#138 SS HOSE CLAMP 7-5/8-9-1/8,,,,,,0 / 0,0.00,24.15 ,13.01 ,24.15 ,0.00 ,
WEST,,WEST,ABA-66257,,#154 SS HOSECLAMP 8-5/8-10-1/8,,,,,,0 / 0,0.00,26.07 ,14.05 ,26.07 ,0.00 ,
WEST,,WEST,ABA-66283,,#170 SS HOSECLAMP 9-5/8-11-1/8,,,,,,0 / 0,0.00,27.69 ,14.92 ,27.69 ,0.00 ,
WEST,,WEST,ABA-66308,,#186 SS HOSECLAMP 105/8-12-1/8,,,,,,0 / 0,0.00,28.66 ,15.44 ,28.66 ,0.00 ,
WEST,,WEST,ACR-1958,,WH RCL-95 REMOTE CONT.SRCHLHT,,,,,,0 / 0,0.00,"1,104.10 ",883.28 ,"1,104.10 ",0.00 ,
WEST,,WEST,ACR-3971.3,,FIREFLY PRO LED WTRBUG CRD,,,,,,0 / 0,0.00,185.10 ,99.76 ,185.10 ,0.00 ,
WEST,,WEST,ACT-PRO-BUF-1,,INTELLIGENT BUFFER,,,,,,0 / 0,0.00,856.10 ,684.88 ,856.10 ,0.00 ,
WEST,,WEST,ACT-PRO-BUF-2,,INTELLIGENT TYPE APPRVD BUFFER,,,,,,0 / 0,0.00,899.14 ,719.31 ,899.14 ,0.00 ,
WEST,,WEST,ACT-PRO-MUX-2,,PROF NMEA MLTIPX 8-INP 6-OUTP,,,,,,0 / 0,0.00,941.23 ,752.98 ,941.23 ,0.00 ,
WEST,,WEST,ACT-PRO-NBF-1,,PROF NMEA BUFFR 1-INP 6-OUTP,,,,,,0 / 0,0.00,343.70 ,274.96 ,343.70 ,0.00 ,
WEST,,WEST,ACT-PRO-NDC-1E,,INTELLIGENT TYPE APPRVD MLTIPX,,,,,,0 / 0,0.00,575.00 ,460.00 ,575.00 ,0.00 ,
WEST,,WEST,AIR-AHSR-4,,75'WATER SKI ROPE 4-SECTION,,,,,,0 / 0,0.00,59.80 ,32.23 ,59.80 ,0.00 ,
WEST,,WEST,AIR-AHSR-8,,75'WATER SKI ROPE 8-SECTION,,,,,,0 / 0,1.00,67.28 ,36.29 ,67.28 ,67.28 ,
WEST,,WEST,AIR-BKS-6,,KILL SWITCH KEYS W/LANYARD SCOTTY,,,,,,0 / 0,1.00,25.43 ,13.71 ,25.43 ,25.43 ,
WEST,,WEST,air31-665-2-02,,ARIMAR B744 50/200KHZ W/FB GARMIN 6PN,,,,,,0 / 0,0.00,863.20 ,719.33 ,863.20 ,0.00 ,
WEST,,WEST,AMB-135-0000-CP,,CHR SHWR & SLIDE BAR,,,,,,0 / 0,0.00,536.65 ,304.09 ,536.65 ,0.00 ,
WEST,,WEST,AMB-135-0132-CP,,CHR SNG.HNDL.SHWR MIXER,,,,,,0 / 0,0.00,313.61 ,177.70 ,313.61 ,0.00 ,
WEST,,WEST,ANC-104810,,14GA TIN.PRM.WIRE RED 100',,,,,,0 / 0,0.00,47.33 ,25.51 ,47.33 ,0.00 ,
WEST,,WEST,ANC-108110,,10GA TIN.PRM.WIRE BLU 100',,,,,,0 / 0,0.00,97.58 ,52.59 ,97.58 ,0.00 ,
WEST,,WEST,ANC-108202,,BRN 10GA 25' TIN.PRM.WIRE,,,,,,0 / 0,0.00,42.72 ,23.02 ,42.72 ,0.00 ,
WEST,,WEST,ANC-108210,,BRN 10GA 100' TIN.PRM.WIRE,,,,,,0 / 0,-0.06,97.58 ,52.59 ,97.58 ,0.00 ,
WEST,,WEST,ANC-108225,,BRN 10GA 250' TIN.PRM.WIRE,,,,,,0 / 0,0.00,238.96 ,128.78 ,238.96 ,0.00 ,
WEST,,WEST,ANC-108250,,BRN 10GA 500' TIN.PRM.WIRE,,,,,,0 / 0,0.00,462.17 ,249.07 ,462.17 ,0.00 ,
WEST,,WEST,ANC-108302,,GRN 10GA 25' TIN.PRM.WIRE,,,,,,0 / 0,0.00,42.72 ,23.02 ,42.72 ,0.00 ,
WEST,,WEST,ANC-108310,,10GA TIN.PRM.WIRE GRN 100',,,,,,0 / 0,0.00,97.58 ,52.59 ,97.58 ,0.00 ,
WEST,,WEST,ANC-108350,,GRN 10GA 500' TIN.PRM.WIRE,,,,,,0 / 0,0.00,462.17 ,249.07 ,462.17 ,0.00 ,
WEST,,WEST,ANC-108502,,ORG 10GA 25' TIN.PRM.WIRE,,,,,,0 / 0,0.00,42.72 ,23.02 ,42.72 ,0.00 ,
WEST,,WEST,ANC-109010,,10GA TIN.PRM.WIRE YEL 100',,,,,,0 / 0,0.00,97.58 ,52.59 ,97.58 ,0.00 ,
WEST,,WEST,ANC-111510,,8GA TIN.BAT.CBL RED 100',,,,,,0 / 0,1.88,164.50 ,88.65 ,164.50 ,309.26 ,
WEST,,WEST,ANC-120905,,8/2 TIN.BOATCBL WHT50'RD/BLK,,,,,,0 / 0,1.00,0.00 ,141.78 ,239.99 ,239.99 ,
WEST,,WEST,ANC-121710,,16/2 TIN.BOATCBL WHT100'RD/BLK,,,,,,0 / 0,1.00,86.87 ,51.56 ,86.87 ,86.87 ,
WEST,,WEST,ANC-121910,,18/2 TIN.BOATCBL WHT100'RD/BLK,,,,,,0 / 0,0.00,69.00 ,37.19 ,69.00 ,0.00 ,
WEST,,WEST,ANC-124510,,14/2 100'TIN.SAFE.BOATCBL RDYL,,,,,,0 / 0,1.00,110.74 ,73.52 ,110.74 ,110.74 ,
WEST,,WEST,ANC-131110,,10/3 100'WHT TINBTCBL WT/GR/BK,,,,,,0 / 0,0.00,435.67 ,234.79 ,435.67 ,0.00 ,
WEST,,WEST,ANC-131310,,12/3 100'WHT TINBOATCBL W/G/BK,,,,,,0 / 0,0.00,301.12 ,162.28 ,301.12 ,0.00 ,
WEST,,WEST,ANC-131510,,14/3 100'WHT TINBTCBL WT/GR/BK,,,,,,0 / 0,0.00,217.55 ,117.24 ,217.55 ,0.00 ,
WEST,,WEST,ANC-184003,,14GA TIN.PRM.WIRE BLK 18',,,,,,0 / 0,1.00,0.00 ,9.91 ,17.49 ,17.49 ,
WEST,,WEST,ANC-184303,,14GA TIN.PRM.WIRE GRN 18',,,,,,0 / 0,2.00,0.00 ,9.91 ,17.49 ,34.98 ,
WEST,,WEST,ANC-184403,,14GA TIN.PRM.WIRE GRY 18',,,,,,0 / 0,4.00,0.00 ,9.91 ,17.49 ,69.96 ,
WEST,,WEST,ANC-184503,,ORG 14GA 18' TIN.PRIM.WIRE,,,,,,0 / 0,2.00,0.00 ,9.91 ,17.99 ,35.98 ,
WEST,,WEST,ANC-184703,,14GA TIN.PRM.WIRE PUR 18',,,,,,0 / 0,1.00,0.00 ,9.91 ,17.49 ,17.49 ,
WEST,,WEST,ANC-184903,,14GA TIN.PRM.WIRE WHT 18',,,,,,0 / 0,3.00,0.00 ,9.91 ,17.49 ,52.47 ,
WEST,,WEST,ANC-199230,,"(25) 14"""" 50LB MOUNT.NAT.TIE   """,,,,,,0 / 0,1.00,0.00 ,7.05 ,11.79 ,11.79 ,
WEST,,WEST,ANC-199257,,"CABLE TIE MNT14""""BLK.UV50LB25PK""",,,,,,0 / 0,0.00,12.21 ,6.58 ,12.21 ,0.00 ,
WEST,,WEST,ANC-210215,,"RING NYLON 16-14 5/16"""" 25PK   """,,,,,,0 / 0,1.00,19.47 ,11.64 ,19.47 ,19.47 ,
WEST,,WEST,ANC-210223,,RING NYLON 12-10 #10 25PK,,,,,,0 / 0,2.00,0.00 ,12.67 ,20.99 ,41.98 ,
WEST,,WEST,ANC-210226,,"RING NYLON 12-10 3/8"""" 25PK    """,,,,,,0 / 0,2.00,24.55 ,14.69 ,24.55 ,49.10 ,
WEST,,WEST,ANC-210233,,RING NYLON #8-#10 25PK,,,,,,0 / 0,0.00,37.73 ,20.33 ,37.73 ,0.00 ,
WEST,,WEST,ANC-230215,,"RING NYLON 16-14 5/16"""" 5PK    """,,,,,,0 / 0,3.00,5.08 ,3.03 ,5.08 ,15.24 ,
WEST,,WEST,ANC-230216,,"RING NYLON 16-14 3/8"""" 5PK     """,,,,,,0 / 0,2.00,5.08 ,3.03 ,5.08 ,10.16 ,
WEST,,WEST,ANC-230226,,"RING NYLON 12-10 3/8"""" 4PK     """,,,,,,0 / 0,0.00,5.56 ,3.35 ,5.56 ,0.00 ,
WEST,,WEST,ANC-230828,,(4) 12-10 FEMALE DISCONNEC,,,,,,0 / 0,5.00,5.38 ,3.22 ,5.38 ,26.90 ,
WEST,,WEST,ANC-242275,,"TINNED LUG 1GA 5/16"""" 25PK     """,,,,,,0 / 0,0.00,88.66 ,47.78 ,88.66 ,0.00 ,
WEST,,WEST,ANC-252130,,TIN.BUTT CONNECTOR 8GA 2PK,,,,,,0 / 0,3.00,5.69 ,3.42 ,5.69 ,17.07 ,
WEST,,WEST,ANC-252140,,TIN.BUTT CONNECTOR 2PK,,,,,,0 / 0,2.00,6.78 ,4.07 ,6.78 ,13.56 ,
WEST,,WEST,ANC-252160,,TIN.BUTT CONNECTOR 2GA 2PK,,,,,,0 / 0,1.00,11.31 ,6.41 ,11.31 ,11.31 ,
WEST,,WEST,ANC-252180,,TIN.BUTT CONNECTOR 1/0 2PK,,,,,,0 / 0,1.00,14.81 ,8.40 ,14.81 ,14.81 ,
WEST,,WEST,ANC-252190,,TIN.BUTT CONNECTOR 2/ 2PK,,,,,,0 / 0,1.00,15.88 ,9.01 ,15.88 ,15.88 ,
WEST,,WEST,ANC-252235,,"(2) 8GA 5/16"""" TINNED LUG      """,,,,,,0 / 0,2.00,0.00 ,2.72 ,4.49 ,8.98 ,
WEST,,WEST,ANC-252275,,"TINNED LUG 1GA 5/16"""" 2PK      """,,,,,,0 / 0,0.00,9.07 ,4.89 ,9.07 ,0.00 ,
WEST,,WEST,ANC-262295,,"(2)2/0 5/16"""" 90* TINNED LUG   """,,,,,,0 / 0,1.00,16.65 ,8.97 ,16.65 ,16.65 ,
WEST,,WEST,ANC-262726,,"(2)4/0 3/8"""" 90* TINNED LUG    """,,,,,,0 / 0,0.00,24.90 ,13.42 ,24.90 ,0.00 ,
WEST,,WEST,ANC-304603,,"RED HEAT SHRNK RED 3/8""""X3"""" 3PK""",,,,,,0 / 0,1.00,7.13 ,4.52 ,7.13 ,7.13 ,
WEST,,WEST,ANC-309225,,HEAT SHRINK BUTT 12-10 25PK,,,,,,0 / 0,1.00,53.82 ,29.65 ,53.82 ,53.82 ,
WEST,,WEST,ANC-311203,,HEAT SK.RING 16-14 #8 3PAK,,,,,,0 / 0,2.00,6.43 ,3.46 ,6.43 ,12.86 ,
WEST,,WEST,ANC-311525,,"HEAT SK.RING 16-14 5/16""""25PAK """,,,,,,0 / 0,2.00,38.24 ,21.05 ,38.24 ,76.48 ,
WEST,,WEST,ANC-311603,,"HEAT SK.RING 16-14 3/8""""3PAK   """,,,,,,0 / 0,3.00,0.00 ,3.54 ,5.99 ,17.97 ,
WEST,,WEST,ANC-312203,,HEAT SK.RING 12-10 #8 3PAK,,,,,,0 / 0,2.00,8.10 ,4.46 ,8.10 ,16.20 ,
WEST,,WEST,ANC-312525,,"HEAT SK.RING 12-10 5/16""""25PAK """,,,,,,0 / 0,2.00,0.00 ,29.05 ,47.99 ,95.98 ,
WEST,,WEST,ANC-312625,,"HEAT SK.RING 12-10 3/8""""25PAK  """,,,,,,0 / 0,2.00,0.00 ,29.05 ,47.99 ,95.98 ,
WEST,,WEST,ANC-321325,,HEAT SK.RING 8AWG #10 25PAK,,,,,,0 / 0,0.00,57.95 ,31.23 ,57.95 ,0.00 ,
WEST,,WEST,ANC-321503,,"HEAT SK.RING 8AWG 5/16""""3PAK   """,,,,,,0 / 0,0.00,8.93 ,4.81 ,8.93 ,0.00 ,
WEST,,WEST,ANC-401255,,"CLAMP NATURAL 1/4""""100PAK",,,,,,0 / 0,0.00,18.04 ,11.81 ,18.04 ,0.00 ,
WEST,,WEST,ANC-401312,,"CLAMP NATURAL 5/16""""25PAK",,,,,,0 / 0,0.00,6.38 ,3.44 ,6.38 ,0.00 ,
WEST,,WEST,ANC-401375,,"CLAMP NATURAL 3/8""""100PAK",,,,,,0 / 0,1.00,0.00 ,12.89 ,21.99 ,21.99 ,
WEST,,WEST,ANC-402252,,"CLAMP BLACK1/4""""25PAK",,,,,,0 / 0,0.00,7.25 ,4.75 ,7.25 ,0.00 ,
WEST,,WEST,ANC-403182,,"CUSH. CLAMP SS 3/16"""" 10 PAK   """,,,,,,0 / 0,2.00,0.00 ,11.65 ,19.99 ,39.98 ,
WEST,,WEST,ANC-403902,,"CUSH. CLAMP SS 1-1/4"""" 10 PAK  """,,,,,,0 / 0,1.00,31.36 ,16.90 ,31.36 ,31.36 ,
WEST,,WEST,ANC-404152,,"CUSH. CLAMP SS 1-1/2"""" 10 PAK  """,,,,,,0 / 0,0.50,37.49 ,20.92 ,37.49 ,18.75 ,
WEST,,WEST,ANC-404172,,"CUSH. CLAMP SS 1-3/4"""" 10 PAK  """,,,,,,0 / 0,0.00,35.54 ,19.15 ,35.54 ,0.00 ,
WEST,,WEST,ANC-404202,,"CUSH. CLAMP SS 2"""" 10 PAK      """,,,,,,0 / 0,1.00,0.00 ,24.01 ,40.49 ,40.49 ,
WEST,,WEST,ANC-404252,,"CUSH. CLAMP SS 2-1/2"""" 10 PAK  """,,,,,,0 / 0,0.00,43.82 ,23.62 ,43.82 ,0.00 ,
WEST,,WEST,ANC-404302,,"CUSH. CLAMP SS 3""""     10/PK",,,,,,0 / 0,1.80,0.00 ,30.12 ,51.49 ,92.68 ,
WEST,,WEST,ANC-529102,,(2) 12V .80 AMP 8-CP BULB,,,,,,0 / 0,2.00,5.59 ,3.01 ,5.59 ,11.18 ,
WEST,,WEST,ANC-529340,,(1) 12V 25W NAVIGATION BULB,,,,,,0 / 0,0.00,27.76 ,14.96 ,27.76 ,0.00 ,
WEST,,WEST,ANC-700115,,DIELECTRIC SIL.COMPOUND 1/3OZ.,,,,,,0 / 0,2.00,13.26 ,8.17 ,13.26 ,26.52 ,
WEST,,WEST,ANC-750000,,GROMMET KIT ASSORTED 45PCS.,,,,,,0 / 0,0.00,27.91 ,15.04 ,27.91 ,0.00 ,
WEST,,WEST,AQL20210,,AQUALARM ENG TEMP MNITR W/BLT-ON DETECT,,,,,,0 / 0,1.00,128.09 ,69.03 ,128.09 ,128.09 ,
WEST,,WEST,AQL20352,,AQUALARM COOL WTRFLO ALARM PNL 12V SNGL,,,,,,0 / 0,0.00,0.00 ,40.67 ,75.47 ,0.00 ,
WEST,,WEST,AQS-40100-7,,BI-COLOUR LIGHT 25W BLK,,,,,,0 / 0,1.00,205.88 ,117.12 ,205.88 ,205.88 ,
WEST,,WEST,AQU-51000,,FLUSH N FLOW 1L,,,,,,0 / 0,0.00,40.45 ,25.60 ,40.45 ,0.00 ,
WEST,,WEST,AQU-51150,,DINGHY/FENDER CLEANER 750ML,,,,,,0 / 0,1.00,20.15 ,13.94 ,20.15 ,20.15 ,
WEST,,WEST,AQU-52010,,DECK & BOAT WASH 1L,,,,,,0 / 0,0.00,20.15 ,12.75 ,20.15 ,0.00 ,
WEST,,WEST,AQU-52011,,DECK & BOAT WASH 4L,,,,,,0 / 0,0.00,70.03 ,44.32 ,70.03 ,0.00 ,
WEST,,WEST,AQU-52012,,DECK & BOAT WASH 20L,,,,,,0 / 0,0.00,275.79 ,174.55 ,275.79 ,0.00 ,
WEST,,WEST,AQU-52019,,EASY CLEAN MARINE 120ML,,,,,,0 / 0,0.00,4.96 ,3.14 ,4.96 ,0.00 ,
WEST,,WEST,AQU-52025,,EASY CLEAN MARINE 750ML,,,,,,0 / 0,0.00,18.14 ,11.48 ,18.14 ,0.00 ,
WEST,,WEST,AQU-52026,,EASY CLEAN MARINE 4L,,,,,,0 / 0,0.00,59.25 ,37.50 ,59.25 ,0.00 ,
WEST,,WEST,AQU-52027,,EASY CLEAN MARINE 20L,,,,,,0 / 0,0.00,242.36 ,153.39 ,242.36 ,0.00 ,
WEST,,WEST,AT235-B/04,,AMERCOAT 235 CURE,,,,,,0 / 0,0.00,36.50 ,25.55 ,36.50 ,0.00 ,
WEST,,WEST,ATT-1731-4,,"IN-LINE BLOWER 3"""" 12V         """,,,,,,0 / 0,0.00,57.83 ,31.17 ,57.83 ,0.00 ,
WEST,,WEST,ATT-1747-4,,"IN-LINE BLOWER 4"""" 12V         """,,,,,,0 / 0,1.00,63.98 ,34.48 ,63.98 ,63.98 ,
WEST,,WEST,ATT-1749-4,,"IN-LINE BLWR 4"""" 12V *W/R*",,,,,,0 / 0,-1.00,73.28 ,39.49 ,73.28 ,0.00 ,
WEST,,WEST,ATT-4143-4,,SHWR SUMP SYS12V,,,,,,0 / 0,0.00,303.24 ,163.42 ,303.24 ,0.00 ,
WEST,,WEST,ATT-4202-7,,AUTO.FLOAT SWITCH,,,,,,0 / 0,0.00,60.74 ,35.56 ,60.74 ,0.00 ,
WEST,,WEST,ATT-4760-4,,HD2000 BLG PMP-12V,,,,,,0 / 0,0.00,279.24 ,150.49 ,279.24 ,0.00 ,
WEST,,WEST,ATT-5110-30-7,,"ALRND LT W/COLR-30""""           """,,,,,,0 / 0,0.00,58.22 ,31.37 ,58.22 ,0.00 ,
WEST,,WEST,ATT-5508-7,,SAHARA MK2 800 BLG PMP-12V,,,,,,0 / 0,0.00,202.15 ,108.94 ,202.15 ,0.00 ,
WEST,,WEST,ATT-5512-7,,SAHARA MK2 1200 BLG PMP-12V,,,,,,0 / 0,0.00,237.34 ,138.96 ,237.34 ,0.00 ,
WEST,,WEST,ATT-5608-7,,TSUNAMI MK2 800G BILGE PUMP,,,,,,0 / 0,2.00,101.87 ,54.90 ,101.87 ,203.74 ,
WEST,,WEST,ATT-6342SS1,,"1.5"""" CRTESY WM WHITE          """,,,,,,0 / 0,0.00,58.47 ,36.25 ,58.47 ,0.00 ,
WEST,,WEST,ATT-6356-D7,,STERN LIGHT 12V SS,,,,,,0 / 0,0.00,46.51 ,25.80 ,46.51 ,0.00 ,
WEST,,WEST,ATT-6375-D6,,BI-COLOUR LIGHT 12V,,,,,,0 / 0,4.00,0.00 ,15.99 ,49.99 ,199.96 ,
WEST,,WEST,ATT-68554-1,,"THHUL 3/4"""" COMPOSITE          """,,,,,,0 / 0,1.00,0.00 ,12.46 ,20.99 ,20.99 ,
WEST,,WEST,ATT-68555-1,,"THHUL 5/8"""" COMPOSITE          """,,,,,,0 / 0,2.00,0.00 ,8.77 ,14.99 ,29.98 ,
WEST,,WEST,ATT-68556-1,,"THHUL 1"""" COMPOSITE            """,,,,,,0 / 0,1.00,20.16 ,12.46 ,20.16 ,20.16 ,
WEST,,WEST,ATT-68557-1,,"THHUL 1-1/8"""" COMPOSITE        """,,,,,,0 / 0,3.00,21.21 ,13.11 ,21.21 ,63.63 ,
WEST,,WEST,ATT-6857-1,,"1"" 90 DEGREE BEND THRU HULL COMPOSITE CHROME CAP",,,,,,0 / 0,1.00,0.00 ,17.05 ,28.29 ,28.29 ,
WEST,,WEST,ATT-68577-1,,"THR-HUL 3/4""""X90 COMPOSITE     """,,,,,,0 / 0,1.00,0.00 ,13.57 ,21.99 ,21.99 ,
WEST,,WEST,ATT-68578-1,,"THR-HUL 1""""X90 COMPOSITE       """,,,,,,0 / 0,2.00,27.56 ,14.85 ,27.56 ,55.12 ,
WEST,,WEST,ATT-68579-1,,"THR-HUL 1-1/8""""X90 COMPOSITE   """,,,,,,0 / 0,0.00,33.37 ,17.98 ,33.37 ,0.00 ,
WEST,,WEST,ATT-68581-1,,"THR-HUL 1-1/2""""X90 COMPOSITE   """,,,,,,0 / 0,0.00,37.96 ,20.46 ,37.96 ,0.00 ,
WEST,,WEST,ATT-9065-1,,BAT BOX PWR GRD 24,,,,,,0 / 0,0.00,21.86 ,11.78 ,21.86 ,0.00 ,
WEST,,WEST,ATT-9067-1,,BATT BOX PWR GRD 27,,,,,,0 / 0,2.00,30.06 ,16.20 ,30.06 ,60.12 ,
WEST,,WEST,ATT-9090-5,,BATT TRAY 24-SERIES,,,,,,0 / 0,1.00,18.70 ,10.00 ,18.70 ,18.70 ,
WEST,,WEST,ATT-SL-50SS-P3-7,,S/S BALL MT.BRACKET,,,,,,0 / 0,2.00,19.62 ,11.11 ,19.62 ,39.24 ,
WEST,,WEST,ATT-SL3-60#-5,,GAS SPRING 20-12BLADE MT,,,,,,0 / 0,0.00,32.20 ,17.35 ,32.20 ,0.00 ,
WEST,,WEST,ATT-SL34-30#-5,,GAS SPRING 20-12BALL MT,,,,,,0 / 0,1.00,32.20 ,20.77 ,32.20 ,32.20 ,
WEST,,WEST,ATT-SL34-40#-5,,GAS SPRING 20-12BALL MT,,,,,,0 / 0,0.00,32.20 ,25.92 ,32.20 ,0.00 ,
WEST,,WEST,ATT-SL34-80#-5,,"GAS SPRING 20""""-12""""BALL MT     """,,,,,,0 / 0,1.00,32.20 ,18.24 ,32.20 ,32.20 ,
WEST,,WEST,ATT-SL36-90#-5,,GAS SPRING 17.2-10.2BALL MT,,,,,,0 / 0,0.00,32.20 ,17.35 ,32.20 ,0.00 ,
WEST,,WEST,ATT-ST34-20#-5,,S/S GAS SPRING 20-12BALL MT,,,,,,0 / 0,0.00,76.00 ,48.84 ,90.63 ,0.00 ,
WEST,,WEST,AWL-73012-QT,,GRIPTEX FINE NON-SKID 1#,,,,,,0 / 0,0.00,100.92 ,54.26 ,100.92 ,0.00 ,
WEST,,WEST,AWL-73240-HG,,AWLCARE PROTECTIVE POLY.SEALER,,,,,,0 / 0,0.00,145.66 ,78.31 ,145.66 ,0.00 ,
WEST,,WEST,AWL-73240-PT,,AWLCARE PROTECTIVE POLY.SEALER,,,,,,0 / 0,0.00,48.58 ,26.12 ,48.58 ,0.00 ,
WEST,,WEST,AWL-H3002-PT,,AWL-CAT #3 BRUSHING CONVERTER,,,,,,0 / 0,0.00,173.24 ,93.14 ,173.24 ,0.00 ,
WEST,,WEST,AWL-H8087-QT,,AWLGRIP-FLEET WHITE,,,,,,0 / 0,0.00,197.79 ,106.34 ,197.79 ,0.00 ,
WEST,,WEST,AWL-J3810-QT,,AWLWOOD MA CLEAR MATTE,,,,,,0 / 0,0.00,208.04 ,110.59 ,208.04 ,0.00 ,
WEST,,WEST,AWL-J4000-QT,,AWLWOOD MULTI-CLIMATE GLOSS,,,,,,0 / 0,0.00,222.18 ,118.11 ,222.18 ,0.00 ,
WEST,,WEST,AWL-T0006-GAL,,STD.REDUCER FOR EPOXY PRIMERS,,,,,,0 / 0,1.00,151.76 ,81.59 ,151.76 ,151.76 ,
WEST,,WEST,AWL-T0031-QT,,SLOW DRYING REDUCER FOR BRUSH,,,,,,0 / 0,0.00,68.32 ,36.73 ,68.32 ,0.00 ,
WEST,,WEST,AWL-T0201-QT,,AWLWOOD MA BRUSHING REDUCER,,,,,,0 / 0,0.00,83.74 ,45.02 ,83.74 ,0.00 ,
WEST,,WEST,BAH-6154,,"* 54""""THREADED HARDWOOD HDL    """,,,,,,0 / 0,0.00,9.47 ,5.10 ,9.47 ,0.00 ,
WEST,,WEST,BAH-852BL,,BLUE DECK BRUSH PVC BRISTLE,,,,,,0 / 0,1.00,18.90 ,10.19 ,18.90 ,18.90 ,
WEST,,WEST,BAH-852BR,,PLASTIC DECK BRUSH (BROWN),,,,,,0 / 0,0.00,17.12 ,9.22 ,17.12 ,0.00 ,
WEST,,WEST,BAH-852T,,DECK BRUSH NATURAL BRISTLE,,,,,,0 / 0,0.00,19.22 ,10.36 ,19.22 ,0.00 ,
WEST,,WEST,BAH-852Y,,DECK BRUSH YELLOW BRISTLE,,,,,,0 / 0,1.00,16.58 ,8.99 ,16.58 ,16.58 ,
WEST,,WEST,BBS-FLATTOP-27,,"ORANGE 27-1/2""""FLAT TOP ONLY   """,,,,,,0 / 0,0.00,230.21 ,135.68 ,230.21 ,0.00 ,
WEST,,WEST,BBS-MB-0BASE,,"PWRBOATSTND 41-58""""BASE ONLY   """,,,,,,0 / 0,0.00,262.74 ,141.60 ,262.74 ,0.00 ,
WEST,,WEST,BBS-MB-1BASE,,"PWRBOATSTND 33-50""""BASE ONLY   """,,,,,,0 / 0,0.00,229.89 ,123.89 ,229.89 ,0.00 ,
WEST,,WEST,BEN-A-1101A,,HYDRAULIC CYLINDER,,,,,,0 / 0,0.00,153.73 ,121.97 ,153.73 ,0.00 ,
WEST,,WEST,BEN-AR-512,,AUTO TAB RETRACTOR-12V,,,,,,0 / 0,1.00,124.22 ,103.79 ,124.22 ,124.22 ,
WEST,,WEST,BEN-ES-2000,,EURO-STYLE W/P ROCKER SWITCH,,,,,,0 / 0,0.00,142.84 ,97.17 ,142.84 ,0.00 ,
WEST,,WEST,BEN-H-1171-3,,"BRASS NIPPLE 1/8""""X 3""""         """,,,,,,0 / 0,0.00,4.31 ,2.49 ,4.31 ,0.00 ,
WEST,,WEST,BEN-H-1172,,"ELBOW 1/8""""NPT/1/4""""TUBE        """,,,,,,0 / 0,0.00,8.11 ,4.29 ,8.11 ,0.00 ,
WEST,,WEST,BEN-V351HPU1,,HYD.POWER UNIT-12V  (V351HPU1),,,,,,0 / 0,0.00,516.31 ,440.27 ,516.31 ,0.00 ,
WEST,,WEST,BEP-1101-BK,,SWTICH 10A ON-OFF BLK CNTR1100,,,,,,0 / 0,0.00,38.88 ,20.95 ,38.88 ,0.00 ,
WEST,,WEST,BEP-702B,,DISTRIB STUD 10MM SGL BULK,,,1,,,0 / 0,0.00,55.56 ,29.94 ,55.56 ,0.00 ,
WEST,,WEST,BEP-710-140A,,DIG VOLT SENS RELAY 12/24V,,,,,,0 / 0,1.00,248.11 ,133.71 ,248.11 ,248.11 ,
WEST,,WEST,BEP-721,,BAT SWITCH 3POS 350A HD,,,,,,0 / 0,0.00,137.12 ,73.90 ,137.12 ,0.00 ,
WEST,,WEST,BEP-770-EZ-B,,BAT SWTCH ONOFF400A EZMNT SRFC,,,,,,0 / 0,0.00,101.97 ,54.95 ,101.97 ,0.00 ,
WEST,,WEST,BEP-777-Z10W-200-B,,BUSBAR Z 10 WAY 200A BULK,,,,,,0 / 0,0.00,67.92 ,36.60 ,67.92 ,0.00 ,
WEST,,WEST,BEP-777-Z18W-200-B,,BUSBAR Z 18 WAY 200A BULK,,,,,,0 / 0,0.00,105.73 ,56.98 ,105.73 ,0.00 ,
WEST,,WEST,BEP-IST-10MM-1S-B,,STUD SGL 10MM BULK INSULATED,,,,,,0 / 0,0.00,26.67 ,14.37 ,26.67 ,0.00 ,
WEST,,WEST,BEP-IST-8MM-1S-B,,STUD SGL 8MM BULK INSULATED,,,,,,0 / 0,0.00,26.30 ,14.17 ,26.30 ,0.00 ,
WEST,,WEST,BLU2715,,BLUE SEAS COVER FOR #2301/2302,,,,,,0 / 0,3.00,0.00 ,4.44 ,7.99 ,23.97 ,
WEST,,WEST,BOA-1032,,LIFE CALK MAHOG 83ML,,,,,,0 / 0,2.00,31.41 ,16.93 ,31.41 ,62.82 ,
WEST,,WEST,BOA-1085,,TEAK BRITE CLEANER 32OZ,,,,,,0 / 0,3.00,42.85 ,22.93 ,42.85 ,128.55 ,
WEST,,WEST,BOA-1160,,LIFE SEAL CLEAR 83ML,,,,,,0 / 0,0.00,27.35 ,14.74 ,27.35 ,0.00 ,
WEST,,WEST,BOA-1161,,LIFE SEAL-WHITE 83ML,,,,,,0 / 0,0.00,27.35 ,14.74 ,27.35 ,0.00 ,
WEST,,WEST,BOA-1162,,LIFE SEAL-BLACK 83ML,,,,,,0 / 0,0.00,27.35 ,14.74 ,27.35 ,0.00 ,
WEST,,WEST,BOM-S616-MB-SCREEN,,SCREEN ONLY FOR 616MBSS,,,,,,0 / 0,0.00,56.24 ,34.87 ,56.24 ,0.00 ,
WEST,,WEST,BOM-S616-MB-SS,,S/S PORTLIGHT ELLIPTICAL,,,,,,0 / 0,0.00,934.76 ,583.63 ,934.76 ,0.00 ,
WEST,,WEST,BRU-6148,,"48"" WOODEN DECK BRUSH HANDLE",,,,,,0 / 0,2.00,0.00 ,4.40 ,7.49 ,14.98 ,
WEST,,WEST,BRU-6154,,"54"" WOODEN BRUSH HANDLE THREADED",,,,,,0 / 0,2.00,0.00 ,5.10 ,8.49 ,16.98 ,
WEST,,WEST,BSS-1001,,"W/P INLET-.31"""" CABLE          """,,,,,,0 / 0,2.00,35.10 ,18.92 ,35.10 ,70.20 ,
WEST,,WEST,BSS-1015,,12V PLUG & DASH SOCKET KIT,,,,,,0 / 0,0.00,36.41 ,19.62 ,36.41 ,0.00 ,
WEST,,WEST,BSS-1016,,12VDC SCKT DUAL USB OUTPUT 2.1,,,,,,0 / 0,1.00,45.86 ,24.71 ,45.86 ,45.86 ,
WEST,,WEST,BSS-1045,,12/24V 4.8A 2USB SOCKET CHARG,,,,,,0 / 0,0.00,86.61 ,46.67 ,86.61 ,0.00 ,
WEST,,WEST,BSS-1830,,MONITOR M2 OLED DC SOC,,,,,,0 / 0,1.00,0.00 ,350.09 ,609.99 ,609.99 ,
WEST,,WEST,BSS-1838,,MONITOR M2 OLED AC MULTIMETER,,,,,,0 / 0,1.00,0.00 ,369.98 ,629.99 ,629.99 ,
WEST,,WEST,BSS-1990,,"POWERBAR1000 8X3/8""""STUD W/CVR """,,,,,,0 / 0,1.00,0.00 ,186.05 ,309.99 ,309.99 ,
WEST,,WEST,BSS-1991,,"POWERBAR1000 12X3/8""""STUD W/CVR""",,,,,,0 / 0,1.00,0.00 ,232.61 ,399.99 ,399.99 ,
WEST,,WEST,BSS-2003,,"POWER POST 3/8""""LUGS           """,,,,,,0 / 0,2.00,24.72 ,14.00 ,24.72 ,49.44 ,
WEST,,WEST,BSS-2011,,"POWER POST 1/4""""LUGS           """,,,,,,0 / 0,2.00,0.00 ,9.19 ,15.99 ,31.98 ,
WEST,,WEST,BSS-2104,,"MAXIBAR 4 3/8"""" STUD TERMINALS """,,,,,,0 / 0,0.00,204.69 ,110.31 ,204.69 ,0.00 ,
WEST,,WEST,BSS-2129,,PUSH BUTTON CIRC. BREAKER 3A,,,,,,0 / 0,0.00,9.92 ,5.35 ,9.92 ,0.00 ,
WEST,,WEST,BSS-2130,,PUSH BUTTON CIRC. BREAKER 5A,,,,,,0 / 0,2.00,0.00 ,8.14 ,13.99 ,27.98 ,
WEST,,WEST,BSS-2132,,PUSH BUTTON CIRC. BREAKER 10A,,,,,,0 / 0,1.00,9.92 ,5.35 ,9.92 ,9.92 ,
WEST,,WEST,BSS-2142,,PUSH BUTTON BREAKER 50A,,,,,,0 / 0,2.00,0.00 ,57.97 ,97.99 ,195.98 ,
WEST,,WEST,BSS-2301,,10-GANG BUSBAR,,,,,,0 / 0,0.00,31.90 ,17.19 ,31.90 ,0.00 ,
WEST,,WEST,BSS-2302,,20-GANG BUSBAR,,,,,,0 / 0,0.00,49.57 ,26.71 ,49.57 ,0.00 ,
WEST,,WEST,BSS-2304,,MINIBUS 5/#8-32 SCREW,,,,,,0 / 0,0.00,23.90 ,13.54 ,23.90 ,0.00 ,
WEST,,WEST,BSS-2307,,"4-GANG BUSBAR 1/4""""STUD W/COVER",,,,,,0 / 0,4.00,0.00 ,27.62 ,46.00 ,184.00 ,
WEST,,WEST,BSS-2504,,TERMINAL BLOCK 30A/4G,,,,,,0 / 0,2.00,11.14 ,7.30 ,11.14 ,22.28 ,
WEST,,WEST,BSS-2508,,TERMINAL BLOCK 30A/8G,,,,,,0 / 0,0.00,18.07 ,11.82 ,18.07 ,0.00 ,
WEST,,WEST,BSS-2510,,TERMINAL BLOCK 30A/10G,,,,,,0 / 0,0.00,20.47 ,13.42 ,20.47 ,0.00 ,
WEST,,WEST,BSS-2604,,TERMINAL BLOCK 65A/4G,,,,,,0 / 0,1.00,0.00 ,14.29 ,24.49 ,24.49 ,
WEST,,WEST,BSS-2610,,TERMINAL BLOCK 65A/10G,,,,,,0 / 0,1.00,0.00 ,31.15 ,52.00 ,52.00 ,
WEST,,WEST,BSS-2708,,COVER FOR #2104,,,,,,0 / 0,4.00,0.00 ,26.85 ,47.99 ,191.96 ,
WEST,,WEST,BSS-2709,,COVER FOR #2101,,,,,,0 / 0,3.00,0.00 ,15.55 ,25.99 ,77.97 ,
WEST,,WEST,BSS-2710,,COVER FOR #2702,,,,,,0 / 0,1.00,28.44 ,15.33 ,28.44 ,28.44 ,
WEST,,WEST,BSS-2713,,COVER FOR #2304/2305,,,,,,0 / 0,2.00,6.65 ,3.58 ,6.65 ,13.30 ,
WEST,,WEST,BSS-2715,,COVER FOR #2301/2303,,,,,,0 / 0,3.00,0.00 ,4.44 ,7.99 ,23.97 ,
WEST,,WEST,BSS-2716,,COVER FOR #2302,,,,,,0 / 0,2.00,12.29 ,6.62 ,12.29 ,24.58 ,
WEST,,WEST,BSS-4135,,CLEAR WATERPROOF BOOT (2/PKG),,,,,,0 / 0,6.00,0.00 ,4.99 ,8.99 ,53.94 ,
WEST,,WEST,BSS-4137,,W/P PUSH BUTTON CB BOOT(2/PKG),,,,,,0 / 0,1.00,0.00 ,4.99 ,8.99 ,8.99 ,
WEST,,WEST,BSS-4155,,WD SWITCH DPDT ON/OFF/ON,,,,,,0 / 0,0.00,28.76 ,15.50 ,28.76 ,0.00 ,
WEST,,WEST,BSS-4376,,W/R DC PANEL 6POS GRY,,,,,,0 / 0,0.00,256.29 ,138.12 ,256.29 ,0.00 ,
WEST,,WEST,BSS-5005,,ANL FUSE BLOCK 300A W/COVER,,,,,,0 / 0,2.00,0.00 ,32.67 ,55.99 ,111.98 ,
WEST,,WEST,BSS-5015,,AGC FUSE BLOCK 6-CIR.W/GROUND,,,,,,0 / 0,0.00,77.40 ,41.71 ,77.40 ,0.00 ,
WEST,,WEST,BSS-5022,,PANEL MOUNT CAP FUSE HOLDER,,,,,,0 / 0,8.00,0.00 ,5.86 ,9.99 ,79.92 ,
WEST,,WEST,BSS-5025,,ATO FUSE BLOCK 6-CIR.W/GROUND,,,,,,0 / 0,1.00,83.75 ,47.45 ,83.75 ,83.75 ,
WEST,,WEST,BSS-5026,,ATO FUSE BLOCK 12-CIR.W/GROUND,,,,,,0 / 0,0.00,104.79 ,56.47 ,104.79 ,0.00 ,
WEST,,WEST,BSS-5028,,ATO FUSE BLOCK 6-CIRCUIT,,,,,,0 / 0,4.00,73.23 ,40.91 ,73.23 ,292.92 ,
WEST,,WEST,BSS-5037,,FUSE BLOCK STBLADE 6CIRC IND,,,,,,0 / 0,1.00,68.02 ,36.66 ,68.02 ,68.02 ,
WEST,,WEST,BSS-5045,,FUSEBLK COMPACT ST BLADE 4CIRC,,,,,,0 / 0,0.00,53.59 ,28.88 ,53.59 ,0.00 ,
WEST,,WEST,BSS-5052,,CIRC BREAK BLOCK 6CIRC W/GRND,,,,,,0 / 0,1.00,0.00 ,74.29 ,124.99 ,124.99 ,
WEST,,WEST,BSS-5061,,SWITCH,,,,,,0 / 0,0.00,22.20 ,1.00 ,22.30 ,0.00 ,
WEST,,WEST,BSS-5063,,FUSE HOLDER INLINE AGC/MDL,,,,,,0 / 0,6.00,6.56 ,5.35 ,6.56 ,39.36 ,
WEST,,WEST,BSS-5064,,FUSE HOLDER INLINE ATO/ATC,,,,,,0 / 0,0.00,6.43 ,3.46 ,6.43 ,0.00 ,
WEST,,WEST,BSS-5065,,W/P FUSE HOLDER ATO/ATC,,,,,,0 / 0,2.00,13.98 ,7.53 ,13.98 ,27.96 ,
WEST,,WEST,BSS-5068,,FUSE HOLDER MAXI 30-80A INLINE,,,4,,,0 / 0,4.00,0.00 ,29.51 ,49.99 ,199.96 ,
WEST,,WEST,BSS-5105,,MEGA-FUSE 200-AMP VDC,,,,,,0 / 0,0.00,18.00 ,9.70 ,18.00 ,0.00 ,
WEST,,WEST,BSS-5114,,CLASS T FUSE 150-AMP,,,,,,0 / 0,1.00,0.00 ,63.04 ,107.99 ,107.99 ,
WEST,,WEST,BSS-5118,,CLASS T FUSE 250-AMP,,,,,,0 / 0,1.00,0.00 ,68.78 ,115.99 ,115.99 ,
WEST,,WEST,BSS-5121,,CLASS T FUSE 400-AMP,,,,,,0 / 0,1.00,0.00 ,68.78 ,114.99 ,114.99 ,
WEST,,WEST,BSS-5129,,ANL FUSE 200-AMP VDC,,,,,,0 / 0,0.00,38.44 ,20.72 ,38.44 ,0.00 ,
WEST,,WEST,BSS-5133,,ANL FUSE 300-AMP VDC,,,,,,0 / 0,0.00,47.03 ,25.34 ,47.03 ,0.00 ,
WEST,,WEST,BSS-5137,,ANL FUSE 500-AMP VDC,,,,,,0 / 0,0.00,47.03 ,25.34 ,47.03 ,0.00 ,
WEST,,WEST,BSS-5139,,MAXI FUSE 40-AMP,,,,,,0 / 0,0.00,10.39 ,5.60 ,10.39 ,0.00 ,
WEST,,WEST,BSS-5140,,MAXI FUSE 50-AMP,,,,,,0 / 0,5.00,10.39 ,5.60 ,10.39 ,51.95 ,
WEST,,WEST,BSS-5165,,FUSE ANL 40-AMP,,,,,,0 / 0,1.00,38.44 ,24.39 ,38.44 ,38.44 ,
WEST,,WEST,BSS-5181,,TERMINAL FUSE 80AMP,,,,,,0 / 0,0.00,29.34 ,15.81 ,29.34 ,0.00 ,
WEST,,WEST,BSS-5185,,TERMINAL FUSE 150-AMP,,,,,,0 / 0,2.00,0.00 ,17.81 ,31.00 ,62.00 ,
WEST,,WEST,BSS-5187,,TERMINAL FUSE 200-AMP,,,,,,0 / 0,11.00,0.00 ,17.81 ,31.00 ,341.00 ,
WEST,,WEST,BSS-5201,,AGC FUSE 0.25A (5PK),,,,,,0 / 0,3.00,0.00 ,3.85 ,6.85 ,20.55 ,
WEST,,WEST,BSS-5202,,AGC FUSE 0.50A (5PK),,,,,,0 / 0,4.00,0.00 ,3.85 ,6.85 ,27.40 ,
WEST,,WEST,BSS-5204,,AGC FUSE 1A (5PK),,,,,,0 / 0,2.00,0.00 ,3.85 ,6.85 ,13.70 ,
WEST,,WEST,BSS-5205,,AGC FUSE 1.50A (5PK),,,,,,0 / 0,5.00,0.00 ,3.85 ,6.85 ,34.25 ,
WEST,,WEST,BSS-5206,,AGC FUSE 2A (5PK),,,,,,0 / 0,4.00,0.00 ,3.85 ,6.85 ,27.40 ,
WEST,,WEST,BSS-5208,,AGC FUSE 3A (5 PACK),,,,,,0 / 0,4.00,0.00 ,3.85 ,6.85 ,27.40 ,
WEST,,WEST,BSS-5208100,,AGC FUSE 3A (25 PACK),,,,,,0 / 0,1.00,0.00 ,12.03 ,20.49 ,20.49 ,
WEST,,WEST,BSS-5213,,AGC FUSE 7.50A (5PK),,,,,,0 / 0,6.00,0.00 ,3.85 ,6.85 ,41.10 ,
WEST,,WEST,BSS-5215,,AGC FUSE 10A (5PK),,,,,,0 / 0,5.00,3.42 ,3.85 ,3.42 ,17.10 ,
WEST,,WEST,BSS-5217,,AGC FUSE 15A (5PK),,,,,,0 / 0,6.00,3.42 ,3.85 ,3.42 ,20.52 ,
WEST,,WEST,BSS-5219,,AGC FUSE 25A (5PK),,,,,,0 / 0,3.00,0.00 ,3.85 ,6.85 ,20.55 ,
WEST,,WEST,BSS-5220,,AGC FUSE 30A (5PK),,,,,,0 / 0,6.00,3.42 ,3.96 ,3.42 ,20.52 ,
WEST,,WEST,BSS-5235,,ATO/ATC FUSE 1AMP,,,,,,0 / 0,5.00,0.00 ,3.23 ,5.49 ,27.45 ,
WEST,,WEST,BSS-5236,,ATO/ATC FUSE 2AMP,,,,,,0 / 0,5.00,0.00 ,2.75 ,5.00 ,25.00 ,
WEST,,WEST,BSS-5238,,ATO/ATC FUSE 4AMP,,,,,,0 / 0,2.00,0.00 ,2.74 ,5.00 ,10.00 ,
WEST,,WEST,BSS-5239,,ATO/ATC FUSE 5AMP,,,,,,0 / 0,4.00,0.00 ,2.74 ,5.00 ,20.00 ,
WEST,,WEST,BSS-5241,,ATO/ATC FUSE 10AMP,,,,,,0 / 0,0.00,3.21 ,1.73 ,3.21 ,0.00 ,
WEST,,WEST,BSS-5242,,ATO/ATC FUSE 15AMP,,,,,,0 / 0,0.00,3.21 ,1.73 ,3.21 ,0.00 ,
WEST,,WEST,BSS-5243,,ATO/ATC FUSE 20AMP,,,,,,0 / 0,0.00,3.21 ,1.73 ,3.21 ,0.00 ,
WEST,,WEST,BSS-5244,,ATO/ATC FUSE 25AMP,,,,,,0 / 0,2.00,5.00 ,2.74 ,5.00 ,10.00 ,
WEST,,WEST,BSS-5245,,ATO/ATC FUSE 30AMP,,,,,,0 / 0,0.00,3.21 ,1.73 ,3.21 ,0.00 ,
WEST,,WEST,BSS-5255,,MIDI FUSE 80-AMP (2/PKG),,,,,,0 / 0,3.00,0.00 ,7.46 ,12.49 ,37.47 ,
WEST,,WEST,BSS-5256,,MIDI FUSE 100-AMP (2/PKG),,,,,,0 / 0,3.00,12.29 ,7.46 ,12.29 ,36.87 ,
WEST,,WEST,BSS-5502,,"CLASS""""T""""FUSE BLOCK 225-400AMP """,,,,,,0 / 0,0.00,97.96 ,52.79 ,97.96 ,0.00 ,
WEST,,WEST,BSS-6004,,BAT SWTCH M-SER 2POS LOCK 30A,,,,,,0 / 0,2.00,0.00 ,34.28 ,59.99 ,119.98 ,
WEST,,WEST,BSS-6007,,BAT SWITCH 4POS 300A,,,,,,0 / 0,1.00,0.00 ,41.85 ,72.99 ,72.99 ,
WEST,,WEST,BSS-7054,,PUSH-BUTTON BREAKER 10A,,,,,,0 / 0,0.00,9.57 ,5.16 ,9.57 ,0.00 ,
WEST,,WEST,BSS-7056,,PUSH-BUTTON BREAKER 15A,,,,,,0 / 0,2.00,9.57 ,5.16 ,9.57 ,19.14 ,
WEST,,WEST,BSS-7057,,PUSH-BUTTON BREAKER 20A,,,,,,0 / 0,2.00,9.57 ,5.16 ,9.57 ,19.14 ,
WEST,,WEST,BSS-7059,,PUSH-BUTTON BREAKER 30A,,,,,,0 / 0,2.00,0.00 ,6.61 ,11.49 ,22.98 ,
WEST,,WEST,BSS-7135,,SURF/MT BREAKER 25A,,,,,,0 / 0,0.00,146.41 ,78.90 ,146.41 ,0.00 ,
WEST,,WEST,BSS-7136,,SURF/MT BREAKER 30A,,,,,,0 / 0,2.00,0.00 ,99.39 ,164.99 ,329.98 ,
WEST,,WEST,BSS-7140,,SURF/MT BREAKER 60A,,,,,,0 / 0,0.00,146.41 ,78.90 ,146.41 ,0.00 ,
WEST,,WEST,BSS-7142,,SURF/MT BREAKER 80A,,,,,,0 / 0,1.00,0.00 ,99.39 ,169.99 ,169.99 ,
WEST,,WEST,BSS-7148,,SURF/MT BREAKER 150A,,,,,,0 / 0,0.00,146.41 ,78.90 ,146.41 ,0.00 ,
WEST,,WEST,BSS-7149,,SURF/MT BREAKER 200A,,,,,,0 / 0,1.00,191.88 ,103.41 ,191.88 ,191.88 ,
WEST,,WEST,BSS-7200,,TOGGLE BREAKER SP 5A BLK,,,,,,0 / 0,0.00,30.14 ,16.24 ,30.14 ,0.00 ,
WEST,,WEST,BSS-7206,,TOGGLE BREAKER SP 10A WHT,,,,,,0 / 0,0.00,30.14 ,16.24 ,30.14 ,0.00 ,
WEST,,WEST,BSS-7210,,TOGGLE BREAKER SP 15A WHT,,,,,,0 / 0,1.00,0.00 ,22.50 ,38.49 ,38.49 ,
WEST,,WEST,BSS-7214,,TOGGLE BREAKER SP 20A WHT,,,,,,0 / 0,-1.00,30.14 ,22.92 ,30.14 ,0.00 ,
WEST,,WEST,BSS-7237,,TOGGLE BREAKER DP 30A BLK,,,,,,0 / 0,0.00,69.54 ,37.48 ,69.54 ,0.00 ,
WEST,,WEST,BSS-7242,,TOGGLE BREAKER DP 50A WHT,,,,,,0 / 0,1.00,0.00 ,51.94 ,86.99 ,86.99 ,
WEST,,WEST,BSS-7246,,TOGGLE BREAKER SP 60A WHT,,,,,,0 / 0,0.00,75.10 ,40.47 ,75.10 ,0.00 ,
WEST,,WEST,BSS-7365,,TOGGLE BREAKER DP 30A WHT,,,,,,0 / 0,1.00,180.69 ,97.38 ,180.69 ,180.69 ,
WEST,,WEST,BSS-7404,,ROCKER BREAKER SP 20A BLK,,,,,,0 / 0,0.00,38.01 ,20.48 ,38.01 ,0.00 ,
WEST,,WEST,BSS-7414,,CIRCUIT BREAKER FLAT ROCKR 30A,,,,,,0 / 0,2.00,0.00 ,55.68 ,93.49 ,186.98 ,
WEST,,WEST,BSS-7417,,CIRCUIT BREAKER FLATROCKER 50A,,,,,,0 / 0,1.00,87.04 ,46.91 ,87.04 ,87.04 ,
WEST,,WEST,BSS-7508,,25-AMP 12V DIGITAL DIMMER W/SW,,,,,,0 / 0,2.00,0.00 ,91.69 ,159.99 ,319.98 ,
WEST,,WEST,BSS-7532,,CHARGER 12V 40A3BK,,,,,,0 / 0,0.00,"1,272.45 ",908.89 ,"1,272.45 ",0.00 ,
WEST,,WEST,BSS-7549,,ROCKER BREAKER SP 100A BLK,,,,,,0 / 0,1.00,64.03 ,47.80 ,64.03 ,64.03 ,
WEST,,WEST,BSS-7611,,SOLENOID BATTERYLINK 120A ACR,,,,,,0 / 0,0.00,205.86 ,110.94 ,205.86 ,0.00 ,
WEST,,WEST,BSS-7622,,SOLENOID ML 500A 12V ACR W/MC,,,,,,0 / 0,0.00,470.84 ,253.75 ,470.84 ,0.00 ,
WEST,,WEST,BSS-7700,,12V ML-SER.SOLENOID W/MAN.CTRL,,,,,,0 / 0,3.00,0.00 ,247.96 ,419.99 ,"1,259.97 ",
WEST,,WEST,BSS-7929,,SWITCH SPST OFF-ON BLK W/RED,,,,,,0 / 0,6.00,0.00 ,17.68 ,31.00 ,186.00 ,
WEST,,WEST,BSS-7931,,CONTURA 2 SWTCH SPDT ON/OFF/ON,,,,,,0 / 0,4.00,0.00 ,19.03 ,32.99 ,131.96 ,
WEST,,WEST,BSS-7935,,SWITCH CONTURA2 DPST OFF-(ON),,,,,,0 / 0,1.00,0.00 ,19.15 ,32.49 ,32.49 ,
WEST,,WEST,BSS-7936,,SWITCH CONT2 DPDT ON-OFF-ON BK,,,,,,0 / 0,0.00,33.68 ,18.15 ,33.68 ,0.00 ,
WEST,,WEST,BSS-7937,,SWTCH CONTURA2 DPDT(ON)-OFF-ON,,,,,,0 / 0,1.00,0.00 ,23.52 ,38.99 ,38.99 ,
WEST,,WEST,BSS-8030,,DC BASIC LABEL SET (30),,,,,,0 / 0,1.00,17.47 ,9.41 ,17.47 ,17.47 ,
WEST,,WEST,BSS-8033,,"LED IND.LIGHT AMBER 11/64""""12V """,,,,,,0 / 0,2.00,5.58 ,3.39 ,5.58 ,11.16 ,
WEST,,WEST,BSS-8059,,AC PANEL 8POS C/W 5 BREAKERS,,,,,,0 / 0,0.00,467.05 ,264.64 ,467.05 ,0.00 ,
WEST,,WEST,BSS-8086,,20/AC-20/DC CIRCUIT PANEL,,,,,,0 / 0,0.00,"3,328.64 ","1,793.88 ","3,328.64 ",0.00 ,
WEST,,WEST,BSS-8166,,"LED IND.LIGHT RED 11/64""""230V  """,,,,,,0 / 0,4.00,6.71 ,3.62 ,6.71 ,26.84 ,
WEST,,WEST,BSS-8171,,"LED IND.LIGHT RED 11/64""""12V   """,,,,,,0 / 0,3.00,5.58 ,3.39 ,5.58 ,16.74 ,
WEST,,WEST,BSS-8172,,"LED IND.LIGHT GREEN 11/64""""12V """,,,,,,0 / 0,7.00,5.58 ,3.39 ,5.58 ,39.06 ,
WEST,,WEST,BSS-8214,,DC WATERPROOF LABEL KIT,,,,,,0 / 0,0.00,17.65 ,9.51 ,17.65 ,0.00 ,
WEST,,WEST,BSS-8256,,DIGITAL AC AMMETER COIL,,,,,,0 / 0,0.00,48.45 ,26.11 ,48.45 ,0.00 ,
WEST,,WEST,BSS-8260,,CONTURA 6 POS MNTING PANEL BLA,,,,,,0 / 0,0.00,22.81 ,12.29 ,22.81 ,0.00 ,
WEST,,WEST,BSS-8263,,W/P DC BILGE SWITCH PANEL BLK,,,,,,0 / 0,1.00,0.00 ,60.32 ,99.99 ,99.99 ,
WEST,,WEST,BSS-8266,,CONTURA SWITCH C.MOUNT PANEL,,,,,,0 / 0,4.00,5.54 ,3.14 ,5.54 ,22.16 ,
WEST,,WEST,BSS-8267,,V-SERIES END BRACKET BLACK,,,,,,0 / 0,4.00,5.54 ,3.14 ,5.54 ,22.16 ,
WEST,,WEST,BSS-8268,,CONTURA SINGLE MNTING BRKT,,,,,,0 / 0,0.00,6.00 ,3.23 ,6.00 ,0.00 ,
WEST,,WEST,BSS-8278,,CONTURA SWITCH PLUG BLK,,,,,,0 / 0,0.00,6.00 ,3.23 ,6.00 ,0.00 ,
WEST,,WEST,BSS-8282,,SWITCH SPST OFF-ON BLK,,,,,,0 / 0,1.00,0.00 ,16.25 ,28.99 ,28.99 ,
WEST,,WEST,BSS-8285,,SWITCH SPDT ON-OFF-ON BLK,,,,,,0 / 0,1.00,0.00 ,18.76 ,32.99 ,32.99 ,
WEST,,WEST,BSS-8286,,SWITCH DPDT ON-OFF-ON BLK,,,,,,0 / 0,1.00,33.68 ,18.15 ,33.68 ,33.68 ,
WEST,,WEST,BSS-8289,,SWITCH DPDT (ON)-OFF-ON BLK,,,,,,0 / 0,1.00,0.00 ,24.29 ,41.99 ,41.99 ,
WEST,,WEST,BSS-8292,,SWITCH SPST OFF-(ON) BLK,,,,,,0 / 0,1.00,0.00 ,14.66 ,25.49 ,25.49 ,
WEST,,WEST,BSS-8294,,CONTURA ACTUATOR BLACK,,,,,,0 / 0,1.00,3.86 ,2.08 ,3.86 ,3.86 ,
WEST,,WEST,BSS-8296,,"CONTURA ACTUATOR,BLACK NO LENS""",,,,,,0 / 0,2.00,0.00 ,5.62 ,9.49 ,18.98 ,
WEST,,WEST,BSS-9001E,,BAT SWITCH 4POS 350A,,,,,,0 / 0,1.00,0.00 ,50.34 ,86.99 ,86.99 ,
WEST,,WEST,BSS-9003E,,BAT SWITCH 2POS 350A,,,,,,0 / 0,1.00,0.00 ,47.07 ,83.99 ,83.99 ,
WEST,,WEST,BSS-9012,,"SOLENOID SWITCH, L-SERIES",,,,,,0 / 0,0.00,430.09 ,231.79 ,430.09 ,0.00 ,
WEST,,WEST,BSS-9160,,LINK BUS-ML,,,,,,0 / 0,0.00,29.76 ,16.04 ,29.76 ,0.00 ,
WEST,,WEST,BSS-9217,,JUMPER TERMINAL 2500-SER(5/PK),,,,,,0 / 0,1.00,7.40 ,4.14 ,7.40 ,7.40 ,
WEST,,WEST,BSS-9218,,JUMPER TERMINAL 2400-SER(5/PK),,,,,,0 / 0,2.00,7.40 ,4.14 ,7.40 ,14.80 ,
WEST,,WEST,BUC-70TBC1000SS,,"S/S T-BOLT CLAMP(9.80-10.08"""") """,,,,,,0 / 0,0.00,21.14 ,11.39 ,21.14 ,0.00 ,
WEST,,WEST,BUC-70TBC1088SS,,"S/S T-BOLT CLAMP(10.43-11.00"""")""",,,,,,0 / 0,6.00,21.68 ,11.68 ,21.68 ,130.08 ,
WEST,,WEST,BUC-70TBC700SS,,"S/S T-BOLT CLAMP(6.80-7.08"""")  """,,,,,,0 / 0,3.00,17.92 ,12.32 ,17.92 ,53.76 ,
WEST,,WEST,BUC-70TBC750SS,,"S/S T-BOLT CLAMP(7.30-7.58"""")  """,,,,,,0 / 0,5.00,18.10 ,12.44 ,18.10 ,90.50 ,
WEST,,WEST,BUC-BBV-100LP,,BALL VLV 1 BRZ,,,,,,0 / 0,4.00,103.99 ,56.04 ,103.99 ,415.96 ,
WEST,,WEST,BUC-BBV-125LP,,BALL VLV 1-1/4 BRZ,,,,,,0 / 0,1.00,172.66 ,75.18 ,172.66 ,172.66 ,
WEST,,WEST,BUC-BBV-25FSS,,BALL VLV 1/4 SS,,,,,,0 / 0,2.00,47.18 ,25.42 ,47.18 ,94.36 ,
WEST,,WEST,BUC-BBV-75LP,,BALL VLV 3/4 BRZ,,,,,,0 / 0,5.00,79.64 ,44.50 ,79.64 ,398.20 ,
WEST,,WEST,BUC-HN-100,,PIPE/HOSE ADAPT 1 BRZ,,,,,,0 / 0,4.00,20.93 ,12.76 ,20.93 ,83.72 ,
WEST,,WEST,BUC-HN-200,,PIPE/HOSE ADAPT 2 BRZ,,,,,,0 / 0,2.00,68.99 ,37.18 ,68.99 ,137.98 ,
WEST,,WEST,BUC-HN-200-E,,PIPE-HOS ADAPTR 2 90*,,,,,,0 / 0,2.00,268.82 ,144.87 ,268.82 ,537.64 ,
WEST,,WEST,BUC-HN-250,,PIPE/HOSE ADAPT 2-1/2 BRZ,,,,,,0 / 0,2.00,162.32 ,87.48 ,162.32 ,324.64 ,
WEST,,WEST,BUC-HN-250-E,,PIPE/HOSE ADAPT 2-1/2 90*BRZ,,,,,,0 / 0,2.00,377.10 ,203.23 ,377.10 ,754.20 ,
WEST,,WEST,BUC-HN-75,,PIPE/HOSE ADAPT 3/4 BRZ,,,,,,0 / 0,4.00,17.00 ,7.30 ,17.00 ,68.00 ,
WEST,,WEST,BUC-HN-75-E,,PIPE-HOSE ADAP 3/4 90*BRZ,,,,,,0 / 0,4.00,57.70 ,31.09 ,57.70 ,230.80 ,
WEST,,WEST,BUC-HN-75100,,PIPE/HOS ADAPTR 3/4X1,,,,,,0 / 0,6.00,49.23 ,24.91 ,46.23 ,277.38 ,
WEST,,WEST,BUC-PSK200,,"2"""" PROP SHAFT KIT             """,,,,,,0 / 0,2.00,124.82 ,48.18 ,124.82 ,249.64 ,
WEST,,WEST,BUC-SS-1100,,SCOOP STRNR 11X7-1/2 SS,,,,,,0 / 0,0.00,397.06 ,225.00 ,397.06 ,0.00 ,
WEST,,WEST,SED-415082-1,,"H.D.BATTERY BOX STRAP-48""""     """,,,,,,0 / 0,1.00,24.26 ,10.92 ,24.26 ,24.26 ,
WEST,,WEST,SED-415210-1,,BATTERY TERMINAL SET(WING NUT),,,,,,0 / 0,2.00,19.82 ,8.92 ,19.82 ,39.64 ,
WEST,,WEST,SED-420101-1,,TOGGLE ON-OFF 15A,,,,,,0 / 0,1.00,12.10 ,5.56 ,12.10 ,12.10 ,
WEST,,WEST,SED-420102-1,,TOGGLE (ON)-OFF 15A,,,,,,0 / 0,1.00,13.84 ,6.23 ,13.84 ,13.84 ,
WEST,,WEST,SED-420103,,TOGGLE ON-OFF-ON 15A,,,,,,0 / 0,2.00,13.84 ,6.23 ,13.84 ,27.68 ,
WEST,,WEST,SED-420103-1,,TOGGLE ON-OFF-ON 15A,,,,,,0 / 0,4.00,16.52 ,7.43 ,16.52 ,66.08 ,
WEST,,WEST,SED-420104-1,,TOGGLE (ON)-OFF-(ON) 15A,,,,,,0 / 0,2.00,17.46 ,7.86 ,17.46 ,34.92 ,
WEST,,WEST,SED-420109-1,,TOGGLE (ON)-OFF-(ON) 15A,,,,,,0 / 0,3.00,14.50 ,6.52 ,14.50 ,43.50 ,
WEST,,WEST,SED-420241-1,,ROCKER SWITCH ON-OFF,,,,,,0 / 0,4.00,11.78 ,5.30 ,11.78 ,47.12 ,
WEST,,WEST,SED-420243-1,,ROCKER SWITCH ON-OFF-ON,,,,,,0 / 0,1.00,16.14 ,7.26 ,16.14 ,16.14 ,
WEST,,WEST,SED-420251-1,,ROCKER SWITCH ILLUM ON-OFF,,,,,,0 / 0,3.00,13.30 ,5.98 ,13.30 ,39.90 ,
WEST,,WEST,SED-420253-1,,ROCKER SWITCH ILLUM ON-OFF-ON,,,,,,0 / 0,2.00,19.24 ,8.66 ,19.24 ,38.48 ,
WEST,,WEST,SED-420350-1,,ING SWITCH 3POS BRASS,,,,,,0 / 0,1.00,52.96 ,23.83 ,52.96 ,52.96 ,
WEST,,WEST,SED-420365-1,,IGN SWITCH 3POS POLY W/CAP,,,,,,0 / 0,1.00,33.66 ,15.15 ,33.66 ,33.66 ,
WEST,,WEST,SED-420379-1,,IGN SWITCH 4POS POLY,,,,,,0 / 0,2.00,36.34 ,16.35 ,36.34 ,72.68 ,
WEST,,WEST,SED-420396-1,,PUSH BUTTON ON-OFF 15A W/R,,,,,,0 / 0,1.00,45.78 ,20.60 ,45.78 ,45.78 ,
WEST,,WEST,SED-420410-1,,PUSH-PULL OFF-ON1-ON1&2 15A,,,,,,0 / 0,6.00,0.00 ,18.44 ,38.99 ,233.94 ,
WEST,,WEST,SED-420416-1,,PUSH BUTTON OFF-(ON)15A BLACK,,,,,,0 / 0,1.00,12.82 ,5.77 ,12.82 ,12.82 ,
WEST,,WEST,SED-420420-1,,PUSH BUTTON OFF-(ON) 15A,,,,,,0 / 0,2.00,0.00 ,16.98 ,28.99 ,57.98 ,
WEST,,WEST,SED-420430-1,,FOOT SWITCH OFF-(ON) 25A,,,,,,0 / 0,0.00,80.84 ,36.38 ,80.84 ,0.00 ,
WEST,,WEST,SED-420441-1,,ILLUM.ROCKER SWITCH ON-OFF,,,,,,0 / 0,2.00,8.78 ,4.18 ,8.78 ,17.56 ,
WEST,,WEST,SED-420495-1,,7 KEY LANYARD,,,,,,0 / 0,2.00,17.18 ,7.73 ,17.18 ,34.36 ,
WEST,,WEST,SED-420496-1,,KILL SWITCH 10KEY UNIV LANYARD,,,,,,0 / 0,0.00,30.08 ,13.54 ,30.08 ,0.00 ,
WEST,,WEST,SED-420501-1,,REPL.FUSE HOLDR-SQUARE,,,,,,0 / 0,3.00,8.78 ,3.95 ,8.78 ,26.34 ,
WEST,,WEST,SED-420503-1,,AGC 15A PANEL MOUNT FUSE HLDR,,,,,,0 / 0,3.00,7.08 ,3.19 ,7.08 ,21.24 ,
WEST,,WEST,SED-420544-1,,AGC 4-GANG FUSE/TERM BLOCK,,,,,,0 / 0,4.00,33.66 ,15.15 ,33.66 ,134.64 ,
WEST,,WEST,SED-420553-1,,AGC W/P 15A INLINE FUSE HOLDER,,,,,,0 / 0,4.00,18.22 ,9.76 ,18.22 ,72.88 ,
WEST,,WEST,SED-420554-1,,AGC W/P 20A INLINE FUSE HOLDER,,,,,,0 / 0,2.00,19.60 ,8.82 ,19.60 ,39.20 ,
WEST,,WEST,SED-420555-1,,AGC W/P 30A INLINE FUSE HLDR,,,,,,0 / 0,3.00,23.12 ,10.40 ,23.12 ,69.36 ,
WEST,,WEST,SED-420810-1,,PUSH BUTTON BREAKER 10A,,,,,,0 / 0,2.00,9.30 ,4.18 ,9.30 ,18.60 ,
WEST,,WEST,SED-420830-1,,PUSH BUTTON BREAKER 30A,,,,,,0 / 0,3.00,10.30 ,4.63 ,10.30 ,30.90 ,
WEST,,WEST,SED-420839-1,,SPLASH GUARD BOOT,,,,,,0 / 0,5.00,7.78 ,3.50 ,7.78 ,38.90 ,
WEST,,WEST,SED-420842-1,,RESETTABLE BREAKER-20A,,,,,,0 / 0,2.00,17.46 ,7.86 ,17.46 ,34.92 ,
WEST,,WEST,SED-420844-1,,RESETTABLE BREAKER-40A,,,,,,0 / 0,2.00,17.46 ,7.86 ,17.46 ,34.92 ,
WEST,,WEST,SED-423035-1,,BILGE WATER ALARM PANEL,,,,,,0 / 0,1.00,76.02 ,34.21 ,76.02 ,76.02 ,
WEST,,WEST,SED-426053-1,,S/S POWER SOCKET+CAP 12V,,,,,,0 / 0,1.00,30.96 ,13.93 ,30.96 ,30.96 ,
WEST,,WEST,SED-426116-1,,12V PWR SOCKET & PLUG,,,,,,0 / 0,2.00,21.54 ,9.69 ,21.54 ,43.08 ,
WEST,,WEST,SED-426142-1,,CHR.12-V CABLE OUTLET,,,,,,0 / 0,1.00,28.94 ,13.02 ,28.94 ,28.94 ,
WEST,,WEST,SED-426262-1,,2-PIN 3A CONNECT CHR BRASS,,,,,,0 / 0,1.00,35.04 ,15.77 ,35.04 ,35.04 ,
WEST,,WEST,SED-426264-1,,CHR.4-PIN ELEC.CONNECT,,,,,,0 / 0,0.00,43.80 ,20.14 ,43.80 ,0.00 ,
WEST,,WEST,SED-426450-1,,POWER SOCKET W/BATTERY CLIPS,,,,,,0 / 0,1.00,22.20 ,9.99 ,22.20 ,22.20 ,
WEST,,WEST,SED-426510-1,,RND DUAL USB3 USBC POWR SOCKET,,,,,,0 / 0,1.00,32.30 ,15.07 ,32.30 ,32.30 ,
WEST,,WEST,SED-426535-1,,OVL SURF MNT USB3/C PWR SOCKET,,,,,,0 / 0,2.00,0.00 ,27.88 ,47.99 ,95.98 ,
WEST,,WEST,SED-426710-1,,BUSS BAR 5-GANG,,,,,,0 / 0,1.00,30.04 ,13.52 ,30.04 ,30.04 ,
WEST,,WEST,SED-426711-1,,BUSS BAR BRASS TIN TERMINALS,,,,,,0 / 0,4.00,0.00 ,16.00 ,31.99 ,127.96 ,
WEST,,WEST,SED-431110-1,,S/S MINI-COMPACT HORN-SINGLE,,,,,,0 / 0,0.00,56.56 ,25.45 ,56.56 ,0.00 ,
WEST,,WEST,SED-431230-1,,F/M MINI-CMPACT HORN W/2 GRILL,,,,,,0 / 0,1.00,70.06 ,31.53 ,70.06 ,70.06 ,
WEST,,WEST,SED-431250-1,,FLUSH MT MINI COMPACT HORN III,,,,,,0 / 0,1.00,71.40 ,32.13 ,71.40 ,71.40 ,
WEST,,WEST,SED-431610-1,,S/S CMPACT TRUMPET HORN-SINGLE,,,,,,0 / 0,1.00,132.08 ,59.44 ,132.08 ,132.08 ,
WEST,,WEST,SED-445197-1,,INLIN FUSEHLDR AT0/ATC-30A/LED,,,,,,0 / 0,2.00,14.50 ,6.52 ,14.50 ,29.00 ,
WEST,,WEST,SED-445198-1,,INLINE FUSEHOLDER AT0/ATC-30A,,,,,,0 / 0,2.00,9.64 ,4.63 ,9.64 ,19.28 ,
WEST,,WEST,SED-445199-1,,ATO 20A INLINE FUSE HOLDER,,,,,,0 / 0,3.00,8.78 ,4.06 ,8.78 ,26.34 ,
WEST,,WEST,SED-491080-1,,BOATHOOK 3 SIDE BRUSH MEDM/YEL,,,,,,0 / 0,2.00,0.00 ,16.63 ,29.99 ,59.98 ,
WEST,,WEST,SED-491090-1,,BOATHOOK 3 SIDE BRUSH STIF/WHT,,,,,,0 / 0,2.00,0.00 ,21.76 ,39.99 ,79.98 ,
WEST,,WEST,SED-491135-1,,S/S BOAT HOOK CLIP     (2/CRD),,,,,,0 / 0,2.00,7.82 ,3.52 ,7.82 ,15.64 ,
WEST,,WEST,SED-491145-1,,RUBBER POLE STORAGE CLIP(2/CRD,,,,,,0 / 0,2.00,13.50 ,6.07 ,13.50 ,27.00 ,
WEST,,WEST,SED-491240-1,,S/S RING BOUY BRACKET,,,,,,0 / 0,3.00,17.46 ,7.86 ,17.46 ,52.38 ,
WEST,,WEST,SED-492211-1,,"CHR.FLAG POLE SKT-3/4""""        """,,,,,,0 / 0,1.00,29.70 ,13.36 ,29.70 ,29.70 ,
WEST,,WEST,SED-492212-1,,"CHR.FLAG POLE SKT-1""""          """,,,,,,0 / 0,2.00,36.40 ,16.38 ,36.40 ,72.80 ,
WEST,,WEST,SED-512220-1,,CHR.BRASS WASH DOWN FAUCET,,,,,,0 / 0,1.00,51.16 ,23.02 ,51.16 ,51.16 ,
WEST,,WEST,SED-517525-1,,"S/S 2""""SINK DRAIN WITH STRAINER""",,,,,,0 / 0,3.00,13.14 ,5.91 ,13.14 ,39.42 ,
WEST,,WEST,SED-520040,,BRONZE GARBOARD PLUG,,,,,,0 / 0,1.00,24.22 ,10.90 ,24.22 ,24.22 ,
WEST,,WEST,SED-520040-1,,BRONZE GARBOARD PLUG,,,,,,0 / 0,2.00,26.88 ,12.55 ,26.88 ,53.76 ,
WEST,,WEST,SED-520041-1,,BRZ.REPLACE.PLUG FOR #520040,,,,,,0 / 0,4.00,12.74 ,5.96 ,12.74 ,50.96 ,
WEST,,WEST,SED-520045-1,,PLUGMATE GARBOARD WRENCH,,,,,,0 / 0,1.00,21.54 ,9.69 ,21.54 ,21.54 ,
WEST,,WEST,SED-520047-1,,BRZ.REPLACEMENT PLUG W/HANDLE,,,,,,0 / 0,0.00,30.96 ,15.08 ,30.96 ,0.00 ,
WEST,,WEST,SED-520051-1,,REPL. DRAIN PLUG F/520050/55,,,,,,0 / 0,0.00,6.26 ,2.82 ,6.26 ,0.00 ,
WEST,,WEST,SED-520092-1,,"BRASS BAITWELL PLUG 1/2""""(2/CD)""",,,,,,0 / 0,1.00,10.64 ,4.79 ,10.64 ,10.64 ,
WEST,,WEST,SED-520094,,"BRASS BAITWELL PLUG 3/4""""      """,,,,,,0 / 0,1.00,4.58 ,2.06 ,4.58 ,4.58 ,
WEST,,WEST,SED-520095-1,,"BRASS BAITWELL PLUG 7/8""""(2/CD)""",,,,,,0 / 0,3.00,12.56 ,5.65 ,12.56 ,37.68 ,
WEST,,WEST,SED-520210-1,,BRASS DRAIN TUBE 1-7/8,,,,,,0 / 0,2.00,8.44 ,3.80 ,8.44 ,16.88 ,
WEST,,WEST,SED-520220-1,,BRASS DRAIN TUBE 2-3/8,,,,,,0 / 0,2.00,8.78 ,3.95 ,8.78 ,17.56 ,
WEST,,WEST,SED-520230-1,,BRASS DRAIN TUBE 2-7/8,,,,,,0 / 0,1.00,9.80 ,4.41 ,9.80 ,9.80 ,
WEST,,WEST,SED-520500-1,,NYLON SCUPPER VALVE,,,,,,0 / 0,2.00,6.76 ,3.95 ,6.76 ,13.52 ,
WEST,,WEST,SED-521550-1,,INBOARD MOTOR FLUSH,,,,,,0 / 0,3.00,34.82 ,16.24 ,34.82 ,104.46 ,
WEST,,WEST,SED-580411-1,,CHR.ZINC OARLOCK HORN  (2/PKG),,,,,,0 / 0,1.00,30.96 ,13.93 ,30.96 ,30.96 ,
WEST,,WEST,SED-580412-1,,CHR.ZINC OARLOCK HORN RIBBED,,,,,,0 / 0,1.00,29.34 ,13.20 ,29.34 ,29.34 ,
WEST,,WEST,SED-580450-1,,CHR.ZINC OARLOCK SOCKET,,,,,,0 / 0,1.00,21.92 ,9.86 ,21.92 ,21.92 ,
WEST,,WEST,SED-580451-1,,CHR.ZINC OARLOCK SOCKET,,,,,,0 / 0,2.00,27.98 ,12.59 ,27.98 ,55.96 ,
WEST,,WEST,SED-580870-1,,"GALV.OARLOCK HORN-2""""          """,,,,,,0 / 0,2.00,0.00 ,6.36 ,10.99 ,21.98 ,
WEST,,WEST,SED-580880-1,,GALV.TOP MOUNT OARLOCK SOCKET,,,,,,0 / 0,2.00,16.52 ,7.43 ,16.52 ,33.04 ,
WEST,,WEST,SED-582502-1,,POLY.4-STEP FOLDING LADDER,,,,,,0 / 0,2.00,102.42 ,47.78 ,102.42 ,204.84 ,
WEST,,WEST,SED-588010,,BLK.ABS F/M DRINK HLDR,,,,,,0 / 0,2.00,2.22 ,1.30 ,2.22 ,4.44 ,
WEST,,WEST,SED-588011,,WHT.ABS F/M DRINK HLDR,,,,,,0 / 0,2.00,3.04 ,1.37 ,3.04 ,6.08 ,
WEST,,WEST,SED-588220-1,,ADJ.FOLDING DRINK HOLDER-BLACK,,,,,,0 / 0,2.00,13.66 ,6.56 ,13.66 ,27.32 ,
WEST,,WEST,SED-588221-1,,ADJ.FOLDING DRINK HOLDER-WHITE,,,,,,0 / 0,3.00,13.66 ,6.15 ,13.66 ,40.98 ,
WEST,,WEST,SED-671100-1,,NYLON GEAR HAMMOCK,,,,,,0 / 0,1.00,19.56 ,8.80 ,19.56 ,19.56 ,
WEST,,WEST,SED-671460,,S/S HAMMOCK HOOK,,,,,,0 / 0,1.00,2.14 ,0.96 ,2.14 ,2.14 ,
WEST,,WEST,SED-671460-1,,S/S HAMMOCK HOOK,,,,,,0 / 0,1.00,6.34 ,2.85 ,6.34 ,6.34 ,
WEST,,WEST,SED-751010-1,,PLATED COUPLER LOCKING PIN,,,,,,0 / 0,1.00,6.54 ,2.94 ,6.54 ,6.54 ,
WEST,,WEST,SED-751011-1,,GALV COUPLER LOCKING PIN,,,,,,0 / 0,0.00,6.68 ,3.01 ,6.68 ,0.00 ,
WEST,,WEST,SED-751030-1,,BRASS PLTD.COUPLER LOCK 2-PCS,,,,,,0 / 0,1.00,22.26 ,10.02 ,22.26 ,22.26 ,
WEST,,WEST,SED-DB-1/2X20-NV,,BRD NVY DOCKLINE (302112020NV),,,,,,0 / 0,0.00,39.31 ,23.53 ,39.31 ,0.00 ,
WEST,,WEST,SED133896-1,,SNAP HOOK SEADOG,,,,,,0 / 0,1.00,0.00 ,2.06 ,3.74 ,3.74 ,
WEST,,WEST,SHA-3187,,S/S RATCHET ANTENNA MOUNT,,,,,,0 / 0,0.00,102.92 ,55.47 ,102.92 ,0.00 ,
WEST,,WEST,SHA-5187,,S/S RATCHET ANTENNA MOUNT,,,,,,0 / 0,0.00,139.08 ,74.95 ,139.08 ,0.00 ,
WEST,,WEST,SHA-5230,,14'GALAXY VHF 8DB 2PC. ANTENNA,,,,,,0 / 0,1.00,"1,096.12 ",590.72 ,"1,096.12 ","1,096.12 ",
WEST,,WEST,SHA-5250,,3' 3DB SKINNY MINI S/S WHIP,,,,,,0 / 0,2.00,158.35 ,91.18 ,158.35 ,316.70 ,
WEST,,WEST,SHA-5396-AIS,,4'GALAXY 3DB AIS ANTENNA,,,,,,0 / 0,1.00,454.22 ,244.79 ,454.22 ,454.22 ,
WEST,,WEST,SHA-PL258-G,,GOLD PLT.BARREL CONNECTOR,,,,,,0 / 0,5.00,25.99 ,14.59 ,25.99 ,129.95 ,
WEST,,WEST,SHA-PL259-8XG,,GOLD PLT.PL-259 FOR RG-8X,,,,,,0 / 0,2.00,24.01 ,12.94 ,24.01 ,48.02 ,
WEST,,WEST,SHA-PL259-G,,GOLD PLT.PL-259 CONNECTOR,,,,,,0 / 0,4.00,25.99 ,14.59 ,25.99 ,103.96 ,
WEST,,WEST,SHA-PL259CP-G,,GOLD PLTD CENTERPIN PL-259,,,,,,0 / 0,2.00,28.77 ,15.51 ,28.77 ,57.54 ,
WEST,,WEST,SHI-135-0126B,,"H.D.HEATER HOSE 1/2""""X50'      """,,,,,,0 / 0,1.00,146.36 ,78.88 ,146.36 ,146.36 ,
WEST,,WEST,SHI-144-1006,,"SUPER PVC SANITATION 1""""X50'   """,,,,,,0 / 0,0.80,429.79 ,231.62 ,429.79 ,343.83 ,
WEST,,WEST,SHI-148-0586,,"ULTRAVAC SANI.HOSE 5/8""""X50'   """,,,,,,0 / 0,1.00,189.44 ,102.10 ,189.44 ,189.44 ,
WEST,,WEST,SHI-148-1,,ULTRAVAC SANITATION HOSE,,,,,,0 / 0,6.00,5.93 ,3.19 ,5.93 ,35.58 ,
WEST,,WEST,SHI-162-0346,,"PVC-RED TRACER 3/4""""X50'       """,,,,,,0 / 0,20.00,170.76 ,92.02 ,170.76 ,"3,415.20 ",
WEST,,WEST,SHI-162-0586,,"PVC-RED TRACER 5/8""""X50'       """,,,,,,0 / 0,20.00,134.20 ,72.32 ,134.20 ,"2,684.00 ",
WEST,,WEST,SHI-250-1-1/2,,H/W MARINE EXHAUST/WATER HOSE,,,,,,0 / 0,0.00,19.27 ,10.39 ,19.27 ,0.00 ,
WEST,,WEST,SHI-254-1-1/2,,EXOFLEX EXHAUST HOSE,,,,,,0 / 0,0.00,30.41 ,16.39 ,30.41 ,0.00 ,
WEST,,WEST,SHI-365-0386,,"HOSE FIRE-ACOL 3/8""""X50'R/O CTN""",,,,,,0 / 0,0.00,303.47 ,163.55 ,303.47 ,0.00 ,
WEST,,WEST,SHI-420-3,,BLACK H.D.VINYL BLOWER HOSE,,,,,,0 / 0,20.00,4.06 ,2.19 ,4.06 ,81.20 ,
WEST,,WEST,SHI-420-4,,BLACK H.D.VINYL BLOWER HOSE,,,,,,0 / 0,0.00,6.26 ,3.37 ,6.26 ,0.00 ,
WEST,,WEST,SHR-4158-153-E75,,12V 5GPM AQUAKING II SUPREME,,,,,,0 / 0,0.00,831.74 ,448.24 ,831.74 ,0.00 ,
WEST,,WEST,SHR-SPDW-1/2B,,"1/2""""X4'BLACK DUAL WALL SHRINK """,,,,,,0 / 0,0.00,10.59 ,5.71 ,10.59 ,0.00 ,
WEST,,WEST,SHR-SPDW-1/2R,,"1/2""""X4' RED DUAL WALL SHRINK  """,,,,,,0 / 0,0.00,10.59 ,5.71 ,10.59 ,0.00 ,
WEST,,WEST,SHR-SPDW-3/4B,,"3/4""""X4'BLACK DUAL WALL SHRINK",,,,,,0 / 0,0.00,17.55 ,9.46 ,17.55 ,0.00 ,
WEST,,WEST,SHR-SPDW-3/4R,,"3/4""""X4' RED DUAL WALL SHRINK",,,,,,0 / 0,0.00,21.94 ,11.83 ,21.94 ,0.00 ,
WEST,,WEST,SHU-1710,,SYNTHETIC LAMBSWOOL COVER,,,,,,0 / 0,2.00,24.80 ,13.36 ,24.80 ,49.60 ,
WEST,,WEST,SHU-1710C,,SWIVEL PAD COMBINATION,,,,,,0 / 0,2.00,0.00 ,35.91 ,65.99 ,131.98 ,
WEST,,WEST,SHU-293,,MICROFIBER TOWELS VARIETY 3-PK,,,,,,0 / 0,4.00,38.23 ,20.23 ,38.23 ,152.92 ,
WEST,,WEST,SHU-3151,,BUFF MAGIC COMPOUNDING PAD-2PK,,,,,,0 / 0,1.00,44.44 ,23.95 ,44.44 ,44.44 ,
WEST,,WEST,SHU-3152,,"PRO POLISH PAD 6-1/2"""" 2-PK    """,,,,,,0 / 0,1.00,44.44 ,23.95 ,44.44 ,44.44 ,
WEST,,WEST,SHU-3154,,"BUFF MAGIC FOAM PAD 6.5""""(2/PK)""",,,,,,0 / 0,0.00,43.57 ,23.48 ,43.57 ,0.00 ,
WEST,,WEST,SHU-740,,"ALUM.FIXED LENGTH HANDLE 40""""  """,,,,,,0 / 0,2.00,29.94 ,16.14 ,29.94 ,59.88 ,
WEST,,WEST,SHU-760,,"ALUM.FIXED LENGTH HANDLE 60""""  """,,,,,,0 / 0,1.00,39.50 ,21.28 ,39.50 ,39.50 ,
WEST,,WEST,SHU-833,,"ALUM.EXT.HANDLE 43""""-72""""       """,,,,,,0 / 0,1.00,65.33 ,35.21 ,65.33 ,65.33 ,
WEST,,WEST,SHU-855,,"ALUM.EXT.HANDLE 63""""-108""""      """,,,,,,0 / 0,0.00,80.13 ,43.18 ,80.13 ,0.00 ,
WEST,,WEST,SHU-950,,EXTRA STIFF WHITE POLY.BRUSH,,,,,,0 / 0,0.00,55.59 ,29.96 ,55.59 ,0.00 ,
WEST,,WEST,SHU-955,,MEDIUM STIFF YELLOW POLY.BRUSH,,,,,,0 / 0,0.00,55.59 ,29.96 ,55.59 ,0.00 ,
WEST,,WEST,SHU-965,,"6""""SOFT/MEDIUM COMBO BRUSH     """,,,,,,0 / 0,1.00,64.91 ,34.98 ,64.91 ,64.91 ,
WEST,,WEST,SHU-970,,EXTRA SOFT BLUE NYLON BRUSH,,,,,,0 / 0,2.00,64.91 ,45.93 ,64.91 ,129.82 ,
WEST,,WEST,SHU-980,,SOFT YELLOW POLY.BRUSH,,,,,,0 / 0,0.00,74.25 ,40.01 ,74.25 ,0.00 ,
WEST,,WEST,SIE-18-0305-1,,GASKET,,,,,,0 / 0,5.00,15.65 ,9.48 ,15.65 ,78.25 ,
WEST,,WEST,SIE-18-0309-1,,GASKET,,,,,,0 / 0,0.00,15.11 ,9.41 ,15.11 ,0.00 ,
WEST,,WEST,SIE-18-0353,,GASKET             (AP-370),,,,,,0 / 0,0.00,8.78 ,4.75 ,8.78 ,0.00 ,
WEST,,WEST,SIE-18-0549,,RUBBER CAP         (AP-1643),,,,,,0 / 0,2.00,19.19 ,10.37 ,19.19 ,38.38 ,
WEST,,WEST,SIE-18-0550,,RUBBER CAP         (AP-1644),,,,,,0 / 0,3.00,17.62 ,9.52 ,17.62 ,52.86 ,
WEST,,WEST,SIE-18-0943-2,,GASKET,,,,,,0 / 0,0.00,11.44 ,6.85 ,11.44 ,0.00 ,
WEST,,WEST,SIE-18-0943-2-9,,"GASKET, EXHAUST ELBOW (2/PKG) """,,,,,,0 / 0,2.00,26.19 ,14.15 ,26.19 ,52.38 ,
WEST,,WEST,SIE-18-0975-9,,GASKET (2/PKG),,,,,,0 / 0,1.00,9.72 ,7.66 ,9.72 ,9.72 ,
WEST,,WEST,SIE-18-1908K,,RISER KIT,,,,,,0 / 0,0.00,693.83 ,374.88 ,693.83 ,0.00 ,
WEST,,WEST,SIE-18-1917,,BLOCK OFF MANIFOLD PLATE,,,,,,0 / 0,6.00,35.49 ,20.85 ,35.49 ,212.94 ,
WEST,,WEST,SIE-18-1927,,RISER,,,,,,0 / 0,0.00,405.49 ,240.56 ,405.49 ,0.00 ,
WEST,,WEST,SIE-18-1953-2,,MANIFOLD,,,,,,0 / 0,0.00,391.58 ,211.57 ,391.58 ,0.00 ,
WEST,,WEST,SIE-18-1976-2,,MANIFOLD ELBOW,,,,,,0 / 0,0.00,301.80 ,163.06 ,301.80 ,0.00 ,
WEST,,WEST,SIE-18-1977-1,,THERMOSTAT COVER   (AP-5009),,,,,,0 / 0,0.00,114.68 ,61.96 ,114.68 ,0.00 ,
WEST,,WEST,SIE-18-1997-1,,MANIFOLD,,,,,,0 / 0,2.00,541.97 ,292.82 ,541.97 ,"1,083.94 ",
WEST,,WEST,SIE-18-2003,,SEAL               (AP-3808),,,,,,0 / 0,1.00,32.73 ,17.69 ,32.73 ,32.73 ,
WEST,,WEST,SIE-18-2014,,SEAL               (AP-171),,,,,,0 / 0,1.00,25.48 ,13.77 ,25.48 ,25.48 ,
WEST,,WEST,SIE-18-2051,,SEAL               (AP-281),,,,,,0 / 0,1.00,19.44 ,10.50 ,19.44 ,19.44 ,
WEST,,WEST,SIE-18-2052,,SEAL               (AP-282),,,,,,0 / 0,1.00,22.60 ,12.21 ,22.60 ,22.60 ,
WEST,,WEST,SIE-18-2062,,SEAL               (AP-026),,,,,,0 / 0,1.00,13.89 ,7.51 ,13.89 ,13.89 ,
WEST,,WEST,SIE-18-2116,,TRIM HOSE          (AP-700),,,,,,0 / 0,2.00,79.91 ,43.18 ,79.91 ,159.82 ,
WEST,,WEST,SIE-18-2161,,SHIFT ARM          (AP-1358),,,,,,0 / 0,6.00,54.73 ,29.57 ,54.73 ,328.38 ,
WEST,,WEST,SIE-18-2174,,U-JOINT            (AP-1821),,,,,,0 / 0,1.00,93.67 ,50.61 ,93.67 ,93.67 ,
WEST,,WEST,SIE-18-2587,,PWR.STEERING COOLER (AP-2740),,,,,,0 / 0,0.00,405.53 ,219.11 ,405.53 ,0.00 ,
WEST,,WEST,SIE-18-2588,,OIL COOLER          (AP-2289),,,,,,0 / 0,3.00,502.87 ,304.36 ,502.87 ,"1,508.61 ",
WEST,,WEST,SIE-18-2613,,GASKET KIT         (AP-475),,,,,,0 / 0,2.00,8.58 ,5.15 ,8.58 ,17.16 ,
WEST,,WEST,SIE-18-2699,,OUTDRIVE MTG.KIT   (AP-2376),,,,,,0 / 0,2.00,7.93 ,4.67 ,7.93 ,15.86 ,
WEST,,WEST,SIE-18-2748,,BELLOWS            (AP-1520),,,,,,0 / 0,1.00,63.81 ,34.48 ,63.81 ,63.81 ,
WEST,,WEST,SIE-18-2753-2,,SHIFT CABLE BELLOWS,,,,,,0 / 0,1.00,26.14 ,14.12 ,26.14 ,26.14 ,
WEST,,WEST,SIE-18-2764,,BELLOW             (AP-1999),,,,,,0 / 0,0.00,59.77 ,32.29 ,59.77 ,0.00 ,
WEST,,WEST,SIE-18-2765,,BELLOW             (AP-1998),,,,,,0 / 0,1.00,78.29 ,42.30 ,78.29 ,78.29 ,
WEST,,WEST,SIE-18-2777,,HOSE CONNECTER     (AP-5013),,,,,,0 / 0,1.00,91.75 ,49.57 ,91.75 ,91.75 ,
WEST,,WEST,SIE-18-2918,,GASKET             (AP-472),,,,,,0 / 0,2.00,8.32 ,4.49 ,8.32 ,16.64 ,
WEST,,WEST,SIE-18-2949-9,,GASKET-GRAPHTD ASB.(2/PKG),,,,,,0 / 0,1.00,50.87 ,27.48 ,50.87 ,50.87 ,
WEST,,WEST,SIE-18-3016-1,,IMPELLER KIT,,,,,,0 / 0,1.00,51.82 ,28.00 ,51.82 ,51.82 ,
WEST,,WEST,SIE-18-3056,,IMPELLER           (AP-1814),,,,,,0 / 0,1.00,37.66 ,20.35 ,37.66 ,37.66 ,
WEST,,WEST,SIE-18-3065,,IMPELLER           (AP-2174),,,,,,0 / 0,2.00,38.79 ,23.02 ,38.79 ,77.58 ,
WEST,,WEST,SIE-18-3068,,IMPELLER           (AP-2009),,,,,,0 / 0,1.00,45.07 ,24.35 ,45.07 ,45.07 ,
WEST,,WEST,SIE-18-3077,,IMPELLER KIT       (AP-1933),,,,,,0 / 0,1.00,84.12 ,45.45 ,84.12 ,84.12 ,
WEST,,WEST,SIE-18-3086,,IMPELLER           (AP-007),,,,,,0 / 0,1.00,59.39 ,32.09 ,59.39 ,59.39 ,
WEST,,WEST,SIE-18-3106,,WATER PUMP COUPLER,,,,,,0 / 0,1.00,22.60 ,12.21 ,22.60 ,22.60 ,
WEST,,WEST,SIE-18-3150,,WATER PUMP KIT     (AP-13159),,,,,,0 / 0,2.00,152.40 ,82.34 ,152.40 ,304.80 ,
WEST,,WEST,SIE-18-3205,,WATER PUMP KIT,,,,,,0 / 0,1.00,242.63 ,131.10 ,242.63 ,242.63 ,
WEST,,WEST,SIE-18-3380,,WATER PUMP KIT,,,,,,0 / 0,1.00,99.16 ,53.58 ,99.16 ,99.16 ,
WEST,,WEST,SIE-18-3390,,WATER PUMP KIT,,,,,,0 / 0,1.00,106.46 ,57.52 ,106.46 ,106.46 ,
WEST,,WEST,SIE-18-3412,,WATER PUMP KIT W/HOUSING,,,,,,0 / 0,0.00,100.90 ,54.52 ,100.90 ,0.00 ,
WEST,,WEST,SIE-18-3469,,WATER PUMP KIT,,,,,,0 / 0,0.00,363.56 ,214.36 ,363.56 ,0.00 ,
WEST,,WEST,SIE-18-3549,,THERMOSTAT 120*    (AP-3149),,,,,,0 / 0,1.00,39.06 ,21.10 ,39.06 ,39.06 ,
WEST,,WEST,SIE-18-3552,,THERMOSTAT,,,,,,0 / 0,1.00,35.29 ,21.38 ,35.29 ,35.29 ,
WEST,,WEST,SIE-18-3575,,WATER PUMP KIT,,,,,,0 / 0,1.00,217.57 ,71.58 ,217.57 ,217.57 ,
WEST,,WEST,SIE-18-3577-2,,WATER PUMP,,,,,,0 / 0,0.00,337.32 ,203.17 ,337.32 ,0.00 ,
WEST,,WEST,SIE-18-3586-1,,WATER PUMP,,,,,,0 / 0,0.00,595.61 ,321.81 ,595.61 ,0.00 ,
WEST,,WEST,SIE-18-3599-2,,WATER PUMP,,,,,,0 / 0,1.00,218.87 ,118.26 ,218.87 ,218.87 ,
WEST,,WEST,SIE-18-36001,,SEA WATER PUMP,,,,,,0 / 0,0.00,824.93 ,445.71 ,824.93 ,0.00 ,
WEST,,WEST,SIE-18-3601,,HOSE               (AP-1054),,,,,,0 / 0,5.00,19.05 ,10.30 ,19.05 ,95.25 ,
WEST,,WEST,SIE-18-3602,,HOSE               (AP-1053),,,,,,0 / 0,5.00,20.44 ,11.04 ,20.44 ,102.20 ,
WEST,,WEST,SIE-18-4008,,PLATE              (AP-5008),,,,,,0 / 0,0.00,23.40 ,12.64 ,23.40 ,0.00 ,
WEST,,WEST,SIE-18-43017,,THERMOSTAT F/INDMAR S985009,,,,,,0 / 0,1.00,41.47 ,22.40 ,41.47 ,41.47 ,
WEST,,WEST,SIE-18-4364,,MOUNTING KIT,,,,,,0 / 0,0.00,27.00 ,16.27 ,27.00 ,0.00 ,
WEST,,WEST,SIE-18-4527,,WATER PUMP REPAIR KIT W/HOUSIG,,,,,,0 / 0,0.00,108.18 ,58.45 ,108.18 ,0.00 ,
WEST,,WEST,SIE-18-4911,,STARTER ROPE (200'),,,,,,0 / 0,25.00,0.80 ,0.43 ,0.80 ,20.00 ,
WEST,,WEST,SIE-18-4913,,STARTER ROPE (200'),,,,,,0 / 0,22.00,0.80 ,0.43 ,0.80 ,17.60 ,
WEST,,WEST,SIE-18-4914,,STARTER ROPE (200'),,,,,,0 / 0,24.00,0.80 ,0.43 ,0.80 ,19.20 ,
WEST,,WEST,SIE-18-5107-1,,IGNITION MODULE,,,,,,0 / 0,0.00,214.01 ,115.63 ,214.01 ,0.00 ,
WEST,,WEST,SIE-18-5108,,SENSOR (P/U COIL)   (AP-13350),,,,,,0 / 0,0.00,50.83 ,30.16 ,50.83 ,0.00 ,
WEST,,WEST,SIE-18-5244,,CAP/ROTOR KIT,,,,,,0 / 0,1.00,26.88 ,1.00 ,26.88 ,26.88 ,
WEST,,WEST,SIE-18-5256,,DIST.TUNE-UP KIT   (AP-1007),,,,,,0 / 0,2.00,63.53 ,34.32 ,63.53 ,127.06 ,
WEST,,WEST,SIE-18-5277,,COMPLETE TUNE-UP KIT (AP-3080),,,,,,0 / 0,1.00,104.51 ,62.68 ,104.51 ,104.51 ,
WEST,,WEST,SIE-18-5288-1,,ELECTRONIC CONVERSION KIT,,,,,,0 / 0,0.00,756.59 ,444.64 ,756.59 ,0.00 ,
WEST,,WEST,SIE-18-5303,,POINTS             (AP-865),,,,,,0 / 0,5.00,18.59 ,10.04 ,18.59 ,92.95 ,
WEST,,WEST,SIE-18-5311,,POINTS             (AP-2810),,,,,,0 / 0,1.00,19.92 ,10.76 ,19.92 ,19.92 ,
WEST,,WEST,SIE-18-5345,,CONDENSER          (AP-2807),,,,,,0 / 0,3.00,10.50 ,5.68 ,10.50 ,31.50 ,
WEST,,WEST,SIE-18-5352,,CAP                (AP-1088),,,,,,0 / 0,2.00,47.38 ,28.73 ,47.38 ,94.76 ,
WEST,,WEST,SIE-18-5353,,CAP                (AP-870),,,,,,0 / 0,1.00,62.93 ,37.38 ,62.93 ,62.93 ,
WEST,,WEST,SIE-18-5375,,CAP                (AP-868),,,,,,0 / 0,0.00,111.36 ,60.17 ,111.36 ,0.00 ,
WEST,,WEST,SIE-18-5376,,HI-PERF.DISTR.CAP  (AP-3125),,,,,,0 / 0,2.00,54.07 ,29.22 ,54.07 ,108.14 ,
WEST,,WEST,SIE-18-5403,,ROTOR,,,,,,0 / 0,1.00,13.06 ,8.01 ,13.06 ,13.06 ,
WEST,,WEST,SIE-18-5404-1,,ROTOR              (AP-2863),,,,,,0 / 0,4.00,13.91 ,7.52 ,13.91 ,55.64 ,
WEST,,WEST,SIE-18-5407,,ROTOR              (AP-866),,,,,,0 / 0,4.00,19.56 ,10.57 ,19.56 ,78.24 ,
WEST,,WEST,SIE-18-5408,,ROTOR              (AP-3065),,,,,,0 / 0,1.00,13.63 ,7.36 ,13.63 ,13.63 ,
WEST,,WEST,SIE-18-5411,,ROTOR,,,,,,0 / 0,1.00,18.85 ,10.19 ,18.85 ,18.85 ,
WEST,,WEST,SIE-18-5425,,ROTOR,,,,,,0 / 0,2.00,29.58 ,18.38 ,29.58 ,59.16 ,
WEST,,WEST,SIE-18-5428,,ROTOR              (AP-882),,,,,,0 / 0,1.00,24.45 ,13.21 ,24.45 ,24.45 ,
WEST,,WEST,SIE-18-5432,,ROTOR&TRIGGER WHEEL(AP-2296),,,,,,0 / 0,3.00,20.02 ,10.82 ,20.02 ,60.06 ,
WEST,,WEST,SIE-18-5433,,SERVICE COIL,,,,,,0 / 0,2.00,80.94 ,43.73 ,80.94 ,161.88 ,
WEST,,WEST,SIE-18-5436,,SERVICE COIL,,,,,,0 / 0,1.00,106.13 ,64.32 ,106.13 ,106.13 ,
WEST,,WEST,SIE-18-5450,,RESISTOR FOR COIL,,,,,,0 / 0,0.00,29.58 ,15.98 ,29.58 ,0.00 ,
WEST,,WEST,SIE-18-5619,,O/B STARTER,,,,,,0 / 0,0.00,295.79 ,174.72 ,295.79 ,0.00 ,
WEST,,WEST,SIE-18-5704,,RELAY              (AP-598),,,,,,0 / 0,1.00,31.30 ,16.91 ,31.30 ,31.30 ,
WEST,,WEST,SIE-18-5705,,RELAY              (AP-1561),,,,,,0 / 0,1.00,34.77 ,18.79 ,34.77 ,34.77 ,
WEST,,WEST,SIE-18-5851,,"RELAY, SHROUDED",,,,,,0 / 0,1.00,53.97 ,29.16 ,53.97 ,53.97 ,
WEST,,WEST,SIE-18-5882,,ALTERNATOR 75A 12V SERPENTINE,,,,,,0 / 0,1.00,513.74 ,277.57 ,513.74 ,513.74 ,
WEST,,WEST,SIE-18-5897,,"TEMP.SENDER 3/8""""       (26661)""",,,,,,0 / 0,1.00,49.47 ,26.73 ,49.47 ,49.47 ,
WEST,,WEST,SIE-18-5907,,STARTER,,,,,,0 / 0,0.00,461.15 ,249.16 ,461.15 ,0.00 ,
WEST,,WEST,SIE-18-5908,,STARTER,,,,,,0 / 0,1.00,469.90 ,253.89 ,469.90 ,469.90 ,
WEST,,WEST,SIE-18-5913-1,,STARTER,,,,,,0 / 0,0.00,386.67 ,230.36 ,386.67 ,0.00 ,
WEST,,WEST,SIE-18-5920,,STARTER,,,,,,0 / 0,1.00,268.99 ,141.01 ,268.99 ,268.99 ,
WEST,,WEST,SIE-18-6779,,TILT/TRIM MOTOR,,,,,,0 / 0,1.00,336.25 ,181.68 ,336.25 ,336.25 ,
WEST,,WEST,SIE-18-6950,,POWER TILT FUSE 50-AMP,,,,,,0 / 0,2.00,10.34 ,5.59 ,10.34 ,20.68 ,
WEST,,WEST,SIE-18-6951,,POWER TILT FUSE 30-AMP,,,,,,0 / 0,0.00,12.71 ,6.87 ,12.71 ,0.00 ,
WEST,,WEST,SIE-18-7086,,CARB REBUILD KIT   (AP-3683),,,,,,0 / 0,0.00,76.50 ,43.46 ,76.50 ,0.00 ,
WEST,,WEST,SIE-18-70930,,HOSE               (AP-1522),,,,,,0 / 0,1.00,49.40 ,26.69 ,49.40 ,49.40 ,
WEST,,WEST,SIE-18-70931,,HOSE               (AP-1529),,,,,,0 / 0,1.00,52.22 ,28.21 ,52.22 ,52.22 ,
WEST,,WEST,SIE-18-7142,,O-RING,,,,,,0 / 0,5.00,1.27 ,0.69 ,1.27 ,6.35 ,
WEST,,WEST,SIE-18-7152,,SEAL               (AP-201),,,,,,0 / 0,1.00,4.14 ,2.24 ,4.14 ,4.14 ,
WEST,,WEST,SIE-18-7170,,0-RING             (AP-208),,,,,,0 / 0,2.00,2.79 ,1.51 ,2.79 ,5.58 ,
WEST,,WEST,SIE-18-7267,,FUEL PUMP          (AP-1816),,,,,,0 / 0,1.00,285.79 ,167.13 ,285.79 ,285.79 ,
WEST,,WEST,SIE-18-7268,,FUEL PUMP,,,,,,0 / 0,2.00,331.21 ,178.95 ,331.21 ,662.42 ,
WEST,,WEST,SIE-18-7270,,FUEL PUMP,,,,,,0 / 0,0.00,498.66 ,269.43 ,498.66 ,0.00 ,
WEST,,WEST,SIE-18-7278,,FUEL PUMP          (AP-1815),,,,,,0 / 0,1.00,435.42 ,235.26 ,435.42 ,435.42 ,
WEST,,WEST,SIE-18-7281,,FUEL PUMP           (AP-13480),,,,,,0 / 0,0.00,241.10 ,136.97 ,241.10 ,0.00 ,
WEST,,WEST,SIE-18-7282,,FUEL PUMP          (AP-1838),,,,,,0 / 0,0.00,269.67 ,145.70 ,269.67 ,0.00 ,
WEST,,WEST,SIE-18-7326,,FUEL PUMP ELECTRIC,,,,,,0 / 0,0.00,511.32 ,276.27 ,511.32 ,0.00 ,
WEST,,WEST,SIE-18-7333,,FUEL PUMP,,,,,,0 / 0,1.00,377.64 ,204.04 ,377.64 ,377.64 ,
WEST,,WEST,SIE-18-7775-1,,FUEL WATER SEPERATOR KIT,,,,,,0 / 0,0.00,87.09 ,47.05 ,87.09 ,0.00 ,
WEST,,WEST,SIE-18-7789,,FILTER 21 MIC VOLVO/COBRA,,,,,,0 / 0,1.00,15.61 ,8.44 ,15.61 ,15.61 ,
WEST,,WEST,SIE-18-7845,,FUEL FILTER 21MIC LONG,,,,,,0 / 0,10.00,16.48 ,11.58 ,16.48 ,164.80 ,
WEST,,WEST,SIE-18-7846,,FUEL FILTER 21 MIC (AP-6040),,,,,,0 / 0,2.00,20.98 ,11.33 ,20.98 ,41.96 ,
WEST,,WEST,SIE-18-7848-1,,FUEL FILTER        (AP-6012),,,,,,0 / 0,3.00,77.00 ,41.61 ,77.00 ,231.00 ,
WEST,,WEST,SIE-18-7862,,FUEL FILTER        (AP-1647),,,,,,0 / 0,6.00,23.46 ,13.33 ,23.46 ,140.76 ,
WEST,,WEST,SIE-18-7866,,FUEL FILTER 10 MIC (AP-1647),,,,,,0 / 0,0.00,28.44 ,15.37 ,28.44 ,0.00 ,
WEST,,WEST,SIE-18-7891,,OIL DRAIN KIT      (AP-1801),,,,,,0 / 0,2.00,142.47 ,76.98 ,142.47 ,284.94 ,
WEST,,WEST,SIE-18-7911-1,,OIL FILTER,,,,,,0 / 0,1.00,15.45 ,8.35 ,15.45 ,15.45 ,
WEST,,WEST,SIE-18-7913,,OIL FILTER,,,,,,0 / 0,0.00,14.25 ,8.10 ,14.25 ,0.00 ,
WEST,,WEST,SIE-18-7914,,OIL FILTER,,,,,,0 / 0,0.00,12.78 ,7.91 ,12.78 ,0.00 ,
WEST,,WEST,SIE-18-7915-1,,OIL FILTER,,,,,,0 / 0,1.00,15.11 ,8.17 ,15.11 ,15.11 ,
WEST,,WEST,SIE-18-7919,,FUEL WATER SEPERATOR FILTER,,,,,,0 / 0,0.00,43.67 ,24.47 ,43.67 ,0.00 ,
WEST,,WEST,SIE-18-7944,,FUEL FILTER 10MIC SHORT,,,,,,0 / 0,0.00,12.81 ,6.92 ,12.81 ,0.00 ,
WEST,,WEST,SIE-18-7954,,OIL FILTER YAMAHA F350,,,,,,0 / 0,0.00,38.46 ,20.78 ,38.46 ,0.00 ,
WEST,,WEST,SIE-18-7954-1,,OIL FILTER YAMAHA F350,,,,,,0 / 0,0.00,41.18 ,22.25 ,41.18 ,0.00 ,
WEST,,WEST,SIE-18-7989,,FILTER 10 MIC VOLVO/COBRA,,,,,,0 / 0,0.00,15.75 ,8.51 ,15.75 ,0.00 ,
WEST,,WEST,SIE-18-8002S,,"PRIMER BULB 1/4""""              """,,,,,,0 / 0,0.00,20.42 ,12.10 ,20.42 ,0.00 ,
WEST,,WEST,SIE-18-8004S,,"PRIMER BULB 5/16""""             """,,,,,,0 / 0,1.00,20.42 ,12.10 ,20.42 ,20.42 ,
WEST,,WEST,SIE-18-8005S,,"PRIMER BULB 3/8""""              """,,,,,,0 / 0,1.00,20.42 ,12.10 ,20.42 ,20.42 ,
WEST,,WEST,SIE-18-8519,,EXHAUST ELBOW MOUNTING KIT,,,,,,0 / 0,2.00,131.76 ,71.19 ,131.76 ,263.52 ,
WEST,,WEST,SIE-18-8802-1,,LEAD WIRE KIT,,,,,,0 / 0,1.00,111.36 ,60.17 ,111.36 ,111.36 ,
WEST,,WEST,SIE-18-8808-2,,SPARK PLUG WIRE SET,,,,,,0 / 0,1.00,100.87 ,54.50 ,100.87 ,100.87 ,
WEST,,WEST,SIE-18-8820-1,,SPARK PLUG WIRE SET,,,,,,0 / 0,1.00,144.89 ,78.28 ,144.89 ,144.89 ,
WEST,,WEST,SIE-18-8821-1,,SPARK PLUG WIRE SET,,,,,,0 / 0,1.00,117.67 ,63.58 ,117.67 ,117.67 ,
WEST,,WEST,SIE-18-8828-1,,SPARK PLUG WIRE SET,,,,,,0 / 0,0.00,184.42 ,99.64 ,184.42 ,0.00 ,
WEST,,WEST,SIE-18-8836-1,,SPARK PLUG WIRE SET,,,,,,0 / 0,0.00,151.29 ,81.74 ,151.29 ,0.00 ,
WEST,,WEST,SIE-18-8868-1,,FUEL PUMP,,,,,,0 / 0,0.00,488.14 ,263.74 ,488.14 ,0.00 ,
WEST,,WEST,SIE-18-8926,,IMPELLER,,,,,,0 / 0,1.00,88.41 ,47.77 ,88.41 ,88.41 ,
WEST,,WEST,SIE-18-9031-1,,BELLOWS ADHESIVE,,,,,,0 / 0,2.00,21.23 ,11.44 ,21.23 ,42.46 ,
WEST,,WEST,SIE-18-9550-3,,FOGGING OIL-GAL,,,,,,0 / 0,0.00,92.08 ,44.07 ,92.08 ,0.00 ,
WEST,,WEST,SIE-18-9680-5,,SYNTHETIC GEAR LUBE-5-GAL,,,,,,0 / 0,0.00,561.79 ,302.76 ,561.79 ,0.00 ,
WEST,,WEST,SIE-18-9751-2,,POWER TRIM & TILT FLUID-QT,,,,,,0 / 0,4.00,19.42 ,10.47 ,19.42 ,77.68 ,
WEST,,WEST,SIE-23-3300,,IMPELLER KIT,,,,,,0 / 0,0.00,39.86 ,24.28 ,39.86 ,0.00 ,
WEST,,WEST,SIE-23-3304,,IMPELLER KIT,,,,,,0 / 0,1.00,39.50 ,24.16 ,39.50 ,39.50 ,
WEST,,WEST,SIE-23-3307,,IMPELLER KIT,,,,,,0 / 0,1.00,0.00 ,27.67 ,49.99 ,49.99 ,
WEST,,WEST,SIE-23-6401,,ANODE,,,,,,0 / 0,3.00,30.19 ,17.15 ,30.19 ,90.57 ,
WEST,,WEST,SIE-FS79190,,AGC FUSE 20-AMP    (5),,,,,,0 / 0,3.00,0.00 ,6.94 ,11.99 ,35.97 ,
WEST,,WEST,SIE-FS79540,,ATO FUSE 10-AMP    (5),,,,,,0 / 0,4.00,0.00 ,4.29 ,7.49 ,29.96 ,
WEST,,WEST,SIE-FS79550,,ATO FUSE 15-AMP    (5),,,,,,0 / 0,3.00,0.00 ,4.29 ,7.99 ,23.97 ,
WEST,,WEST,SIE-FS79560,,ATO FUSE 20-AMP    (5),,,,,,0 / 0,4.00,0.00 ,4.29 ,7.49 ,29.96 ,
WEST,,WEST,SIE-FS79580,,ATO FUSE 30-AMP    (5),,,,,,0 / 0,3.00,0.00 ,4.29 ,7.99 ,23.97 ,
WEST,,WEST,SIE-FS79590,,ATO FUSE 40-AMP    (5),,,,,,0 / 0,4.00,0.00 ,4.29 ,7.99 ,31.96 ,
WEST,,WEST,SIE-MP39210,,PUSH BUTTON BREAKER BOOT,,,,,,0 / 0,1.00,8.25 ,4.45 ,8.25 ,8.25 ,
WEST,,WEST,SIE-MP41000,,IGN SWITCH 3POS W/CHOKE,,,,,,0 / 0,1.00,42.79 ,23.06 ,42.79 ,42.79 ,
WEST,,WEST,SIE-MP51090,,IGNITION SWITCH,,,,,,0 / 0,0.00,84.90 ,45.76 ,84.90 ,0.00 ,
WEST,,WEST,SIE-OP24891,,OIL PRESS.SENDER-DUAL,,,,,,0 / 0,1.00,69.54 ,39.91 ,69.54 ,69.54 ,
WEST,,WEST,SIE-TC42914,,4-T0-7 WAY ADAPTER,,,,,,0 / 0,0.00,27.17 ,15.46 ,27.17 ,0.00 ,
WEST,,WEST,SIE-TG19520,,TOGGLE ON-OFF-ON 20A,,,,,,0 / 0,1.00,44.79 ,26.78 ,44.79 ,44.79 ,
WEST,,WEST,SIE-TG40300,,TOGGLE OFF-ON 20A,,,,,,0 / 0,0.00,26.34 ,15.78 ,26.34 ,0.00 ,
WEST,,WEST,SIE-TG40320,,TOGGLE ON-OFF-ON 20A,,,,,,0 / 0,1.00,29.07 ,17.40 ,29.07 ,29.07 ,
WEST,,WEST,SIE-TS26621,,"TEMP.SENDER 3/8""""SINGLE        """,,,,,,0 / 0,1.00,34.85 ,18.78 ,34.85 ,34.85 ,
WEST,,WEST,SIE-UN22120,,DC INDICATOR LIGHT AMBER,,,,,,0 / 0,0.00,17.50 ,9.43 ,17.50 ,0.00 ,
WEST,,WEST,SIK-205-250ML,,CLNR&AKTIVATOR 205(YELLOW LID),,,,,,0 / 0,1.00,60.49 ,34.23 ,60.49 ,60.49 ,
WEST,,WEST,SIK-206GP-250ML,,PRIMER BLACK,,,,,,0 / 0,1.00,124.25 ,70.31 ,124.25 ,124.25 ,
WEST,,WEST,SIK-290DC-PRO-600ML,,BLK MARINE DECK CAULK SAUSAGE,,,,,,0 / 0,0.00,66.80 ,36.00 ,66.80 ,0.00 ,
WEST,,WEST,SIK-291BLK-300ML,,SEALANT 300ML CARTRIDGE,,,,,,0 / 0,8.00,19.76 ,11.18 ,19.76 ,158.08 ,
WEST,,WEST,SIK-291GRY-300ML,,SEALANT 300ML CART,,,,,,0 / 0,6.00,19.76 ,11.18 ,19.76 ,118.56 ,
WEST,,WEST,SIK-291I-BLK-70ML,,MINI-SAUSAGE SEALANT BLACK,,,,,,0 / 0,20.00,17.25 ,9.76 ,17.25 ,345.00 ,
WEST,,WEST,SIK-291I-WHT-70ML,,MINI-SAUSAGE SEALANT WHITE,,,,,,0 / 0,12.00,17.25 ,9.76 ,17.25 ,207.00 ,
WEST,,WEST,SIK-291LOTBLK-300,,SEALANT 300ML CARTRIDGE,,,,,,0 / 0,11.00,19.76 ,11.18 ,19.76 ,217.36 ,
WEST,,WEST,SIK-291LOTWHT-300,,SEALANT 300ML CARTRIDGE,,,,,,0 / 0,6.00,19.76 ,10.65 ,19.76 ,118.56 ,
WEST,,WEST,SIK-291WHT-300ML,,SEALANT 300ML CARTRIDGE,,,,,,0 / 0,11.00,19.76 ,11.18 ,19.76 ,217.36 ,
WEST,,WEST,SIK-295UVBLK300ML,,DIRECT GLAZING - PLAST(BLK),,,,,,0 / 0,0.00,35.09 ,18.85 ,35.09 ,0.00 ,
WEST,,WEST,SIK-296BLK-600ML,,DIRECT GLAZING - GLASS WINDOWS,,,,,,0 / 0,1.00,102.65 ,58.73 ,102.65 ,102.65 ,
WEST,,WEST,SIK-737343,,SIKA CLEANING WIPES-120 (90),,,,,,0 / 0,1.00,81.95 ,44.16 ,81.95 ,81.95 ,
WEST,,WEST,SIK-91283,,AKTIVATOR 100 250ML(ORANGE LID,,,,,,0 / 0,1.00,82.70 ,46.80 ,82.70 ,82.70 ,
WEST,,WEST,sik591BLK-300ML,,591 SEALANT CRTRG 300ML BLK,,,,,,0 / 0,5.00,21.54 ,10.20 ,21.54 ,107.70 ,
WEST,,WEST,SIM-2100-100,,100 MM REDBIRD BRUSH,,,,,,0 / 0,5.00,6.63 ,3.57 ,6.63 ,33.15 ,
WEST,,WEST,SIM-2100-15,,15 MM REDBIRD BRUSH,,,,,,0 / 0,10.00,1.17 ,0.64 ,1.17 ,11.70 ,
WEST,,WEST,SIM-2100-30,,30 MM REDBIRD BRUSH,,,,,,0 / 0,28.00,1.77 ,0.96 ,1.77 ,49.56 ,
WEST,,WEST,SIM-2100-50,,50 MM REDBIRD BRUSH,,,,,,0 / 0,24.00,2.54 ,1.37 ,2.54 ,60.96 ,
WEST,,WEST,SIM-2100-75,,75 MM REDBIRD BRUSH,,,,,,0 / 0,11.00,4.59 ,2.35 ,4.59 ,50.49 ,
WEST,,WEST,SIM-2940-38,,38 MM RADIATOR BRUSH,,,,,,0 / 0,0.00,4.36 ,2.35 ,4.36 ,0.00 ,
WEST,,WEST,SIM-6350,,WIRE BRUSH C/W SCRAPER,,,,,,0 / 0,2.00,3.89 ,2.10 ,3.89 ,7.78 ,
WEST,,WEST,SIM-7200-64,,"2.5"""" ANGLE SASH VINTAGE-PRO   """,,,,,,0 / 0,0.00,29.02 ,15.64 ,29.02 ,0.00 ,
WEST,,WEST,SIM-9900-100MM,,"4""""CHIP BRUSH-WOOD HANDLE      """,,,,,,0 / 0,3.00,3.04 ,1.64 ,3.04 ,9.12 ,
WEST,,WEST,SIM-9900-13MM,,"1/2""""CHIP BRUSH-WOOD HANDLE    """,,,,,,0 / 0,20.00,0.67 ,0.37 ,0.67 ,13.40 ,
WEST,,WEST,SIM-9900-25MM,,"1""""CHIP BRUSH-WOOD HANDLE      """,,,,,,0 / 0,8.00,0.99 ,0.54 ,0.99 ,7.92 ,
WEST,,WEST,SIM-9900-50MM,,"2""""CHIP BRUSH-WOOD HANDLE      """,,,,,,0 / 0,0.00,1.22 ,0.67 ,1.22 ,0.00 ,
WEST,,WEST,SIM-9900-75MM,,"3""""CHIP BRUSH-WOOD HANDLE      """,,,,,,0 / 0,0.00,1.92 ,1.03 ,1.92 ,0.00 ,
WEST,,WEST,SIM-A-040,,75MM MINI-TRIM ROLLER(WIRE),,,,,,0 / 0,16.00,2.86 ,1.46 ,2.86 ,45.76 ,
WEST,,WEST,SIM-A-041,,TWIN PACK REFILL FOR A-040,,,,,,0 / 0,13.00,2.66 ,1.43 ,2.66 ,34.58 ,
WEST,,WEST,SIM-A-044,,38X75MM  TRIM ROLLER 5MM PILE,,,,,,0 / 0,10.00,3.22 ,1.74 ,3.22 ,32.20 ,
WEST,,WEST,SIM-A-090,,100MM TRIM ROLLER,,,,,,0 / 0,1.00,5.79 ,3.12 ,5.79 ,5.79 ,
WEST,,WEST,SIM-A-104,,"4"""" FOAM ROLLER REFILL         """,,,,,,0 / 0,15.00,2.29 ,1.17 ,2.29 ,34.35 ,
WEST,,WEST,SIM-A-106,,"6"""" FOAM ROLLER REFILL         """,,,,,,0 / 0,2.00,2.91 ,1.57 ,2.91 ,5.82 ,
WEST,,WEST,SIM-A-114,,"4""""GOLD STRIPE ROLLER REFILL   """,,,,,,0 / 0,2.00,2.42 ,1.30 ,2.42 ,4.84 ,
WEST,,WEST,SIM-F-102,,"12"""" TRIMMER ROLLER FRAME      """,,,,,,0 / 0,4.00,2.84 ,1.53 ,2.84 ,11.36 ,
WEST,,WEST,SIM-F-194,,240 CAGE FRAME,,,,,,0 / 0,7.00,5.43 ,2.53 ,5.43 ,38.01 ,
WEST,,WEST,SIM-R-121,,240 ARTIZAN ROLLR 10MM,,,,,,0 / 0,16.00,2.72 ,1.47 ,2.72 ,43.52 ,
WEST,,WEST,SIM-R-151,,240 ARTIZAN ROLLER 5MM,,,,,,0 / 0,14.00,2.72 ,1.58 ,2.72 ,38.08 ,
WEST,,WEST,SIM-R-221,,240MM MOCRYL FABRIC REFILLS,,,,,,0 / 0,0.00,5.74 ,3.10 ,5.74 ,0.00 ,
WEST,,WEST,SIM-R-620,,240MM  PROF.LINT FREE REFILL,,,,,,0 / 0,4.00,3.66 ,1.97 ,3.66 ,14.64 ,
WEST,,WEST,SIM-R-890,,240 VINTAGE PRO NYLON 5MM PILE,,,,,,0 / 0,10.00,8.28 ,4.46 ,8.28 ,82.80 ,
WEST,,WEST,SIM-S-421,,240MM PREMIER ROLLR SET/10MM,,,,,,0 / 0,0.00,15.38 ,8.29 ,15.38 ,0.00 ,
WEST,,WEST,SIM-T-040,,100MM.PLASTIC TRAY,,,,,,0 / 0,4.00,2.29 ,1.23 ,2.29 ,9.16 ,
WEST,,WEST,SIM-T-060,,150MM.PLASTIC TRAY,,,,,,0 / 0,4.00,2.44 ,1.31 ,2.44 ,9.76 ,
WEST,,WEST,SIM-T-160,,240 2-LTR.PLASTIC TRAY,,,,,,0 / 0,2.00,5.95 ,3.20 ,5.95 ,11.90 ,
WEST,,WEST,SIM-T-165,,PLASTIC TRAY LINER FOR T-160,,,,,,0 / 0,6.00,1.54 ,0.72 ,1.54 ,9.24 ,
WEST,,WEST,SIM-T-175,,240 1-LTR.METAL TRAY,,,,,,0 / 0,2.00,12.58 ,6.78 ,12.58 ,25.16 ,
WEST,,WEST,SIM-T-195,,PLASTIC TRAY LINER,,,,,,0 / 0,2.00,1.54 ,0.84 ,1.54 ,3.08 ,
WEST,,WEST,STA-85616,,MILDEW STAIN REMOVER 22OZ,,,,,,0 / 0,3.00,28.34 ,15.82 ,28.34 ,85.02 ,
WEST,,WEST,STA-85900,,NON-SKID DECK CLEANER GAL,,,,,,0 / 0,2.00,77.32 ,41.67 ,77.32 ,154.64 ,
WEST,,WEST,STA-85932,,NON-SKID DECK CLEANER 32OZ,,,,,,0 / 0,4.00,29.39 ,15.60 ,29.39 ,117.56 ,
WEST,,WEST,STA-89222,,RUST STAIN REMOVER 22OZ,,,,,,0 / 0,3.00,30.88 ,17.26 ,30.88 ,92.64 ,
WEST,,WEST,STA-92232,,BOAT BOTTOM CLEANER 32OZ,,,,,,0 / 0,0.00,42.59 ,22.95 ,42.59 ,0.00 ,
WEST,,WEST,STA-92832,,EZ-ON EZ-OFF BOTTOM CLEANER-QT,,,,,,0 / 0,0.00,29.56 ,15.93 ,29.56 ,0.00 ,
WEST,,WEST,STA-94932,,TEAK CLEANER BRIGHTNER 32OZ,,,,,,0 / 0,0.00,46.58 ,26.01 ,46.58 ,0.00 ,
WEST,,WEST,STA-96132,,HULL CLEANER 32OZ SPRAY GEL,,,,,,0 / 0,2.00,40.75 ,21.96 ,40.75 ,81.50 ,
WEST,,WEST,STA-96232,,ULTIMATE VINYL CLNR SPRAY-32OZ,,,,,,0 / 0,1.00,27.42 ,15.32 ,27.42 ,27.42 ,
WEST,,WEST,STA-STN-G2,,SNAPPY TEAK-NU PART #2 GAL,,,,,,0 / 0,1.00,84.64 ,45.61 ,84.64 ,84.64 ,
WEST,,WEST,STP-75000081,,EDGE WINDOW CHANNEL,,,,,,0 / 0,0.00,205.53 ,110.76 ,205.53 ,0.00 ,
WEST,,WEST,STP-75000119,,SGL RIGID WINDOW CHANNEL,,,,,,0 / 0,0.00,122.93 ,66.25 ,122.93 ,0.00 ,
WEST,,WEST,STP-75000120,,DBL RIGID WINDOW CHANNEL,,,,,,0 / 0,1.00,157.95 ,85.12 ,157.95 ,157.95 ,
WEST,,WEST,STR-300646,,TERMINAL EYE    (30-S),,,,,,0 / 0,0.00,9.45 ,5.39 ,9.45 ,0.00 ,
WEST,,WEST,STR-302123,,ADAPTER KIT,,,,,,0 / 0,0.00,39.23 ,47.33 ,39.23 ,0.00 ,
WEST,,WEST,STR-31029,,PIVOT           (30-S),,,,,,0 / 0,0.00,20.29 ,10.93 ,20.29 ,0.00 ,
WEST,,WEST,STR-31126,,BALL JOINT      (30-S),,,,,,0 / 0,1.00,29.98 ,16.15 ,29.98 ,29.98 ,
WEST,,WEST,STR-31419,,CABLE CLIP THROTTLE,,,,,,0 / 0,2.00,42.85 ,23.09 ,42.85 ,85.70 ,
WEST,,WEST,STR-31509,,CABLE CLAMP     (30-S),,,,,,0 / 0,2.00,2.97 ,1.60 ,2.97 ,5.94 ,
WEST,,WEST,STR-31799-001,,BALL JOINT      (30-S),,,,,,0 / 0,2.00,27.64 ,14.89 ,27.64 ,55.28 ,
WEST,,WEST,STR-32010,,CABLE CLAMP     (30-S),,,,,,0 / 0,4.00,8.93 ,4.81 ,8.93 ,35.72 ,
WEST,,WEST,STR-90424P,,FUEL SENDER,,,,,,0 / 0,0.00,88.01 ,47.43 ,88.01 ,0.00 ,
WEST,,WEST,STR-CA28020P,,CLAMP & SHIM KIT 3300,,,,,,0 / 0,4.00,19.22 ,10.36 ,19.22 ,76.88 ,
WEST,,WEST,STR-CCX64310,,TFXTREME  CTRL CBLE 10',,,,,,0 / 0,0.00,386.20 ,236.21 ,386.20 ,0.00 ,
WEST,,WEST,STR-CHX8742P,,CONTROL,,,,,,0 / 0,0.00,"1,518.68 ",818.45 ,"1,518.68 ",0.00 ,
WEST,,WEST,STR-HA5430,,SEASTAR OIL 1QT(946ML),,,,,,0 / 0,14.00,0.00 ,26.63 ,39.95 ,559.30 ,
WEST,,WEST,STR-HA5438,,HELM FILLER KIT,,,,,,0 / 0,2.00,0.00 ,25.80 ,37.99 ,75.98 ,
WEST,,WEST,STR-HC4648-3,,BAYSTAR CMPACT CYL YAMAHA,,,,,,0 / 0,0.00,844.94 ,563.29 ,844.94 ,0.00 ,
WEST,,WEST,STR-HC5314-3,,SEASTAR CYL BA150-7ATM,,,,,,0 / 0,0.00,"1,171.34 ",780.89 ,"1,171.34 ",0.00 ,
WEST,,WEST,STR-HF5528,,3/8TUBE-1/4NPT SS STRT (3),,,,,,0 / 0,1.00,36.59 ,26.19 ,36.59 ,36.59 ,
WEST,,WEST,STR-HF6005,,"ORB T 2X3/8""""TUBE/-5 ORB (2    """,,,,,,0 / 0,0.00,101.57 ,67.71 ,101.57 ,0.00 ,
WEST,,WEST,STR-HF6007,,ORB 2 STATION KIT W/HOSE,,,,,,0 / 0,0.00,299.33 ,199.55 ,299.33 ,0.00 ,
WEST,,WEST,STR-HH6191-4,,SEASTAR SPORT 1.7 TILT HELM,,,,,,0 / 0,0.00,0.00 ,"1,142.19 ","1,713.29 ",0.00 ,
WEST,,WEST,STR-HO5090,,SPACER KIT HC5345/5358,,,,,,0 / 0,0.00,51.90 ,34.60 ,51.90 ,0.00 ,
WEST,,WEST,STR-HO5104,,SYSTEM O/B HOSE 4'PR,,,,,,0 / 0,0.00,221.72 ,147.81 ,221.72 ,0.00 ,
WEST,,WEST,STR-HO5108,,SYSTEM O/BHOSE 8'PR,,,,,,0 / 0,1.00,221.72 ,147.81 ,221.72 ,221.72 ,
WEST,,WEST,STR-HO5110,,SYSTEM O/BHOSE 10'PR,,,,,,0 / 0,0.00,221.72 ,147.81 ,221.72 ,0.00 ,
WEST,,WEST,STR-HO5124,,SYSTEM O/BHOSE 24'PR,,,,,,0 / 0,1.00,313.80 ,209.20 ,313.80 ,313.80 ,
WEST,,WEST,STR-SHX97606P,,XTREME NFB TILT HELM,,,,,,0 / 0,0.00,415.23 ,235.94 ,415.23 ,0.00 ,
WEST,,WEST,STR-SS13708,,SAFE-T-QC STEERING KIT 8',,,,,,0 / 0,1.00,374.01 ,212.76 ,374.01 ,374.01 ,
WEST,,WEST,STR-SS13709,,SAFE-T-QC STEERING KIT 9',,,,,,0 / 0,1.00,374.01 ,212.76 ,374.01 ,374.01 ,
WEST,,WEST,STR-SS14116,,BM RACK STEERING KIT 16',,,,,,0 / 0,0.00,382.20 ,217.42 ,382.20 ,0.00 ,
WEST,,WEST,STR-SSC13416,,BACK MNT RACK SGL CABLE 16',,,,,,0 / 0,0.00,349.51 ,257.23 ,349.51 ,0.00 ,
WEST,,WEST,STR-SSC13419,,BACK MNT RACK SGL CABLE 19',,,,,,0 / 0,0.00,363.33 ,219.78 ,363.33 ,0.00 ,
WEST,,WEST,STR-SSC6208,,SSC62 SAFE-T-QC CABLE 8',,,,,,0 / 0,0.00,257.58 ,187.89 ,257.58 ,0.00 ,
WEST,,WEST,STR-SSC6222,,SSC62 SAFE-T-QC CABLE 22',,,,,,0 / 0,1.00,416.68 ,224.56 ,416.68 ,416.68 ,
WEST,,WEST,STR-SSCX6416,,XTREME QC STEERING CABLE 16',,,,,,0 / 0,0.00,313.83 ,229.45 ,313.83 ,0.00 ,
WEST,,WEST,STR-SSX17612,,XTREME NFB STEERING KIT-12',,,,,,0 / 0,0.00,604.37 ,343.80 ,604.37 ,0.00 ,
WEST,,WEST,STR-SW59691P,,ACE STEERING WHEEL W/FLUSH CAP,,,,,,0 / 0,1.00,77.91 ,41.98 ,77.91 ,77.91 ,
WEST,,WEST,SVSLWB,,STRLNK ADPTR WEDGE 8 WHITE,,,,,,0 / 0,0.00,401.72 ,281.20 ,401.72 ,0.00 ,
WEST,,WEST,SVW-ADA-R1,,MOD PLT F/CLSD DOME/OPEN ARRAY,,,,,,0 / 0,0.00,219.82 ,153.87 ,219.82 ,0.00 ,
WEST,,WEST,SVW-AM5-M1,,"5"""" MOD MNT VERT 8""""RND BASEPLAT""",,,,,,0 / 0,0.00,409.32 ,286.52 ,409.32 ,0.00 ,
WEST,,WEST,SVW-AMA-18,,"18"""" SATDOME ADAPTOR           """,,,,,,0 / 0,0.00,553.33 ,387.32 ,553.33 ,0.00 ,
WEST,,WEST,SVW-LTB-U1A,,UNIVERSAL LIGHT BAR TOP,,,,,,0 / 0,0.00,106.13 ,74.29 ,106.13 ,0.00 ,
WEST,,WEST,SVW-LTBLED12,,3NM LED COMB MAST/ROUND IP67,,,,,,0 / 0,0.00,234.99 ,164.49 ,234.99 ,0.00 ,
WEST,,WEST,SVW-SVSLWB,,STRLNK ADPTR WEDGE 8* WHITE,,,,,,0 / 0,0.00,401.74 ,295.68 ,401.74 ,0.00 ,
WEST,,WEST,SYS-3003S99,,DISPOSABLE MIXING CUPS (12OZ),,,,,,0 / 0,29.00,0.53 ,0.42 ,0.53 ,15.37 ,
WEST,,WEST,SYS-3010S99,,GRADUATED TUBS 946ML(1QT),,,,,,0 / 0,27.00,5.31 ,3.08 ,5.31 ,143.37 ,
WEST,,WEST,SYS-F1400K16,,S-1 EPOXY SEALER (1QT KIT),,,,,,0 / 0,2.00,99.82 ,56.78 ,99.82 ,199.64 ,
WEST,,WEST,SYS-F1400K20,,S-1 EPOXY SEALER 1.89L (2QT),,,,,,0 / 0,1.00,155.94 ,88.71 ,155.94 ,155.94 ,
WEST,,WEST,SYS-STIR-STICK,,STIR/MIX STIX/EA (MSTR PK 500),,,,,,0 / 0,50.00,0.39 ,0.22 ,0.39 ,19.50 ,
WEST,,WEST,TFX-PTN1.25BK,,"FLEXOPET 3/4-1 3/4""""X50'SLV BLK""",,,,,,0 / 0,1.00,83.00 ,44.73 ,83.00 ,83.00 ,
WEST,,WEST,THM-LED-51867-DP,,UNDERWATER SURF MNT 600LUM BLU,,,,,,0 / 0,0.00,91.05 ,59.98 ,91.05 ,0.00 ,
WEST,,WEST,THR-#10-1L,,CONTACT CEMENT 1 LITRE,,,,,,0 / 0,0.00,86.21 ,49.04 ,86.21 ,0.00 ,
WEST,,WEST,THR-00539,,80E 23/4X161/2 HOOKIT GR.COR,,,,,,0 / 0,0.00,4.28 ,2.30 ,4.28 ,0.00 ,
WEST,,WEST,THR-00542,,40E 23/4X161/2 HOOKIT GR.COR,,,,,,0 / 0,0.00,5.73 ,3.09 ,5.73 ,0.00 ,
WEST,,WEST,THR-00612,,"80GRIT 6""""HOOKIT DUSTFREE DISC """,,,,,,0 / 0,0.00,4.88 ,2.63 ,4.88 ,0.00 ,
WEST,,WEST,THR-00615,,"40GRIT 6""""HOOKIT DUSTFREE DISC """,,,,,,0 / 0,0.00,6.30 ,3.39 ,6.30 ,0.00 ,
WEST,,WEST,THR-00624,,"40E 8""""HOOKIT DUSTFREE DISC    """,,,,,,0 / 0,0.00,11.09 ,5.98 ,11.09 ,0.00 ,
WEST,,WEST,THR-00909,,"P1000 3""""HOOKIT FILM DISC      """,,,,,,0 / 0,0.00,2.79 ,1.50 ,2.79 ,0.00 ,
WEST,,WEST,THR-00911,,"3""""P600 FINISHING FILM DISC    """,,,,,,0 / 0,0.00,2.79 ,1.50 ,2.79 ,0.00 ,
WEST,,WEST,THR-00913,,"3""""P400C HOOKIT GOLD DISC      """,,,,,,0 / 0,0.00,1.72 ,0.94 ,1.72 ,0.00 ,
WEST,,WEST,THR-00914,,"3""""P320C HOOKIT GOLD DISC      """,,,,,,0 / 0,0.00,1.72 ,0.94 ,1.72 ,0.00 ,
WEST,,WEST,THR-02002,,"400A 9"" ""X11""  WET/DRY SHEET",,,,,,0 / 0,0.00,3.82 ,2.06 ,3.82 ,0.00 ,
WEST,,WEST,THR-02589,,2-3/4X45YD P500 STIKIT SHT.ROL,,,,,,0 / 0,0.00,154.19 ,83.10 ,154.19 ,0.00 ,
WEST,,WEST,THR-02593,,2-3/4X45YD P240 STIKIT SHT.ROL,,,,,,0 / 0,0.00,157.18 ,84.71 ,157.18 ,0.00 ,
WEST,,WEST,THR-02602,,"SUPER FINE 4.5""""X 5.5""""SPONGE   """,,,,,,0 / 0,0.00,8.42 ,4.54 ,8.42 ,0.00 ,
WEST,,WEST,THR-02604,,"FINE GRIT 4.5""""X 5.5""""SPONGE    """,,,,,,0 / 0,11.00,8.42 ,4.85 ,8.42 ,92.62 ,
WEST,,WEST,THR-02606,,"MEDIUM GRIT 4.5""""X 5.5""""SPONGE  """,,,,,,0 / 0,0.00,8.42 ,4.54 ,8.42 ,0.00 ,
WEST,,WEST,THR-05203,,5200 SEALANT WHT 88ML TUBE,,,,,,0 / 0,4.00,0.00 ,19.92 ,32.99 ,131.96 ,
WEST,,WEST,THR-05220,,5200 FAST WHT 88ML TUBE,,,,,,0 / 0,3.00,32.28 ,17.96 ,32.28 ,96.84 ,
WEST,,WEST,THR-05260,,4200 FAST WHT 88ML TUBE,,,,,,0 / 0,3.00,28.09 ,15.50 ,28.09 ,84.27 ,
WEST,,WEST,THR-05280,,4000UV FAST WHT 88ML TUBE,,,,,,0 / 0,2.00,31.30 ,16.89 ,31.30 ,62.60 ,
WEST,,WEST,THR-05710,,ADAPT BUFF/POLISH PADS,,,,,,0 / 0,3.00,41.17 ,22.18 ,41.17 ,123.51 ,
WEST,,WEST,THR-05752,,"5/8"""" QUICK RELEASE ADAPTOR    """,,,,,,0 / 0,1.00,141.95 ,76.50 ,141.95 ,141.95 ,
WEST,,WEST,THR-05753,,"9"""" WOOL COMPOUNDING PAD Q/R   """,,,,,,0 / 0,3.00,151.67 ,81.74 ,151.67 ,455.01 ,
WEST,,WEST,THR-05754,,"9"""" WOOL POLISHING PAD         """,,,,,,0 / 0,4.00,103.41 ,58.99 ,103.41 ,413.64 ,
WEST,,WEST,THR-05768,,"8"" HOOKIT SOFT PAD",,,,,,0 / 0,0.00,235.80 ,127.08 ,235.80 ,0.00 ,
WEST,,WEST,THR-05776,,"6""""HOOKIT DISC PAD             """,,,,,,0 / 0,0.00,135.87 ,73.22 ,135.87 ,0.00 ,
WEST,,WEST,THR-05777,,"6"" HOOKIT SOFT INTERFACE PAD",,,,,,0 / 0,0.00,53.96 ,29.08 ,53.96 ,0.00 ,
WEST,,WEST,THR-05779,,"8""""HOOKIT DISC PAD             """,,,,,,0 / 0,0.00,235.80 ,127.08 ,235.80 ,0.00 ,
WEST,,WEST,THR-05801,,1GAL.POLYESTER BODY FILLER,,,,,,0 / 0,0.00,82.83 ,44.64 ,82.83 ,0.00 ,
WEST,,WEST,THR-05824,,710ML FLOWABLE FINISHING PUTTY,,,,,,0 / 0,0.00,87.17 ,46.98 ,87.17 ,0.00 ,
WEST,,WEST,THR-05846,,DMS PNEUMATIC APPLICATOR,,,,,,0 / 0,0.00,"2,352.86 ","1,268.01 ","2,352.86 ",0.00 ,
WEST,,WEST,THR-05860,,50 GR.DRY GUIDE COAT CARTRIDGE,,,,,,0 / 0,0.00,113.94 ,61.41 ,113.94 ,0.00 ,
WEST,,WEST,THR-05861,,DRY GUIDE COAT KIT,,,,,,0 / 0,0.00,164.44 ,88.62 ,164.44 ,0.00 ,
WEST,,WEST,THR-05865,,"6"" HOOKIT DISC PAD",,,,,,0 / 0,0.00,110.24 ,59.41 ,110.24 ,0.00 ,
WEST,,WEST,THR-05907,,ADHESION PROMOTER CLEAR 12OZ,,,,,,0 / 0,0.00,120.29 ,64.83 ,120.29 ,0.00 ,
WEST,,WEST,THR-05928,,946 ML FINESSE-IT II COMPOUND,,,,,,0 / 0,0.00,130.83 ,70.51 ,130.83 ,0.00 ,
WEST,,WEST,THR-05954,,946ML S.DUTY RUBBING COMPOUND,,,,,,0 / 0,1.00,62.76 ,40.57 ,62.76 ,62.76 ,
WEST,,WEST,THR-05955,,4LTR. S.DUTY RUBBING COMPOUND,,,,,,0 / 0,0.00,192.05 ,103.50 ,192.05 ,0.00 ,
WEST,,WEST,THR-05973,,32.OZ PERFECT IT RUBBING CMPD,,,,,,0 / 0,1.00,100.92 ,57.57 ,100.92 ,100.92 ,
WEST,,WEST,THR-05975,,10.5OZ PAINT BUSTER HANDCLNR,,,,,,0 / 0,0.00,62.07 ,33.45 ,62.07 ,0.00 ,
WEST,,WEST,THR-05996,,32 OZ DARK  PERFECT-IT GLAZE,,,,,,0 / 0,0.00,138.64 ,74.72 ,138.64 ,0.00 ,
WEST,,WEST,THR-06-0000-30,,SPEEDGLAS AUTO DARKENING FILTR,,,,,,0 / 0,0.00,"1,469.07 ",791.71 ,"1,469.07 ",0.00 ,
WEST,,WEST,THR-06-0200-30,,SPEEDGLAS I/S PROTECTION PLATE,,,,,,0 / 0,0.00,50.37 ,27.14 ,50.37 ,0.00 ,
WEST,,WEST,THR-06025,,4 LTR HIGH GLOSS GELCOAT CMP,,,,,,0 / 0,0.00,225.43 ,121.49 ,225.43 ,0.00 ,
WEST,,WEST,THR-06068,,946ML PERFECT-IT EX MACHNE POL,,,,,,0 / 0,2.00,170.04 ,97.00 ,170.04 ,340.08 ,
WEST,,WEST,THR-06094,,946ML PERFECT-IT EX MACH.POLIS,,,,,,0 / 0,1.00,160.84 ,91.75 ,160.84 ,160.84 ,
WEST,,WEST,THR-06147,,"2.5""""X 10' MOISTURE SEAL.CMPD. """,,,,,,0 / 0,0.00,105.03 ,56.60 ,105.03 ,0.00 ,
WEST,,WEST,THR-06404,,"1/8"""" 471+INDIGO FINE LINE TAPE""",,,,,,0 / 0,0.00,18.75 ,10.11 ,18.75 ,0.00 ,
WEST,,WEST,THR-06405,,"1/4"""" 471+INDIGO FINE LINE TAPE""",,,,,,0 / 0,0.00,24.98 ,13.46 ,24.98 ,0.00 ,
WEST,,WEST,THR-06408,,"1/2"""" 471+INDIGO FINE LINE TAPE""",,,,,,0 / 0,0.00,37.49 ,20.20 ,37.49 ,0.00 ,
WEST,,WEST,THR-06409,,"3/4"""" 471+INDIGO FINE LINE TAPE""",,,,,,0 / 0,0.00,49.97 ,26.93 ,49.97 ,0.00 ,
WEST,,WEST,THR-06500,,5200 SEALANT WHT 295ML CART,,,,,,0 / 0,3.00,51.47 ,27.74 ,51.47 ,154.41 ,
WEST,,WEST,THR-06502,,5200 SEALANT MAH 295ML CART,,,,,,0 / 0,0.00,51.47 ,37.35 ,51.47 ,0.00 ,
WEST,,WEST,THR-06504,,5200 SEALANT BLK 295ML CART,,,,,,0 / 0,4.00,51.47 ,32.56 ,51.47 ,205.88 ,
WEST,,WEST,THR-06520,,5200 FAST WHT 295ML CART,,,,,,0 / 0,0.00,46.38 ,24.99 ,46.38 ,0.00 ,
WEST,,WEST,THR-06525,,"1/4""""X60Y PRECISION MASKING TPE""",,,,,,0 / 0,0.00,21.94 ,11.83 ,21.94 ,0.00 ,
WEST,,WEST,THR-06527,,"1-1/2""""X60Y PRECISION MASKING  """,,,,,,0 / 0,0.00,33.48 ,18.04 ,33.48 ,0.00 ,
WEST,,WEST,THR-06528,,"2""""X60Y PRECISION MASKING TAPE """,,,,,,0 / 0,0.00,44.64 ,24.06 ,44.64 ,0.00 ,
WEST,,WEST,THR-06529,,"3/4""""X60Y PRECISION MASKING TPE""",,,,,,0 / 0,0.00,21.63 ,11.65 ,21.63 ,0.00 ,
WEST,,WEST,THR-06541,,18MM #2727 MASKNG TAPE,,,,,,0 / 0,0.00,10.44 ,5.62 ,10.44 ,0.00 ,
WEST,,WEST,THR-06560,,4200 FAST WHT 295ML CART,,,,,,0 / 0,0.00,47.36 ,25.52 ,47.36 ,0.00 ,
WEST,,WEST,THR-06564,,4200 FAST BLK 295ML CART,,,,,,0 / 0,0.00,47.85 ,25.78 ,47.85 ,0.00 ,
WEST,,WEST,THR-06580,,4000UV FAST WHT 295ML CART,,,,,,0 / 0,0.00,41.13 ,22.17 ,41.13 ,0.00 ,
WEST,,WEST,THR-06586,,4000UV FAST WHT 400ML FLEX,,,,,,0 / 0,0.00,37.68 ,20.30 ,37.68 ,0.00 ,
WEST,,WEST,THR-06727,,12'X400'OVERSPRAY SHEETING,,,,,,0 / 0,0.00,134.69 ,72.58 ,134.69 ,0.00 ,
WEST,,WEST,THR-06728,,16'X350'OVERSPRAY SHEETING,,,,,,0 / 0,0.00,153.74 ,82.85 ,153.74 ,0.00 ,
WEST,,WEST,THR-06732,,12X180 MASKING PAPER,,,,,,0 / 0,0.00,56.70 ,30.55 ,56.70 ,0.00 ,
WEST,,WEST,THR-07178,,DUAL CARTRG RESPRTR MEDIUM P95,,,,,,0 / 0,0.00,133.70 ,72.05 ,133.70 ,0.00 ,
WEST,,WEST,THR-07179,,DUAL CARTRG RESPRTR LARGE P95,,,,,,0 / 0,0.00,137.69 ,74.20 ,137.69 ,0.00 ,
WEST,,WEST,THR-07442,,ULTRA FINE SCUFF SPONGE,,,,,,0 / 0,6.00,8.37 ,4.76 ,8.37 ,50.22 ,
WEST,,WEST,THR-07445,,"WHITE 6""""X 9""""LIGHT DUTY PAD    """,,,,,,0 / 0,4.00,5.14 ,2.77 ,5.14 ,20.56 ,
WEST,,WEST,THR-07447,,"RED 6""""X 9""""GEN.PURPOSE PAD     """,,,,,,0 / 0,16.00,3.79 ,1.93 ,3.79 ,60.64 ,
WEST,,WEST,THR-07448,,"GREY 6""""X 9"""" ULTRA FINE  PAD   """,,,,,,0 / 0,8.00,3.79 ,2.04 ,3.79 ,30.32 ,
WEST,,WEST,THR-07480,,"2"""" COARSE SURFACE DISC ROLOC  """,,,,,,0 / 0,0.00,4.02 ,2.17 ,4.02 ,0.00 ,
WEST,,WEST,THR-08017,,M.R.SILICONE WHT 88ML TUBE,,,,,,0 / 0,0.00,36.72 ,19.79 ,36.72 ,0.00 ,
WEST,,WEST,THR-08019,,M.R.SILICONE CLR 88ML TUBE,,,,,,0 / 0,1.00,36.72 ,19.80 ,36.72 ,36.72 ,
WEST,,WEST,THR-08027,,M.R.SILICONE WHT 295ML CART,,,,,,0 / 0,2.00,70.86 ,38.19 ,70.86 ,141.72 ,
WEST,,WEST,THR-08029,,M.R.SILICONE CLR 295ML CART,,,,,,0 / 0,2.00,70.86 ,38.19 ,70.86 ,141.72 ,
WEST,,WEST,THR-08051,,5 OZ FEATHERING DISC ADHES,,,,,,0 / 0,0.00,39.95 ,21.53 ,39.95 ,0.00 ,
WEST,,WEST,THR-08090,,553GR.SUPER TRIM ADHESIVE,,,,,,0 / 0,0.00,80.03 ,43.13 ,80.03 ,0.00 ,
WEST,,WEST,THR-08308,,HEAVY BODIED SEAM SEALER 200ML,,,,,,0 / 0,0.00,160.92 ,86.72 ,160.92 ,0.00 ,
WEST,,WEST,THR-08365,,URETHANE SEAM SEALER BEIGE 310,,,,,,0 / 0,0.00,34.13 ,18.40 ,34.13 ,0.00 ,
WEST,,WEST,THR-08367,,URETHANE SEAM SEALER BLK 310ML,,,,,,0 / 0,0.00,34.13 ,18.40 ,34.13 ,0.00 ,
WEST,,WEST,THR-08571,,MANUAL CART APP GUN 6.8FL OZ,,,,,,0 / 0,0.00,271.34 ,146.23 ,271.34 ,0.00 ,
WEST,,WEST,THR-08890,,5-WAY PLUS OIL,,,,,,0 / 0,0.00,26.99 ,14.54 ,26.99 ,0.00 ,
WEST,,WEST,THR-08968,,NON STREAKING GLASS CLEANER,,,,,,0 / 0,0.00,14.91 ,8.04 ,14.91 ,0.00 ,
WEST,,WEST,THR-08987,,425G G.PURP.ADHES.CLNR AEROSOL,,,,,,0 / 0,0.00,36.11 ,19.46 ,36.11 ,0.00 ,
WEST,,WEST,THR-09004,,16OZ S.DUTY RUBBING COMPOUND,,,,,,0 / 0,1.00,41.90 ,22.58 ,41.90 ,41.90 ,
WEST,,WEST,THR-09005,,16OZ FIBREGLASS RESTOR.&WAX,,,,,,0 / 0,0.00,53.27 ,30.30 ,53.27 ,0.00 ,
WEST,,WEST,THR-09006,,32 OZ FG RESTORER & WAX,,,,,,0 / 0,0.00,68.44 ,38.93 ,68.44 ,0.00 ,
WEST,,WEST,THR-09009,,16OZ FIBREGLASS CLEANER&WAX,,,,,,0 / 0,2.00,56.80 ,30.61 ,56.80 ,113.60 ,
WEST,,WEST,THR-09010,,32 OZ FG CLEANER & WAX,,,,,,0 / 0,0.00,64.08 ,36.45 ,64.08 ,0.00 ,
WEST,,WEST,THR-09020,,18OZ ALUM. RESTORER &POLISH,,,,,,0 / 0,6.00,0.00 ,14.99 ,89.99 ,539.94 ,
WEST,,WEST,THR-09023,,8OZ VINYL CLEANR &CONDITNR,,,,,,0 / 0,0.00,44.14 ,23.79 ,44.14 ,0.00 ,
WEST,,WEST,THR-09029,,15 OZ VINYL CLEANER & RESTORER,,,,,,0 / 0,1.00,45.86 ,24.71 ,45.86 ,45.86 ,
WEST,,WEST,THR-09033,,15 OZ. CLEAN/SHINE SPRAY WAX,,,,,,0 / 0,0.00,48.08 ,25.91 ,48.08 ,0.00 ,
WEST,,WEST,THR-09034,,PERFECT-IT BOAT WASH-PINT,,,,,,0 / 0,0.00,36.46 ,19.65 ,36.46 ,0.00 ,
WEST,,WEST,THR-09035,,PERFECT-IT BOAT WASH-QUART,,,,,,0 / 0,2.00,69.07 ,42.68 ,69.07 ,138.14 ,
WEST,,WEST,THR-09061,,500ML 3M MARINE LIQUID WAX,,,,,,0 / 0,1.00,59.32 ,31.97 ,59.32 ,59.32 ,
WEST,,WEST,THR-09062,,1LTR 3M MARINE LIQUID WAX,,,,,,0 / 0,0.00,94.81 ,51.09 ,94.81 ,0.00 ,
WEST,,WEST,THR-09065,,500ML MARINE MILDEW BLOCK,,,,,,0 / 0,1.00,46.06 ,24.82 ,46.06 ,46.06 ,
WEST,,WEST,THR-09067,,500ML MILDEW STAIN REMOVER,,,,,,0 / 0,4.00,45.52 ,24.53 ,45.52 ,182.08 ,
WEST,,WEST,THR-09678,,13MM SOFT EDGE MASKING FOAM,,,,,,0 / 0,0.00,236.94 ,127.69 ,236.94 ,0.00 ,
WEST,,WEST,THR-09973,,19MM SOFT EDGE MASKING FOAM,,,,,,0 / 0,0.00,246.14 ,132.65 ,246.14 ,0.00 ,
WEST,,WEST,THR-10115NA,,#3 SYNTHETIC STEEL WOOL 2/PKG,,,,,,0 / 0,0.00,8.35 ,4.50 ,8.35 ,0.00 ,
WEST,,WEST,THR-10116NA,,#2 SYNTHETIC STEEL WOOL 2/PKG,,,,,,0 / 0,0.00,8.03 ,4.33 ,8.03 ,0.00 ,
WEST,,WEST,THR-10118NA,,#0 SYNTHETIC STEEL WOOL 2/PKG,,,,,,0 / 0,0.00,8.35 ,4.50 ,8.35 ,0.00 ,
WEST,,WEST,THR-10120NA,,#000 SYNTH. STEEL WOOL 2/PKG,,,,,,0 / 0,0.00,8.35 ,4.50 ,8.35 ,0.00 ,
WEST,,WEST,THR-1100,,3-M EAR PLUGS,,,,,,0 / 0,0.00,0.37 ,0.21 ,0.37 ,0.00 ,
WEST,,WEST,THR-1130AF,,"2""""SCOTCH DUCT TAPE-30YD       """,,,,,,0 / 0,0.00,10.44 ,5.94 ,10.44 ,0.00 ,
WEST,,WEST,THR-16023,,PPS LRG CUP & COLLAR,,,,,,0 / 0,0.00,42.55 ,22.93 ,42.55 ,0.00 ,
WEST,,WEST,THR-16024,,PPS LRG LID & LINERS(25/CASE),,,,,,0 / 0,0.00,247.68 ,140.89 ,247.68 ,0.00 ,
WEST,,WEST,THR-16114,,PPS KIT LIDS/LINERS (50),,,,,,0 / 0,0.00,389.91 ,210.13 ,389.91 ,0.00 ,
WEST,,WEST,THR-16121,,PPS H/O MINI PRESSURE CUP,,,,,,0 / 0,0.00,144.39 ,77.81 ,144.39 ,0.00 ,
WEST,,WEST,THR-16124,,PPS H/O LARGE PRESSURE CUP,,,,,,0 / 0,0.00,229.16 ,123.50 ,229.16 ,0.00 ,
WEST,,WEST,THR-16578,,ACCUSPRAY ONE SPRAY GUN KIT,,,,,,0 / 0,0.00,692.13 ,414.45 ,692.13 ,0.00 ,
WEST,,WEST,THR-16579,,ACCUSPRAY ONE REPLAC SPRAY GUN,,,,,,0 / 0,0.00,632.03 ,378.46 ,632.03 ,0.00 ,
WEST,,WEST,THR-16587,,ACCUSPRAY SPRAY GUN KIT,,,,,,0 / 0,0.00,536.04 ,320.98 ,536.04 ,0.00 ,
WEST,,WEST,THR-165BK4A,,19MMX18M TEMFLEX TAPE BLACK,,,,,,0 / 0,6.00,3.36 ,1.87 ,3.36 ,20.16 ,
WEST,,WEST,THR-165BL4A,,19MMX18M TEMFLEX TAPE BLUE,,,,,,0 / 0,4.00,3.56 ,1.97 ,3.56 ,14.24 ,
WEST,,WEST,THR-165GR4A,,19MMX18M TEMFLEX TAPE GREEN,,,,,,0 / 0,4.00,3.56 ,1.97 ,3.56 ,14.24 ,
WEST,,WEST,THR-165OR4A,,19MMX18M TEMFLEX TAPE ORANGE,,,,,,0 / 0,1.00,3.56 ,1.92 ,3.56 ,3.56 ,
WEST,,WEST,THR-165RD4A,,19MMX18M TEMFLEX TAPE RED,,,,,,0 / 0,6.00,3.56 ,1.97 ,3.56 ,21.36 ,
WEST,,WEST,THR-165WH4A,,19MMX18M TEMFLEX TAPE WHITE,,,,,,0 / 0,4.00,3.56 ,1.97 ,3.56 ,14.24 ,
WEST,,WEST,THR-165YL4A,,19MMX18M TEMFLEX TAPE YELLOW,,,,,,0 / 0,4.00,3.56 ,1.97 ,3.56 ,14.24 ,
WEST,,WEST,THR-16609,,ACCUSPRAY AUTOMIZING HEAD 2MM,,,,,,0 / 0,0.00,69.47 ,37.44 ,69.47 ,0.00 ,
WEST,,WEST,THR-16611,,ACCUSPRAY AUTOMIZING HEAD(4),,,,,,0 / 0,0.00,71.01 ,38.27 ,71.01 ,0.00 ,
WEST,,WEST,THR-16612,,ACCUSPRAY AUTOMIZING HEAD1.4MM,,,,,,0 / 0,0.00,72.16 ,38.89 ,72.16 ,0.00 ,
WEST,,WEST,THR-18730,,"2""""GREEN ROLOC BRISTLE DISC    """,,,,,,0 / 0,0.00,20.82 ,11.22 ,20.82 ,0.00 ,
WEST,,WEST,THR-19223,,"4"""" BLACK SAFETY WALK          """,,,,,,0 / 0,0.00,6.66 ,3.59 ,6.66 ,0.00 ,
WEST,,WEST,THR-19224,,"6"""" BLACK SAFETY WALK          """,,,,,,0 / 0,0.00,9.99 ,5.38 ,9.99 ,0.00 ,
WEST,,WEST,THR-19296,,"4"""" BLK MED.GRADE SAFETY WALK  """,,,,,,0 / 0,0.00,8.35 ,4.50 ,8.35 ,0.00 ,
WEST,,WEST,THR-19297,,"6"""" BLK MED.GRADE SAFETY WALK  """,,,,,,0 / 0,0.00,12.53 ,6.75 ,12.53 ,0.00 ,
WEST,,WEST,THR-19321,,"1"""" GREY MED.GRADE SAFETY WALK """,,,,,,0 / 0,0.00,2.32 ,1.25 ,2.32 ,0.00 ,
WEST,,WEST,THR-19344,,946ML SHARPSHOOTER MARK REMOVR,,,,,,0 / 0,1.00,23.66 ,12.75 ,23.66 ,23.66 ,
WEST,,WEST,THR-20318MMX55M,,"3/4""""  MASKING TAPE            """,,,,,,0 / 0,-1.00,4.33 ,2.33 ,4.33 ,0.00 ,
WEST,,WEST,THR-20324MMX55M,,"1""""  MASKING TAPE              """,,,,,,0 / 0,-1.00,5.39 ,2.91 ,5.39 ,0.00 ,
WEST,,WEST,THR-20336MMX55M,,"1-1/2""""  MASKING TAPE          """,,,,,,0 / 0,-1.00,8.12 ,4.37 ,8.12 ,0.00 ,
WEST,,WEST,THR-20348MMX55M,,"2""""  MASKING TAPE              """,,,,,,0 / 0,0.00,11.52 ,6.21 ,11.52 ,0.00 ,
WEST,,WEST,THR-20354,,"STIKIT LOW PROF DISC PAD 6""""RED""",,,,,,0 / 0,0.00,72.95 ,39.31 ,72.95 ,0.00 ,
WEST,,WEST,THR-20427,,"3"""" HOOKIT CLN SND DISC PAD KIT""",,,,,,0 / 0,0.00,87.21 ,47.00 ,87.21 ,0.00 ,
WEST,,WEST,THR-20452,,CLEAN SANDING FILTER BAG,,,,,,0 / 0,0.00,10.74 ,5.79 ,10.74 ,0.00 ,
WEST,,WEST,THR-2071,,P95 PARTICULATE FILTER 2/PKG,,,,,,0 / 0,0.00,14.01 ,7.55 ,14.01 ,0.00 ,
WEST,,WEST,THR-2078,,P95 PARTICULATE FILTER 2/PKG,,,,,,0 / 0,0.00,23.06 ,12.43 ,23.06 ,0.00 ,
WEST,,WEST,THR-2080-24EC,,"1""""PAINTERS TAPE DELICATE SURF.""",,,,,,0 / 0,0.00,16.42 ,8.85 ,16.42 ,0.00 ,
WEST,,WEST,THR-2080-48EC,,"2""""PAINTERS TAPE DELICATE SURF.""",,,,,,0 / 0,0.00,31.86 ,17.17 ,31.86 ,0.00 ,
WEST,,WEST,THR-209018MMX55M,,"LONG MASK  MASKNG TAPE 3/4""""   """,,,,,,0 / 0,2.00,10.70 ,5.20 ,10.70 ,21.40 ,
WEST,,WEST,THR-209024MMX55M,,"LONG MASK  MASKNG TAPE 1""""     """,,,,,,0 / 0,1.00,12.26 ,6.00 ,12.26 ,12.26 ,
WEST,,WEST,THR-209036MMX55M,,"LONG MASK  MASKNG TAPE 1-1/2"""" """,,,,,,0 / 0,6.00,18.17 ,8.90 ,18.17 ,109.02 ,
WEST,,WEST,THR-209048MMX55M,,"LONG MASK  MASKNG TAPE 2""""     """,,,,,,0 / 0,5.00,24.50 ,13.34 ,24.50 ,122.50 ,
WEST,,WEST,THR-26000,,PPS SERIES 2.0STD CUP 22OZ KIT,,,,,,0 / 0,0.00,396.81 ,213.85 ,396.81 ,0.00 ,
WEST,,WEST,THR-30344,,GELCOAT COMPOUND&POLISH 946ML,,,,,,0 / 0,0.00,154.42 ,83.22 ,154.42 ,0.00 ,
WEST,,WEST,THR-30345,,GELCOAT COMPOUND & POLISH GAL,,,,,,0 / 0,0.00,378.99 ,204.25 ,378.99 ,0.00 ,
WEST,,WEST,THR-31370,,"P40 6"""" CUBITRON II HOOKIT DISC""",,,,,,0 / 0,0.00,8.60 ,4.40 ,8.60 ,0.00 ,
WEST,,WEST,THR-31371,,"80 GRIT 6"" CUBITRON II DISC",,,,,,0 / 0,0.00,3.94 ,2.12 ,3.94 ,0.00 ,
WEST,,WEST,THR-31372,,"120 GRIT 6"" CUBITRON II DISC",,,,,,0 / 0,0.00,3.59 ,1.93 ,3.59 ,0.00 ,
WEST,,WEST,THR-31373,,"150 GRIT 6"" CUBITRON II DISC",,,,,,0 / 0,0.00,3.59 ,1.93 ,3.59 ,0.00 ,
WEST,,WEST,THR-31374,,"180 GRIT 6"" CUBITRON II DISC",,,,,,0 / 0,0.00,3.59 ,1.93 ,3.59 ,0.00 ,
WEST,,WEST,THR-31375,,"P40 8"" CUBITRONII HOOKIT DISC",,,,,,0 / 0,0.00,16.62 ,8.95 ,16.62 ,0.00 ,
WEST,,WEST,THR-31434,,"400A 6"" GOLD STIKIT DISCS",,,,,,0 / 0,0.00,8.67 ,4.67 ,8.67 ,0.00 ,
WEST,,WEST,THR-31471,,"P220 5"" CUBITRONII HOOKIT DISC",,,,,,0 / 0,0.00,2.77 ,1.49 ,2.77 ,0.00 ,
WEST,,WEST,THR-31473,,"P320 5"" CUBITRONII HOOKIT DISC",,,,,,0 / 0,0.00,2.77 ,1.49 ,2.77 ,0.00 ,
WEST,,WEST,THR-31481,,"P220 6"" CUBITRONII HOOKIT DISC",,,,,,0 / 0,0.00,3.59 ,1.93 ,3.59 ,0.00 ,
WEST,,WEST,THR-31483,,"P320 6"" CUBITRONII HOOKIT DISC",,,,,,0 / 0,0.00,3.52 ,1.90 ,3.52 ,0.00 ,
WEST,,WEST,THR-31547,,"40E 6"" PROD.GR.FRE-CUT DISC",,,,,,0 / 0,0.00,17.97 ,9.68 ,17.97 ,0.00 ,
WEST,,WEST,THR-31550,,"40E 8"" PROD.GR.FRE-CUT DISC",,,,,,0 / 0,0.00,35.25 ,19.00 ,35.25 ,0.00 ,
WEST,,WEST,THR-31650,,"P80 6"""" CUBITRON II NET (50)   """,,,,,,0 / 0,0.00,149.23 ,80.42 ,149.23 ,0.00 ,
WEST,,WEST,THR-31651,,"P120 6"" CUBITRON II NET (50)",,,,,,0 / 0,0.00,149.23 ,80.42 ,149.23 ,0.00 ,
WEST,,WEST,THR-32036,,P600 IMPERIAL WET OR DRY SH,,,,,,0 / 0,0.00,12.71 ,6.85 ,12.71 ,0.00 ,
WEST,,WEST,THR-32545,,"180A PROD. FRE-CUT SHT.9""""X 11",,,,,,0 / 0,0.00,10.02 ,5.70 ,10.02 ,0.00 ,
WEST,,WEST,THR-33279,,"9""""DBL SIDE L/LINT WOOL PAD Q/R""",,,,,,0 / 0,2.00,149.68 ,85.39 ,149.68 ,299.36 ,
WEST,,WEST,THR-34464,,P120 CLN SND HOOKIT ROLL 115MM,,,,,,0 / 0,0.00,148.45 ,80.00 ,148.45 ,0.00 ,
WEST,,WEST,THR-36060,,946ML PERFECT-IT EX RUBB.CMPD,,,,,,0 / 0,1.00,150.55 ,85.89 ,150.55 ,150.55 ,
WEST,,WEST,THR-36061,,1GAL.PERFECT-IT EX RUBB.CMPD,,,,,,0 / 0,0.00,462.44 ,249.22 ,462.44 ,0.00 ,
WEST,,WEST,THR-36101,,PERFECT-IT H/CUTTING CMP-PINT,,,,,,0 / 0,1.00,101.29 ,54.58 ,101.29 ,101.29 ,
WEST,,WEST,THR-36102,,PERFECT-IT H/CUTTING CMP-QUART,,,,,,0 / 0,1.00,185.17 ,99.79 ,185.17 ,185.17 ,
WEST,,WEST,THR-36105,,PERFECT-IT M/CUTTING CMP-PINT,,,,,,0 / 0,1.00,78.49 ,42.30 ,78.49 ,78.49 ,
WEST,,WEST,THR-36106,,PERFECT-IT M/CUTTING CMP-QUART,,,,,,0 / 0,0.00,125.67 ,67.72 ,125.67 ,0.00 ,
WEST,,WEST,THR-36109,,PERFECT-IT L/CUTTING POL-PINT,,,,,,0 / 0,0.00,69.64 ,37.53 ,69.64 ,0.00 ,
WEST,,WEST,THR-36110,,PERFECT-IT L/CUTTING POL-QUART,,,,,,0 / 0,1.00,110.59 ,59.60 ,110.59 ,110.59 ,
WEST,,WEST,THR-36111,,PERFECT-IT L/CUTTING POL-GAL,,,,,,0 / 0,0.00,313.19 ,168.79 ,313.19 ,0.00 ,
WEST,,WEST,THR-36112,,PERFECT-IT BOAT WAX-PINT,,,,,,0 / 0,2.00,62.76 ,33.82 ,62.76 ,125.52 ,
WEST,,WEST,THR-36113,,PERFECT-IT BOAT WAX-QUART,,,,,,0 / 0,0.00,113.61 ,61.23 ,113.61 ,0.00 ,
WEST,,WEST,THR-36157,,"80E 5"""" 321U BLUE ABRASIVE DISC""",,,,,,0 / 0,0.00,2.71 ,1.46 ,2.71 ,0.00 ,
WEST,,WEST,THR-36159,,"120E 5"""" 321U BLUE ABRASVE DISC""",,,,,,0 / 0,0.00,2.29 ,1.23 ,2.29 ,0.00 ,
WEST,,WEST,THR-36160,,"150E 5"""" 321U BLUE ABRASVE DISC""",,,,,,0 / 0,0.00,2.29 ,1.23 ,2.29 ,0.00 ,
WEST,,WEST,THR-36161,,"180E 5"""" 321U BLUE ABRASVE DISC""",,,,,,0 / 0,0.00,2.29 ,1.23 ,2.29 ,0.00 ,
WEST,,WEST,THR-36165,,"320+ 5"""" 321U BLUE ABRASVE DISC""",,,,,,0 / 0,0.00,2.27 ,1.22 ,2.27 ,0.00 ,
WEST,,WEST,THR-36170,,"40E 6"""" 321U BLUE HOOKIT DISC  """,,,,,,0 / 0,0.00,6.75 ,3.64 ,6.75 ,0.00 ,
WEST,,WEST,THR-36172,,"80E 6"""" 321U BLUE HOOKIT DISC  """,,,,,,0 / 0,0.00,3.32 ,1.79 ,3.32 ,0.00 ,
WEST,,WEST,THR-36174,,"120E 6"""" 321U BLUE HOOKIT DISC """,,,,,,0 / 0,0.00,2.81 ,1.51 ,2.81 ,0.00 ,
WEST,,WEST,THR-36879,,"28"" X300FT SELF STICK LIQ PROT",,,,,,0 / 0,0.00,"1,644.03 ",886.00 ,"1,644.03 ",0.00 ,
WEST,,WEST,THR-36880,,"36 ""X300FT SELF STICK LIQ PROT",,,,,,0 / 0,0.00,"2,263.50 ","1,219.85 ","2,263.50 ",0.00 ,
WEST,,WEST,THR-36882,,"56"" X300FT SELF STICK LIQ PROT",,,,,,0 / 0,0.00,"3,129.76 ","1,686.70 ","3,129.76 ",0.00 ,
WEST,,WEST,THR-4811-48MM,,"2"" WHT. PRESERVATION TAPE-36YD",,,,,,0 / 0,0.00,168.62 ,90.87 ,168.62 ,0.00 ,
WEST,,WEST,THR-55563-SG-O,,297G SCOTCHGARD OUTDR.PROT,,,,,,0 / 0,0.00,35.47 ,19.12 ,35.47 ,0.00 ,
WEST,,WEST,THR-5N11,,PREFILTER,,,,,,0 / 0,0.00,4.78 ,2.57 ,4.78 ,0.00 ,
WEST,,WEST,THR-6001,,2/PKG ORGANIC VAPOR CARTRID,,,,,,0 / 0,3.00,34.92 ,18.82 ,34.92 ,104.76 ,
WEST,,WEST,THR-60921,,2/PKG ORGANIC VAPOR CARTRIDGE,,,,,,0 / 0,1.00,76.30 ,41.12 ,76.30 ,76.30 ,
WEST,,WEST,THR-6800,,MEDIUM FULL FACE RESPIRATOR,,,,,,0 / 0,1.00,462.54 ,249.27 ,462.54 ,462.54 ,
WEST,,WEST,THR-8210,,PARTICULATE RESPIRATOR N95,,,,,,0 / 0,46.00,2.56 ,1.33 ,2.56 ,117.76 ,
WEST,,WEST,THR-9205,,AURA PARTICULATE RESPIRAT.N95,,,,,,0 / 0,13.00,3.02 ,1.63 ,3.02 ,39.26 ,
WEST,,WEST,THR-CITRUS-24OZ-IND,,BASE CLEANER - CITRUS 24OZ,,,,,,0 / 0,0.00,109.18 ,58.84 ,109.18 ,0.00 ,
WEST,,WEST,THR-D3097,,P100 PARTICULATE FILTER 2/PK,,,,,,0 / 0,2.00,31.95 ,17.22 ,31.95 ,63.90 ,
WEST,,WEST,THR-HF-802SD,,MEDIUM HALF FACE REUSABLE RESP,,,,,,0 / 0,2.00,100.73 ,54.29 ,100.73 ,201.46 ,
WEST,,WEST,THR-HP-156,,"OILSORB PADS 17""""X 19""""         """,,,,,,0 / 0,218.00,2.44 ,1.46 ,2.44 ,531.92 ,
,,,,,,,,,,,,,,,,,
Total: WEST,,,,,,,,,,,,"14,112.54","1,009,202.08 ","657,151.07 ","1,023,498.76 ","191,848.17 ",
,,,,,,,,,,,,,,,,,
,,,,,,,,,,,,,,,,,
Grand Total:,,,,,,,,,,,,,,,,,
,,,,,,,,,,,,"14,112.54","1,009,202.08 ","657,151.07 ","1,023,498.76 ","191,848.17 ",
,,,,,,,,,,,,,,,,,
,,,,,,,,,,,,,,,,,
,,,,,,,,,,,,,,,,,
Print Date: 2026-03-03 - 11:09:32 pm,,,,,,,Page 83 of 83,,,,,,,,,,
