Item No.,Description,Sell,On Hand,Cost,List,OEM,Category,Extended Sell
110-CAULKGUN,CAULK GUN,0.00,1,41.29,0.00,WEST,Default,CAULK GUN
215-CAULKGUN,CAULK GUN,0.00,1,17.69,0.00,WEST,Default,CAULK GUN
HORN,CLEAROUT HORN,57.99,0,35.00,0.00,WEST,Default,CLEAROUT HORN
MISC,862ML 3M MARINE PREMIUM FILLER-1/2 Can,50.17,0,33.45,50.17,WEST,Default,862ML 3M MARINE PREMIUM FILLER-1/2 Can
VER-216080101FT,16/2 AWG White- Sold Per Foot.,0.88,0,0.47,0.88,WEST,Default,16/2 AWG White- Sold Per Foot.
SED136016-1,BROZ EYE SEADOG,22.20,1,9.99,0.00,WEST,SEA,BROZ EYE SEADOG
18-7824-2,OIL FILTER,12.09,5,7.52,0.00,WEST,Sierra,OIL FILTER
18-7944,Fuel/Watter separating filter,12.09,0,7.24,0.00,WEST,Sierra,Fuel/Watter separating filter
SIE-18-7824-2,OIL FILTER,14.11,5,7.62,14.11,WEST,Sierra,OIL FILTER
SIE-18-9650-2,HI-PERF.GEAR LUBE-QT,24.85,3,11.11,24.85,WEST,Sierra,HI-PERF.GEAR LUBE-QT
00117075,"BUCK-CORED PLUG, BRONZE",12.10,0,1.00,12.10,WEST,WEST,"BUCK-CORED PLUG, BRONZE"
010-02091-51,GPSMAP 8610XSV,3639.80,0,3279.10,3639.80,WEST,WEST,GPSMAP 8610XSV
012415-10,"UNION CONNECTR 1/2""CTS(3515-10",14.94,1,7.55,14.96,WEST,WEST,"UNION CONNECTR 1/2""CTS(3515-10"
02017-00,1/8 T/SEND SINGLE STATION DAT,27.86,4,7.48,27.86,WEST,WEST,1/8 T/SEND SINGLE STATION DAT
04036-PT,"CABLE MOTOR-24V,  GLENDENING",304.94,0,182.60,304.94,WEST,WEST,"CABLE MOTOR-24V,  GLENDENING"
050001199C,"CYLINDER, TRANSPARENT SPARE-8""X14""",624.82,0,374.89,624.82,WEST,WEST,"CYLINDER, TRANSPARENT SPARE-8""X14"""
7494,PRIMER BULB - 5/16 INCH,15.59,2,9.08,15.59,WEST,WEST,PRIMER BULB - 5/16 INCH
7813,PRIMER BULB- 1 1/4 INCH,15.89,2,9.83,15.89,WEST,WEST,PRIMER BULB- 1 1/4 INCH
9060,09060 32OZ Hull/Deck CLNR,48.42,0,23.28,0.00,WEST,WEST,09060 32OZ Hull/Deck CLNR
1000047,S/S ALLEN SKT KNRL CAP SCREW,36.44,0,19.64,36.44,WEST,WEST,S/S ALLEN SKT KNRL CAP SCREW
1000098,SA2 SMART ACUATOR 12V PORT,4585.70,0,2745.93,4585.70,WEST,WEST,SA2 SMART ACUATOR 12V PORT
1000101,REPAIR KIT FOR W/CR IMPELLER,233.27,0,132.70,233.27,WEST,WEST,REPAIR KIT FOR W/CR IMPELLER
1000128,K CRANK ASSEMBLY,407.60,0,219.66,407.60,WEST,WEST,K CRANK ASSEMBLY
1000136,SA2 SMART ACUATOR 12V STBD,4585.70,0,2745.93,4585.70,WEST,WEST,SA2 SMART ACUATOR 12V STBD
1000284,KIT TOILET MNTING F/M-28,78.89,0,42.52,78.89,WEST,WEST,KIT TOILET MNTING F/M-28
1000349,S/S TBKL FORK/FORK 5/8 TH WIRE,352.27,0,189.85,352.27,WEST,WEST,S/S TBKL FORK/FORK 5/8 TH WIRE
1000357,BAR LAMP 24V,155.23,0,83.65,155.23,WEST,WEST,BAR LAMP 24V
1000365,PIRANNA 1100 GPH BILGE PUMP,158.28,0,85.30,158.28,WEST,WEST,PIRANNA 1100 GPH BILGE PUMP
1000519,3/4 FOOTLESS PUMP,1554.22,0,837.60,1554.22,WEST,WEST,3/4 FOOTLESS PUMP
1000543,TRIPLE CLUTCH BLACK SIDES,726.05,0,543.45,726.05,WEST,WEST,TRIPLE CLUTCH BLACK SIDES
1000551,RIBBED TAPER STANCH POST ONLY,103.36,0,55.70,103.36,WEST,WEST,RIBBED TAPER STANCH POST ONLY
100056,2-1/8X2-1/4 CUPBOARD TURN,111.96,0,60.34,111.96,WEST,WEST,2-1/8X2-1/4 CUPBOARD TURN
1000586,STRAINER 4 FLNGD #304SS BSKT,21878.00,0,11790.54,21878.00,WEST,WEST,STRAINER 4 FLNGD #304SS BSKT
1000608,AL 3 STYLE B ROUND 1/2 HOLE,19.94,0,10.75,19.94,WEST,WEST,AL 3 STYLE B ROUND 1/2 HOLE
1000632,PUSH TO CLOSE LATCH 10LBS. BLK,16.92,0,9.12,16.92,WEST,WEST,PUSH TO CLOSE LATCH 10LBS. BLK
1000675,SWIVEL BLOCK,119.47,0,62.96,119.47,WEST,WEST,SWIVEL BLOCK
1000683,ALTERNATING CURRENT(AC)MONITOR,661.09,0,528.87,661.09,WEST,WEST,ALTERNATING CURRENT(AC)MONITOR
1000691,DIRECT CURRENT(DC)MONITOR,808.73,0,646.98,808.73,WEST,WEST,DIRECT CURRENT(DC)MONITOR
1000748,J1939 TO NMEA 2000 BRIDGE,571.31,0,457.05,571.31,WEST,WEST,J1939 TO NMEA 2000 BRIDGE
1000772,TANK LEVEL ADAPTER,408.08,0,326.46,408.08,WEST,WEST,TANK LEVEL ADAPTER
1000799,GATEWAY NMEA 2000/USB,319.05,0,255.24,319.05,WEST,WEST,GATEWAY NMEA 2000/USB
100102,REPL. DRAIN PLUG F/520050/55,8.18,0,3.68,8.18,WEST,WEST,REPL. DRAIN PLUG F/520050/55
1001132,S/S QUICK DISCONNECT,29.46,0,20.04,29.46,WEST,WEST,S/S QUICK DISCONNECT
1001167,X-PORTTACTICIANSURFACE MOUNT,276.94,0,157.54,276.94,WEST,WEST,X-PORTTACTICIANSURFACE MOUNT
1001175,X-PORTKAYAKERSURFACE/MT.BLK,230.41,0,131.07,230.41,WEST,WEST,X-PORTKAYAKERSURFACE/MT.BLK
1001183,X-PORTKAYAKERSURFACE/MT.WHT,230.41,0,131.07,230.41,WEST,WEST,X-PORTKAYAKERSURFACE/MT.WHT
1001256,STOPPER WITH INSIDE JAWS -6MM,13.86,0,7.47,13.86,WEST,WEST,STOPPER WITH INSIDE JAWS -6MM
1001264,STOPPER WITH INSIDE JAWS -8MM,21.73,0,11.71,21.73,WEST,WEST,STOPPER WITH INSIDE JAWS -8MM
1001299,CLASC BALLEND 3/16W 1/4-28T MS,76.07,0,38.72,76.07,WEST,WEST,CLASC BALLEND 3/16W 1/4-28T MS
1001302,511/911/2011 BASE BONE KIT,818.75,0,441.24,818.75,WEST,WEST,511/911/2011 BASE BONE KIT
1001396,GREAT LAKES & MARITIMES,309.46,0,247.57,309.46,WEST,WEST,GREAT LAKES & MARITIMES
1001442,INSULATOR STUD TO STUD 3/16,326.12,0,175.75,326.12,WEST,WEST,INSULATOR STUD TO STUD 3/16
100145,RIBBED TYPE OARLOCK HORN,139.60,0,75.23,139.60,WEST,WEST,RIBBED TYPE OARLOCK HORN
1001507,TRANSDUCER DIG D&HP TEMP 200W,1113.18,0,927.65,1113.18,WEST,WEST,TRANSDUCER DIG D&HP TEMP 200W
1001515,BLACK WEATHERFAX,2024.72,0,1687.27,2024.72,WEST,WEST,BLACK WEATHERFAX
1001523,XX0812 SIDEMOUNT BODY PORT,816.65,0,611.26,816.65,WEST,WEST,XX0812 SIDEMOUNT BODY PORT
100153,SIDE MOUNT ROWLOCK SOCKETS,104.91,0,56.54,104.91,WEST,WEST,SIDE MOUNT ROWLOCK SOCKETS
1001531,XX0812 SIDEMONT BODY STARBOARD,816.65,0,611.26,816.65,WEST,WEST,XX0812 SIDEMONT BODY STARBOARD
1001558,30M CABLE for FI 5001 SENSOR,201.66,0,168.05,201.66,WEST,WEST,30M CABLE for FI 5001 SENSOR
1001566,50M CABLE for FI 5001 SENSOR,283.94,0,236.62,283.94,WEST,WEST,50M CABLE for FI 5001 SENSOR
100161,GAS SPRING 20-12BALL MT,39.95,0,21.53,39.95,WEST,WEST,GAS SPRING 20-12BALL MT
1001663,LINE 7MM X 55' FURL DBL BRAID,191.85,0,143.60,191.85,WEST,WEST,LINE 7MM X 55' FURL DBL BRAID
1001671,UN.0 MKIV BOTTOM CONNECTOR,96.16,0,71.98,96.16,WEST,WEST,UN.0 MKIV BOTTOM CONNECTOR
1001698,UNIT 0 MKIV TRIM CAP SCREW,10.30,0,7.71,10.30,WEST,WEST,UNIT 0 MKIV TRIM CAP SCREW
1001736,PREMIUM HD EXHANDLE 3-6'&BRUSH,97.80,0,52.70,97.80,WEST,WEST,PREMIUM HD EXHANDLE 3-6'&BRUSH
1001744,SPONGE MICRO FIBER REGGAE BLUE,23.26,0,12.54,23.26,WEST,WEST,SPONGE MICRO FIBER REGGAE BLUE
1001779,FLEXIBLE HEAD SCRUBBER RED PAD,80.39,0,43.33,80.39,WEST,WEST,FLEXIBLE HEAD SCRUBBER RED PAD
1001787,ADAPTOR-SHURHOLD TO STARBRITE,21.49,0,11.58,21.49,WEST,WEST,ADAPTOR-SHURHOLD TO STARBRITE
1001876,MINI GATE HOOK 3/16W MS,100.83,0,51.32,100.83,WEST,WEST,MINI GATE HOOK 3/16W MS
1001884,BLANK PANEL COVER,6.05,0,3.26,6.05,WEST,WEST,BLANK PANEL COVER
1002015,BACK MT RACK DUAL CABLE 14',1475.80,0,795.34,1475.80,WEST,WEST,BACK MT RACK DUAL CABLE 14'
1002023,STARTER MOUNTING BOLT,10.17,0,5.50,10.17,WEST,WEST,STARTER MOUNTING BOLT
1002066,1X1-1/4X4 NON-METALLIC,147.96,0,79.74,147.96,WEST,WEST,1X1-1/4X4 NON-METALLIC
1002074,DC SOCKET - 200 DOUBLE,138.46,0,74.62,138.46,WEST,WEST,DC SOCKET - 200 DOUBLE
1002082,SKI ROPE SNAP,5.34,0,2.40,5.34,WEST,WEST,SKI ROPE SNAP
1002112,3-WAY BALL VALVE,173.00,0,93.23,173.00,WEST,WEST,3-WAY BALL VALVE
1002147,160A 1-INP 2-BATT ISOL. W/CONN,464.21,0,250.17,464.21,WEST,WEST,160A 1-INP 2-BATT ISOL. W/CONN
1002163,PROPELLER 6-BLADE 110mm,189.04,0,102.49,189.04,WEST,WEST,PROPELLER 6-BLADE 110mm
1002171,102-2 ACT.4-1/4STROKE*MAILBU*,630.02,0,377.26,630.02,WEST,WEST,102-2 ACT.4-1/4STROKE*MAILBU*
1002198,SEASTAR PRO HOSE 26'PR,686.04,0,457.36,686.04,WEST,WEST,SEASTAR PRO HOSE 26'PR
1002201,102 XD SERIES RAM,697.56,0,417.70,697.56,WEST,WEST,102 XD SERIES RAM
1002333,WINDSHIELD HOLDER CLIPS-PR,33.25,0,17.92,33.25,WEST,WEST,WINDSHIELD HOLDER CLIPS-PR
1002368,TS-450-EF AL SOCKET END FITTNG,1692.76,0,889.91,1692.76,WEST,WEST,TS-450-EF AL SOCKET END FITTNG
1002457,HLD SWV 1 MKVI W/O SHKLS,743.03,0,556.16,743.03,WEST,WEST,HLD SWV 1 MKVI W/O SHKLS
1002465,BAYSTAR GLAND KIT COMPACT CYL,200.64,0,133.76,200.64,WEST,WEST,BAYSTAR GLAND KIT COMPACT CYL
1002511,DIAPHRM SIZE18 NITRIL8-1/16OD,217.60,0,181.33,217.60,WEST,WEST,DIAPHRM SIZE18 NITRIL8-1/16OD
1002546,PUMPKIT NITRILE SIZE18 220 SER,354.77,0,295.64,354.77,WEST,WEST,PUMPKIT NITRILE SIZE18 220 SER
1002554,SUSUKI 200HP OB CLAMP ASSEMBLY,230.39,0,124.16,230.39,WEST,WEST,SUSUKI 200HP OB CLAMP ASSEMBLY
1002716,WATER TEMP GAUGE METRIC  EURO,118.19,0,63.69,118.19,WEST,WEST,WATER TEMP GAUGE METRIC  EURO
100277,YELLOW PIGMENT 60ML,19.29,0,10.39,19.29,WEST,WEST,YELLOW PIGMENT 60ML
1004077,LOW SPD PUMP 12V,626.15,0,356.19,626.15,WEST,WEST,LOW SPD PUMP 12V
1004107,MAG SENSOR KIT,230.88,0,124.42,230.88,WEST,WEST,MAG SENSOR KIT
1004158,MOUNT FLUSH DECK SOCKT KIT/TBL,164.92,0,111.91,164.92,WEST,WEST,MOUNT FLUSH DECK SOCKT KIT/TBL
1004174,IGN SWITCH 3POS,49.82,0,26.85,49.82,WEST,WEST,IGN SWITCH 3POS
1004212,IMPELLER KIT-NEOPRENE,146.23,0,78.80,146.23,WEST,WEST,IMPELLER KIT-NEOPRENE
1004263,THREAD GATE EYE ONLY 3/8-24LH,42.17,0,21.46,42.17,WEST,WEST,THREAD GATE EYE ONLY 3/8-24LH
1004298,TWIN GAS ENGINE GPH TO 500HP,1716.74,0,1144.49,1716.74,WEST,WEST,TWIN GAS ENGINE GPH TO 500HP
1004395,57MM NARROW MASTCOLLAR BLOCK,111.06,0,83.13,111.06,WEST,WEST,57MM NARROW MASTCOLLAR BLOCK
1004468,TBKL BODY+TOGGLE 3/8-7/16PIN,152.49,0,82.18,152.49,WEST,WEST,TBKL BODY+TOGGLE 3/8-7/16PIN
1004476,HATCH 16 7/8 SQ BLK W/RNG&SCRN,870.74,0,522.44,870.74,WEST,WEST,HATCH 16 7/8 SQ BLK W/RNG&SCRN
1004484,#24 STANDARD SNAP SETTER ONLY,74.57,0,40.18,74.57,WEST,WEST,#24 STANDARD SNAP SETTER ONLY
1004565,S/S PULL-UP CLEAT 6,189.32,0,85.19,189.32,WEST,WEST,S/S PULL-UP CLEAT 6
1004581,THERMOSTAT,38.71,0,20.92,38.71,WEST,WEST,THERMOSTAT
1021591,BUNK SLICKS,117.85,0,63.51,117.85,WEST,WEST,BUNK SLICKS
1021621,PROSAFE-2 30-AMP GALV.ISOLATOR,738.16,0,397.81,738.16,WEST,WEST,PROSAFE-2 30-AMP GALV.ISOLATOR
1021648,DECK BRUSH W/TELE.ALUM.HANDLE,106.21,0,57.24,106.21,WEST,WEST,DECK BRUSH W/TELE.ALUM.HANDLE
1021672,PRE FEEDER F/UNIT 1 CARBO FOIL,57.80,0,43.26,57.80,WEST,WEST,PRE FEEDER F/UNIT 1 CARBO FOIL
1021737,NAVIGATION ELECTRONICS LABEL,4.49,0,2.69,4.49,WEST,WEST,NAVIGATION ELECTRONICS LABEL
1021753,COMPASS LIGHT LABEL,5.33,0,3.19,5.33,WEST,WEST,COMPASS LIGHT LABEL
1021761,BATTERY 1 LABEL,5.33,0,3.19,5.33,WEST,WEST,BATTERY 1 LABEL
1021788,BATTERY 2 LABEL,5.33,0,3.19,5.33,WEST,WEST,BATTERY 2 LABEL
1021796,5/8X250'PROSET+5/16X50'CHAIN,1180.27,0,636.07,1180.27,WEST,WEST,5/8X250'PROSET+5/16X50'CHAIN
1021826,ANTI SIPHON GUARD,47.71,0,25.87,47.71,WEST,WEST,ANTI SIPHON GUARD
1021834,NAVNET3D CARRIBEAN CHART PACK,424.31,0,353.59,424.31,WEST,WEST,NAVNET3D CARRIBEAN CHART PACK
1024159,PROP STOP COVER,61.57,0,33.18,61.57,WEST,WEST,PROP STOP COVER
1034138,1/2OD.X100'CLEAR SPIRAL WRAP,315.88,0,170.23,315.88,WEST,WEST,1/2OD.X100'CLEAR SPIRAL WRAP
1034154,3/8ID.X 25'BLACK SPLIT LOOM,13.58,0,7.32,13.58,WEST,WEST,3/8ID.X 25'BLACK SPLIT LOOM
1034162,1/2ID.X 25'BLACK SPLIT LOOM,14.90,0,8.03,14.90,WEST,WEST,1/2ID.X 25'BLACK SPLIT LOOM
1034189,3/4ID.X 25'BLACK SPLIT LOOM,20.47,0,11.03,20.47,WEST,WEST,3/4ID.X 25'BLACK SPLIT LOOM
1041142,MAXSEA PROFESSIONAL SOFTWARE,6916.25,0,5763.54,6916.25,WEST,WEST,MAXSEA PROFESSIONAL SOFTWARE
1060481,CHAIN PAIL DISP.WHEEL SET OF 4,49.90,0,29.88,49.90,WEST,WEST,CHAIN PAIL DISP.WHEEL SET OF 4
1060503,1X12' RED RESCUE TAPE,16.77,0,9.04,16.77,WEST,WEST,1X12' RED RESCUE TAPE
1060511,1X12' WHITE RESCUE TAPE,16.77,0,9.04,16.77,WEST,WEST,1X12' WHITE RESCUE TAPE
1060538,1X12' CLEAR RESCUE TAPE,16.77,0,9.04,16.77,WEST,WEST,1X12' CLEAR RESCUE TAPE
1060546,1X12' YELLOW RESCUE TAPE,16.77,0,9.04,16.77,WEST,WEST,1X12' YELLOW RESCUE TAPE
1060554,24 ROLL ASSORTED DISPLAY,402.20,0,216.76,402.20,WEST,WEST,24 ROLL ASSORTED DISPLAY
1060767,STRNR VERT DUPLEX 2MONEL BSKT,10789.84,0,5814.88,10789.84,WEST,WEST,STRNR VERT DUPLEX 2MONEL BSKT
1060791,TFXTREME 3300 CNTRL CABLE 6',119.97,0,64.66,119.97,WEST,WEST,TFXTREME 3300 CNTRL CABLE 6'
1060805,TFXTREME 3300 CNTRL CABLE 7',122.46,0,66.00,122.46,WEST,WEST,TFXTREME 3300 CNTRL CABLE 7'
1060813,TFXTREME 3300 CNTRL CABLE 8',125.47,0,67.62,125.47,WEST,WEST,TFXTREME 3300 CNTRL CABLE 8'
1060821,TFXTREME 3300 CNTRL CABLE 9',128.54,0,69.27,128.54,WEST,WEST,TFXTREME 3300 CNTRL CABLE 9'
1060848,TFXTREME 3300 CNTRL CABLE 10',131.51,0,70.87,131.51,WEST,WEST,TFXTREME 3300 CNTRL CABLE 10'
1060856,TFXTREME 3300 CNTRL CABLE 11',135.02,0,72.76,135.02,WEST,WEST,TFXTREME 3300 CNTRL CABLE 11'
1060864,TFXTREME 3300 CNTRL CABLE 12',138.13,0,74.44,138.13,WEST,WEST,TFXTREME 3300 CNTRL CABLE 12'
1060872,TFXTREME 3300 CNTRL CABLE 13',141.06,0,76.02,141.06,WEST,WEST,TFXTREME 3300 CNTRL CABLE 13'
1060899,TFXTREME 3300 CNTRL CABLE 14',143.99,0,77.60,143.99,WEST,WEST,TFXTREME 3300 CNTRL CABLE 14'
1060902,TFXTREME 3300 CNTRL CABLE 15',147.04,0,79.24,147.04,WEST,WEST,TFXTREME 3300 CNTRL CABLE 15'
1060929,TFXTREME 3300 CNTRL CABLE 16',150.12,0,80.90,150.12,WEST,WEST,TFXTREME 3300 CNTRL CABLE 16'
1060937,TFXTREME 3300 CNTRL CABLE 17',153.04,0,82.48,153.04,WEST,WEST,TFXTREME 3300 CNTRL CABLE 17'
1060945,TFXTREME 3300 CNTRL CABLE 18',156.11,0,84.13,156.11,WEST,WEST,TFXTREME 3300 CNTRL CABLE 18'
1060953,TFXTREME 3300 CNTRL CABLE 19',159.03,0,85.71,159.03,WEST,WEST,TFXTREME 3300 CNTRL CABLE 19'
1060961,TFXTREME 3300 CNTRL CABLE 20',162.09,0,87.35,162.09,WEST,WEST,TFXTREME 3300 CNTRL CABLE 20'
1060988,TFXTREME 3300 CNTRL CABLE 21',165.75,0,89.32,165.75,WEST,WEST,TFXTREME 3300 CNTRL CABLE 21'
1060996,TFXTREME 3300 CNTRL CABLE 22',168.72,0,90.93,168.72,WEST,WEST,TFXTREME 3300 CNTRL CABLE 22'
1061003,TFXTREME 3300 CNTRL CABLE 23',171.69,0,92.53,171.69,WEST,WEST,TFXTREME 3300 CNTRL CABLE 23'
1061011,TFXTREME 3300 CNTRL CABLE 24',174.68,0,94.14,174.68,WEST,WEST,TFXTREME 3300 CNTRL CABLE 24'
1061038,TFXTREME 3300 CNTRL CABLE 25',186.47,0,100.49,186.47,WEST,WEST,TFXTREME 3300 CNTRL CABLE 25'
1061046,TFXTREME 3300 CNTRL CABLE 26',191.42,0,103.16,191.42,WEST,WEST,TFXTREME 3300 CNTRL CABLE 26'
1061054,TFXTREME 3300 CNTRL CABLE 27',196.33,0,105.80,196.33,WEST,WEST,TFXTREME 3300 CNTRL CABLE 27'
1061062,TFXTREME 3300 CNTRL CABLE 28',201.34,0,108.50,201.34,WEST,WEST,TFXTREME 3300 CNTRL CABLE 28'
1061089,TFXTREME 3300 CNTRL CABLE 29',206.25,0,111.15,206.25,WEST,WEST,TFXTREME 3300 CNTRL CABLE 29'
1061097,TFXTREME 3300 CNTRL CABLE 30',210.94,0,113.68,210.94,WEST,WEST,TFXTREME 3300 CNTRL CABLE 30'
1061119,TFXTREME 4300BC CTRL CBLE 10',290.71,0,156.67,290.71,WEST,WEST,TFXTREME 4300BC CTRL CBLE 10'
1061127,TFXTREME 4300BC CTRL CBLE 11',296.44,0,159.76,296.44,WEST,WEST,TFXTREME 4300BC CTRL CBLE 11'
1061135,TFXTREME 4300BC CTRL CBLE 12',301.75,0,162.62,301.75,WEST,WEST,TFXTREME 4300BC CTRL CBLE 12'
1061143,TFXTREME 4300BC CTRL CBLE 13',307.20,0,165.55,307.20,WEST,WEST,TFXTREME 4300BC CTRL CBLE 13'
1061151,TFXTREME 4300BC CTRL CBLE 14',312.61,0,168.47,312.61,WEST,WEST,TFXTREME 4300BC CTRL CBLE 14'
1061178,TFXTREME 4300BC CTRL CBLE 15',317.87,0,171.31,317.87,WEST,WEST,TFXTREME 4300BC CTRL CBLE 15'
1061186,TFXTREME 4300BC CTRL CBLE 16',323.20,0,174.18,323.20,WEST,WEST,TFXTREME 4300BC CTRL CBLE 16'
1061909,FENDER COVER NAVY F/F-1/G-4,71.23,0,38.38,71.23,WEST,WEST,FENDER COVER NAVY F/F-1/G-4
1061917,FENDER COVER BLACK F/F-3/G-5,88.46,0,47.67,88.46,WEST,WEST,FENDER COVER BLACK F/F-3/G-5
1061925,FENDER COVER NAVY F/F-3/G-5,88.46,0,47.67,88.46,WEST,WEST,FENDER COVER NAVY F/F-3/G-5
1061933,FENDER COVER BLACK F/HTM-2,67.69,0,36.48,67.69,WEST,WEST,FENDER COVER BLACK F/HTM-2
1061941,FENDER COVER NAVY F/HTM-2,67.69,0,36.48,67.69,WEST,WEST,FENDER COVER NAVY F/HTM-2
1061976,FENDER COVER BLACK HTM-3,146.59,0,79.00,146.59,WEST,WEST,FENDER COVER BLACK HTM-3
1061984,FENDER COVER NAVY HTM-3,146.59,0,79.00,146.59,WEST,WEST,FENDER COVER NAVY HTM-3
1061992,FENDER COVER BLACK HTM-4,172.90,0,93.18,172.90,WEST,WEST,FENDER COVER BLACK HTM-4
1062018,FENDER COVER NAVY HTM-4,172.90,0,93.18,172.90,WEST,WEST,FENDER COVER NAVY HTM-4
1062026,3/8 ALLEN HEAD SWIVEL,509.38,0,268.42,509.38,WEST,WEST,3/8 ALLEN HEAD SWIVEL
1062069,TANK MONITOR PANEL ONLY,474.51,0,255.73,474.51,WEST,WEST,TANK MONITOR PANEL ONLY
1062077,ROLLER SET FOR XX0812,100.92,0,75.54,100.92,WEST,WEST,ROLLER SET FOR XX0812
1062085,BATTERY CHARGER,5717.13,0,3081.09,5717.13,WEST,WEST,BATTERY CHARGER
1062115,EXHAUST Y 2X3TO 4GRY IRON,289.95,0,156.26,289.95,WEST,WEST,EXHAUST Y 2X3TO 4GRY IRON
1062123,MEDIUM PREFOCUS SOCKET,162.36,0,87.50,162.36,WEST,WEST,MEDIUM PREFOCUS SOCKET
1062131,CAP ASSEMBLY W/TOP SOCKET,414.06,0,223.15,414.06,WEST,WEST,CAP ASSEMBLY W/TOP SOCKET
106216,5' VHF MARINE ANTENNA,359.57,0,193.78,359.57,WEST,WEST,5' VHF MARINE ANTENNA
1062174,FST-1/4-20X.500 18-8 Fi,2.97,0,2.23,2.97,WEST,WEST,FST-1/4-20X.500 18-8 Fi
1062182,THERMOSTAT KIT,164.91,0,89.10,164.91,WEST,WEST,THERMOSTAT KIT
1062204,THERMOSTAT KIT,274.20,0,148.15,274.20,WEST,WEST,THERMOSTAT KIT
1062212,THERMOSTAT KIT,49.87,0,26.94,49.87,WEST,WEST,THERMOSTAT KIT
1062239,THERMOSTAT KIT,51.55,0,27.85,51.55,WEST,WEST,THERMOSTAT KIT
1062247,THERMOSTAT KIT,71.84,0,38.82,71.84,WEST,WEST,THERMOSTAT KIT
1062298,CLEAR 1X 20'SILICONE TAPE,39.04,0,21.04,39.04,WEST,WEST,CLEAR 1X 20'SILICONE TAPE
1062352,2 GA WELDING CABLE BLACK 50',485.22,0,261.49,485.22,WEST,WEST,2 GA WELDING CABLE BLACK 50'
1062379,LIFE RING 24 ORANGE,149.06,0,80.33,149.06,WEST,WEST,LIFE RING 24 ORANGE
1062387,LIFE RING 30 ORANGE SOLAS,217.97,0,117.47,217.97,WEST,WEST,LIFE RING 30 ORANGE SOLAS
1062395,TBTBKL BTNEND5/16-24T1/4W MS 7,90.28,0,45.95,90.28,WEST,WEST,TBTBKL BTNEND5/16-24T1/4W MS 7
1062409,BTN TERMINAL 1/4W 7/32DIE MS,32.53,0,16.56,32.53,WEST,WEST,BTN TERMINAL 1/4W 7/32DIE MS
1062425,ALUM 14-1/2X17 4B RH PROP,252.07,0,141.13,252.07,WEST,WEST,ALUM 14-1/2X17 4B RH PROP
1062433,12V MOTOR+SOLENOID   BOW5512,3017.78,0,1636.15,3017.78,WEST,WEST,12V MOTOR+SOLENOID   BOW5512
1062549,B/B ALUM.5 SHV.DECK ORGANIZER,1705.00,0,1276.20,1705.00,WEST,WEST,B/B ALUM.5 SHV.DECK ORGANIZER
1062565,ALUM 14X19 4B RH PROP,252.07,0,141.13,252.07,WEST,WEST,ALUM 14X19 4B RH PROP
106267,BALL VLV 1/4 SS,48.23,0,25.99,48.23,WEST,WEST,BALL VLV 1/4 SS
1062786,S/S O/B MOTOR BRKT MAX 10HP,215.85,0,146.84,215.85,WEST,WEST,S/S O/B MOTOR BRKT MAX 10HP
1062816,ALUM.O/B MOTOR BRKT MAX 20HP,308.30,0,209.73,308.30,WEST,WEST,ALUM.O/B MOTOR BRKT MAX 20HP
1062824,4STRK O/B MOTOR BRKT 10TRVL,425.57,0,289.50,425.57,WEST,WEST,4STRK O/B MOTOR BRKT 10TRVL
106283,BAKELITE FUSE HOLDER W/BAR,37.58,0,16.91,37.58,WEST,WEST,BAKELITE FUSE HOLDER W/BAR
1062832,4STRK O/B MOTOR BRKT 16TRVL,552.26,0,375.69,552.26,WEST,WEST,4STRK O/B MOTOR BRKT 16TRVL
1062905,INNER FIRE PAN-KETTLE GAS GRIL,115.47,0,78.36,115.47,WEST,WEST,INNER FIRE PAN-KETTLE GAS GRIL
106291,WATER FILL/VENT BLACK,93.27,0,50.26,93.27,WEST,WEST,WATER FILL/VENT BLACK
1062921,BAT CNTRL CNTR SGL ENG REMOTE,735.99,0,396.64,735.99,WEST,WEST,BAT CNTRL CNTR SGL ENG REMOTE
1062964,SCHOONER GOLD VARNISH,85.50,0,46.08,85.50,WEST,WEST,SCHOONER GOLD VARNISH
1062999,SPINDLE,157.46,0,84.86,157.46,WEST,WEST,SPINDLE
1063006,DELRIN FLAT WASHER,0.52,0,0.39,0.52,WEST,WEST,DELRIN FLAT WASHER
1063049,CETOL NATURAL TEAK FINISH,237.09,0,127.77,237.09,WEST,WEST,CETOL NATURAL TEAK FINISH
106305,S/S LIFT HANDLE ROUND,11.64,0,5.24,11.64,WEST,WEST,S/S LIFT HANDLE ROUND
106313,COAXIAL CABLE ASSY 2FT,23.06,0,10.38,23.06,WEST,WEST,COAXIAL CABLE ASSY 2FT
1063154,SEASTAR TILT STEER KIT CLASSIC,2663.36,0,1775.57,2663.36,WEST,WEST,SEASTAR TILT STEER KIT CLASSIC
106321,COAXIAL CABLE ASSY 10FT,36.18,0,16.28,36.18,WEST,WEST,COAXIAL CABLE ASSY 10FT
1063219,REPL.SPRAY HANDLE CHR0ME,73.38,0,39.55,73.38,WEST,WEST,REPL.SPRAY HANDLE CHR0ME
1063235,WASTE CAP WITH O-RING,122.71,0,66.13,122.71,WEST,WEST,WASTE CAP WITH O-RING
1063243,HI-LOW 3PC PEDASTAL SET,322.19,0,173.64,322.19,WEST,WEST,HI-LOW 3PC PEDASTAL SET
106348,COAXIAL CABLE ASSY 20FT,45.84,0,20.63,45.84,WEST,WEST,COAXIAL CABLE ASSY 20FT
1063529,S/S RING 3/8X 2,9.90,0,4.45,9.90,WEST,WEST,S/S RING 3/8X 2
1063545,S/S RING 7/16 X 2-1/2,22.24,0,10.01,22.24,WEST,WEST,S/S RING 7/16 X 2-1/2
106356,UHF CONNECTOR FOR 8U CABLE,11.42,0,5.14,11.42,WEST,WEST,UHF CONNECTOR FOR 8U CABLE
1063561,CMP GAL.G43 ISO CHAIN,1979.65,0,1066.88,1979.65,WEST,WEST,CMP GAL.G43 ISO CHAIN
1063626,GOBEE BK STANCHN MNT WRLSHHRMT,520.56,0,280.54,520.56,WEST,WEST,GOBEE BK STANCHN MNT WRLSHHRMT
106364,UHF ADAPTOR FOR RG58/U,6.16,0,2.77,6.16,WEST,WEST,UHF ADAPTOR FOR RG58/U
106372,UHF ADAPTOR FOR RG59/U,6.16,0,2.77,6.16,WEST,WEST,UHF ADAPTOR FOR RG59/U
1063766,BI-COLOUR LIGHT,111.44,0,60.06,111.44,WEST,WEST,BI-COLOUR LIGHT
1063847,MINI MAXI CAR,3620.74,0,2710.14,3620.74,WEST,WEST,MINI MAXI CAR
1063863,PRESSURE ARM 8MM-5/16 CHAINWHL,57.02,0,38.79,57.02,WEST,WEST,PRESSURE ARM 8MM-5/16 CHAINWHL
1063871,FLANGED B VLV ADPTR 1 BRZ,104.89,0,56.53,104.89,WEST,WEST,FLANGED B VLV ADPTR 1 BRZ
106399,UHF/BNC HAND HELD RADIO ADAPT,10.52,0,4.73,10.52,WEST,WEST,UHF/BNC HAND HELD RADIO ADAPT
1064002,BIMINI LOUNGER II,248.63,0,133.99,248.63,WEST,WEST,BIMINI LOUNGER II
106402,UHF T CONNECTOR,9.20,0,4.14,9.20,WEST,WEST,UHF T CONNECTOR
1064053,AIRHEAD BOSTON-VALVE PKG(2),15.10,0,8.14,15.10,WEST,WEST,AIRHEAD BOSTON-VALVE PKG(2)
1064118,FISHBOAT OB W/HOOD 11'5-12'4,514.61,0,277.33,514.61,WEST,WEST,FISHBOAT OB W/HOOD 11'5-12'4
1064126,FISHBOAT OB W/HOOD 12'5-13'4,531.26,0,286.31,531.26,WEST,WEST,FISHBOAT OB W/HOOD 12'5-13'4
1064134,FISHBOAT OB W/HOOD 13'5-14'4,628.32,0,338.62,628.32,WEST,WEST,FISHBOAT OB W/HOOD 13'5-14'4
1064142,FISHBOAT OB W/HOOD 14'5-15'4,683.88,0,368.56,683.88,WEST,WEST,FISHBOAT OB W/HOOD 14'5-15'4
1064169,FISHBOAT OB W/HOOD 15'5-16'4,717.03,0,386.42,717.03,WEST,WEST,FISHBOAT OB W/HOOD 15'5-16'4
1064177,FISHBOAT OB W/HOOD 16'5-17'4,795.86,0,428.90,795.86,WEST,WEST,FISHBOAT OB W/HOOD 16'5-17'4
1064185,FISHBOAT OB WO HOOD 11'5-12'4,442.45,0,238.45,442.45,WEST,WEST,FISHBOAT OB WO HOOD 11'5-12'4
1064193,FISHBOAT OB WO HOOD 12'5-13'4,451.42,0,243.28,451.42,WEST,WEST,FISHBOAT OB WO HOOD 12'5-13'4
1064207,FISHBOAT OB WO HOOD 13'5-14'4,557.10,0,300.23,557.10,WEST,WEST,FISHBOAT OB WO HOOD 13'5-14'4
1064215,FISHBOAT OB WO HOOD 14'5-15'4,592.73,0,319.44,592.73,WEST,WEST,FISHBOAT OB WO HOOD 14'5-15'4
1064223,INSHORE FISHING O/B 12'5-13'4,733.98,0,395.56,733.98,WEST,WEST,INSHORE FISHING O/B 12'5-13'4
1064231,INSHORE FISHING O/B 13'5-14'4,748.04,0,403.14,748.04,WEST,WEST,INSHORE FISHING O/B 13'5-14'4
1064258,INSHORE FISHING O/B 15'5-16'4,868.20,0,467.89,868.20,WEST,WEST,INSHORE FISHING O/B 15'5-16'4
1064266,INSHORE FISHING O/B 16'5-17'4,998.99,0,538.38,998.99,WEST,WEST,INSHORE FISHING O/B 16'5-17'4
1064274,INSHORE FISHING O/B 17'5-18'4,1054.81,0,568.46,1054.81,WEST,WEST,INSHORE FISHING O/B 17'5-18'4
1064282,V-HULL CUDDY I/O 22'5-23'4,1306.12,0,703.90,1306.12,WEST,WEST,V-HULL CUDDY I/O 22'5-23'4
106429,UHF CAP AND CHAIN,10.14,0,4.56,10.14,WEST,WEST,UHF CAP AND CHAIN
1064304,INFLATABLE  8'5-9'4,453.19,0,244.23,453.19,WEST,WEST,INFLATABLE  8'5-9'4
1064312,INFLATABLE  9'5-10'4,516.13,0,278.15,516.13,WEST,WEST,INFLATABLE  9'5-10'4
1064339,INFLATABLE 10'5-11'4,556.61,0,299.97,556.61,WEST,WEST,INFLATABLE 10'5-11'4
1064347,INFLATABLE 11'5-12'4,619.74,0,333.99,619.74,WEST,WEST,INFLATABLE 11'5-12'4
1064355,INFLATABLE 12'5-13'4,660.27,0,355.83,660.27,WEST,WEST,INFLATABLE 12'5-13'4
1064363,INFLATABLE 13'5-14'4,677.45,0,365.09,677.45,WEST,WEST,INFLATABLE 13'5-14'4
106437,S/S MICROPHONE CLIP,6.26,0,2.82,6.26,WEST,WEST,S/S MICROPHONE CLIP
1064371,INFLATABLE 14'5-15'4,718.00,0,386.95,718.00,WEST,WEST,INFLATABLE 14'5-15'4
1064398,INFLATABLE 15'5-16'4,758.48,0,408.76,758.48,WEST,WEST,INFLATABLE 15'5-16'4
1064401,SKI BOAT O/B 15'5-16'4,655.66,0,353.35,655.66,WEST,WEST,SKI BOAT O/B 15'5-16'4
1064428,V-HULL RUNABOUT O/B 19'5-20'4,1089.71,0,587.27,1089.71,WEST,WEST,V-HULL RUNABOUT O/B 19'5-20'4
1064436,V-HULL RUNABOUT I/O 19'5-20'4,1002.47,0,540.25,1002.47,WEST,WEST,V-HULL RUNABOUT I/O 19'5-20'4
106445,MOUNTING BRACKT ONLY F/B51-BLK,31.41,0,17.87,31.41,WEST,WEST,MOUNTING BRACKT ONLY F/B51-BLK
1064452,V-HULL RUNABOUT I/O 20'5-21'4,1048.53,0,565.07,1048.53,WEST,WEST,V-HULL RUNABOUT I/O 20'5-21'4
1064479,V-HULL RUNABOUT I/O 21'5-22'4,949.40,0,511.65,949.40,WEST,WEST,V-HULL RUNABOUT I/O 21'5-22'4
1064487,V-HULL RUNABOUT I/O 22'5-23'4,1004.56,0,541.38,1004.56,WEST,WEST,V-HULL RUNABOUT I/O 22'5-23'4
1064495,CNTR CONSOLE O/B 17'6-18'5,921.57,0,496.66,921.57,WEST,WEST,CNTR CONSOLE O/B 17'6-18'5
1064509,CNTR CONSOLE O/B 19'6-20'5,985.13,0,530.91,985.13,WEST,WEST,CNTR CONSOLE O/B 19'6-20'5
1064517,"METAL,PLASTIC & FG POLISH 50GR",22.19,0,11.96,22.19,WEST,WEST,"METAL,PLASTIC & FG POLISH 50GR"
1064525,V-HULL RUNABOUT O/B 13'5-14'4,652.70,0,351.76,652.70,WEST,WEST,V-HULL RUNABOUT O/B 13'5-14'4
106453,TOGGLE ON-OFF 15A,12.36,0,5.56,12.36,WEST,WEST,TOGGLE ON-OFF 15A
1064533,V-HULL RUNABOUT O/B 14'5-15'4,702.07,0,378.36,702.07,WEST,WEST,V-HULL RUNABOUT O/B 14'5-15'4
1064541,V-HULL RUNABOUT O/B 15'5-16'4,830.77,0,447.72,830.77,WEST,WEST,V-HULL RUNABOUT O/B 15'5-16'4
1064568,V-HULL RUNABOUT O/B 16'5-17'4,975.46,0,525.70,975.46,WEST,WEST,V-HULL RUNABOUT O/B 16'5-17'4
1064576,V-HULL RUNABOUT O/B 18'5-19'4,1075.48,0,579.60,1075.48,WEST,WEST,V-HULL RUNABOUT O/B 18'5-19'4
1064584,V-HULL RUNABOUT I/O 16'5-17'4,791.36,0,426.48,791.36,WEST,WEST,V-HULL RUNABOUT I/O 16'5-17'4
1064592,V-HULL RUNABOUT I/O 17'5-18'4,908.16,0,489.43,908.16,WEST,WEST,V-HULL RUNABOUT I/O 17'5-18'4
1064606,V-HULL RUNABOUT I/O 18'5-19'4,929.24,0,500.79,929.24,WEST,WEST,V-HULL RUNABOUT I/O 18'5-19'4
106461,CHR.ZINC PAD EYE 3/8,11.42,0,5.14,11.42,WEST,WEST,CHR.ZINC PAD EYE 3/8
1064614,V-HULL CUDDY I/O 19'5-20'4,1113.26,0,599.96,1113.26,WEST,WEST,V-HULL CUDDY I/O 19'5-20'4
1064622,"METAL,PLASTIC &FG POLISH 150GR",48.45,0,26.11,48.45,WEST,WEST,"METAL,PLASTIC &FG POLISH 150GR"
1064649,"METAL,PLASTIC &FG POLISH 906GR",117.84,0,63.50,117.84,WEST,WEST,"METAL,PLASTIC &FG POLISH 906GR"
1064657,SS&CHR CLEANER W/DEGREAS 473ML,26.22,0,14.13,26.22,WEST,WEST,SS&CHR CLEANER W/DEGREAS 473ML
1064762,MIDSIZE 3 SHVE ASSYM DECK ORG,84.45,0,63.21,84.45,WEST,WEST,MIDSIZE 3 SHVE ASSYM DECK ORG
1064789,FLAT WASHER-1 LOWER TOGGLE,14.76,0,11.05,14.76,WEST,WEST,FLAT WASHER-1 LOWER TOGGLE
1064827,CARIBBEAN 2 BURNER GAS STOVE,2889.04,0,1896.94,2889.04,WEST,WEST,CARIBBEAN 2 BURNER GAS STOVE
1064843,MEDITERRANEAN 3 BRNR GAS STOVE,3016.50,0,1980.63,3016.50,WEST,WEST,MEDITERRANEAN 3 BRNR GAS STOVE
1064851,CARIBBEAN BUILT-IN OPTION KIT,55.57,0,36.49,55.57,WEST,WEST,CARIBBEAN BUILT-IN OPTION KIT
1064878,MEDITERRANEAN BUILT-IN OPT.KIT,55.57,0,36.49,55.57,WEST,WEST,MEDITERRANEAN BUILT-IN OPT.KIT
106488,AGC 15A PANEL MOUNT FUSE HLDR,7.24,0,3.26,7.24,WEST,WEST,AGC 15A PANEL MOUNT FUSE HLDR
1064886,CAR/MED GIMBALLED OPTION KIT,49.41,0,32.44,49.41,WEST,WEST,CAR/MED GIMBALLED OPTION KIT
1064894,REPL.CARIBBEAN CUTTING BOARD,70.65,0,46.39,70.65,WEST,WEST,REPL.CARIBBEAN CUTTING BOARD
1064908,REP.MEDITERRANEAN CUTTING BRD,70.65,0,46.39,70.65,WEST,WEST,REP.MEDITERRANEAN CUTTING BRD
1064916,SPITFIRE MARINE BBQ NEW DESIGN,597.27,0,392.17,597.27,WEST,WEST,SPITFIRE MARINE BBQ NEW DESIGN
1064932,WASHER,22.91,0,13.74,22.91,WEST,WEST,WASHER
106496,POLARIZED CONNECTOR 2-WIRE,13.02,0,5.86,13.02,WEST,WEST,POLARIZED CONNECTOR 2-WIRE
1064983,(1) LED BULB 12V WEDGE BASE,10.89,0,5.87,10.89,WEST,WEST,(1) LED BULB 12V WEDGE BASE
1065122,S/S WIDE D SHACKLE-1/4,18.56,0,8.35,18.56,WEST,WEST,S/S WIDE D SHACKLE-1/4
1065173,25'30-AMP CORD DUAL CONFIG,476.17,0,340.12,476.17,WEST,WEST,25'30-AMP CORD DUAL CONFIG
1065181,50'30-AMP CORD-DUAL CONFIG.,645.42,0,461.02,645.42,WEST,WEST,50'30-AMP CORD-DUAL CONFIG.
1065211,ACTIVE COUPLER FOR F/R RECEPT,1051.88,0,876.57,1051.88,WEST,WEST,ACTIVE COUPLER FOR F/R RECEPT
106526,1/4-28 X 3/16 S/S SET SCREW,10.40,0,4.68,10.40,WEST,WEST,1/4-28 X 3/16 S/S SET SCREW
106534,CHR/ZINC ADJUST.ANTENNA BASE,104.40,0,46.98,104.40,WEST,WEST,CHR/ZINC ADJUST.ANTENNA BASE
106542,BILGE SWITCH W/CIRCUIT BREAKER,57.82,0,26.02,57.82,WEST,WEST,BILGE SWITCH W/CIRCUIT BREAKER
1065432,SINGLE MICRO BLOCK W/SHACKLE,27.34,0,20.46,27.34,WEST,WEST,SINGLE MICRO BLOCK W/SHACKLE
1065459,DOUBLE MICRO BLOCK (226A)NO PK,48.23,0,36.10,48.23,WEST,WEST,DOUBLE MICRO BLOCK (226A)NO PK
1065505,RDRPORT BCK PL 1ID 3-3/4SQ,68.79,0,37.07,68.79,WEST,WEST,RDRPORT BCK PL 1ID 3-3/4SQ
1065661,COVER NAVY CATALINA/PARTYKETTL,182.62,0,123.92,182.62,WEST,WEST,COVER NAVY CATALINA/PARTYKETTL
106569,ROCKER SWITCH ILLUM ON-OFF-ON,20.62,0,9.28,20.62,WEST,WEST,ROCKER SWITCH ILLUM ON-OFF-ON
106585,BRONZE SWIVEL EYE BOLT 5/8,22.20,0,9.99,22.20,WEST,WEST,BRONZE SWIVEL EYE BOLT 5/8
106607,BRONZE SWIVEL EYE BOLT 7/8,22.94,0,10.32,22.94,WEST,WEST,BRONZE SWIVEL EYE BOLT 7/8
106615,BRONZE SWIVEL EYE SNAP,19.80,0,8.91,19.80,WEST,WEST,BRONZE SWIVEL EYE SNAP
1066307,REPLACEMENT ELEMENT,87.61,0,53.64,87.61,WEST,WEST,REPLACEMENT ELEMENT
106631,S/S J/J SWIVEL 1/2,130.46,0,58.71,130.46,WEST,WEST,S/S J/J SWIVEL 1/2
106666,S/S DOOR HOOK 4,25.02,0,11.26,25.02,WEST,WEST,S/S DOOR HOOK 4
106674,NYLON OPEN BASE CLEAT-4BLACK,8.78,0,3.95,8.78,WEST,WEST,NYLON OPEN BASE CLEAT-4BLACK
106682,S/S U-BOLT 5/32X1-3/8,36.74,0,16.53,36.74,WEST,WEST,S/S U-BOLT 5/32X1-3/8
106704,S/S PAD EYE 5/16      (2/CRD),10.02,0,4.51,10.02,WEST,WEST,S/S PAD EYE 5/16      (2/CRD)
106712,S/S SNAP WITH EYE 2-3/8,7.58,0,3.41,7.58,WEST,WEST,S/S SNAP WITH EYE 2-3/8
106739,(100) 22-18 #8 HEAT SK.SPADE,89.71,0,48.35,89.71,WEST,WEST,(100) 22-18 #8 HEAT SK.SPADE
106747,AGC W/P 30A INLINE FUSE HLDR,32.32,0,14.54,32.32,WEST,WEST,AGC W/P 30A INLINE FUSE HLDR
1067575,28V 04A S4S8 BASE MIN BULB,5.44,0,2.93,5.44,WEST,WEST,28V 04A S4S8 BASE MIN BULB
1067818,TANG,3.52,0,2.64,3.52,WEST,WEST,TANG
1068024,SELOC PRO-1YR UNLIMITED ACCESS,1616.49,0,871.16,1616.49,WEST,WEST,SELOC PRO-1YR UNLIMITED ACCESS
1068156,PROPANE HOSE-60,71.16,0,38.35,71.16,WEST,WEST,PROPANE HOSE-60
1068164,PROWATT SW600W INVERTER,418.67,0,314.79,418.67,WEST,WEST,PROWATT SW600W INVERTER
1068172,PROWATT SW1000W INVERTER,598.09,0,449.69,598.09,WEST,WEST,PROWATT SW1000W INVERTER
1068199,PROWATT SW2000W INVERTER,879.53,0,661.30,879.53,WEST,WEST,PROWATT SW2000W INVERTER
1068229,"KIT, HD TK SPOUT AND CAP  970",39.80,0,21.45,39.80,WEST,WEST,"KIT, HD TK SPOUT AND CAP  970"
1068261,REPLACEMENT ROD HOLDER POST,12.96,0,7.37,12.96,WEST,WEST,REPLACEMENT ROD HOLDER POST
106828,DRAIN GASKET KIT 500/1000,23.28,0,15.05,23.28,WEST,WEST,DRAIN GASKET KIT 500/1000
1068326,ENAMEL GREY 750ML,81.65,0,44.00,81.65,WEST,WEST,ENAMEL GREY 750ML
1068334,15 RADOME W/2.2KW TRANSCEIVER,3508.94,0,2924.12,3508.94,WEST,WEST,15 RADOME W/2.2KW TRANSCEIVER
1068393,BLADE 747/757 BLK WHISPER,13.04,0,7.03,13.04,WEST,WEST,BLADE 747/757 BLK WHISPER
1068407,ZN SHAFT ANODE 4-1/2,175.00,0,94.31,175.00,WEST,WEST,ZN SHAFT ANODE 4-1/2
1068415,ZN SHAFT ANODE 5,170.19,0,91.72,170.19,WEST,WEST,ZN SHAFT ANODE 5
1068423,ZN SHAFT ANODE 5-1/2,183.22,0,98.74,183.22,WEST,WEST,ZN SHAFT ANODE 5-1/2
1068431,ZN SHAFT ANODE 6,188.89,0,101.80,188.89,WEST,WEST,ZN SHAFT ANODE 6
1068466,29MM CARBO BLOCK SINGLE SWIVEL,39.21,0,29.35,39.21,WEST,WEST,29MM CARBO BLOCK SINGLE SWIVEL
1068474,SWAGE STUD LH 1/2 TH 5/16WIRE,62.27,0,33.56,62.27,WEST,WEST,SWAGE STUD LH 1/2 TH 5/16WIRE
10685,7/16 UNIT 00 CLEVIS PIN ASSY,65.05,0,48.69,65.05,WEST,WEST,7/16 UNIT 00 CLEVIS PIN ASSY
1068504,SCREW,8.15,0,6.10,8.15,WEST,WEST,SCREW
1068539,VENTED LOOP 1 NPT BRZ,587.42,0,316.57,587.42,WEST,WEST,VENTED LOOP 1 NPT BRZ
1068571,AL STREAMLINE SHAFT 3/4,12.12,0,6.53,12.12,WEST,WEST,AL STREAMLINE SHAFT 3/4
1068598,MG STREAMLINE SHAFT 3/4,22.11,0,11.92,22.11,WEST,WEST,MG STREAMLINE SHAFT 3/4
1068601,AL STREAMLINE SHAFT 7/8,12.29,0,6.62,12.29,WEST,WEST,AL STREAMLINE SHAFT 7/8
1068628,MG STREAMLINE SHAFT 7/8,22.26,0,12.00,22.26,WEST,WEST,MG STREAMLINE SHAFT 7/8
1068644,AL STREAMLINE SHAFT 1-1/8,13.71,0,7.39,13.71,WEST,WEST,AL STREAMLINE SHAFT 1-1/8
1068652,MG STREAMLINE SHAFT 1-1/8,28.37,0,15.29,28.37,WEST,WEST,MG STREAMLINE SHAFT 1-1/8
1068679,AL STREAMLINE SHAFT 1-1/4,13.94,0,7.51,13.94,WEST,WEST,AL STREAMLINE SHAFT 1-1/4
1068717,DUAL ACT. POLISHER STARTER KIT,406.34,0,218.99,406.34,WEST,WEST,DUAL ACT. POLISHER STARTER KIT
1068725,V-HULL RUNABOUT I/O 17'5-18'4,856.09,0,512.63,856.09,WEST,WEST,V-HULL RUNABOUT I/O 17'5-18'4
1068733,18GA UNIV SOCKET 1W,2.20,0,1.25,2.20,WEST,WEST,18GA UNIV SOCKET 1W
1068792,THRU HULL W/O NUT BRZ,41.13,0,22.17,41.13,WEST,WEST,THRU HULL W/O NUT BRZ
1068806,THRU HULL 1 W/O NUT BRZ,59.00,0,31.80,59.00,WEST,WEST,THRU HULL 1 W/O NUT BRZ
1068814,THRU HULL 1-1/4 /O NUT BRZ,98.33,0,52.99,98.33,WEST,WEST,THRU HULL 1-1/4 /O NUT BRZ
1068822,THRU HULL 1-1/2 W/O NUT BRZ,126.94,0,68.41,126.94,WEST,WEST,THRU HULL 1-1/2 W/O NUT BRZ
1068849,FLANGED B VLV ADPTR 3/4 BRZ,97.31,0,52.44,97.31,WEST,WEST,FLANGED B VLV ADPTR 3/4 BRZ
1068857,FLANGED B VLV ADPTR 1.25 BRZ,120.11,0,64.73,120.11,WEST,WEST,FLANGED B VLV ADPTR 1.25 BRZ
1068865,FLANGED B VLV ADPTR 1.5 BRZ,153.56,0,82.75,153.56,WEST,WEST,FLANGED B VLV ADPTR 1.5 BRZ
1068873,RC8 SHAFT ASSY 254DMC,575.20,0,391.29,575.20,WEST,WEST,RC8 SHAFT ASSY 254DMC
1068903,AL STREAMLINE SHAFT 1-3/8,17.70,0,9.54,17.70,WEST,WEST,AL STREAMLINE SHAFT 1-3/8
1068911,MG STREAMLINE SHAFT 1-3/8,42.23,0,22.76,42.23,WEST,WEST,MG STREAMLINE SHAFT 1-3/8
1068938,AL STREAMLINE SHAFT 1-1/2,18.07,0,9.74,18.07,WEST,WEST,AL STREAMLINE SHAFT 1-1/2
1068946,MG STREAMLINE SHAFT 1-1/2,38.74,0,20.88,38.74,WEST,WEST,MG STREAMLINE SHAFT 1-1/2
1068954,AL STREAMLINE SHAFT 1-3/4,33.08,0,17.83,33.08,WEST,WEST,AL STREAMLINE SHAFT 1-3/4
1068962,MG STREAMLINE SHAFT 1-3/4,60.02,0,32.35,60.02,WEST,WEST,MG STREAMLINE SHAFT 1-3/4
1068989,AL STREAMLINE SHAFT 2,30.76,0,16.58,30.76,WEST,WEST,AL STREAMLINE SHAFT 2
1068997,MG STREAMLINE SHAFT 2,66.33,0,35.75,66.33,WEST,WEST,MG STREAMLINE SHAFT 2
1069012,AL RUDDER ANODE 1-7/8,6.66,0,3.59,6.66,WEST,WEST,AL RUDDER ANODE 1-7/8
1069047,MG RUDDER ANODE 1-7/8,8.60,0,4.63,8.60,WEST,WEST,MG RUDDER ANODE 1-7/8
1069055,AL RUDDER ANODE 2-13/16,11.76,0,6.34,11.76,WEST,WEST,AL RUDDER ANODE 2-13/16
1069063,AL RUDDER ANODE 3-3/4,16.12,0,8.68,16.12,WEST,WEST,AL RUDDER ANODE 3-3/4
1069071,MG RUDDER ANODE 3-3/4,37.88,0,20.41,37.88,WEST,WEST,MG RUDDER ANODE 3-3/4
1069098,AL RUDDER ANODE 5,32.60,0,17.57,32.60,WEST,WEST,AL RUDDER ANODE 5
1069101,MG RUDDER ANODE 5,72.54,0,39.10,72.54,WEST,WEST,MG RUDDER ANODE 5
1069128,AL RUDDER ANODE 5-1/8,51.44,0,27.72,51.44,WEST,WEST,AL RUDDER ANODE 5-1/8
1069136,MG RUDDER ANODE 5-1/8,104.73,0,56.44,104.73,WEST,WEST,MG RUDDER ANODE 5-1/8
1069187,AL OMC SMALL BLOCK ANODE,12.12,0,6.53,12.12,WEST,WEST,AL OMC SMALL BLOCK ANODE
1069195,AL OMC ANODE,12.68,0,6.83,12.68,WEST,WEST,AL OMC ANODE
1069209,MG OMC ANODE,12.76,0,6.88,12.76,WEST,WEST,MG OMC ANODE
1069217,AL OMC WAFFLE BAR,14.01,0,7.55,14.01,WEST,WEST,AL OMC WAFFLE BAR
1069225,MG OMC WAFFLE BAR,21.03,0,11.33,21.03,WEST,WEST,MG OMC WAFFLE BAR
1069233,AL OMC ANODE,13.94,0,7.51,13.94,WEST,WEST,AL OMC ANODE
1069241,MG OMC ANODE,17.79,0,9.58,17.79,WEST,WEST,MG OMC ANODE
1069268,AL OMC ANODE,15.65,0,8.43,15.65,WEST,WEST,AL OMC ANODE
1069276,MG OMC ANODE,21.21,0,11.43,21.21,WEST,WEST,MG OMC ANODE
1069284,AL OMC DONUT,17.25,0,9.30,17.25,WEST,WEST,AL OMC DONUT
1069292,MG OMC DONUT,26.59,0,14.33,26.59,WEST,WEST,MG OMC DONUT
1069306,AL OMC CURVED BLOCK,16.90,0,9.11,16.90,WEST,WEST,AL OMC CURVED BLOCK
1069314,MG OMC CURVED BLOCK,19.47,0,10.49,19.47,WEST,WEST,MG OMC CURVED BLOCK
1069322,AL OMC HORSESHOE  ANODE,28.37,0,15.29,28.37,WEST,WEST,AL OMC HORSESHOE  ANODE
1069349,MG OMC HORSESHOE  ANODE,34.42,0,18.55,34.42,WEST,WEST,MG OMC HORSESHOE  ANODE
1069357,AL OMC BLOCK ANODE,35.79,0,19.29,35.79,WEST,WEST,AL OMC BLOCK ANODE
1069365,MG OMC BLOCK ANODE,38.08,0,20.52,38.08,WEST,WEST,MG OMC BLOCK ANODE
1069373,ZN MERC ALPHA GENII ANODE KIT,102.91,0,55.46,102.91,WEST,WEST,ZN MERC ALPHA GENII ANODE KIT
1069381,ZN MERCRUISER BRAVO 1 KIT,91.42,0,49.27,91.42,WEST,WEST,ZN MERCRUISER BRAVO 1 KIT
1069403,ZN MERCURY BRAVO 2/3 KIT,86.11,0,46.40,86.11,WEST,WEST,ZN MERCURY BRAVO 2/3 KIT
1069446,ZN MERC 04+ BRAVO 3 KIT,97.06,0,52.31,97.06,WEST,WEST,ZN MERC 04+ BRAVO 3 KIT
1069454,AL YAMAHA  225-250HP SKEG,35.44,0,19.10,35.44,WEST,WEST,AL YAMAHA  225-250HP SKEG
1069489,SPIN-LOK REPL. MOUNTING RING,27.69,0,16.58,27.69,WEST,WEST,SPIN-LOK REPL. MOUNTING RING
1069535,NYLON 5-SWITCH PANEL W/SOCKET,107.72,0,48.47,107.72,WEST,WEST,NYLON 5-SWITCH PANEL W/SOCKET
1069543,BUFF MAGIC COMPOUNDING PAD-2PK,45.99,0,24.79,45.99,WEST,WEST,BUFF MAGIC COMPOUNDING PAD-2PK
1069551,PRO POLISH PAD 6-1/2 2-PK,47.61,0,25.66,47.61,WEST,WEST,PRO POLISH PAD 6-1/2 2-PK
1069608,DELTA HOOK 13/32,63.24,0,33.33,63.24,WEST,WEST,DELTA HOOK 13/32
1069624,60'X3/8 FEM. FLARE END HOSE,367.48,0,198.04,367.48,WEST,WEST,60'X3/8 FEM. FLARE END HOSE
1069659,TELESCOPING DECK BRUSH KIT BLU,127.15,0,68.53,127.15,WEST,WEST,TELESCOPING DECK BRUSH KIT BLU
1069667,EXTEND-A-BRUSH 12-PC DISPLAY,1525.38,0,822.06,1525.38,WEST,WEST,EXTEND-A-BRUSH 12-PC DISPLAY
1069713,MG YAMAHA  225-250HP SKEG,51.47,0,27.74,51.47,WEST,WEST,MG YAMAHA  225-250HP SKEG
1069721,AL YAMAHA SKEG 1995-98,27.07,0,14.59,27.07,WEST,WEST,AL YAMAHA SKEG 1995-98
1069748,AL HONDA/YAMAHA 41107-ZV5-000,12.99,0,7.00,12.99,WEST,WEST,AL HONDA/YAMAHA 41107-ZV5-000
106976,UNIT 0 LOWER TOGGLE 3/8,296.17,0,221.69,296.17,WEST,WEST,UNIT 0 LOWER TOGGLE 3/8
1069764,AL YAMAHA BUTTON,11.26,0,6.07,11.26,WEST,WEST,AL YAMAHA BUTTON
1069772,MG YAMAHA BUTTON,13.24,0,7.14,13.24,WEST,WEST,MG YAMAHA BUTTON
1069861,AL YAMAHA TRIM TAB ANODE,23.31,0,12.56,23.31,WEST,WEST,AL YAMAHA TRIM TAB ANODE
1069888,AL YAMAHA SMALL BLOCK ANODE,14.20,0,7.65,14.20,WEST,WEST,AL YAMAHA SMALL BLOCK ANODE
1069896,MG YAMAHA SMALL BLOCK ANODE,16.83,0,9.07,16.83,WEST,WEST,MG YAMAHA SMALL BLOCK ANODE
1069926,AL YAMAHA  SMALL BLOCK,14.78,0,7.96,14.78,WEST,WEST,AL YAMAHA  SMALL BLOCK
1069934,MG YAMAHA  SMALL BLOCK,19.04,0,10.26,19.04,WEST,WEST,MG YAMAHA  SMALL BLOCK
1069969,AL YAMAHA  SKEG ANODE,22.31,0,12.02,22.31,WEST,WEST,AL YAMAHA  SKEG ANODE
1069977,MG YAMAHA  SKEG ANODE,48.46,0,26.12,48.46,WEST,WEST,MG YAMAHA  SKEG ANODE
1069985,AL YAMAHA  HANDLEBAR,23.05,0,12.42,23.05,WEST,WEST,AL YAMAHA  HANDLEBAR
1069993,MG YAMAHA  HANDLEBAR,49.08,0,26.45,49.08,WEST,WEST,MG YAMAHA  HANDLEBAR
1070002,AL YAMAHA BAR ANODE,16.93,0,9.13,16.93,WEST,WEST,AL YAMAHA BAR ANODE
1070029,MG YAMAHA BAR ANODE,27.49,0,14.81,27.49,WEST,WEST,MG YAMAHA BAR ANODE
1070037,AL YAMAHA SKEG ANODE,32.21,0,17.36,32.21,WEST,WEST,AL YAMAHA SKEG ANODE
1070045,AL YAMAHA  C/R SKEG ANOD,22.31,0,12.02,22.31,WEST,WEST,AL YAMAHA  C/R SKEG ANOD
1070053,MG YAMAHA  C/R SKEG ANOD,32.10,0,17.30,32.10,WEST,WEST,MG YAMAHA  C/R SKEG ANOD
1070061,AL YAMAHA  C/R ANODE,32.21,0,17.36,32.21,WEST,WEST,AL YAMAHA  C/R ANODE
1070088,MG YAMAHA  C/R ANODE,35.42,0,19.09,35.42,WEST,WEST,MG YAMAHA  C/R ANODE
1070096,AL YAM. 150HP COUNTER ROT KIT,54.02,0,29.11,54.02,WEST,WEST,AL YAM. 150HP COUNTER ROT KIT
1070118,AL YAMAHA 200/250 HP KIT,55.13,0,29.71,55.13,WEST,WEST,AL YAMAHA 200/250 HP KIT
1070126,AL YAMAHA 150HP KIT,52.87,0,28.49,52.87,WEST,WEST,AL YAMAHA 150HP KIT
1070142,AL YAMAHA 200-300HP PERF KIT,54.89,0,29.58,54.89,WEST,WEST,AL YAMAHA 200-300HP PERF KIT
107026,COVER FOR #2702,29.49,0,15.89,29.49,WEST,WEST,COVER FOR #2702
1070711,CHARGE MATE 2502,672.83,0,498.39,672.83,WEST,WEST,CHARGE MATE 2502
1070754,VIPER 3 SPOKE STEERING WHEEL,371.78,0,200.36,371.78,WEST,WEST,VIPER 3 SPOKE STEERING WHEEL
1070762,MOUNT DUAL VRT EXTD SQ RAIL2.5,197.12,0,133.76,197.12,WEST,WEST,MOUNT DUAL VRT EXTD SQ RAIL2.5
1070789,MOUNT DUAL VRT EXTD SQ RAIL4.5,197.12,0,133.76,197.12,WEST,WEST,MOUNT DUAL VRT EXTD SQ RAIL4.5
1070835,BKT-57MM CARBO,3.61,0,2.70,3.61,WEST,WEST,BKT-57MM CARBO
1070843,CLEVIS PIN-3/16in MED (HSB22),4.19,0,3.14,4.19,WEST,WEST,CLEVIS PIN-3/16in MED (HSB22)
1070916,DISPLAY MOUNTING KNOB-NEED 2,25.72,0,21.43,25.72,WEST,WEST,DISPLAY MOUNTING KNOB-NEED 2
1070967,LOW FREEBOARD FENDER RED,77.22,0,41.62,77.22,WEST,WEST,LOW FREEBOARD FENDER RED
1071017,BIMINI ULTRA 6'x42 73-78W,1538.87,0,829.33,1538.87,WEST,WEST,BIMINI ULTRA 6'x42 73-78W
1071106,S/S CLEVIS PIN 16 X 34MM,31.51,0,16.98,31.51,WEST,WEST,S/S CLEVIS PIN 16 X 34MM
1071114,SB112 LAMINTNG.EPOXY 1.5QT KIT,199.57,0,113.52,199.57,WEST,WEST,SB112 LAMINTNG.EPOXY 1.5QT KIT
1072196,PADEYE BASE RND MED ROMEVABLE,2471.07,0,1849.60,2471.07,WEST,WEST,PADEYE BASE RND MED ROMEVABLE
1072218,AWLGRIP TOREADOR RED,969.99,0,521.50,969.99,WEST,WEST,AWLGRIP TOREADOR RED
1072269,12V DASH SOCKET ONLY,22.09,0,11.91,22.09,WEST,WEST,12V DASH SOCKET ONLY
1072277,12V EXTENSION PLUG & SOCKET,57.21,0,30.83,57.21,WEST,WEST,12V EXTENSION PLUG & SOCKET
1072285,SOCKET MOUNTING BRACKET,14.48,0,7.80,14.48,WEST,WEST,SOCKET MOUNTING BRACKET
1072293,12V PLUG & DASH SOCKET KIT,40.98,0,22.09,40.98,WEST,WEST,12V PLUG & DASH SOCKET KIT
10723,GRN STANDARD FAIRLEAD MP-1920,11.04,0,8.26,11.04,WEST,WEST,GRN STANDARD FAIRLEAD MP-1920
1072307,POWER POST 2X3/8 STUDS,42.12,0,22.70,42.12,WEST,WEST,POWER POST 2X3/8 STUDS
1072315,FUSEBLOCK TERM DBL 30-300AMP,82.06,0,44.23,82.06,WEST,WEST,FUSEBLOCK TERM DBL 30-300AMP
1072323,TERMINAL FUSE 40-AMP,30.41,0,16.39,30.41,WEST,WEST,TERMINAL FUSE 40-AMP
1072331,TERMINAL FUSE 60-AMP,33.05,0,17.81,33.05,WEST,WEST,TERMINAL FUSE 60-AMP
1072358,TERMINAL FUSE 75-AMP,33.05,0,17.81,33.05,WEST,WEST,TERMINAL FUSE 75-AMP
1072366,36 LED Anchor/Masthead Light,257.38,0,138.71,257.38,WEST,WEST,36 LED Anchor/Masthead Light
1072374,TERMINAL FUSE 90-AMP,33.05,0,17.81,33.05,WEST,WEST,TERMINAL FUSE 90-AMP
1072382,TERMINAL FUSE 150-AMP,33.05,0,17.81,33.05,WEST,WEST,TERMINAL FUSE 150-AMP
107239,LVRD VENT 2X153/8 BK VENTURI,59.60,0,32.12,59.60,WEST,WEST,LVRD VENT 2X153/8 BK VENTURI
1072412,PUSH BUTTON BREAKER 20A,107.38,0,57.87,107.38,WEST,WEST,PUSH BUTTON BREAKER 20A
1072439,PUSH BUTTON BREAKER 30A,107.38,0,57.87,107.38,WEST,WEST,PUSH BUTTON BREAKER 30A
1072447,PUSH BUTTON BREAKER 40A,107.38,0,57.87,107.38,WEST,WEST,PUSH BUTTON BREAKER 40A
1072498,TFXTREME 3300 CNTRL CABLE 32',257.91,0,139.00,257.91,WEST,WEST,TFXTREME 3300 CNTRL CABLE 32'
1072528,25W40 SYN BLEND OIL 55-GAL,4332.76,0,2335.02,4332.76,WEST,WEST,25W40 SYN BLEND OIL 55-GAL
1072625,ZN 30MM BENETEAU ZINC ONLY,37.09,0,19.99,37.09,WEST,WEST,ZN 30MM BENETEAU ZINC ONLY
1072633,TFXTREME OMC CNTRL CABLE 11',145.16,0,78.23,145.16,WEST,WEST,TFXTREME OMC CNTRL CABLE 11'
1072676,PADEYE TOP REMOVABLE-GLASBLAST,1471.45,0,1101.39,1471.45,WEST,WEST,PADEYE TOP REMOVABLE-GLASBLAST
1072684,DECKCUP REMOVABLE-GLASSBLAST,1006.14,0,753.10,1006.14,WEST,WEST,DECKCUP REMOVABLE-GLASSBLAST
1072749,MID CBL.DBL-END CORDSET-4M BLU,81.63,0,65.30,81.63,WEST,WEST,MID CBL.DBL-END CORDSET-4M BLU
1072757,MID CBL.DBL-END CORDSET-8M BLU,103.88,0,83.10,103.88,WEST,WEST,MID CBL.DBL-END CORDSET-8M BLU
1072765,GASOLINE TANK LEVEL MONITOR,408.08,0,326.46,408.08,WEST,WEST,GASOLINE TANK LEVEL MONITOR
1072773,V-HULL RUNABOUT I/O 23'5-24'4,1190.63,0,641.65,1190.63,WEST,WEST,V-HULL RUNABOUT I/O 23'5-24'4
1072803,SAFE-T QC SGL TILT DASH MODULE,609.97,0,328.72,609.97,WEST,WEST,SAFE-T QC SGL TILT DASH MODULE
1072811,"O'RING,ARG-2500-S",12.17,0,6.56,12.17,WEST,WEST,"O'RING,ARG-2500-S"
1072838,SIGHT GLASS SD-2500 8X12.5,1185.78,0,639.04,1185.78,WEST,WEST,SIGHT GLASS SD-2500 8X12.5
1072897,ASSY/RADOME UPPER 1623 FORMER,359.77,0,299.81,359.77,WEST,WEST,ASSY/RADOME UPPER 1623 FORMER
1072919,NO DAMP ULTRA DOME 24OZ,45.98,0,24.78,45.98,WEST,WEST,NO DAMP ULTRA DOME 24OZ
1072927,"KIT, BASE 4806 PLUGIN COMP.24V",2195.67,0,1183.29,2195.67,WEST,WEST,"KIT, BASE 4806 PLUGIN COMP.24V"
10731,RED STANDARD FAIRLEAD MP-1922,11.04,0,8.26,11.04,WEST,WEST,RED STANDARD FAIRLEAD MP-1922
1073109,SPARE AMBER LENS,60.70,0,32.71,60.70,WEST,WEST,SPARE AMBER LENS
1073133,TLM-10 OPERATOR PANEL ASSY,1153.85,0,621.84,1153.85,WEST,WEST,TLM-10 OPERATOR PANEL ASSY
1073168,FAUCET MIXING BRIDGE,158.48,0,85.41,158.48,WEST,WEST,FAUCET MIXING BRIDGE
1073176,20 AMP 24V BATTERY CHARGER,3305.88,0,1781.61,3305.88,WEST,WEST,20 AMP 24V BATTERY CHARGER
1073206,GAS SPRING 12.04-8.46BALL MT,27.16,0,18.30,27.16,WEST,WEST,GAS SPRING 12.04-8.46BALL MT
1073338,GAS SPRING 20-12BLADE MT,36.46,0,19.65,36.46,WEST,WEST,GAS SPRING 20-12BLADE MT
1073362,LCC-1 COLLAR MACH & ANOD,340.85,0,179.19,340.85,WEST,WEST,LCC-1 COLLAR MACH & ANOD
1073397,H/W MARINE EXHAUST/WATER HOSE,15.00,0,8.08,15.00,WEST,WEST,H/W MARINE EXHAUST/WATER HOSE
1073419,H/W MARINE EXHAUST/WATER HOSE,15.63,0,8.42,15.63,WEST,WEST,H/W MARINE EXHAUST/WATER HOSE
1073427,CLAMP FOR 476 ANTENNA,339.54,0,182.99,339.54,WEST,WEST,CLAMP FOR 476 ANTENNA
1073516,RSO-250-EF STRUT END O/B,330.79,0,173.90,330.79,WEST,WEST,RSO-250-EF STRUT END O/B
1073559,EDL16C LOW PROFILE 230V,5327.77,0,3751.95,5327.77,WEST,WEST,EDL16C LOW PROFILE 230V
1073605,2-SP ST WINCH ALUM/COMP.CB/DRM,16464.56,0,12323.78,16464.56,WEST,WEST,2-SP ST WINCH ALUM/COMP.CB/DRM
1073729,ALUM.RADIAL 1-SPD ST WINCH,585.97,0,523.19,585.97,WEST,WEST,ALUM.RADIAL 1-SPD ST WINCH
1073737,CHROME RADIAL 1-SPD ST WINCH,708.09,0,632.23,708.09,WEST,WEST,CHROME RADIAL 1-SPD ST WINCH
1073745,ALUM.RADIAL 2-SPD ST WINCH,1053.40,0,940.54,1053.40,WEST,WEST,ALUM.RADIAL 2-SPD ST WINCH
1073753,BLACK PUSH BUTTON HANDLE,148.36,0,79.96,148.36,WEST,WEST,BLACK PUSH BUTTON HANDLE
1073761,CHROME RADIAL 2-SPD ST WINCH,1167.84,0,1042.71,1167.84,WEST,WEST,CHROME RADIAL 2-SPD ST WINCH
1073788,CHROME RADIAL 2-SPD ST WINCH,1281.91,0,1144.56,1281.91,WEST,WEST,CHROME RADIAL 2-SPD ST WINCH
1073796,ALUM.RADIAL 2-SPD ST WINCH,1724.95,0,1540.14,1724.95,WEST,WEST,ALUM.RADIAL 2-SPD ST WINCH
1073818,CHROME RADIAL 2-SPD ST WINCH,1971.52,0,1760.29,1971.52,WEST,WEST,CHROME RADIAL 2-SPD ST WINCH
1073826,ALUM.RADIAL 2-SPD ST WINCH,2569.31,0,2294.03,2569.31,WEST,WEST,ALUM.RADIAL 2-SPD ST WINCH
1073834,CHROME RADIAL 2-SPD ST WINCHRM,2970.13,0,2651.90,2970.13,WEST,WEST,CHROME RADIAL 2-SPD ST WINCHRM
1073842,ALUM.RADIAL 2-SPD ST WINCH,4542.79,0,4056.06,4542.79,WEST,WEST,ALUM.RADIAL 2-SPD ST WINCH
1073869,CHROME RADIAL 2-SPD ST WINCH,4916.27,0,4389.53,4916.27,WEST,WEST,CHROME RADIAL 2-SPD ST WINCH
1073893,ALUM.RADIAL 2-SPD ST WINCH,6485.00,0,5790.18,6485.00,WEST,WEST,ALUM.RADIAL 2-SPD ST WINCH
1073907,CHROME RADIAL 2-SPD ST WINCH,6879.39,0,6142.31,6879.39,WEST,WEST,CHROME RADIAL 2-SPD ST WINCH
1073915,ALUM.RADIAL 3-SPD ST WINCH,7571.33,0,6760.11,7571.33,WEST,WEST,ALUM.RADIAL 3-SPD ST WINCH
1073923,CHROME RADIAL 3-SPD ST WINCH,7986.80,0,7131.08,7986.80,WEST,WEST,CHROME RADIAL 3-SPD ST WINCH
1073931,2-SPD ST WINCH ALUM/COMPOSITE,15448.74,0,11563.43,15448.74,WEST,WEST,2-SPD ST WINCH ALUM/COMPOSITE
1073966,3-SPD ST WINCH ALUM/COMPOSITE,17274.51,0,12930.03,17274.51,WEST,WEST,3-SPD ST WINCH ALUM/COMPOSITE
1073974,3-SP ST WINCH ALUM/COMP.CB/DRM,18325.80,0,13716.91,18325.80,WEST,WEST,3-SP ST WINCH ALUM/COMP.CB/DRM
1074016,MAGNETIC DRAIN PLUG,30.64,0,16.56,30.64,WEST,WEST,MAGNETIC DRAIN PLUG
1074032,AIR CONDITIONER LABEL,5.33,0,3.19,5.33,WEST,WEST,AIR CONDITIONER LABEL
1074059,AIR CONDIT PUMP LABEL,5.33,0,3.19,5.33,WEST,WEST,AIR CONDIT PUMP LABEL
1074067,ANCHOR LIGHT LABEL,5.33,0,3.19,5.33,WEST,WEST,ANCHOR LIGHT LABEL
107409,SPLIT BRACKETS,29.76,0,16.04,29.76,WEST,WEST,SPLIT BRACKETS
1074091,BOW THRUSTER LABEL,5.33,0,3.19,5.33,WEST,WEST,BOW THRUSTER LABEL
1074105,DECK LIGHTS LABEL,5.33,0,3.19,5.33,WEST,WEST,DECK LIGHTS LABEL
1074113,ENTERTAINMENT CENTER LABEL,5.33,0,3.19,5.33,WEST,WEST,ENTERTAINMENT CENTER LABEL
1074121,HEAD LABEL,5.33,0,3.19,5.33,WEST,WEST,HEAD LABEL
1074156,LIGHTS LABEL,5.33,0,3.19,5.33,WEST,WEST,LIGHTS LABEL
1074164,NAV ELECTRONICS LABEL,5.33,0,3.19,5.33,WEST,WEST,NAV ELECTRONICS LABEL
1074237,TRI-COLOR LIGHT LABEL,5.33,0,3.19,5.33,WEST,WEST,TRI-COLOR LIGHT LABEL
1074253,WATER HEATER LABEL,5.33,0,3.19,5.33,WEST,WEST,WATER HEATER LABEL
1098063,IMMERSION TEMP PROBE,200.34,0,160.27,200.34,WEST,WEST,IMMERSION TEMP PROBE
1098071,KEY FLOAT-WHITE,5.68,0,3.06,5.68,WEST,WEST,KEY FLOAT-WHITE
1098144,1/4 XLE PERFORMER - SIL/2RED,0.78,0,0.43,0.78,WEST,WEST,1/4 XLE PERFORMER - SIL/2RED
1098152,5/16 XLE PERFORMER - SIL/2RED,0.97,0,0.53,0.97,WEST,WEST,5/16 XLE PERFORMER - SIL/2RED
1098179,3/8 XLE PERFORMER - SIL/2RED,1.29,0,0.70,1.29,WEST,WEST,3/8 XLE PERFORMER - SIL/2RED
1098187,7/16 XLE PERFORMER - SIL/2RED,1.50,0,0.82,1.50,WEST,WEST,7/16 XLE PERFORMER - SIL/2RED
1098225,AMSTEEL GRY SK-78 DYNEEMA,1.97,0,1.06,1.97,WEST,WEST,AMSTEEL GRY SK-78 DYNEEMA
1098233,IMPELLER REPAIR KIT,111.06,0,60.00,111.06,WEST,WEST,IMPELLER REPAIR KIT
1098241,ULTRA SHRINK JET HEAT GUN,213.73,0,115.18,213.73,WEST,WEST,ULTRA SHRINK JET HEAT GUN
1098276,BOOMKICKER 25-27',860.38,0,489.44,860.38,WEST,WEST,BOOMKICKER 25-27'
1098284,3/8-24 RHx5-1/2 XL STUD1/4W MS,99.43,0,50.61,99.43,WEST,WEST,3/8-24 RHx5-1/2 XL STUD1/4W MS
1098314,TFXTREME 4300BC CTRL CBLE 25',385.09,0,207.53,385.09,WEST,WEST,TFXTREME 4300BC CTRL CBLE 25'
1098322,STOPPER KNOB,26.39,0,19.75,26.39,WEST,WEST,STOPPER KNOB
1098349,CHAIN GRIPPER PLATE,98.08,0,44.14,98.08,WEST,WEST,CHAIN GRIPPER PLATE
1098365,VOLTMETER MICRO ACO-250,88.18,0,47.52,88.18,WEST,WEST,VOLTMETER MICRO ACO-250
1098373,3S/S FLUE PIPE RAIN LID,37.65,0,24.72,37.65,WEST,WEST,3S/S FLUE PIPE RAIN LID
1098381,VERNATONE 6I/OVRTOVL9W15H42.5L,2583.37,0,1392.24,2583.37,WEST,WEST,VERNATONE 6I/OVRTOVL9W15H42.5L
109843,SEAT SLIDE,372.33,0,200.65,372.33,WEST,WEST,SEAT SLIDE
1098535,SPRING,39.82,0,27.09,39.82,WEST,WEST,SPRING
1098551,DISC SPRING,107.12,0,72.87,107.12,WEST,WEST,DISC SPRING
1098608,FUEL VALVE 6 PORT L FLOW,410.47,0,221.21,410.47,WEST,WEST,FUEL VALVE 6 PORT L FLOW
1098659,S/S NEAT CLEAT 8,281.56,0,151.74,281.56,WEST,WEST,S/S NEAT CLEAT 8
1098691,GAS SPRING 28-16.5BALL MT,52.09,0,28.07,52.09,WEST,WEST,GAS SPRING 28-16.5BALL MT
1098705,TILLER EXTENSION BASE 1-3/4,15.26,0,11.43,15.26,WEST,WEST,TILLER EXTENSION BASE 1-3/4
1098713,DKTGL SMTH L TBKL1/4-28T3/161W,85.24,0,43.38,85.24,WEST,WEST,DKTGL SMTH L TBKL1/4-28T3/161W
1098721,DECKO DKTGL TBKL 1/4P 3/16W MS,74.68,0,38.01,74.68,WEST,WEST,DECKO DKTGL TBKL 1/4P 3/16W MS
1098756,AWLGRIP-ATTESSA IV WHITE,629.07,0,338.21,629.07,WEST,WEST,AWLGRIP-ATTESSA IV WHITE
1098764,TFXTREME 6400BC CABLE  7',448.80,0,241.87,448.80,WEST,WEST,TFXTREME 6400BC CABLE  7'
1098837,P/BOX 7/8SHAFT1-3/4HOS,258.63,0,139.38,258.63,WEST,WEST,P/BOX 7/8SHAFT1-3/4HOS
1098845,CPLNG FLANGE 4X7/8SHFT SLD HUB,262.09,0,141.25,262.09,WEST,WEST,CPLNG FLANGE 4X7/8SHFT SLD HUB
109886,4 HANGER PEGS        (25),33.07,0,18.81,33.07,WEST,WEST,4 HANGER PEGS        (25)
1098888,5/850/50 GOLD/WHITE DB NYLON,2778.05,0,1497.15,2778.05,WEST,WEST,5/850/50 GOLD/WHITE DB NYLON
1098934,DIS HULL TANK ADAPTER 1.5NPT,96.45,0,77.16,96.45,WEST,WEST,DIS HULL TANK ADAPTER 1.5NPT
109894,6 HANGER PEGS        (25),48.60,0,27.64,48.60,WEST,WEST,6 HANGER PEGS        (25)
1098942,GATEEYE5/16-24X2-1/2 RHSTUD MS,58.67,0,29.86,58.67,WEST,WEST,GATEEYE5/16-24X2-1/2 RHSTUD MS
1098977,ELBOW 1.75 45*,119.34,0,64.31,119.34,WEST,WEST,ELBOW 1.75 45*
1099051,SUPPORT BRKTO/B PVT CYL NOTPRO,161.99,0,107.99,161.99,WEST,WEST,SUPPORT BRKTO/B PVT CYL NOTPRO
1099078,12 SS  FOLDING LED MAST LIGHT,279.47,0,150.61,279.47,WEST,WEST,12 SS  FOLDING LED MAST LIGHT
109908,5X 22 S.S.STOVE PIPE,75.56,0,49.61,75.56,WEST,WEST,5X 22 S.S.STOVE PIPE
1099094,13 SNAP LOCK PEDESTAL,91.18,0,49.14,91.18,WEST,WEST,13 SNAP LOCK PEDESTAL
1099108,RUDDER REF UNIT NAVPILOT,627.59,0,522.99,627.59,WEST,WEST,RUDDER REF UNIT NAVPILOT
1099124,BLK WATERPROOF CAP *BULK,11.49,0,6.19,11.49,WEST,WEST,BLK WATERPROOF CAP *BULK
1099159,2-1/2 X 2-1/2 BLK FUSH LCKBULK,109.69,0,59.11,109.69,WEST,WEST,2-1/2 X 2-1/2 BLK FUSH LCKBULK
109916,S.S. LOCK NUT UNF,563.19,0,303.52,563.19,WEST,WEST,S.S. LOCK NUT UNF
1099175,1-1/2 X 1-1/2 OFFSET HINGEBULK,48.33,0,26.05,48.33,WEST,WEST,1-1/2 X 1-1/2 OFFSET HINGEBULK
1099264,1-1/4 BLACK DUAL WALL SHRINK,43.64,0,23.52,43.64,WEST,WEST,1-1/4 BLACK DUAL WALL SHRINK
1099299,(50)CLRSEAL 16-14g RING TERMIN,42.00,0,22.63,42.00,WEST,WEST,(50)CLRSEAL 16-14g RING TERMIN
1099302,(50)CLRSEAL 16-14g RING TERMIN,42.00,0,22.63,42.00,WEST,WEST,(50)CLRSEAL 16-14g RING TERMIN
1099329,(50)CLRSEAL 16-14g RING TERMIN,43.94,0,23.68,43.94,WEST,WEST,(50)CLRSEAL 16-14g RING TERMIN
1099337,(50)CLRSEAL 16-14g RING TERMIN,40.11,0,21.62,40.11,WEST,WEST,(50)CLRSEAL 16-14g RING TERMIN
1099361,(25)CLRSEAL 12-10G RING #8STUD,24.75,0,13.34,24.75,WEST,WEST,(25)CLRSEAL 12-10G RING #8STUD
1099388,(25)CLRSEAL 12-10G RNG #10STUD,24.75,0,13.34,24.75,WEST,WEST,(25)CLRSEAL 12-10G RNG #10STUD
1099396,(25)CLRSEAL 12-10G RNG 1/4STUD,27.00,0,14.55,27.00,WEST,WEST,(25)CLRSEAL 12-10G RNG 1/4STUD
1099434,(25)CLRSEAL 12-10G RNG 3/8STUD,27.00,0,14.55,27.00,WEST,WEST,(25)CLRSEAL 12-10G RNG 3/8STUD
1099442,(25)CLRSEAL 12-10G RNG 1/2STUD,31.85,0,17.16,31.85,WEST,WEST,(25)CLRSEAL 12-10G RNG 1/2STUD
1099469,(25)CLRSEAL 8GA RING #10 STUD,61.42,0,33.10,61.42,WEST,WEST,(25)CLRSEAL 8GA RING #10 STUD
1099477,(25)CLRSEAL 12-10G RNG5/16STUD,25.37,0,13.67,25.37,WEST,WEST,(25)CLRSEAL 12-10G RNG5/16STUD
1099493,(25)16-14 S/D BUTT SPLICE,78.94,0,42.54,78.94,WEST,WEST,(25)16-14 S/D BUTT SPLICE
1099507,(25)12-10 S/D BUTT SPLICE,99.73,0,53.75,99.73,WEST,WEST,(25)12-10 S/D BUTT SPLICE
1099515,(50)CLRSEAL 22-18g BUTT SPLICE,126.29,0,68.06,126.29,WEST,WEST,(50)CLRSEAL 22-18g BUTT SPLICE
1099523,(25)CLEAR SEAL 8G BUTT SPLICE,64.35,0,34.68,64.35,WEST,WEST,(25)CLEAR SEAL 8G BUTT SPLICE
1099566,1/8EXP ID CLEAR 48LENGTH,3.07,0,1.66,3.07,WEST,WEST,1/8EXP ID CLEAR 48LENGTH
109959,10'DELUXE EXTENDING HANDLE,102.57,0,55.28,102.57,WEST,WEST,10'DELUXE EXTENDING HANDLE
1099639,3/4EXP ID CLEAR 48LENGTH,10.25,0,5.53,10.25,WEST,WEST,3/4EXP ID CLEAR 48LENGTH
1099647,1EXP ID CLEAR 48LENGTH,11.64,0,6.27,11.64,WEST,WEST,1EXP ID CLEAR 48LENGTH
1099655,1ID.X 25'BLACK SPLIT LOOM,25.27,0,13.62,25.27,WEST,WEST,1ID.X 25'BLACK SPLIT LOOM
1099663,1ID.X 15'BLACK SPLIT LOOM,39.96,0,21.54,39.96,WEST,WEST,1ID.X 15'BLACK SPLIT LOOM
109967,MEDIUM WASH BRUSH,97.51,0,52.55,97.51,WEST,WEST,MEDIUM WASH BRUSH
1099698,FURL FOILSET-0 MKIV BOX2/2 BLK,791.81,0,592.68,791.81,WEST,WEST,FURL FOILSET-0 MKIV BOX2/2 BLK
1099779,ELECTRONIC BALLAST F/F32T8,36.89,0,19.88,36.89,WEST,WEST,ELECTRONIC BALLAST F/F32T8
109983,HELMSMAN STEEL BOAT BRKT.MOUNT,1583.76,0,900.94,1583.76,WEST,WEST,HELMSMAN STEEL BOAT BRKT.MOUNT
1099876,T-CONNECTION,18.27,0,9.85,18.27,WEST,WEST,T-CONNECTION
1099949,LOCTITE RED 271 .50ML TUBE,16.53,0,12.38,16.53,WEST,WEST,LOCTITE RED 271 .50ML TUBE
1099957,TFXTREME 6400CC CNT CABLE 10',444.92,0,239.78,444.92,WEST,WEST,TFXTREME 6400CC CNT CABLE 10'
1099965,TFXTREME 6400CC CNT CABLE 14',479.92,0,258.64,479.92,WEST,WEST,TFXTREME 6400CC CNT CABLE 14'
1099973,DUCKBILL TOGGLE ON/OFF SPST,16.52,0,8.90,16.52,WEST,WEST,DUCKBILL TOGGLE ON/OFF SPST
110-1146,HOSE,15.41,0,8.31,15.41,WEST,WEST,HOSE
1100211,OETIKER CLAMP KIT 9/16(10PKG),34.07,0,18.36,34.07,WEST,WEST,OETIKER CLAMP KIT 9/16(10PKG)
1100262,DIAPHRAGM & CUP ASSEMBLY,43.12,0,23.30,43.12,WEST,WEST,DIAPHRAGM & CUP ASSEMBLY
1100289,MICRO ALUM.CAM II W/FAIRLEAD,64.16,0,48.03,64.16,WEST,WEST,MICRO ALUM.CAM II W/FAIRLEAD
1100343,SPOOL 1/2 ASSBLY UNIT2 MKIII,119.15,0,89.19,119.15,WEST,WEST,SPOOL 1/2 ASSBLY UNIT2 MKIII
120855,FEMALE SWVL.ELBOW 15MMx1/2NPS,15.00,2,8.08,15.00,WEST,WEST,FEMALE SWVL.ELBOW 15MMx1/2NPS
1238558,12V 5GPM AQUAKING II SUPREME,827.32,0,445.86,827.32,WEST,WEST,12V 5GPM AQUAKING II SUPREME
1262726,FRX 10 RING (9MM ID),34.64,0,18.25,34.64,WEST,WEST,FRX 10 RING (9MM ID)
132-0586,HD HEATER HOSE 5/8X50 SOLD PER FOOT,4.20,36,2.01,4.20,WEST,WEST,HD HEATER HOSE 5/8X50 SOLD PER FOOT
1359819,ROLLER SLING 3 FT,327.99,0,196.40,327.99,WEST,WEST,ROLLER SLING 3 FT
13673-0001-P,IMPELLER,120.24,0,64.80,120.24,WEST,WEST,IMPELLER
1385321,HEAT SK.RING 8AWG 5/163PAK,9.13,0,4.92,9.13,WEST,WEST,HEAT SK.RING 8AWG 5/163PAK
1418025,200H SERIES ALL INCL SYSTEM,1405.52,0,757.47,1405.52,WEST,WEST,200H SERIES ALL INCL SYSTEM
1418033,300H MRINE HTR 3 OUTLT ALL INC,1824.49,0,983.26,1824.49,WEST,WEST,300H MRINE HTR 3 OUTLT ALL INC
1420-0017,17$ VERT LPG CYLNDER FBRGLAS,472.94,0,254.88,472.94,WEST,WEST,17$ VERT LPG CYLNDER FBRGLAS
1423339,BLK MARINE DECK CAULK SAUSAGE,70.14,0,37.80,70.14,WEST,WEST,BLK MARINE DECK CAULK SAUSAGE
143782,1/2 SWIVEL CONNECTOR,7.01,2,3.78,7.01,WEST,WEST,1/2 SWIVEL CONNECTOR
1448277,2X6'HD.RATCHET TRANSM.TIEDOWN,65.55,0,35.32,65.55,WEST,WEST,2X6'HD.RATCHET TRANSM.TIEDOWN
145653,GROUP 24 80AH LIFELINE BATTERY,620.91,0,471.89,620.91,WEST,WEST,GROUP 24 80AH LIFELINE BATTERY
1468618,DBLDRW190SS FRG ACDC1224 4SID,4292.28,0,3136.66,4292.28,WEST,WEST,DBLDRW190SS FRG ACDC1224 4SID
1516922,STRNR 2SLD LID BISO,1620.17,0,873.14,1620.17,WEST,WEST,STRNR 2SLD LID BISO
1605615,TEAK STEERING WHL PRO 19 1/2,1202.64,0,652.03,1202.64,WEST,WEST,TEAK STEERING WHL PRO 19 1/2
170151,BRASS BAITWELL PLUG 5/8(2/CD),13.30,1,5.98,13.30,WEST,WEST,BRASS BAITWELL PLUG 5/8(2/CD)
1721259,FUEL HOSE TYPE A1 3/8,7.53,75,4.06,7.53,WEST,WEST,FUEL HOSE TYPE A1 3/8
1731548,STEERING WHEEL PRO 400MM TEAK,1136.00,0,615.91,1136.00,WEST,WEST,STEERING WHEEL PRO 400MM TEAK
1731998,INTELLIGENT TYPE APPRVD MLTIPX,603.75,0,483.00,603.75,WEST,WEST,INTELLIGENT TYPE APPRVD MLTIPX
1737759,PROF NMEA MLTIPX 8-INP 6-OUTP,1047.59,0,838.07,1047.59,WEST,WEST,PROF NMEA MLTIPX 8-INP 6-OUTP
1740873,E-VLV AUTO SEACOCK 3/412V,3206.17,0,1727.87,3206.17,WEST,WEST,E-VLV AUTO SEACOCK 3/412V
1751603,BLACK TEXT.SWIVEL JACK DELUXE,217.47,0,117.20,217.47,WEST,WEST,BLACK TEXT.SWIVEL JACK DELUXE
1767488,PROF NMEA BUFFR 1-INP 6-OUTP,382.54,0,306.03,382.54,WEST,WEST,PROF NMEA BUFFR 1-INP 6-OUTP
18-0549,CAP,15.00,2,1.00,15.00,WEST,WEST,CAP
18-2949-9,GASKET GRAPHTED ASB,48.16,0,26.02,48.16,WEST,WEST,GASKET GRAPHTED ASB
18-3016-1,IMPELLER,45.00,1,1.00,45.00,WEST,WEST,IMPELLER
18-3077,"IMPELLER KIT- JSN 09-1028B, ITT 17937-0001",94.22,1,52.01,94.22,WEST,WEST,"IMPELLER KIT- JSN 09-1028B, ITT 17937-0001"
18-3150,WATER PUMP KIT,171.19,1,92.49,171.18,WEST,WEST,WATER PUMP KIT
18-3205,WATER PUMP KIT,78.00,1,1.00,78.00,WEST,WEST,WATER PUMP KIT
18-3380,WATER PUMP KIT,87.00,1,1.00,87.00,WEST,WEST,WATER PUMP KIT
18-3390,WATER PUMP KIT,77.00,1,1.00,77.00,WEST,WEST,WATER PUMP KIT
18-3575,WATER PUMP KIT,86.00,1,1.00,86.00,WEST,WEST,WATER PUMP KIT
18-48317,WATER PUMP KIT,96.00,1,1.00,86.00,WEST,WEST,WATER PUMP KIT
18-5433,728432,0.00,0,0.00,0.00,WEST,WEST,728432
18-5882,ALTERNATOR,255.00,1,1.00,255.00,WEST,WEST,ALTERNATOR
18-5908,STARTER,255.00,1,1.00,255.00,WEST,WEST,STARTER
18-5920,STARTER,266.00,0,1.00,266.00,WEST,WEST,STARTER
18-9400-2,25W40 4 sroke oil quart,20.99,1,11.12,21.74,WEST,WEST,25W40 4 sroke oil quart
1800175,PRO MUX 0183/N2K,689.63,0,551.70,689.63,WEST,WEST,PRO MUX 0183/N2K
1817027,INSTALLATION ST BOWPRO BOOSTED,372.02,0,235.61,372.02,WEST,WEST,INSTALLATION ST BOWPRO BOOSTED
1821733,INSTALLATION SET BOWPRO A,522.83,0,331.12,522.83,WEST,WEST,INSTALLATION SET BOWPRO A
18742,ALTERNATOR,250.00,0,1.00,250.00,WEST,WEST,ALTERNATOR
1877K--2222E,1/2 ELBOW FITTING 90DEG-2P/G,11.62,2,5.85,11.62,WEST,WEST,1/2 ELBOW FITTING 90DEG-2P/G
1877K-2342E,1/2 ELBOW NPS,12.97,1,6.45,12.97,WEST,WEST,1/2 ELBOW NPS
20015,"1/8""X""X25' MUFFLER WRAP",22.99,3,12.57,0.00,WEST,WEST,"1/8""X""X25' MUFFLER WRAP"
201944,BRZ.ROUND STRAINER 5,98.53,1,53.10,98.53,WEST,WEST,BRZ.ROUND STRAINER 5
202v10000-36,"BLUE SILICONE W/EX 10"" X 3'",993.40,0,535.36,993.40,WEST,WEST,"BLUE SILICONE W/EX 10"" X 3'"
229963,"GASKET, WATER OUTLET",4.86,4,2.73,4.86,WEST,WEST,"GASKET, WATER OUTLET"
23006,Critical glass protection kit,36.07,4,0.00,0.00,WEST,WEST,Critical glass protection kit
23123,3IN MINI ROLLER SLEEVE- 3/8 PILE,7.65,10,4.26,7.65,WEST,WEST,3IN MINI ROLLER SLEEVE- 3/8 PILE
24M-1000,"MAGNACHARGE 24 SERIES, 950CA",134.42,0,100.00,134.42,WEST,WEST,"MAGNACHARGE 24 SERIES, 950CA"
25-742-WT-TR-KIT,COMBO-PROPANE/CO ALARM,176.99,1,95.38,176.99,WEST,WEST,COMBO-PROPANE/CO ALARM
250-2,HARDWALL EXHAUST HOSE 2IN @ PER FT,31.83,3,17.15,31.83,WEST,WEST,HARDWALL EXHAUST HOSE 2IN @ PER FT
2570-1557,15MM FLEXPIPE MOUNTING CLIP,2.05,0,1.04,2.05,WEST,WEST,15MM FLEXPIPE MOUNTING CLIP
290000195,REPL CONTROL LPS 60-75 R410A,87.80,1,61.83,87.80,WEST,WEST,REPL CONTROL LPS 60-75 R410A
290000197,REPL CONTROL HPS 575PSI R410A,87.80,0,61.83,87.80,WEST,WEST,REPL CONTROL HPS 575PSI R410A
302106006BK-1,"SEADOG FENDER LINE 1/4""X6' BLACK",9.99,2,5.84,0.00,WEST,WEST,"SEADOG FENDER LINE 1/4""X6' BLACK"
302106006BL-1,"SEADOG FENDER LINES 1/4""X6' BLUE",9.99,2,5.99,0.00,WEST,WEST,"SEADOG FENDER LINES 1/4""X6' BLUE"
302106006G/W-1,"SEADOG FENDER LINES 1/4""X6' GOLD BRAID",9.99,2,5.99,0.00,WEST,WEST,"SEADOG FENDER LINES 1/4""X6' GOLD BRAID"
302110010BL-1,"SEADOG DOCK LINE 3/8""X10' BLUE",16.49,1,9.75,0.00,WEST,WEST,"SEADOG DOCK LINE 3/8""X10' BLUE"
302110010G/W-1,"SEADOG DOCK LINE 3/8"" X 10' GOLD BRAID",16.49,1,9.75,0.00,WEST,WEST,"SEADOG DOCK LINE 3/8"" X 10' GOLD BRAID"
302110015BL-1,"SEADOG DOCK LINE 3/8""X15' BLUE",21.49,1,12.85,0.00,WEST,WEST,"SEADOG DOCK LINE 3/8""X15' BLUE"
302110015G/W-1,"SEADOG DOCK LINES 3/8""X15' GOLD BRAID",21.49,1,12.85,0.00,WEST,WEST,"SEADOG DOCK LINES 3/8""X15' GOLD BRAID"
302110020BL-1,"SEADOG DOCK LINE 3/8""X20' BLUE",26.99,1,16.19,0.00,WEST,WEST,"SEADOG DOCK LINE 3/8""X20' BLUE"
302110020G/W-1,"SEADOG DOCK LINE 3/8""X20' GOLD BRAID",26.99,1,16.19,0.00,WEST,WEST,"SEADOG DOCK LINE 3/8""X20' GOLD BRAID"
302112010G/W-1,"SEADOG DOCK LINE 1/2""X10' GOLD BRAID",22.99,1,13.92,0.00,WEST,WEST,"SEADOG DOCK LINE 1/2""X10' GOLD BRAID"
302112010NV-1,"SEADOG DOCK LINE 1/2""X10' NAVY",22.99,1,13.92,0.00,WEST,WEST,"SEADOG DOCK LINE 1/2""X10' NAVY"
302112015G/W-1,"SEADOG DOCK LINE 1/2""X15' GOLD BRAID",30.79,1,18.48,0.00,WEST,WEST,"SEADOG DOCK LINE 1/2""X15' GOLD BRAID"
302112015NV-1,"SEADOG DOCK LINE 1/2""X15' NAVY",30.79,1,18.48,0.00,WEST,WEST,"SEADOG DOCK LINE 1/2""X15' NAVY"
302116015G/W-1,"SEADOG DOCK LINE 5/8""X15' GOLD BRAID",50.49,1,30.49,0.00,WEST,WEST,"SEADOG DOCK LINE 5/8""X15' GOLD BRAID"
302116015NV-1,"SEADOG DOCK LINE 5/8""X15' NAVY",50.49,1,30.49,0.00,WEST,WEST,"SEADOG DOCK LINE 5/8""X15' NAVY"
302116020G/W-1,"SEADOG DOCK LINE 5/8""X20' GOLD BRAID",73.99,1,44.60,0.00,WEST,WEST,"SEADOG DOCK LINE 5/8""X20' GOLD BRAID"
302116020NV-1,"SEADOG DOCK LINE 5/8""X20' NAVY",73.99,1,44.60,0.00,WEST,WEST,"SEADOG DOCK LINE 5/8""X20' NAVY"
303-130207,MULTI CLEAN SPRAY 946ML,21.00,3,12.58,0.00,WEST,WEST,MULTI CLEAN SPRAY 946ML
303-130210,MARINE SPEED DETAILER 946ML,14.93,0,8.94,14.93,WEST,WEST,MARINE SPEED DETAILER 946ML
303-130313,PROTECT SPRAY 946ML,34.55,0,20.69,34.55,WEST,WEST,PROTECT SPRAY 946ML
303-130340,PROTECT SPRAY 473ML,22.01,2,11.66,22.01,WEST,WEST,PROTECT SPRAY 473ML
303-130370,PROTECT REFILL 3.79L,106.73,0,63.91,106.73,WEST,WEST,PROTECT REFILL 3.79L
303-130371,TOUCHLESS SEALANT 946ML,34.55,-1,20.69,34.55,WEST,WEST,TOUCHLESS SEALANT 946ML
303-130553,MOLD/MILDEW CLEAN/BLOCK 946ML,29.44,0,17.63,29.44,WEST,WEST,MOLD/MILDEW CLEAN/BLOCK 946ML
303-130606,FABRIC GARD SPRAY 946ML,57.49,2,34.42,0.00,WEST,WEST,FABRIC GARD SPRAY 946ML
303-130616,FABRIC GARD SPRAY 473ML,34.99,1,21.08,0.00,WEST,WEST,FABRIC GARD SPRAY 473ML
303-130674,FABRIC GUARD REFILL 3.79L,201.15,0,120.45,201.15,WEST,WEST,FABRIC GUARD REFILL 3.79L
303-330390,WINDSHIELD WASHER TABS 5PK,6.88,0,4.12,6.88,WEST,WEST,WINDSHIELD WASHER TABS 5PK
305-0386,FUEL OB HOSE B1 3/8 X 50 GRAY,245.86,1,144.29,245.86,WEST,WEST,FUEL OB HOSE B1 3/8 X 50 GRAY
311004,VENT FILTER KIT,260.40,0,140.34,260.40,WEST,WEST,VENT FILTER KIT
317-5/8,"FUEL VENT HOSE A2 5/8""",8.32,50,4.48,8.32,WEST,WEST,"FUEL VENT HOSE A2 5/8"""
33004,METAL POLISH,28.65,7,0.00,28.65,WEST,WEST,METAL POLISH
334K-D,100-230 D/S TEMP SENDER,53.77,0,21.51,53.77,WEST,WEST,100-230 D/S TEMP SENDER
34481157755,"CAR 3/4"" STRAIN RELIEF THREAD",13.77,0,10.59,13.77,WEST,WEST,"CAR 3/4"" STRAIN RELIEF THREAD"
350516,,0.00,0,0.00,0.00,WEST,WEST,
355143,VERNALIFT 6 SIDE -> TOP,1868.30,1,1006.87,1868.30,WEST,WEST,VERNALIFT 6 SIDE -> TOP
364L-F,PRESSWITCH 6#,61.83,0,24.95,61.83,WEST,WEST,PRESSWITCH 6#
365-0566,"FUEL HOSE TYPE A1 5/16""  X 50'",262.37,70,130.87,262.37,WEST,WEST,"FUEL HOSE TYPE A1 5/16""  X 50'"
3MR-05844,SPREADER KIT   3/PKG,18.47,0,9.95,18.47,WEST,WEST,SPREADER KIT   3/PKG
3MR-420C946ML,BONDO FIBREGLASS RESIN 1/2PINT,38.43,0,20.71,38.43,WEST,WEST,BONDO FIBREGLASS RESIN 1/2PINT
3MR-46005,862ML 3M MARINE PREMIUM FILLER,122.88,1,66.90,122.88,WEST,WEST,862ML 3M MARINE PREMIUM FILLER
3MR-46006,3.54KG. MARINE PREMIUM FILLER,345.77,0,186.34,345.77,WEST,WEST,3.54KG. MARINE PREMIUM FILLER
3MR-46013,862ML 3M BLISTER/REPAIR FILLER,163.58,2,88.15,163.58,WEST,WEST,862ML 3M BLISTER/REPAIR FILLER
4064300,INSIKERATOR HOT WATER DISPENSER HVIEWC-SS,789.00,0,653.92,789.00,WEST,WEST,INSIKERATOR HOT WATER DISPENSER HVIEWC-SS
4156-0000,WEAR PLATE,35.89,0,0.01,35.89,WEST,WEST,WEAR PLATE
4200-PR,4GA SOLID BARREL LUG,4.82,0,1.00,4.83,WEST,WEST,4GA SOLID BARREL LUG
4a1.12.r80ce8,"wiper mir 12v 2sp 1""sld blk",211.71,0,114.09,211.71,WEST,WEST,"wiper mir 12v 2sp 1""sld blk"
50500A2000,"SHAFT COUPLING, MARINE SPLIT-2IN BW/VD",746.20,0,525.00,746.20,WEST,WEST,"SHAFT COUPLING, MARINE SPLIT-2IN BW/VD"
512303,H-BARB T-HULL CF-253-S-3/4,35.20,0,18.97,35.20,WEST,WEST,H-BARB T-HULL CF-253-S-3/4
553701,EK1 200 KNOT END BRU,29.36,1,25.76,29.36,WEST,WEST,EK1 200 KNOT END BRU
5871,THR REFL TAPE,3.99,0,0.00,3.99,WEST,WEST,THR REFL TAPE
591wht-300ML,591 sealant crtrg 300ml wht,21.54,0,10.20,21.54,WEST,WEST,591 sealant crtrg 300ml wht
60302,FBS PAINT WORK LRG COVERALL GRAY,105.46,4,53.99,105.46,WEST,WEST,FBS PAINT WORK LRG COVERALL GRAY
60303,PAINT/WORK XL COVERALLS GRAY,105.46,5,53.99,105.46,WEST,WEST,PAINT/WORK XL COVERALLS GRAY
616346,HYDRAULIC CYLINDER,188.73,1,128.39,188.73,WEST,WEST,HYDRAULIC CYLINDER
62-542-WT-MARINE-TR,CO DETECTOR-12V-FLUSH MT WHT,142.57,1,76.83,142.57,WEST,WEST,CO DETECTOR-12V-FLUSH MT WHT
64157,ZN RUDDER ANODE 3-3/4,27.17,18,14.64,27.17,WEST,WEST,ZN RUDDER ANODE 3-3/4
655-8,G/FLEX EPOXY,44.99,1,1.00,44.99,WEST,WEST,G/FLEX EPOXY
671088,5148 TOILET-WHITE,1344.06,0,896.04,1344.06,WEST,WEST,5148 TOILET-WHITE
671509,5006 TOILET-WHITE,1344.06,0,896.04,1344.06,WEST,WEST,5006 TOILET-WHITE
6BT-50070-52-00,"sTANDARD tRIM pLANE aSSEMBLY - 42"" X 12""",316.00,1,237.00,316.00,WEST,WEST,"sTANDARD tRIM pLANE aSSEMBLY - 42"" X 12"""
70STBC675L,"CLAMP, T-BOLT-S/S",12.85,4,1.00,12.85,WEST,WEST,"CLAMP, T-BOLT-S/S"
725595,ELEMENT FOR 320RRAC02,64.17,0,39.28,64.17,WEST,WEST,ELEMENT FOR 320RRAC02
81888,12-10 AWG DISCONNECT MALE,3.91,7,1.86,3.91,WEST,WEST,12-10 AWG DISCONNECT MALE
85294,FIXED C.B.MOBILE RADIO,120.09,0,83.98,120.09,WEST,WEST,FIXED C.B.MOBILE RADIO
85932c,NON-SKID DECK CLEANER,36.00,0,29.00,36.00,WEST,WEST,NON-SKID DECK CLEANER
9005255,THRU HULL 2IN BARB,29.62,0,15.64,29.62,WEST,WEST,THRU HULL 2IN BARB
976911,31 SERIES START BATTERY,782.45,2,594.66,782.45,WEST,WEST,31 SERIES START BATTERY
980960301,"2nm whte allrnd fold 12"" blk",301.25,0,162.35,301.25,WEST,WEST,"2nm whte allrnd fold 12"" blk"
990795,FUEL FILTER 10Mic SHORT,14.55,0,7.86,14.55,WEST,WEST,FUEL FILTER 10Mic SHORT
A/B-64940,GRODIE LAMP HOUSING ONLY,45.69,0,27.36,45.69,WEST,WEST,GRODIE LAMP HOUSING ONLY
AAL-10231,"WTR FLOW DETECT 2""""            """,216.93,0,116.91,216.93,WEST,WEST,"WTR FLOW DETECT 2""""            """
AAL-10233,"WTR FLOW DETECT 1""""            """,200.25,0,107.92,200.25,WEST,WEST,"WTR FLOW DETECT 1""""            """
AAL-10235,"WTR FLOW DETECT 3/"""" 12-32V PDL""",148.51,0,80.04,148.51,WEST,WEST,"WTR FLOW DETECT 3/"""" 12-32V PDL"""
AAL-10271,"WTR FLOW DETECT 1-1/2""""        """,200.25,0,107.92,200.25,WEST,WEST,"WTR FLOW DETECT 1-1/2""""        """
AAL-10331,"WTR FLW DETECT 2"""" 12-32V PDL  """,216.93,0,116.91,216.93,WEST,WEST,"WTR FLW DETECT 2"""" 12-32V PDL  """
AAL-10333,"WTR FLW DETECT 1""""12-32V PDL   """,200.25,0,107.92,200.25,WEST,WEST,"WTR FLW DETECT 1""""12-32V PDL   """
AAL-10334,"WTR FLW DETECT1-1/4""""12-32V PDL""",200.25,0,107.92,200.25,WEST,WEST,"WTR FLW DETECT1-1/4""""12-32V PDL"""
AAL-10371,"WTR FLW DETECT1-1/2""""12-32V PDL""",200.25,0,107.92,200.25,WEST,WEST,"WTR FLW DETECT1-1/2""""12-32V PDL"""
AAL-13110,"WTR FLW DETECT 2-1/2""""         """,176.89,0,95.33,176.89,WEST,WEST,"WTR FLW DETECT 2-1/2""""         """
AAL-13111,"WTR FLW DETECT 3""""             """,176.89,0,95.33,176.89,WEST,WEST,"WTR FLW DETECT 3""""             """
AAL-13114,"WTR FLW DETECT 3-1/2""""         """,176.89,0,95.33,176.89,WEST,WEST,"WTR FLW DETECT 3-1/2""""         """
AAL-13117,"WTR FLW DETECT 4-1/2""""         """,176.89,0,95.33,176.89,WEST,WEST,"WTR FLW DETECT 4-1/2""""         """
AAL-13209,WTR FLW DETECT LO FLO3/4-1-1/2,200.25,0,113.46,200.25,WEST,WEST,WTR FLW DETECT LO FLO3/4-1-1/2
AAL-20001,SYS MONITOR KIT 12V W/BELL,599.05,0,322.84,599.05,WEST,WEST,SYS MONITOR KIT 12V W/BELL
AAL-20003,SYS MONITOR KIT 12V TWN ENG,999.53,0,538.67,999.53,WEST,WEST,SYS MONITOR KIT 12V TWN ENG
AAL-20007,SYS MONITOR KIT 12V W/O BELL,231.96,0,125.01,231.96,WEST,WEST,SYS MONITOR KIT 12V W/O BELL
AAL-20008,SYS MONITOR KIT DUAL ENG BASIC,498.95,0,268.89,498.95,WEST,WEST,SYS MONITOR KIT DUAL ENG BASIC
AAL-20009,SYS MONITOR KIT 32V,248.63,0,133.99,248.63,WEST,WEST,SYS MONITOR KIT 32V
AAL-20011,LAST WATCH II ALARM DGTL12-32V,383.80,0,206.84,383.80,WEST,WEST,LAST WATCH II ALARM DGTL12-32V
AAL-20020,CNTRL BOARD PRNTD CIRC 12V,193.50,0,104.28,193.50,WEST,WEST,CNTRL BOARD PRNTD CIRC 12V
AAL-20021,CNTRL BOARD PRNTD CIRC 24V,201.85,0,108.78,201.85,WEST,WEST,CNTRL BOARD PRNTD CIRC 24V
AAL-20022,CNTRL BOARD PRNTD CIRC 32V,201.85,0,108.78,201.85,WEST,WEST,CNTRL BOARD PRNTD CIRC 32V
AAL-20030,INDICATOR PANEL SGL ENG,63.43,0,34.18,63.43,WEST,WEST,INDICATOR PANEL SGL ENG
AAL-20031,INDICATOR PANEL DUAL ENG,120.14,0,64.75,120.14,WEST,WEST,INDICATOR PANEL DUAL ENG
AAL-20032,SMRT SWTCH-12V,88.44,0,47.66,88.44,WEST,WEST,SMRT SWTCH-12V
AAL-20035,SMRT SWCH AUTO BLG SYS12V-208A,148.51,0,80.04,148.51,WEST,WEST,SMRT SWCH AUTO BLG SYS12V-208A
AAL-20036,SMRT SWCH AUTO BLG SYS24V-208A,148.51,0,80.04,148.51,WEST,WEST,SMRT SWCH AUTO BLG SYS24V-208A
AAL-20038,SS-209 SMRT BLG PUMP 12V,211.94,0,114.22,211.94,WEST,WEST,SS-209 SMRT BLG PUMP 12V
AAL-20039,SS-209 SMRT BLG PUMP 24V,216.93,0,116.91,216.93,WEST,WEST,SS-209 SMRT BLG PUMP 24V
AAL-20043,BILGE PMP MONITR 12V,261.97,0,141.18,261.97,WEST,WEST,BILGE PMP MONITR 12V
AAL-20045,BILGE PMP CNTER 12-32V,133.42,0,71.90,133.42,WEST,WEST,BILGE PMP CNTER 12-32V
AAL-20045-SM,BILGE PMP CNT SUR MNT 12-32V,126.82,0,68.35,126.82,WEST,WEST,BILGE PMP CNT SUR MNT 12-32V
AAL-20050,"BAIT TANK ALRM 3/4""""/1-1/2"""" FPT""",216.93,0,116.91,216.93,WEST,WEST,"BAIT TANK ALRM 3/4""""/1-1/2"""" FPT"""
AAL-20063,"SAVE YOUR ENG KIT 2""""          """,225.28,0,121.41,225.28,WEST,WEST,"SAVE YOUR ENG KIT 2""""          """
AAL-20064,"SAVE YOUR ENG KIT 1/2""""/1-1/2"""" """,216.93,0,116.91,216.93,WEST,WEST,"SAVE YOUR ENG KIT 1/2""""/1-1/2"""" """
AAL-20068,"SAVE YOUR GENERATR KIT 1""""FPT  """,216.93,0,116.91,216.93,WEST,WEST,"SAVE YOUR GENERATR KIT 1""""FPT  """
AAL-20072,FIRE SPRVISR MNITR PANEL,370.46,0,199.65,370.46,WEST,WEST,FIRE SPRVISR MNITR PANEL
AAL-20090,PUMP SWITCH HD 12V 30A,98.45,0,53.05,98.45,WEST,WEST,PUMP SWITCH HD 12V 30A
AAL-20100,RED WARN BELL-12V,125.15,0,67.45,125.15,WEST,WEST,RED WARN BELL-12V
AAL-20101,RED WARN BELL-24V,133.50,0,71.95,133.50,WEST,WEST,RED WARN BELL-24V
AAL-20102,RED WARN BELL-32V,133.50,0,71.95,133.50,WEST,WEST,RED WARN BELL-32V
AAL-20106,ALARM BUZZER 85DB 12-32V,48.40,0,26.08,48.40,WEST,WEST,ALARM BUZZER 85DB 12-32V
AAL-20107,IND/OUTD ALARM SIREN 12V,93.45,0,50.36,93.45,WEST,WEST,IND/OUTD ALARM SIREN 12V
AAL-20111,LO OIL PRESS DETECTOR 12V,50.07,0,26.98,50.07,WEST,WEST,LO OIL PRESS DETECTOR 12V
AAL-20112,RMT FIRE DETECT 12V NEW,110.14,0,59.35,110.14,WEST,WEST,RMT FIRE DETECT 12V NEW
AAL-20116,OVRHT DETECT200F12-32V BOLT-ON,56.75,0,30.58,56.75,WEST,WEST,OVRHT DETECT200F12-32V BOLT-ON
AAL-20118,"OVRHT DETECT200F12-32V 1/2""""MPT""",66.68,0,35.94,66.68,WEST,WEST,"OVRHT DETECT200F12-32V 1/2""""MPT"""
AAL-20120,BILGE LEVEL DETECT 12/32V,78.44,0,42.27,78.44,WEST,WEST,BILGE LEVEL DETECT 12/32V
AAL-20131,BILGE WARN SYS 12V W/BELL,186.91,0,100.73,186.91,WEST,WEST,BILGE WARN SYS 12V W/BELL
AAL-20133,BILGE WARN SYS 32V W/BELL,191.90,0,103.42,191.90,WEST,WEST,BILGE WARN SYS 32V W/BELL
AAL-20140,WTRPRF BACK BOX-RBA BELL,51.74,0,27.88,51.74,WEST,WEST,WTRPRF BACK BOX-RBA BELL
AAL-20143,TIMER CIRCUIT-BILGE ALARM,50.07,0,26.98,50.07,WEST,WEST,TIMER CIRCUIT-BILGE ALARM
AAL-20210,ENG TEMP MNITR W/BLT-ON DETECT,121.81,0,65.65,121.81,WEST,WEST,ENG TEMP MNITR W/BLT-ON DETECT
AAL-20219,ENG TEMP MNTR DUAL 12V2XBLT-ON,155.19,0,83.64,155.19,WEST,WEST,ENG TEMP MNTR DUAL 12V2XBLT-ON
AAL-20220,"LO OILPRES MNTR BLK1/8""""NPT DET""",121.81,0,65.65,121.81,WEST,WEST,"LO OILPRES MNTR BLK1/8""""NPT DET"""
AAL-20227,FIRE WARN PNL 12V BLK,75.10,0,40.47,75.10,WEST,WEST,FIRE WARN PNL 12V BLK
AAL-20230,FIRE WARN W/135F DETECT12V BLK,165.21,0,89.04,165.21,WEST,WEST,FIRE WARN W/135F DETECT12V BLK
AAL-20234,FIRE WARN W/194F DETECT12V BLK,165.21,0,89.04,165.21,WEST,WEST,FIRE WARN W/194F DETECT12V BLK
AAL-20240,HI WTR WRN PLNL&FLT SWCH12V BK,148.51,0,80.04,148.51,WEST,WEST,HI WTR WRN PLNL&FLT SWCH12V BK
AAL-20243,EXHST OVRHT ALRM KIT 24V W/20',130.16,0,70.15,130.16,WEST,WEST,EXHST OVRHT ALRM KIT 24V W/20'
AAL-20245,EXHST OVRHT ALRM KIT 12V,133.42,0,71.90,133.42,WEST,WEST,EXHST OVRHT ALRM KIT 12V
AAL-20248,EXHST OVRHT ALRM KIT DUAL 12V,208.60,0,112.42,208.60,WEST,WEST,EXHST OVRHT ALRM KIT DUAL 12V
AAL-20250,EXHST OVRHT DETECT 200F 12-32V,91.70,0,49.42,91.70,WEST,WEST,EXHST OVRHT DETECT 200F 12-32V
AAL-20252,EXHST OVRHT WARN PNL WHT,58.42,0,31.48,58.42,WEST,WEST,EXHST OVRHT WARN PNL WHT
AAL-20254,BLG HI WTR PANEL 12V BLK,56.75,0,30.58,56.75,WEST,WEST,BLG HI WTR PANEL 12V BLK
AAL-20260,ASM VISUAL IND PNL SNGL ENG,141.85,0,76.45,141.85,WEST,WEST,ASM VISUAL IND PNL SNGL ENG
AAL-20260-24V,24V PANEL W/MUTE,131.31,0,74.70,131.31,WEST,WEST,24V PANEL W/MUTE
AAL-20262,ASM VISUAL IND PNL DUAL ENG,208.60,0,112.42,208.60,WEST,WEST,ASM VISUAL IND PNL DUAL ENG
AAL-20271,SMOKE DETECT HRD WIRE 12/24,208.60,0,112.42,208.60,WEST,WEST,SMOKE DETECT HRD WIRE 12/24
AAL-20275,SMOKE WARN PNL 12V,43.40,0,23.39,43.40,WEST,WEST,SMOKE WARN PNL 12V
AAL-20278,FIRE/SMOKE PNL 12V,93.45,0,50.36,93.45,WEST,WEST,FIRE/SMOKE PNL 12V
AAL-20286,BLUE STROBE/SIREN 105DB 12V,98.45,0,53.05,98.45,WEST,WEST,BLUE STROBE/SIREN 105DB 12V
AAL-20295,AUTO SYS MNTR6W DETCTRS12V SGL,615.75,0,331.84,615.75,WEST,WEST,AUTO SYS MNTR6W DETCTRS12V SGL
AAL-20303,AUTOSYS MNTR5W DETCTRS12V DUAL,999.53,0,538.67,999.53,WEST,WEST,AUTOSYS MNTR5W DETCTRS12V DUAL
AAL-20315,SINGLE ENGINE MONITOR 24V,123.01,0,69.98,123.01,WEST,WEST,SINGLE ENGINE MONITOR 24V
AAL-20320,ENG MONITER-2 PROBE SGL 12V,165.21,0,89.04,165.21,WEST,WEST,ENG MONITER-2 PROBE SGL 12V
AAL-20343,"SMART BILGE MONITOR, 12V      """,262.31,0,141.36,262.31,WEST,WEST,"SMART BILGE MONITOR, 12V      """
AAL-20346,SMART BILGE ALARM 12V,155.98,0,84.06,155.98,WEST,WEST,SMART BILGE ALARM 12V
AAL-20352,COOL WTRFLO ALARM PNL 12V SNGL,71.76,0,38.67,71.76,WEST,WEST,COOL WTRFLO ALARM PNL 12V SNGL
AAL-20353,ENG RAW WATER FLOW WARN PANEL,81.76,0,44.06,81.76,WEST,WEST,ENG RAW WATER FLOW WARN PANEL
AAL-20355,COOL WTRFLO ALARM PNL 12V DUAL,85.10,0,45.86,85.10,WEST,WEST,COOL WTRFLO ALARM PNL 12V DUAL
AAL-20356,ENG RAW WTRFLO WARN PANEL DUAL,95.11,0,51.25,95.11,WEST,WEST,ENG RAW WTRFLO WARN PANEL DUAL
AAL-20358,COOL WTRFLO/EXHST TEMP PNL SGL,91.78,0,49.46,91.78,WEST,WEST,COOL WTRFLO/EXHST TEMP PNL SGL
AAL-20359,COOL WTRFLO/EXHST TMP PNL DUAL,108.47,0,58.45,108.47,WEST,WEST,COOL WTRFLO/EXHST TMP PNL DUAL
AAL-20360,BILGE WARN PNL 2 COMPART,101.79,0,54.85,101.79,WEST,WEST,BILGE WARN PNL 2 COMPART
AAL-20363,BILGE WARN PNL 5 COMPART,116.82,0,62.95,116.82,WEST,WEST,BILGE WARN PNL 5 COMPART
AAL-20364,BILGE WARN PANEL 6 COMPART,121.81,0,65.65,121.81,WEST,WEST,BILGE WARN PANEL 6 COMPART
AAL-20374,BLG SWCH HD W/3-WAY PNL 12V30A,113.48,0,61.15,113.48,WEST,WEST,BLG SWCH HD W/3-WAY PNL 12V30A
AAL-20385,BLG EXCESV PUMPNG ALERT PNL12V,148.51,0,80.04,148.51,WEST,WEST,BLG EXCESV PUMPNG ALERT PNL12V
ABA-13511,#11 SS 304 MINI CLAMP,4.63,5,2.49,4.63,WEST,WEST,#11 SS 304 MINI CLAMP
ABA-13512,#12 304SS MINI HOSECLAMP,4.64,2,2.50,4.64,WEST,WEST,#12 304SS MINI HOSECLAMP
ABA-13513,#13 SS 304 MINI CLAMP,4.66,0,2.51,4.66,WEST,WEST,#13 SS 304 MINI CLAMP
ABA-13514,#14 SS MINI HSECLP 34/64-38/64,4.66,0,2.38,4.66,WEST,WEST,#14 SS MINI HSECLP 34/64-38/64
ABA-13516,#16 SS 304 MINI CLAMP,4.69,0,2.53,4.69,WEST,WEST,#16 SS 304 MINI CLAMP
ABA-13517,#17 SS MINI HOSECLP 5/8-45/84,4.71,-10,2.54,4.71,WEST,WEST,#17 SS MINI HOSECLP 5/8-45/84
ABA-13614,#3 SS MINI HOSECLAMP 5/16-9/16,7.67,5,4.19,7.67,WEST,WEST,#3 SS MINI HOSECLAMP 5/16-9/16
ABA-13617,#4 SS MINI HOSECLMP 7/16-11/16,7.67,11,4.19,7.67,WEST,WEST,#4 SS MINI HOSECLMP 7/16-11/16
ABA-13620,#6 SS MINI HOSECLAMP 1/2-13/16,8.05,11,4.41,8.05,WEST,WEST,#6 SS MINI HOSECLAMP 1/2-13/16
ABA-13624,"#8 SS HOSE CLAMP 5/8""""-1""""      """,8.42,19,4.65,8.42,WEST,WEST,"#8 SS HOSE CLAMP 5/8""""-1""""      """
ABA-13628,"#10 SS HOSE CLAMP 3/4""""-1-1/8"""" """,8.70,10,4.88,8.70,WEST,WEST,"#10 SS HOSE CLAMP 3/4""""-1-1/8"""" """
ABA-13632,"#12 SS HOSE CLAMP 7/8""""-1-1/4"""" """,8.70,14,4.88,8.70,WEST,WEST,"#12 SS HOSE CLAMP 7/8""""-1-1/4"""" """
ABA-13638,#16 SS HOSE CLAMP 1-1/16-1-1/2,9.08,7,5.09,9.08,WEST,WEST,#16 SS HOSE CLAMP 1-1/16-1-1/2
ABA-13644,"#20 SS HOSE CLAMP 1-1/4-1-3/4""""""",9.52,-2,5.29,9.52,WEST,WEST,"#20 SS HOSE CLAMP 1-1/4-1-3/4"""""""
ABA-13650,"#24 SS HOSE CLAMP 1-1/2-2""""    """,9.90,7,4.85,9.90,WEST,WEST,"#24 SS HOSE CLAMP 1-1/2-2""""    """
ABA-13657,"#28 SS HOSE CLAMP 1-1/4-2-1/4""""""",9.90,2,5.50,9.90,WEST,WEST,"#28 SS HOSE CLAMP 1-1/4-2-1/4"""""""
ABA-13664,"#32 SS HOSE CLAMP 1-1/2-2-1/2""""""",10.86,16,6.04,10.86,WEST,WEST,"#32 SS HOSE CLAMP 1-1/2-2-1/2"""""""
ABA-13670,"#36 SS HOSE CLAMP 1-3/4-2-3/4""""""",11.16,22,5.47,11.16,WEST,WEST,"#36 SS HOSE CLAMP 1-3/4-2-3/4"""""""
ABA-13676,"#40 SS HOSE CLAMP 2""""-3""""       """,11.54,5,6.22,11.54,WEST,WEST,"#40 SS HOSE CLAMP 2""""-3""""       """
ABA-13683,"#44 SS HOSE CLAMP 2-1/4-3-1/4""""""",12.07,0,6.51,12.07,WEST,WEST,"#44 SS HOSE CLAMP 2-1/4-3-1/4"""""""
ABA-13689,"#48 SS HOSE CLAMP 2-1/2-3-1/2""""""",12.47,0,6.72,12.47,WEST,WEST,"#48 SS HOSE CLAMP 2-1/2-3-1/2"""""""
ABA-13694,"#52 SS HOSE CLAMP 2-3/4-3-3/4""""""",12.71,0,6.85,12.71,WEST,WEST,"#52 SS HOSE CLAMP 2-3/4-3-3/4"""""""
ABA-13696,"#56 SS HOSE CLAMP 3""""-4""""       """,13.56,11,7.66,13.56,WEST,WEST,"#56 SS HOSE CLAMP 3""""-4""""       """
ABA-13697,"#60 SS HOSE CLAMP 3-1/4-4-1/4""""""",14.88,2,8.01,14.88,WEST,WEST,"#60 SS HOSE CLAMP 3-1/4-4-1/4"""""""
ABA-13698,"#64 SS HOSE CLAMP 3-1/2-4-1/2""""""",15.90,5,8.86,15.90,WEST,WEST,"#64 SS HOSE CLAMP 3-1/2-4-1/2"""""""
ABA-13699,"#72 SS HOSE CLAMP 3-1/2""""-5""""   """,16.73,15,9.01,16.73,WEST,WEST,"#72 SS HOSE CLAMP 3-1/2""""-5""""   """
ABA-31604,DSPLY RACK 244 W/316SS HCLAMPS,1069.30,0,576.27,1069.30,WEST,WEST,DSPLY RACK 244 W/316SS HCLAMPS
ABA-60002,"7MM FLEXIBLE CLAMP DRIVER 10"""" """,70.26,0,37.86,70.26,WEST,WEST,"7MM FLEXIBLE CLAMP DRIVER 10"""" """
ABA-66140,"#80 SS HOSE CLAMP 4""""-5-1/2""""   """,16.70,-8,9.00,16.70,WEST,WEST,"#80 SS HOSE CLAMP 4""""-5-1/2""""   """
ABA-66152,"#88 SS HOSE CLAMP 4-1/2""""-6""""   """,18.77,0,10.12,18.77,WEST,WEST,"#88 SS HOSE CLAMP 4-1/2""""-6""""   """
ABA-66165,"#96 SS HOSE CLAMP 5""""-6-1/2""""   """,19.47,0,10.49,19.47,WEST,WEST,"#96 SS HOSE CLAMP 5""""-6-1/2""""   """
ABA-66178,"#104 SS HOSE CLAMP 5-1/2""""-7""""  """,20.98,0,11.30,20.98,WEST,WEST,"#104 SS HOSE CLAMP 5-1/2""""-7""""  """
ABA-66191,"#112 SS HOSE CLAMP 6""""-7-1/2""""  """,22.31,0,12.02,22.31,WEST,WEST,"#112 SS HOSE CLAMP 6""""-7-1/2""""  """
ABA-66203,"#120 SS HOSE CLAMP 6-1/2""""-8""""  """,22.49,0,12.12,22.49,WEST,WEST,"#120 SS HOSE CLAMP 6-1/2""""-8""""  """
ABA-66216,"#128 SS HOSE CLAMP 7""""-8-1/2""""  """,23.83,0,12.84,23.83,WEST,WEST,"#128 SS HOSE CLAMP 7""""-8-1/2""""  """
ABA-66232,#138 SS HOSE CLAMP 7-5/8-9-1/8,24.15,0,13.01,24.15,WEST,WEST,#138 SS HOSE CLAMP 7-5/8-9-1/8
ABA-66257,#154 SS HOSECLAMP 8-5/8-10-1/8,26.07,0,14.05,26.07,WEST,WEST,#154 SS HOSECLAMP 8-5/8-10-1/8
ABA-66283,#170 SS HOSECLAMP 9-5/8-11-1/8,27.69,0,14.92,27.69,WEST,WEST,#170 SS HOSECLAMP 9-5/8-11-1/8
ABA-66308,#186 SS HOSECLAMP 105/8-12-1/8,28.66,0,15.44,28.66,WEST,WEST,#186 SS HOSECLAMP 105/8-12-1/8
ACR-1958,WH RCL-95 REMOTE CONT.SRCHLHT,1104.10,0,883.28,1104.10,WEST,WEST,WH RCL-95 REMOTE CONT.SRCHLHT
ACR-3971.3,FIREFLY PRO LED WTRBUG CRD,185.10,0,99.76,185.10,WEST,WEST,FIREFLY PRO LED WTRBUG CRD
ACT-PRO-BUF-1,INTELLIGENT BUFFER,856.10,0,684.88,856.10,WEST,WEST,INTELLIGENT BUFFER
ACT-PRO-BUF-2,INTELLIGENT TYPE APPRVD BUFFER,899.14,0,719.31,899.14,WEST,WEST,INTELLIGENT TYPE APPRVD BUFFER
ACT-PRO-MUX-2,PROF NMEA MLTIPX 8-INP 6-OUTP,941.23,0,752.98,941.23,WEST,WEST,PROF NMEA MLTIPX 8-INP 6-OUTP
ACT-PRO-NBF-1,PROF NMEA BUFFR 1-INP 6-OUTP,343.70,0,274.96,343.70,WEST,WEST,PROF NMEA BUFFR 1-INP 6-OUTP
ACT-PRO-NDC-1E,INTELLIGENT TYPE APPRVD MLTIPX,575.00,0,460.00,575.00,WEST,WEST,INTELLIGENT TYPE APPRVD MLTIPX
AIR-AHSR-4,75'WATER SKI ROPE 4-SECTION,59.80,0,32.23,59.80,WEST,WEST,75'WATER SKI ROPE 4-SECTION
AIR-AHSR-8,75'WATER SKI ROPE 8-SECTION,67.28,1,36.29,67.28,WEST,WEST,75'WATER SKI ROPE 8-SECTION
AIR-BKS-6,KILL SWITCH KEYS W/LANYARD SCOTTY,25.43,1,13.71,25.43,WEST,WEST,KILL SWITCH KEYS W/LANYARD SCOTTY
air31-665-2-02,ARIMAR B744 50/200KHZ W/FB GARMIN 6PN,863.20,0,719.33,863.20,WEST,WEST,ARIMAR B744 50/200KHZ W/FB GARMIN 6PN
AMB-135-0000-CP,CHR SHWR & SLIDE BAR,536.65,0,304.09,536.65,WEST,WEST,CHR SHWR & SLIDE BAR
AMB-135-0132-CP,CHR SNG.HNDL.SHWR MIXER,313.61,0,177.70,313.61,WEST,WEST,CHR SNG.HNDL.SHWR MIXER
ANC-104810,14GA TIN.PRM.WIRE RED 100',47.33,0,25.51,47.33,WEST,WEST,14GA TIN.PRM.WIRE RED 100'
ANC-108110,10GA TIN.PRM.WIRE BLU 100',97.58,0,52.59,97.58,WEST,WEST,10GA TIN.PRM.WIRE BLU 100'
ANC-108202,BRN 10GA 25' TIN.PRM.WIRE,42.72,0,23.02,42.72,WEST,WEST,BRN 10GA 25' TIN.PRM.WIRE
ANC-108210,BRN 10GA 100' TIN.PRM.WIRE,97.58,-1,52.59,97.58,WEST,WEST,BRN 10GA 100' TIN.PRM.WIRE
ANC-108225,BRN 10GA 250' TIN.PRM.WIRE,238.96,0,128.78,238.96,WEST,WEST,BRN 10GA 250' TIN.PRM.WIRE
ANC-108250,BRN 10GA 500' TIN.PRM.WIRE,462.17,0,249.07,462.17,WEST,WEST,BRN 10GA 500' TIN.PRM.WIRE
ANC-108302,GRN 10GA 25' TIN.PRM.WIRE,42.72,0,23.02,42.72,WEST,WEST,GRN 10GA 25' TIN.PRM.WIRE
ANC-108310,10GA TIN.PRM.WIRE GRN 100',97.58,0,52.59,97.58,WEST,WEST,10GA TIN.PRM.WIRE GRN 100'
ANC-108350,GRN 10GA 500' TIN.PRM.WIRE,462.17,0,249.07,462.17,WEST,WEST,GRN 10GA 500' TIN.PRM.WIRE
ANC-108502,ORG 10GA 25' TIN.PRM.WIRE,42.72,0,23.02,42.72,WEST,WEST,ORG 10GA 25' TIN.PRM.WIRE
ANC-109010,10GA TIN.PRM.WIRE YEL 100',97.58,0,52.59,97.58,WEST,WEST,10GA TIN.PRM.WIRE YEL 100'
ANC-111510,8GA TIN.BAT.CBL RED 100',164.50,1,88.65,164.50,WEST,WEST,8GA TIN.BAT.CBL RED 100'
ANC-120905,8/2 TIN.BOATCBL WHT50'RD/BLK,239.99,1,141.78,0.00,WEST,WEST,8/2 TIN.BOATCBL WHT50'RD/BLK
ANC-121710,16/2 TIN.BOATCBL WHT100'RD/BLK,86.87,1,51.56,86.87,WEST,WEST,16/2 TIN.BOATCBL WHT100'RD/BLK
ANC-121910,18/2 TIN.BOATCBL WHT100'RD/BLK,69.00,0,37.19,69.00,WEST,WEST,18/2 TIN.BOATCBL WHT100'RD/BLK
ANC-124510,14/2 100'TIN.SAFE.BOATCBL RDYL,110.74,1,73.52,110.74,WEST,WEST,14/2 100'TIN.SAFE.BOATCBL RDYL
ANC-131110,10/3 100'WHT TINBTCBL WT/GR/BK,435.67,0,234.79,435.67,WEST,WEST,10/3 100'WHT TINBTCBL WT/GR/BK
ANC-131310,12/3 100'WHT TINBOATCBL W/G/BK,301.12,0,162.28,301.12,WEST,WEST,12/3 100'WHT TINBOATCBL W/G/BK
ANC-131510,14/3 100'WHT TINBTCBL WT/GR/BK,217.55,0,117.24,217.55,WEST,WEST,14/3 100'WHT TINBTCBL WT/GR/BK
ANC-184003,14GA TIN.PRM.WIRE BLK 18',17.49,1,9.91,0.00,WEST,WEST,14GA TIN.PRM.WIRE BLK 18'
ANC-184303,14GA TIN.PRM.WIRE GRN 18',17.49,2,9.91,0.00,WEST,WEST,14GA TIN.PRM.WIRE GRN 18'
ANC-184403,14GA TIN.PRM.WIRE GRY 18',17.49,4,9.91,0.00,WEST,WEST,14GA TIN.PRM.WIRE GRY 18'
ANC-184503,ORG 14GA 18' TIN.PRIM.WIRE,17.99,2,9.91,0.00,WEST,WEST,ORG 14GA 18' TIN.PRIM.WIRE
ANC-184703,14GA TIN.PRM.WIRE PUR 18',17.49,1,9.91,0.00,WEST,WEST,14GA TIN.PRM.WIRE PUR 18'
ANC-184903,14GA TIN.PRM.WIRE WHT 18',17.49,3,9.91,0.00,WEST,WEST,14GA TIN.PRM.WIRE WHT 18'
ANC-199230,"(25) 14"""" 50LB MOUNT.NAT.TIE   """,11.79,1,7.05,0.00,WEST,WEST,"(25) 14"""" 50LB MOUNT.NAT.TIE   """
ANC-199257,"CABLE TIE MNT14""""BLK.UV50LB25PK""",12.21,0,6.58,12.21,WEST,WEST,"CABLE TIE MNT14""""BLK.UV50LB25PK"""
ANC-210215,"RING NYLON 16-14 5/16"""" 25PK   """,19.47,1,11.64,19.47,WEST,WEST,"RING NYLON 16-14 5/16"""" 25PK   """
ANC-210223,RING NYLON 12-10 #10 25PK,20.99,2,12.67,0.00,WEST,WEST,RING NYLON 12-10 #10 25PK
ANC-210226,"RING NYLON 12-10 3/8"""" 25PK    """,24.55,2,14.69,24.55,WEST,WEST,"RING NYLON 12-10 3/8"""" 25PK    """
ANC-210233,RING NYLON #8-#10 25PK,37.73,0,20.33,37.73,WEST,WEST,RING NYLON #8-#10 25PK
ANC-230215,"RING NYLON 16-14 5/16"""" 5PK    """,5.08,3,3.03,5.08,WEST,WEST,"RING NYLON 16-14 5/16"""" 5PK    """
ANC-230216,"RING NYLON 16-14 3/8"""" 5PK     """,5.08,2,3.03,5.08,WEST,WEST,"RING NYLON 16-14 3/8"""" 5PK     """
ANC-230226,"RING NYLON 12-10 3/8"""" 4PK     """,5.56,0,3.35,5.56,WEST,WEST,"RING NYLON 12-10 3/8"""" 4PK     """
ANC-230828,(4) 12-10 FEMALE DISCONNEC,5.38,5,3.22,5.38,WEST,WEST,(4) 12-10 FEMALE DISCONNEC
ANC-242275,"TINNED LUG 1GA 5/16"""" 25PK     """,88.66,0,47.78,88.66,WEST,WEST,"TINNED LUG 1GA 5/16"""" 25PK     """
ANC-252130,TIN.BUTT CONNECTOR 8GA 2PK,5.69,3,3.42,5.69,WEST,WEST,TIN.BUTT CONNECTOR 8GA 2PK
ANC-252140,TIN.BUTT CONNECTOR 2PK,6.78,2,4.07,6.78,WEST,WEST,TIN.BUTT CONNECTOR 2PK
ANC-252160,TIN.BUTT CONNECTOR 2GA 2PK,11.31,1,6.41,11.31,WEST,WEST,TIN.BUTT CONNECTOR 2GA 2PK
ANC-252180,TIN.BUTT CONNECTOR 1/0 2PK,14.81,1,8.40,14.81,WEST,WEST,TIN.BUTT CONNECTOR 1/0 2PK
ANC-252190,TIN.BUTT CONNECTOR 2/ 2PK,15.88,1,9.01,15.88,WEST,WEST,TIN.BUTT CONNECTOR 2/ 2PK
ANC-252235,"(2) 8GA 5/16"""" TINNED LUG      """,4.49,2,2.72,0.00,WEST,WEST,"(2) 8GA 5/16"""" TINNED LUG      """
ANC-252275,"TINNED LUG 1GA 5/16"""" 2PK      """,9.07,0,4.89,9.07,WEST,WEST,"TINNED LUG 1GA 5/16"""" 2PK      """
ANC-262295,"(2)2/0 5/16"""" 90* TINNED LUG   """,16.65,1,8.97,16.65,WEST,WEST,"(2)2/0 5/16"""" 90* TINNED LUG   """
ANC-262726,"(2)4/0 3/8"""" 90* TINNED LUG    """,24.90,0,13.42,24.90,WEST,WEST,"(2)4/0 3/8"""" 90* TINNED LUG    """
ANC-304603,"RED HEAT SHRNK RED 3/8""""X3"""" 3PK""",7.13,1,4.52,7.13,WEST,WEST,"RED HEAT SHRNK RED 3/8""""X3"""" 3PK"""
ANC-309099,HEAT SHRINK BUTT 22-18 100PCS.,79.71,0,43.91,79.71,WEST,WEST,HEAT SHRINK BUTT 22-18 100PCS.
ANC-309225,HEAT SHRINK BUTT 12-10 25PK,53.82,1,29.65,53.82,WEST,WEST,HEAT SHRINK BUTT 12-10 25PK
ANC-311203,HEAT SK.RING 16-14 #8 3PAK,6.43,2,3.46,6.43,WEST,WEST,HEAT SK.RING 16-14 #8 3PAK
ANC-311525,"HEAT SK.RING 16-14 5/16""""25PAK """,38.24,2,21.05,38.24,WEST,WEST,"HEAT SK.RING 16-14 5/16""""25PAK """
ANC-311603,"HEAT SK.RING 16-14 3/8""""3PAK   """,5.99,3,3.54,0.00,WEST,WEST,"HEAT SK.RING 16-14 3/8""""3PAK   """
ANC-312203,HEAT SK.RING 12-10 #8 3PAK,8.10,2,4.46,8.10,WEST,WEST,HEAT SK.RING 12-10 #8 3PAK
ANC-312525,"HEAT SK.RING 12-10 5/16""""25PAK """,47.99,2,29.05,0.00,WEST,WEST,"HEAT SK.RING 12-10 5/16""""25PAK """
ANC-312625,"HEAT SK.RING 12-10 3/8""""25PAK  """,47.99,2,29.05,0.00,WEST,WEST,"HEAT SK.RING 12-10 3/8""""25PAK  """
ANC-321325,HEAT SK.RING 8AWG #10 25PAK,57.95,0,31.23,57.95,WEST,WEST,HEAT SK.RING 8AWG #10 25PAK
ANC-321503,"HEAT SK.RING 8AWG 5/16""""3PAK   """,8.93,0,4.81,8.93,WEST,WEST,"HEAT SK.RING 8AWG 5/16""""3PAK   """
ANC-401255,"CLAMP NATURAL 1/4""""100PAK",18.04,0,11.81,18.04,WEST,WEST,"CLAMP NATURAL 1/4""""100PAK"
ANC-401312,"CLAMP NATURAL 5/16""""25PAK",6.38,0,3.44,6.38,WEST,WEST,"CLAMP NATURAL 5/16""""25PAK"
ANC-401375,"CLAMP NATURAL 3/8""""100PAK",21.99,1,12.89,0.00,WEST,WEST,"CLAMP NATURAL 3/8""""100PAK"
ANC-402252,"CLAMP BLACK1/4""""25PAK",7.25,0,4.75,7.25,WEST,WEST,"CLAMP BLACK1/4""""25PAK"
ANC-403182,"CUSH. CLAMP SS 3/16"""" 10 PAK   """,19.99,2,11.65,0.00,WEST,WEST,"CUSH. CLAMP SS 3/16"""" 10 PAK   """
ANC-403902,"CUSH. CLAMP SS 1-1/4"""" 10 PAK  """,31.36,1,16.90,31.36,WEST,WEST,"CUSH. CLAMP SS 1-1/4"""" 10 PAK  """
ANC-404152,"CUSH. CLAMP SS 1-1/2"""" 10 PAK  """,37.49,0,20.92,37.49,WEST,WEST,"CUSH. CLAMP SS 1-1/2"""" 10 PAK  """
ANC-404172,"CUSH. CLAMP SS 1-3/4"""" 10 PAK  """,35.54,0,19.15,35.54,WEST,WEST,"CUSH. CLAMP SS 1-3/4"""" 10 PAK  """
ANC-404202,"CUSH. CLAMP SS 2"""" 10 PAK      """,40.49,1,24.01,0.00,WEST,WEST,"CUSH. CLAMP SS 2"""" 10 PAK      """
ANC-404252,"CUSH. CLAMP SS 2-1/2"""" 10 PAK  """,43.82,0,23.62,43.82,WEST,WEST,"CUSH. CLAMP SS 2-1/2"""" 10 PAK  """
ANC-404302,"CUSH. CLAMP SS 3""""     10/PK",51.49,1,30.12,0.00,WEST,WEST,"CUSH. CLAMP SS 3""""     10/PK"
ANC-529102,(2) 12V .80 AMP 8-CP BULB,5.59,2,3.01,5.59,WEST,WEST,(2) 12V .80 AMP 8-CP BULB
ANC-529340,(1) 12V 25W NAVIGATION BULB,27.76,0,14.96,27.76,WEST,WEST,(1) 12V 25W NAVIGATION BULB
ANC-700115,DIELECTRIC SIL.COMPOUND 1/3OZ.,13.26,2,8.17,13.26,WEST,WEST,DIELECTRIC SIL.COMPOUND 1/3OZ.
ANC-750000,GROMMET KIT ASSORTED 45PCS.,27.91,0,15.04,27.91,WEST,WEST,GROMMET KIT ASSORTED 45PCS.
AQL20210,AQUALARM ENG TEMP MNITR W/BLT-ON DETECT,128.09,1,69.03,128.09,WEST,WEST,AQUALARM ENG TEMP MNITR W/BLT-ON DETECT
AQL20352,AQUALARM COOL WTRFLO ALARM PNL 12V SNGL,75.47,0,40.67,0.00,WEST,WEST,AQUALARM COOL WTRFLO ALARM PNL 12V SNGL
AQS-40100-7,BI-COLOUR LIGHT 25W BLK,205.88,1,117.12,205.88,WEST,WEST,BI-COLOUR LIGHT 25W BLK
AQU-51000,FLUSH N FLOW 1L,40.45,0,25.60,40.45,WEST,WEST,FLUSH N FLOW 1L
AQU-51150,DINGHY/FENDER CLEANER 750ML,20.15,1,13.94,20.15,WEST,WEST,DINGHY/FENDER CLEANER 750ML
AQU-52010,DECK & BOAT WASH 1L,20.15,0,12.75,20.15,WEST,WEST,DECK & BOAT WASH 1L
AQU-52011,DECK & BOAT WASH 4L,70.03,0,44.32,70.03,WEST,WEST,DECK & BOAT WASH 4L
AQU-52012,DECK & BOAT WASH 20L,275.79,0,174.55,275.79,WEST,WEST,DECK & BOAT WASH 20L
AQU-52019,EASY CLEAN MARINE 120ML,4.96,0,3.14,4.96,WEST,WEST,EASY CLEAN MARINE 120ML
AQU-52025,EASY CLEAN MARINE 750ML,18.14,0,11.48,18.14,WEST,WEST,EASY CLEAN MARINE 750ML
AQU-52026,EASY CLEAN MARINE 4L,59.25,0,37.50,59.25,WEST,WEST,EASY CLEAN MARINE 4L
AQU-52027,EASY CLEAN MARINE 20L,242.36,0,153.39,242.36,WEST,WEST,EASY CLEAN MARINE 20L
AT235-B/04,AMERCOAT 235 CURE,36.50,0,25.55,36.50,WEST,WEST,AMERCOAT 235 CURE
ATT-1731-4,"IN-LINE BLOWER 3"""" 12V         """,57.83,0,31.17,57.83,WEST,WEST,"IN-LINE BLOWER 3"""" 12V         """
ATT-1747-4,"IN-LINE BLOWER 4"""" 12V         """,63.98,1,34.48,63.98,WEST,WEST,"IN-LINE BLOWER 4"""" 12V         """
ATT-1749-4,"IN-LINE BLWR 4"""" 12V *W/R*",73.28,-1,39.49,73.28,WEST,WEST,"IN-LINE BLWR 4"""" 12V *W/R*"
ATT-4143-4,SHWR SUMP SYS12V,303.24,0,163.42,303.24,WEST,WEST,SHWR SUMP SYS12V
ATT-4202-7,AUTO.FLOAT SWITCH,60.74,0,35.56,60.74,WEST,WEST,AUTO.FLOAT SWITCH
ATT-4760-4,HD2000 BLG PMP-12V,279.24,0,150.49,279.24,WEST,WEST,HD2000 BLG PMP-12V
ATT-5110-30-7,"ALRND LT W/COLR-30""""           """,58.22,0,31.37,58.22,WEST,WEST,"ALRND LT W/COLR-30""""           """
ATT-5508-7,SAHARA MK2 800 BLG PMP-12V,202.15,0,108.94,202.15,WEST,WEST,SAHARA MK2 800 BLG PMP-12V
ATT-5512-7,SAHARA MK2 1200 BLG PMP-12V,237.34,0,138.96,237.34,WEST,WEST,SAHARA MK2 1200 BLG PMP-12V
ATT-5608-7,TSUNAMI MK2 800G BILGE PUMP,101.87,2,54.90,101.87,WEST,WEST,TSUNAMI MK2 800G BILGE PUMP
ATT-6342SS1,"1.5"""" CRTESY WM WHITE          """,58.47,0,36.25,58.47,WEST,WEST,"1.5"""" CRTESY WM WHITE          """
ATT-6356-D7,STERN LIGHT 12V SS,46.51,0,25.80,46.51,WEST,WEST,STERN LIGHT 12V SS
ATT-6375-D6,BI-COLOUR LIGHT 12V,49.99,4,15.99,0.00,WEST,WEST,BI-COLOUR LIGHT 12V
ATT-68554-1,"THHUL 3/4"""" COMPOSITE          """,20.99,1,12.46,0.00,WEST,WEST,"THHUL 3/4"""" COMPOSITE          """
ATT-68555-1,"THHUL 5/8"""" COMPOSITE          """,14.99,2,8.77,0.00,WEST,WEST,"THHUL 5/8"""" COMPOSITE          """
ATT-68556-1,"THHUL 1"""" COMPOSITE            """,20.16,1,12.46,20.16,WEST,WEST,"THHUL 1"""" COMPOSITE            """
ATT-68557-1,"THHUL 1-1/8"""" COMPOSITE        """,21.21,3,13.11,21.21,WEST,WEST,"THHUL 1-1/8"""" COMPOSITE        """
ATT-6857-1,"1"" 90 DEGREE BEND THRU HULL COMPOSITE CHROME CAP",28.29,1,17.05,0.00,WEST,WEST,"1"" 90 DEGREE BEND THRU HULL COMPOSITE CHROME CAP"
ATT-68577-1,"THR-HUL 3/4""""X90 COMPOSITE     """,21.99,1,13.57,0.00,WEST,WEST,"THR-HUL 3/4""""X90 COMPOSITE     """
ATT-68578-1,"THR-HUL 1""""X90 COMPOSITE       """,27.56,2,14.85,27.56,WEST,WEST,"THR-HUL 1""""X90 COMPOSITE       """
ATT-68579-1,"THR-HUL 1-1/8""""X90 COMPOSITE   """,33.37,0,17.98,33.37,WEST,WEST,"THR-HUL 1-1/8""""X90 COMPOSITE   """
ATT-68581-1,"THR-HUL 1-1/2""""X90 COMPOSITE   """,37.96,0,20.46,37.96,WEST,WEST,"THR-HUL 1-1/2""""X90 COMPOSITE   """
ATT-9065-1,BAT BOX PWR GRD 24,21.86,0,11.78,21.86,WEST,WEST,BAT BOX PWR GRD 24
ATT-9067-1,BATT BOX PWR GRD 27,30.06,2,16.20,30.06,WEST,WEST,BATT BOX PWR GRD 27
ATT-9090-5,BATT TRAY 24-SERIES,18.70,1,10.00,18.70,WEST,WEST,BATT TRAY 24-SERIES
ATT-SL-50SS-P3-7,S/S BALL MT.BRACKET,19.62,2,11.11,19.62,WEST,WEST,S/S BALL MT.BRACKET
ATT-SL3-60#-5,GAS SPRING 20-12BLADE MT,32.20,0,17.35,32.20,WEST,WEST,GAS SPRING 20-12BLADE MT
ATT-SL34-30#-5,GAS SPRING 20-12BALL MT,32.20,1,20.77,32.20,WEST,WEST,GAS SPRING 20-12BALL MT
ATT-SL34-40#-5,GAS SPRING 20-12BALL MT,32.20,0,25.92,32.20,WEST,WEST,GAS SPRING 20-12BALL MT
ATT-SL34-80#-5,"GAS SPRING 20""""-12""""BALL MT     """,32.20,1,18.24,32.20,WEST,WEST,"GAS SPRING 20""""-12""""BALL MT     """
ATT-SL36-90#-5,GAS SPRING 17.2-10.2BALL MT,32.20,0,17.35,32.20,WEST,WEST,GAS SPRING 17.2-10.2BALL MT
ATT-ST34-20#-5,S/S GAS SPRING 20-12BALL MT,90.63,0,48.84,76.00,WEST,WEST,S/S GAS SPRING 20-12BALL MT
AWL-73012-QT,GRIPTEX FINE NON-SKID 1#,100.92,0,54.26,100.92,WEST,WEST,GRIPTEX FINE NON-SKID 1#
AWL-73240-HG,AWLCARE PROTECTIVE POLY.SEALER,145.66,0,78.31,145.66,WEST,WEST,AWLCARE PROTECTIVE POLY.SEALER
AWL-73240-PT,AWLCARE PROTECTIVE POLY.SEALER,48.58,0,26.12,48.58,WEST,WEST,AWLCARE PROTECTIVE POLY.SEALER
AWL-H3002-PT,AWL-CAT #3 BRUSHING CONVERTER,173.24,0,93.14,173.24,WEST,WEST,AWL-CAT #3 BRUSHING CONVERTER
AWL-H8087-QT,AWLGRIP-FLEET WHITE,197.79,0,106.34,197.79,WEST,WEST,AWLGRIP-FLEET WHITE
AWL-J3810-QT,AWLWOOD MA CLEAR MATTE,208.04,0,110.59,208.04,WEST,WEST,AWLWOOD MA CLEAR MATTE
AWL-J4000-QT,AWLWOOD MULTI-CLIMATE GLOSS,222.18,0,118.11,222.18,WEST,WEST,AWLWOOD MULTI-CLIMATE GLOSS
AWL-T0006-GAL,STD.REDUCER FOR EPOXY PRIMERS,151.76,1,81.59,151.76,WEST,WEST,STD.REDUCER FOR EPOXY PRIMERS
AWL-T0031-QT,SLOW DRYING REDUCER FOR BRUSH,68.32,0,36.73,68.32,WEST,WEST,SLOW DRYING REDUCER FOR BRUSH
AWL-T0201-QT,AWLWOOD MA BRUSHING REDUCER,83.74,0,45.02,83.74,WEST,WEST,AWLWOOD MA BRUSHING REDUCER
BAH-6154,"* 54""""THREADED HARDWOOD HDL    """,9.47,0,5.10,9.47,WEST,WEST,"* 54""""THREADED HARDWOOD HDL    """
BAH-852BL,BLUE DECK BRUSH PVC BRISTLE,18.90,1,10.19,18.90,WEST,WEST,BLUE DECK BRUSH PVC BRISTLE
BAH-852BR,PLASTIC DECK BRUSH (BROWN),17.12,0,9.22,17.12,WEST,WEST,PLASTIC DECK BRUSH (BROWN)
BAH-852T,DECK BRUSH NATURAL BRISTLE,19.22,0,10.36,19.22,WEST,WEST,DECK BRUSH NATURAL BRISTLE
BAH-852Y,DECK BRUSH YELLOW BRISTLE,16.58,1,8.99,16.58,WEST,WEST,DECK BRUSH YELLOW BRISTLE
BBS-FLATTOP-27,"ORANGE 27-1/2""""FLAT TOP ONLY   """,230.21,0,135.68,230.21,WEST,WEST,"ORANGE 27-1/2""""FLAT TOP ONLY   """
BBS-MB-0BASE,"PWRBOATSTND 41-58""""BASE ONLY   """,262.74,0,141.60,262.74,WEST,WEST,"PWRBOATSTND 41-58""""BASE ONLY   """
BBS-MB-1BASE,"PWRBOATSTND 33-50""""BASE ONLY   """,229.89,0,123.89,229.89,WEST,WEST,"PWRBOATSTND 33-50""""BASE ONLY   """
BEN-A-1101A,HYDRAULIC CYLINDER,153.73,0,121.97,153.73,WEST,WEST,HYDRAULIC CYLINDER
BEN-AR-512,AUTO TAB RETRACTOR-12V,124.22,1,103.79,124.22,WEST,WEST,AUTO TAB RETRACTOR-12V
BEN-ES-2000,EURO-STYLE W/P ROCKER SWITCH,142.84,0,97.17,142.84,WEST,WEST,EURO-STYLE W/P ROCKER SWITCH
BEN-H-1171-3,"BRASS NIPPLE 1/8""""X 3""""         """,4.31,0,2.49,4.31,WEST,WEST,"BRASS NIPPLE 1/8""""X 3""""         """
BEN-H-1172,"ELBOW 1/8""""NPT/1/4""""TUBE        """,8.11,0,4.29,8.11,WEST,WEST,"ELBOW 1/8""""NPT/1/4""""TUBE        """
BEN-V351HPU1,HYD.POWER UNIT-12V  (V351HPU1),516.31,0,440.27,516.31,WEST,WEST,HYD.POWER UNIT-12V  (V351HPU1)
BEP-1101-BK,SWTICH 10A ON-OFF BLK CNTR1100,38.88,0,20.95,38.88,WEST,WEST,SWTICH 10A ON-OFF BLK CNTR1100
BEP-702B,DISTRIB STUD 10MM SGL BULK,55.56,0,29.94,55.56,WEST,WEST,DISTRIB STUD 10MM SGL BULK
BEP-710-140A,DIG VOLT SENS RELAY 12/24V,248.11,1,133.71,248.11,WEST,WEST,DIG VOLT SENS RELAY 12/24V
BEP-721,BAT SWITCH 3POS 350A HD,137.12,0,73.90,137.12,WEST,WEST,BAT SWITCH 3POS 350A HD
BEP-770-EZ-B,BAT SWTCH ONOFF400A EZMNT SRFC,101.97,0,54.95,101.97,WEST,WEST,BAT SWTCH ONOFF400A EZMNT SRFC
BEP-777-Z10W-200-B,BUSBAR Z 10 WAY 200A BULK,67.92,0,36.60,67.92,WEST,WEST,BUSBAR Z 10 WAY 200A BULK
BEP-777-Z18W-200-B,BUSBAR Z 18 WAY 200A BULK,105.73,0,56.98,105.73,WEST,WEST,BUSBAR Z 18 WAY 200A BULK
BEP-IST-10MM-1S-B,STUD SGL 10MM BULK INSULATED,26.67,0,14.37,26.67,WEST,WEST,STUD SGL 10MM BULK INSULATED
BEP-IST-8MM-1S-B,STUD SGL 8MM BULK INSULATED,26.30,0,14.17,26.30,WEST,WEST,STUD SGL 8MM BULK INSULATED
BLU2715,BLUE SEAS COVER FOR #2301/2302,7.99,3,4.44,0.00,WEST,WEST,BLUE SEAS COVER FOR #2301/2302
BOA-1032,LIFE CALK MAHOG 83ML,31.41,2,16.93,31.41,WEST,WEST,LIFE CALK MAHOG 83ML
BOA-1085,TEAK BRITE CLEANER 32OZ,42.85,3,22.93,42.85,WEST,WEST,TEAK BRITE CLEANER 32OZ
BOA-1160,LIFE SEAL CLEAR 83ML,27.35,0,14.74,27.35,WEST,WEST,LIFE SEAL CLEAR 83ML
BOA-1161,LIFE SEAL-WHITE 83ML,27.35,0,14.74,27.35,WEST,WEST,LIFE SEAL-WHITE 83ML
BOA-1162,LIFE SEAL-BLACK 83ML,27.35,0,14.74,27.35,WEST,WEST,LIFE SEAL-BLACK 83ML
BOM-S616-MB-SCREEN,SCREEN ONLY FOR 616MBSS,56.24,0,34.87,56.24,WEST,WEST,SCREEN ONLY FOR 616MBSS
BOM-S616-MB-SS,S/S PORTLIGHT ELLIPTICAL,934.76,0,583.63,934.76,WEST,WEST,S/S PORTLIGHT ELLIPTICAL
BRU-6148,"48"" WOODEN DECK BRUSH HANDLE",7.49,2,4.40,0.00,WEST,WEST,"48"" WOODEN DECK BRUSH HANDLE"
BRU-6154,"54"" WOODEN BRUSH HANDLE THREADED",8.49,2,5.10,0.00,WEST,WEST,"54"" WOODEN BRUSH HANDLE THREADED"
BSS-1001,"W/P INLET-.31"""" CABLE          """,35.10,2,18.92,35.10,WEST,WEST,"W/P INLET-.31"""" CABLE          """
BSS-1015,12V PLUG & DASH SOCKET KIT,36.41,0,19.62,36.41,WEST,WEST,12V PLUG & DASH SOCKET KIT
BSS-1016,12VDC SCKT DUAL USB OUTPUT 2.1,45.86,1,24.71,45.86,WEST,WEST,12VDC SCKT DUAL USB OUTPUT 2.1
BSS-1045,12/24V 4.8A 2USB SOCKET CHARG,86.61,0,46.67,86.61,WEST,WEST,12/24V 4.8A 2USB SOCKET CHARG
BSS-1830,MONITOR M2 OLED DC SOC,609.99,1,350.09,0.00,WEST,WEST,MONITOR M2 OLED DC SOC
BSS-1838,MONITOR M2 OLED AC MULTIMETER,629.99,1,369.98,0.00,WEST,WEST,MONITOR M2 OLED AC MULTIMETER
BSS-1990,"POWERBAR1000 8X3/8""""STUD W/CVR """,309.99,1,186.05,0.00,WEST,WEST,"POWERBAR1000 8X3/8""""STUD W/CVR """
BSS-1991,"POWERBAR1000 12X3/8""""STUD W/CVR""",399.99,1,232.61,0.00,WEST,WEST,"POWERBAR1000 12X3/8""""STUD W/CVR"""
BSS-2003,"POWER POST 3/8""""LUGS           """,24.72,2,14.00,24.72,WEST,WEST,"POWER POST 3/8""""LUGS           """
BSS-2011,"POWER POST 1/4""""LUGS           """,15.99,2,9.19,0.00,WEST,WEST,"POWER POST 1/4""""LUGS           """
BSS-2104,"MAXIBAR 4 3/8"""" STUD TERMINALS """,204.69,0,110.31,204.69,WEST,WEST,"MAXIBAR 4 3/8"""" STUD TERMINALS """
BSS-2129,PUSH BUTTON CIRC. BREAKER 3A,9.92,0,5.35,9.92,WEST,WEST,PUSH BUTTON CIRC. BREAKER 3A
BSS-2130,PUSH BUTTON CIRC. BREAKER 5A,13.99,2,8.14,0.00,WEST,WEST,PUSH BUTTON CIRC. BREAKER 5A
BSS-2132,PUSH BUTTON CIRC. BREAKER 10A,9.92,1,5.35,9.92,WEST,WEST,PUSH BUTTON CIRC. BREAKER 10A
BSS-2142,PUSH BUTTON BREAKER 50A,97.99,2,57.97,0.00,WEST,WEST,PUSH BUTTON BREAKER 50A
BSS-2301,10-GANG BUSBAR,31.90,0,17.19,31.90,WEST,WEST,10-GANG BUSBAR
BSS-2302,20-GANG BUSBAR,49.57,0,26.71,49.57,WEST,WEST,20-GANG BUSBAR
BSS-2304,MINIBUS 5/#8-32 SCREW,23.90,0,13.54,23.90,WEST,WEST,MINIBUS 5/#8-32 SCREW
BSS-2307,"4-GANG BUSBAR 1/4""""STUD W/COVER",46.00,4,27.62,0.00,WEST,WEST,"4-GANG BUSBAR 1/4""""STUD W/COVER"
BSS-2504,TERMINAL BLOCK 30A/4G,11.14,2,7.30,11.14,WEST,WEST,TERMINAL BLOCK 30A/4G
BSS-2508,TERMINAL BLOCK 30A/8G,18.07,0,11.82,18.07,WEST,WEST,TERMINAL BLOCK 30A/8G
BSS-2510,TERMINAL BLOCK 30A/10G,20.47,0,13.42,20.47,WEST,WEST,TERMINAL BLOCK 30A/10G
BSS-2604,TERMINAL BLOCK 65A/4G,24.49,1,14.29,0.00,WEST,WEST,TERMINAL BLOCK 65A/4G
BSS-2610,TERMINAL BLOCK 65A/10G,52.00,1,31.15,0.00,WEST,WEST,TERMINAL BLOCK 65A/10G
BSS-2708,COVER FOR #2104,47.99,4,26.85,0.00,WEST,WEST,COVER FOR #2104
BSS-2709,COVER FOR #2101,25.99,3,15.55,0.00,WEST,WEST,COVER FOR #2101
BSS-2710,COVER FOR #2702,28.44,1,15.33,28.44,WEST,WEST,COVER FOR #2702
BSS-2713,COVER FOR #2304/2305,6.65,2,3.58,6.65,WEST,WEST,COVER FOR #2304/2305
BSS-2715,COVER FOR #2301/2303,7.99,3,4.44,0.00,WEST,WEST,COVER FOR #2301/2303
BSS-2716,COVER FOR #2302,12.29,2,6.62,12.29,WEST,WEST,COVER FOR #2302
BSS-4135,CLEAR WATERPROOF BOOT (2/PKG),8.99,6,4.99,0.00,WEST,WEST,CLEAR WATERPROOF BOOT (2/PKG)
BSS-4137,W/P PUSH BUTTON CB BOOT(2/PKG),8.99,1,4.99,0.00,WEST,WEST,W/P PUSH BUTTON CB BOOT(2/PKG)
BSS-4155,WD SWITCH DPDT ON/OFF/ON,28.76,0,15.50,28.76,WEST,WEST,WD SWITCH DPDT ON/OFF/ON
BSS-4376,W/R DC PANEL 6POS GRY,256.29,0,138.12,256.29,WEST,WEST,W/R DC PANEL 6POS GRY
BSS-5005,ANL FUSE BLOCK 300A W/COVER,55.99,2,32.67,0.00,WEST,WEST,ANL FUSE BLOCK 300A W/COVER
BSS-5015,AGC FUSE BLOCK 6-CIR.W/GROUND,77.40,0,41.71,77.40,WEST,WEST,AGC FUSE BLOCK 6-CIR.W/GROUND
BSS-5022,PANEL MOUNT CAP FUSE HOLDER,9.99,8,5.86,0.00,WEST,WEST,PANEL MOUNT CAP FUSE HOLDER
BSS-5025,ATO FUSE BLOCK 6-CIR.W/GROUND,83.75,1,47.45,83.75,WEST,WEST,ATO FUSE BLOCK 6-CIR.W/GROUND
BSS-5026,ATO FUSE BLOCK 12-CIR.W/GROUND,104.79,0,56.47,104.79,WEST,WEST,ATO FUSE BLOCK 12-CIR.W/GROUND
BSS-5028,ATO FUSE BLOCK 6-CIRCUIT,73.23,4,40.91,73.23,WEST,WEST,ATO FUSE BLOCK 6-CIRCUIT
BSS-5037,FUSE BLOCK STBLADE 6CIRC IND,68.02,1,36.66,68.02,WEST,WEST,FUSE BLOCK STBLADE 6CIRC IND
BSS-5045,FUSEBLK COMPACT ST BLADE 4CIRC,53.59,0,28.88,53.59,WEST,WEST,FUSEBLK COMPACT ST BLADE 4CIRC
BSS-5052,CIRC BREAK BLOCK 6CIRC W/GRND,124.99,1,74.29,0.00,WEST,WEST,CIRC BREAK BLOCK 6CIRC W/GRND
BSS-5061,SWITCH,22.30,0,1.00,22.20,WEST,WEST,SWITCH
BSS-5063,FUSE HOLDER INLINE AGC/MDL,6.56,6,5.35,6.56,WEST,WEST,FUSE HOLDER INLINE AGC/MDL
BSS-5064,FUSE HOLDER INLINE ATO/ATC,6.43,0,3.46,6.43,WEST,WEST,FUSE HOLDER INLINE ATO/ATC
BSS-5065,W/P FUSE HOLDER ATO/ATC,13.98,2,7.53,13.98,WEST,WEST,W/P FUSE HOLDER ATO/ATC
BSS-5068,FUSE HOLDER MAXI 30-80A INLINE,49.99,4,29.51,0.00,WEST,WEST,FUSE HOLDER MAXI 30-80A INLINE
BSS-5105,MEGA-FUSE 200-AMP VDC,18.00,0,9.70,18.00,WEST,WEST,MEGA-FUSE 200-AMP VDC
BSS-5114,CLASS T FUSE 150-AMP,107.99,1,63.04,0.00,WEST,WEST,CLASS T FUSE 150-AMP
BSS-5118,CLASS T FUSE 250-AMP,115.99,1,68.78,0.00,WEST,WEST,CLASS T FUSE 250-AMP
BSS-5121,CLASS T FUSE 400-AMP,114.99,1,68.78,0.00,WEST,WEST,CLASS T FUSE 400-AMP
BSS-5129,ANL FUSE 200-AMP VDC,38.44,0,20.72,38.44,WEST,WEST,ANL FUSE 200-AMP VDC
BSS-5133,ANL FUSE 300-AMP VDC,47.03,0,25.34,47.03,WEST,WEST,ANL FUSE 300-AMP VDC
BSS-5137,ANL FUSE 500-AMP VDC,47.03,0,25.34,47.03,WEST,WEST,ANL FUSE 500-AMP VDC
BSS-5139,MAXI FUSE 40-AMP,10.39,0,5.60,10.39,WEST,WEST,MAXI FUSE 40-AMP
BSS-5140,MAXI FUSE 50-AMP,10.39,5,5.60,10.39,WEST,WEST,MAXI FUSE 50-AMP
BSS-5165,FUSE ANL 40-AMP,38.44,1,24.39,38.44,WEST,WEST,FUSE ANL 40-AMP
BSS-5181,TERMINAL FUSE 80AMP,29.34,0,15.81,29.34,WEST,WEST,TERMINAL FUSE 80AMP
BSS-5185,TERMINAL FUSE 150-AMP,31.00,2,17.81,0.00,WEST,WEST,TERMINAL FUSE 150-AMP
BSS-5187,TERMINAL FUSE 200-AMP,31.00,11,17.81,0.00,WEST,WEST,TERMINAL FUSE 200-AMP
BSS-5201,AGC FUSE 0.25A (5PK),6.85,3,3.85,0.00,WEST,WEST,AGC FUSE 0.25A (5PK)
BSS-5202,AGC FUSE 0.50A (5PK),6.85,4,3.85,0.00,WEST,WEST,AGC FUSE 0.50A (5PK)
BSS-5204,AGC FUSE 1A (5PK),6.85,2,3.85,0.00,WEST,WEST,AGC FUSE 1A (5PK)
BSS-5205,AGC FUSE 1.50A (5PK),6.85,5,3.85,0.00,WEST,WEST,AGC FUSE 1.50A (5PK)
BSS-5206,AGC FUSE 2A (5PK),6.85,4,3.85,0.00,WEST,WEST,AGC FUSE 2A (5PK)
BSS-5208,AGC FUSE 3A (5 PACK),6.85,4,3.85,0.00,WEST,WEST,AGC FUSE 3A (5 PACK)
BSS-5208100,AGC FUSE 3A (25 PACK),20.49,1,12.03,0.00,WEST,WEST,AGC FUSE 3A (25 PACK)
BSS-5213,AGC FUSE 7.50A (5PK),6.85,6,3.85,0.00,WEST,WEST,AGC FUSE 7.50A (5PK)
BSS-5215,AGC FUSE 10A (5PK),3.42,5,3.85,3.42,WEST,WEST,AGC FUSE 10A (5PK)
BSS-5217,AGC FUSE 15A (5PK),3.42,6,3.85,3.42,WEST,WEST,AGC FUSE 15A (5PK)
BSS-5219,AGC FUSE 25A (5PK),6.85,3,3.85,0.00,WEST,WEST,AGC FUSE 25A (5PK)
BSS-5220,AGC FUSE 30A (5PK),3.42,6,3.96,3.42,WEST,WEST,AGC FUSE 30A (5PK)
BSS-5235,ATO/ATC FUSE 1AMP,5.49,5,3.23,0.00,WEST,WEST,ATO/ATC FUSE 1AMP
BSS-5236,ATO/ATC FUSE 2AMP,5.00,5,2.75,0.00,WEST,WEST,ATO/ATC FUSE 2AMP
BSS-5238,ATO/ATC FUSE 4AMP,5.00,2,2.74,0.00,WEST,WEST,ATO/ATC FUSE 4AMP
BSS-5239,ATO/ATC FUSE 5AMP,5.00,4,2.74,0.00,WEST,WEST,ATO/ATC FUSE 5AMP
BSS-5241,ATO/ATC FUSE 10AMP,3.21,0,1.73,3.21,WEST,WEST,ATO/ATC FUSE 10AMP
BSS-5242,ATO/ATC FUSE 15AMP,3.21,0,1.73,3.21,WEST,WEST,ATO/ATC FUSE 15AMP
BSS-5243,ATO/ATC FUSE 20AMP,3.21,0,1.73,3.21,WEST,WEST,ATO/ATC FUSE 20AMP
BSS-5244,ATO/ATC FUSE 25AMP,5.00,2,2.74,5.00,WEST,WEST,ATO/ATC FUSE 25AMP
BSS-5245,ATO/ATC FUSE 30AMP,3.21,0,1.73,3.21,WEST,WEST,ATO/ATC FUSE 30AMP
BSS-5255,MIDI FUSE 80-AMP (2/PKG),12.49,3,7.46,0.00,WEST,WEST,MIDI FUSE 80-AMP (2/PKG)
BSS-5256,MIDI FUSE 100-AMP (2/PKG),12.29,3,7.46,12.29,WEST,WEST,MIDI FUSE 100-AMP (2/PKG)
BSS-5502,"CLASS""""T""""FUSE BLOCK 225-400AMP """,97.96,0,52.79,97.96,WEST,WEST,"CLASS""""T""""FUSE BLOCK 225-400AMP """
BSS-6004,BAT SWTCH M-SER 2POS LOCK 30A,59.99,2,34.28,0.00,WEST,WEST,BAT SWTCH M-SER 2POS LOCK 30A
BSS-6007,BAT SWITCH 4POS 300A,72.99,1,41.85,0.00,WEST,WEST,BAT SWITCH 4POS 300A
BSS-7054,PUSH-BUTTON BREAKER 10A,9.57,0,5.16,9.57,WEST,WEST,PUSH-BUTTON BREAKER 10A
BSS-7056,PUSH-BUTTON BREAKER 15A,9.57,2,5.16,9.57,WEST,WEST,PUSH-BUTTON BREAKER 15A
BSS-7057,PUSH-BUTTON BREAKER 20A,9.57,2,5.16,9.57,WEST,WEST,PUSH-BUTTON BREAKER 20A
BSS-7059,PUSH-BUTTON BREAKER 30A,11.49,2,6.61,0.00,WEST,WEST,PUSH-BUTTON BREAKER 30A
BSS-7135,SURF/MT BREAKER 25A,146.41,0,78.90,146.41,WEST,WEST,SURF/MT BREAKER 25A
BSS-7136,SURF/MT BREAKER 30A,164.99,2,99.39,0.00,WEST,WEST,SURF/MT BREAKER 30A
BSS-7140,SURF/MT BREAKER 60A,146.41,0,78.90,146.41,WEST,WEST,SURF/MT BREAKER 60A
BSS-7142,SURF/MT BREAKER 80A,169.99,1,99.39,0.00,WEST,WEST,SURF/MT BREAKER 80A
BSS-7148,SURF/MT BREAKER 150A,146.41,0,78.90,146.41,WEST,WEST,SURF/MT BREAKER 150A
BSS-7149,SURF/MT BREAKER 200A,191.88,1,103.41,191.88,WEST,WEST,SURF/MT BREAKER 200A
BSS-7200,TOGGLE BREAKER SP 5A BLK,30.14,0,16.24,30.14,WEST,WEST,TOGGLE BREAKER SP 5A BLK
BSS-7206,TOGGLE BREAKER SP 10A WHT,30.14,0,16.24,30.14,WEST,WEST,TOGGLE BREAKER SP 10A WHT
BSS-7210,TOGGLE BREAKER SP 15A WHT,38.49,1,22.50,0.00,WEST,WEST,TOGGLE BREAKER SP 15A WHT
BSS-7214,TOGGLE BREAKER SP 20A WHT,30.14,-1,22.92,30.14,WEST,WEST,TOGGLE BREAKER SP 20A WHT
BSS-7237,TOGGLE BREAKER DP 30A BLK,69.54,0,37.48,69.54,WEST,WEST,TOGGLE BREAKER DP 30A BLK
BSS-7242,TOGGLE BREAKER DP 50A WHT,86.99,1,51.94,0.00,WEST,WEST,TOGGLE BREAKER DP 50A WHT
BSS-7246,TOGGLE BREAKER SP 60A WHT,75.10,0,40.47,75.10,WEST,WEST,TOGGLE BREAKER SP 60A WHT
BSS-7365,TOGGLE BREAKER DP 30A WHT,180.69,1,97.38,180.69,WEST,WEST,TOGGLE BREAKER DP 30A WHT
BSS-7404,ROCKER BREAKER SP 20A BLK,38.01,0,20.48,38.01,WEST,WEST,ROCKER BREAKER SP 20A BLK
BSS-7414,CIRCUIT BREAKER FLAT ROCKR 30A,93.49,2,55.68,0.00,WEST,WEST,CIRCUIT BREAKER FLAT ROCKR 30A
BSS-7417,CIRCUIT BREAKER FLATROCKER 50A,87.04,1,46.91,87.04,WEST,WEST,CIRCUIT BREAKER FLATROCKER 50A
BSS-7508,25-AMP 12V DIGITAL DIMMER W/SW,159.99,2,91.69,0.00,WEST,WEST,25-AMP 12V DIGITAL DIMMER W/SW
BSS-7532,CHARGER 12V 40A3BK,1272.45,0,908.89,1272.45,WEST,WEST,CHARGER 12V 40A3BK
BSS-7549,ROCKER BREAKER SP 100A BLK,64.03,1,47.80,64.03,WEST,WEST,ROCKER BREAKER SP 100A BLK
BSS-7611,SOLENOID BATTERYLINK 120A ACR,205.86,0,110.94,205.86,WEST,WEST,SOLENOID BATTERYLINK 120A ACR
BSS-7622,SOLENOID ML 500A 12V ACR W/MC,470.84,0,253.75,470.84,WEST,WEST,SOLENOID ML 500A 12V ACR W/MC
BSS-7700,12V ML-SER.SOLENOID W/MAN.CTRL,419.99,3,247.96,0.00,WEST,WEST,12V ML-SER.SOLENOID W/MAN.CTRL
BSS-7929,SWITCH SPST OFF-ON BLK W/RED,31.00,6,17.68,0.00,WEST,WEST,SWITCH SPST OFF-ON BLK W/RED
BSS-7931,CONTURA 2 SWTCH SPDT ON/OFF/ON,32.99,4,19.03,0.00,WEST,WEST,CONTURA 2 SWTCH SPDT ON/OFF/ON
BSS-7935,SWITCH CONTURA2 DPST OFF-(ON),32.49,1,19.15,0.00,WEST,WEST,SWITCH CONTURA2 DPST OFF-(ON)
BSS-7936,SWITCH CONT2 DPDT ON-OFF-ON BK,33.68,0,18.15,33.68,WEST,WEST,SWITCH CONT2 DPDT ON-OFF-ON BK
BSS-7937,SWTCH CONTURA2 DPDT(ON)-OFF-ON,38.99,1,23.52,0.00,WEST,WEST,SWTCH CONTURA2 DPDT(ON)-OFF-ON
BSS-8030,DC BASIC LABEL SET (30),17.47,1,9.41,17.47,WEST,WEST,DC BASIC LABEL SET (30)
BSS-8033,"LED IND.LIGHT AMBER 11/64""""12V """,5.58,2,3.39,5.58,WEST,WEST,"LED IND.LIGHT AMBER 11/64""""12V """
BSS-8059,AC PANEL 8POS C/W 5 BREAKERS,467.05,0,264.64,467.05,WEST,WEST,AC PANEL 8POS C/W 5 BREAKERS
BSS-8086,20/AC-20/DC CIRCUIT PANEL,3328.64,0,1793.88,3328.64,WEST,WEST,20/AC-20/DC CIRCUIT PANEL
BSS-8166,"LED IND.LIGHT RED 11/64""""230V  """,6.71,4,3.62,6.71,WEST,WEST,"LED IND.LIGHT RED 11/64""""230V  """
BSS-8171,"LED IND.LIGHT RED 11/64""""12V   """,5.58,3,3.39,5.58,WEST,WEST,"LED IND.LIGHT RED 11/64""""12V   """
BSS-8172,"LED IND.LIGHT GREEN 11/64""""12V """,5.58,7,3.39,5.58,WEST,WEST,"LED IND.LIGHT GREEN 11/64""""12V """
BSS-8214,DC WATERPROOF LABEL KIT,17.65,0,9.51,17.65,WEST,WEST,DC WATERPROOF LABEL KIT
BSS-8256,DIGITAL AC AMMETER COIL,48.45,0,26.11,48.45,WEST,WEST,DIGITAL AC AMMETER COIL
BSS-8260,CONTURA 6 POS MNTING PANEL BLA,22.81,0,12.29,22.81,WEST,WEST,CONTURA 6 POS MNTING PANEL BLA
BSS-8263,W/P DC BILGE SWITCH PANEL BLK,99.99,1,60.32,0.00,WEST,WEST,W/P DC BILGE SWITCH PANEL BLK
BSS-8266,CONTURA SWITCH C.MOUNT PANEL,5.54,4,3.14,5.54,WEST,WEST,CONTURA SWITCH C.MOUNT PANEL
BSS-8267,V-SERIES END BRACKET BLACK,5.54,4,3.14,5.54,WEST,WEST,V-SERIES END BRACKET BLACK
BSS-8268,CONTURA SINGLE MNTING BRKT,6.00,0,3.23,6.00,WEST,WEST,CONTURA SINGLE MNTING BRKT
BSS-8278,CONTURA SWITCH PLUG BLK,6.00,0,3.23,6.00,WEST,WEST,CONTURA SWITCH PLUG BLK
BSS-8282,SWITCH SPST OFF-ON BLK,28.99,1,16.25,0.00,WEST,WEST,SWITCH SPST OFF-ON BLK
BSS-8285,SWITCH SPDT ON-OFF-ON BLK,32.99,1,18.76,0.00,WEST,WEST,SWITCH SPDT ON-OFF-ON BLK
BSS-8286,SWITCH DPDT ON-OFF-ON BLK,33.68,1,18.15,33.68,WEST,WEST,SWITCH DPDT ON-OFF-ON BLK
BSS-8289,SWITCH DPDT (ON)-OFF-ON BLK,41.99,1,24.29,0.00,WEST,WEST,SWITCH DPDT (ON)-OFF-ON BLK
BSS-8292,SWITCH SPST OFF-(ON) BLK,25.49,1,14.66,0.00,WEST,WEST,SWITCH SPST OFF-(ON) BLK
BSS-8294,CONTURA ACTUATOR BLACK,3.86,1,2.08,3.86,WEST,WEST,CONTURA ACTUATOR BLACK
BSS-8296,"CONTURA ACTUATOR,BLACK NO LENS""",9.49,2,5.62,0.00,WEST,WEST,"CONTURA ACTUATOR,BLACK NO LENS"""
BSS-9001E,BAT SWITCH 4POS 350A,86.99,1,50.34,0.00,WEST,WEST,BAT SWITCH 4POS 350A
BSS-9003E,BAT SWITCH 2POS 350A,83.99,1,47.07,0.00,WEST,WEST,BAT SWITCH 2POS 350A
BSS-9012,"SOLENOID SWITCH, L-SERIES",430.09,0,231.79,430.09,WEST,WEST,"SOLENOID SWITCH, L-SERIES"
BSS-9160,LINK BUS-ML,29.76,0,16.04,29.76,WEST,WEST,LINK BUS-ML
BSS-9217,JUMPER TERMINAL 2500-SER(5/PK),7.40,1,4.14,7.40,WEST,WEST,JUMPER TERMINAL 2500-SER(5/PK)
BSS-9218,JUMPER TERMINAL 2400-SER(5/PK),7.40,2,4.14,7.40,WEST,WEST,JUMPER TERMINAL 2400-SER(5/PK)
BUC-70TBC1000SS,"S/S T-BOLT CLAMP(9.80-10.08"""") """,21.14,0,11.39,21.14,WEST,WEST,"S/S T-BOLT CLAMP(9.80-10.08"""") """
BUC-70TBC1088SS,"S/S T-BOLT CLAMP(10.43-11.00"""")""",21.68,6,11.68,21.68,WEST,WEST,"S/S T-BOLT CLAMP(10.43-11.00"""")"""
BUC-70TBC700SS,"S/S T-BOLT CLAMP(6.80-7.08"""")  """,17.92,3,12.32,17.92,WEST,WEST,"S/S T-BOLT CLAMP(6.80-7.08"""")  """
BUC-70TBC750SS,"S/S T-BOLT CLAMP(7.30-7.58"""")  """,18.10,5,12.44,18.10,WEST,WEST,"S/S T-BOLT CLAMP(7.30-7.58"""")  """
BUC-BBV-100LP,BALL VLV 1 BRZ,103.99,4,56.04,103.99,WEST,WEST,BALL VLV 1 BRZ
BUC-BBV-125LP,BALL VLV 1-1/4 BRZ,172.66,1,75.18,172.66,WEST,WEST,BALL VLV 1-1/4 BRZ
BUC-BBV-25FSS,BALL VLV 1/4 SS,47.18,2,25.42,47.18,WEST,WEST,BALL VLV 1/4 SS
BUC-BBV-75LP,BALL VLV 3/4 BRZ,79.64,5,44.50,79.64,WEST,WEST,BALL VLV 3/4 BRZ
BUC-HN-100,PIPE/HOSE ADAPT 1 BRZ,20.93,4,12.76,20.93,WEST,WEST,PIPE/HOSE ADAPT 1 BRZ
BUC-HN-200,PIPE/HOSE ADAPT 2 BRZ,68.99,2,37.18,68.99,WEST,WEST,PIPE/HOSE ADAPT 2 BRZ
BUC-HN-200-E,PIPE-HOS ADAPTR 2 90*,268.82,2,144.87,268.82,WEST,WEST,PIPE-HOS ADAPTR 2 90*
BUC-HN-250,PIPE/HOSE ADAPT 2-1/2 BRZ,162.32,2,87.48,162.32,WEST,WEST,PIPE/HOSE ADAPT 2-1/2 BRZ
BUC-HN-250-E,PIPE/HOSE ADAPT 2-1/2 90*BRZ,377.10,2,203.23,377.10,WEST,WEST,PIPE/HOSE ADAPT 2-1/2 90*BRZ
BUC-HN-75,PIPE/HOSE ADAPT 3/4 BRZ,17.00,4,7.30,17.00,WEST,WEST,PIPE/HOSE ADAPT 3/4 BRZ
BUC-HN-75-E,PIPE-HOSE ADAP 3/4 90*BRZ,57.70,4,31.09,57.70,WEST,WEST,PIPE-HOSE ADAP 3/4 90*BRZ
BUC-HN-75100,PIPE/HOS ADAPTR 3/4X1,46.23,6,24.91,49.23,WEST,WEST,PIPE/HOS ADAPTR 3/4X1
BUC-PSK200,"2"""" PROP SHAFT KIT             """,124.82,2,48.18,124.82,WEST,WEST,"2"""" PROP SHAFT KIT             """
BUC-SS-1100,SCOOP STRNR 11X7-1/2 SS,397.06,0,225.00,397.06,WEST,WEST,SCOOP STRNR 11X7-1/2 SS
BUC-TH-100,T-HULL 1 BRZ,65.23,1,35.15,65.23,WEST,WEST,T-HULL 1 BRZ
BUC-TH-100-XL,T-HULL 1 LONG BRZ,200.78,0,108.21,200.78,WEST,WEST,T-HULL 1 LONG BRZ
BUC-TH-125,T-HULL 1-1/4 BRZ,94.51,0,50.93,94.51,WEST,WEST,T-HULL 1-1/4 BRZ
BUC-TH-125-XL,T-HULL 1-1/4 LONG BRZ,546.99,1,294.79,546.99,WEST,WEST,T-HULL 1-1/4 LONG BRZ
BUC-TH-75-XL,T-HULL 3/4 X-LONG BRZ,109.07,2,58.78,109.07,WEST,WEST,T-HULL 3/4 X-LONG BRZ
BUC-THH150,T-HULL W/HOSBRB 1-1/2,182.90,0,98.57,182.90,WEST,WEST,T-HULL W/HOSBRB 1-1/2
BUC-VL-75,VENTD LOOP 3/4 BRZ,107.48,0,57.92,107.48,WEST,WEST,VENTD LOOP 3/4 BRZ
BXTS010,Trial Pak,0.99,0,0.00,0.00,WEST,WEST,Trial Pak
CAF-9303,MINI HEAT/DEFRST 12V8.3ACIGPLG,63.96,0,34.47,63.96,WEST,WEST,MINI HEAT/DEFRST 12V8.3ACIGPLG
CAF-9406,STOR-DRY 120V70W256BTU AIRDRYR,191.99,1,115.80,0.00,WEST,WEST,STOR-DRY 120V70W256BTU AIRDRYR
CAM-40274,TOILET TISSUE 2-PLY 4/PKG,10.55,10,7.10,10.55,WEST,WEST,TOILET TISSUE 2-PLY 4/PKG
CAM-40276,TOILET TISSUE 1-PLY 4/PKG,6.10,3,3.28,6.10,WEST,WEST,TOILET TISSUE 1-PLY 4/PKG
CAR-60000,ADJ.2-IN-1 BOAT CVR SUPRT.POLE,46.88,0,26.67,46.88,WEST,WEST,ADJ.2-IN-1 BOAT CVR SUPRT.POLE
CCI-SAL-5/16N,33-FT. SEA ANCHOR LINE W/HTSHR,49.43,0,29.60,49.43,WEST,WEST,33-FT. SEA ANCHOR LINE W/HTSHR
CDI-123-9898-P,OMC SHIFT ASSIST MODULE,260.30,0,163.37,260.30,WEST,WEST,OMC SHIFT ASSIST MODULE
CEN-1020200,"2.0"""" GEN-SEPARATOR            """,1055.44,0,568.80,1055.44,WEST,WEST,"2.0"""" GEN-SEPARATOR            """
CEN-1020250,"2.5"""" GEN-SEPARATOR            """,1195.20,0,644.12,1195.20,WEST,WEST,"2.5"""" GEN-SEPARATOR            """
CEN-1100502,"FIBERGLASS EXHAUST TUBING 3""""  """,62.83,0,35.60,62.83,WEST,WEST,"FIBERGLASS EXHAUST TUBING 3""""  """
CEN-1100507,FIBERGLASS EXHAUST TUBING 6,121.59,0,65.53,121.59,WEST,WEST,FIBERGLASS EXHAUST TUBING 6
CEN-1200109,"45*FIBERGLASS ELBOW 3""""        """,146.93,2,79.18,146.93,WEST,WEST,"45*FIBERGLASS ELBOW 3""""        """
CEN-1200111,"45*FIBERGLASS ELBOW 3.5""""      """,168.37,0,90.74,168.37,WEST,WEST,"45*FIBERGLASS ELBOW 3.5""""      """
CEN-1200112,"45*FIBERGLASS ELBOW 4""""        """,185.82,0,100.14,185.82,WEST,WEST,"45*FIBERGLASS ELBOW 4""""        """
CEN-1200197,90*FIBERGLASS ELBOW 8,1037.94,0,559.37,1037.94,WEST,WEST,90*FIBERGLASS ELBOW 8
CEN-1200202,"90*FIBERGLASS ELBOW 1.5""""      """,132.63,0,71.48,132.63,WEST,WEST,"90*FIBERGLASS ELBOW 1.5""""      """
CEN-1200214,"45*FIBERGLASS ELBOW 1.63""""     """,108.82,1,58.64,108.82,WEST,WEST,"45*FIBERGLASS ELBOW 1.63""""     """
CEN-1200222,"3.5""""X 4""""OD.FIBERGLAS COUPLING """,180.26,1,97.15,180.26,WEST,WEST,"3.5""""X 4""""OD.FIBERGLAS COUPLING """
CEN-1200349,ELBOW 1.75 45*,111.19,3,59.92,111.19,WEST,WEST,ELBOW 1.75 45*
CEN-1200410,"1.5""""X 2""""OD.FIBERGLAS COUPLING """,88.96,0,47.94,88.96,WEST,WEST,"1.5""""X 2""""OD.FIBERGLAS COUPLING """
CEN-1200420,REDUCER ELBOW 4>3.5 45*,177.10,0,95.44,177.10,WEST,WEST,REDUCER ELBOW 4>3.5 45*
CEN-1200586,"6"""" CRUSH SLEEVE               """,226.35,0,162.40,226.35,WEST,WEST,"6"""" CRUSH SLEEVE               """
CEN-1200588,"10"""" CRUSH SLEEVE              """,352.62,2,190.03,352.62,WEST,WEST,"10"""" CRUSH SLEEVE              """
CEN-1500027,"VERNALIFT 2.0"""" SIDE -> TOP    """,628.17,0,338.53,628.17,WEST,WEST,"VERNALIFT 2.0"""" SIDE -> TOP    """
CEN-1500071,"VERNALIFT 1.5"""" SIDE -> TOP    """,560.67,0,302.16,560.67,WEST,WEST,"VERNALIFT 1.5"""" SIDE -> TOP    """
CET-IVA300-QT,CETOL MARINE FINISH,73.40,0,39.55,73.40,WEST,WEST,CETOL MARINE FINISH
CET-IVA315-QT,CETOL GLOSS FINISH,79.81,0,43.01,79.81,WEST,WEST,CETOL GLOSS FINISH
CET-IVA316-QT,CETOL NATURAL TEAK FINISH,73.40,0,39.55,73.40,WEST,WEST,CETOL NATURAL TEAK FINISH
CHN-CMG41/4,"CMP GAL.G43 ISO CHAIN 1/4""""    """,5.38,0,2.90,5.38,WEST,WEST,"CMP GAL.G43 ISO CHAIN 1/4""""    """
CHN-CMG45/16X275,CMP GAL.G43 ISO CHAIN,1885.38,0,1016.07,1885.38,WEST,WEST,CMP GAL.G43 ISO CHAIN
CHN-TITAN10MMSS,"10MM(3/8"""")G50 316SS CHAIN     """,54.31,0,32.52,54.31,WEST,WEST,"10MM(3/8"""")G50 316SS CHAIN     """
CMP-4865,OSBORNE MARINE RESIDUE REMOVER,24.71,0,18.17,24.71,WEST,WEST,OSBORNE MARINE RESIDUE REMOVER
CMP-CDL1220NY,"1/2""""X20' NVY DB DOCKLINE      """,71.17,1,31.55,71.17,WEST,WEST,"1/2""""X20' NVY DB DOCKLINE      """
CMP-CDL3810BK,"3/8""""X10' BLK DB DOCKLINE      """,35.16,3,16.81,35.16,WEST,WEST,"3/8""""X10' BLK DB DOCKLINE      """
CMP-CDL3820BK,"3/8""""X20' BLK DB DOCKLINE      """,48.44,2,22.10,48.44,WEST,WEST,"3/8""""X20' BLK DB DOCKLINE      """
CMP-CDL3825BK,"3/8""""X25' BLK DB DOCKLINE      """,53.00,1,24.19,53.00,WEST,WEST,"3/8""""X25' BLK DB DOCKLINE      """
CMP-CDL5820BK,"5/8""""X20' BLK DB DOCKLINE      """,100.08,1,45.66,100.08,WEST,WEST,"5/8""""X20' BLK DB DOCKLINE      """
CMP-CDL5830BK,"5/8""""X30' BLK DB DOCKLINE      """,120.38,0,54.91,120.38,WEST,WEST,"5/8""""X30' BLK DB DOCKLINE      """
CMP-FH0316,HUMOUT DIESEL FUEL BIOCIDE16OZ,43.40,4,26.56,43.40,WEST,WEST,HUMOUT DIESEL FUEL BIOCIDE16OZ
CMP-T90004,BOESHIELD PROTECTOR 4-OZ SPRAY,16.45,0,8.86,16.45,WEST,WEST,BOESHIELD PROTECTOR 4-OZ SPRAY
CMP-T90012,BOESHIELD METAL PROTECTR 12-OZ,35.94,0,19.37,35.94,WEST,WEST,BOESHIELD METAL PROTECTR 12-OZ
CMT-290DPKITA,AL VOLVO 290HP DUAL PROP KIT,41.53,2,23.50,41.53,WEST,WEST,AL VOLVO 290HP DUAL PROP KIT
CMT-3588745Z,ZN VOLVO SXA/DPS TRANSOMBAR,37.83,2,20.38,37.83,WEST,WEST,ZN VOLVO SXA/DPS TRANSOMBAR
CMT-367Z,ZN OMC WAFFLE BAR,23.60,2,12.72,23.60,WEST,WEST,ZN OMC WAFFLE BAR
CMT-3841427Z,ZN VOLVO SXZ/DPS TR/SHIELD,24.40,4,13.15,24.40,WEST,WEST,ZN VOLVO SXZ/DPS TR/SHIELD
CMT-3852970Z,"ZN VOLVO PENTA ANODE 4""""X1.1""""  """,13.46,1,7.25,13.46,WEST,WEST,"ZN VOLVO PENTA ANODE 4""""X1.1""""  """
CMT-3854130A,AL VOLVO SX GIMBAL PLATE,35.50,7,20.09,35.50,WEST,WEST,AL VOLVO SX GIMBAL PLATE
CMT-3854130Z,ZN VOLVO SX GIMBAL PLATE,44.47,7,25.17,44.47,WEST,WEST,ZN VOLVO SX GIMBAL PLATE
CMT-3855411A,AL VOLVO SX TRANSOM PLATE,32.63,1,18.46,32.63,WEST,WEST,AL VOLVO SX TRANSOM PLATE
CMT-3855411Z,ZN VOLVO SX TRANSOM PLATE,57.15,7,32.35,57.15,WEST,WEST,ZN VOLVO SX TRANSOM PLATE
CMT-3863206Z,ZN VOLVO DPS CAVITATION PLATE,30.16,0,16.25,30.16,WEST,WEST,ZN VOLVO DPS CAVITATION PLATE
CMT-3883728A,AL VOLVO SXA/DPS UPPER GEAR,23.83,3,13.48,23.83,WEST,WEST,AL VOLVO SXA/DPS UPPER GEAR
CMT-393023Z,ZN OMC BLOCK ANODE,16.13,4,8.69,16.13,WEST,WEST,ZN OMC BLOCK ANODE
CMT-41100276Z,VOLVO PENTA SMALL PLATE ZN,33.00,1,17.78,33.00,WEST,WEST,VOLVO PENTA SMALL PLATE ZN
CMT-431708Z,ZN OMC CURVED BLOCK ANODE,18.75,4,10.11,18.75,WEST,WEST,ZN OMC CURVED BLOCK ANODE
CMT-433580Z,ZN OMC LONG BAR TRIM/TILT,26.14,1,14.08,26.14,WEST,WEST,ZN OMC LONG BAR TRIM/TILT
CMT-43994Z,ZN MERCURY BLOCK ANODE,38.48,2,20.74,38.48,WEST,WEST,ZN MERCURY BLOCK ANODE
CMT-55989Z,ZN MERCURY BUTTON ANODE,7.15,3,3.62,7.15,WEST,WEST,ZN MERCURY BUTTON ANODE
CMT-589150Z,ZN LEWMAR 140TT ANODE D25/38,13.39,1,7.59,13.39,WEST,WEST,ZN LEWMAR 140TT ANODE D25/38
CMT-589350Z,ZN LEWMAR 185TT THRUSTER ANODE,14.53,0,8.22,14.53,WEST,WEST,ZN LEWMAR 185TT THRUSTER ANODE
CMT-61A4537100Z,ZN YAMAHA  225-250HP SKEG,58.10,1,31.31,58.10,WEST,WEST,ZN YAMAHA  225-250HP SKEG
CMT-6E54537101A,AL YAMAHA  SKEG ANODE,21.26,0,11.46,21.26,WEST,WEST,AL YAMAHA  SKEG ANODE
CMT-6G54525101A,AL YAMAHA  HANDLEBAR,21.94,0,12.42,21.94,WEST,WEST,AL YAMAHA  HANDLEBAR
CMT-6G54525101Z,ZN YAMAHA  HANDLEBAR,82.98,3,44.72,82.98,WEST,WEST,ZN YAMAHA  HANDLEBAR
CMT-762144Z,ZN MERCURY TRIM TAB FLATE,16.45,6,9.31,16.45,WEST,WEST,ZN MERCURY TRIM TAB FLATE
CMT-762145Z,ZN MERCURY (OLD 76214),17.70,3,10.02,17.70,WEST,WEST,ZN MERCURY (OLD 76214)
CMT-806105A,AL MERCURY ALPHA 1,13.53,18,7.29,13.53,WEST,WEST,AL MERCURY ALPHA 1
CMT-806105Z,ZN MERCURY ALPHA 1,16.18,13,8.72,16.18,WEST,WEST,ZN MERCURY ALPHA 1
CMT-806188A,AL MERCURY BRAVO 2,25.33,0,13.65,25.33,WEST,WEST,AL MERCURY BRAVO 2
CMT-806188Z,ZN MERCURY BRAVO 2,34.18,10,18.42,34.18,WEST,WEST,ZN MERCURY BRAVO 2
CMT-806189A,AL MERCURY GEN 2 HORSESHOE,6.45,2,3.47,6.45,WEST,WEST,AL MERCURY GEN 2 HORSESHOE
CMT-806190A,AL MERCURY GEN 2 HORSESHOE,15.88,4,8.56,15.88,WEST,WEST,AL MERCURY GEN 2 HORSESHOE
CMT-806190Z,ZN MERCURY GEN 2 HORSESHOE,38.58,4,20.79,38.58,WEST,WEST,ZN MERCURY GEN 2 HORSESHOE
CMT-821631Z,ZN MERCURY ANODE KIT,41.63,5,22.44,41.63,WEST,WEST,ZN MERCURY ANODE KIT
CMT-832598Z,ZN VOLVO DOGBONE ANODE,35.47,3,19.12,35.47,WEST,WEST,ZN VOLVO DOGBONE ANODE
CMT-838929Z,ZN VOLVO M8-D16X30-M7/16W,10.80,3,5.82,10.80,WEST,WEST,ZN VOLVO M8-D16X30-M7/16W
CMT-852835Z,ZN VOLVO 290 OUTDRIVE BAR,41.20,2,20.56,41.20,WEST,WEST,ZN VOLVO 290 OUTDRIVE BAR
CMT-865182CA,AL MERC. PROPNUT  BRAVO3 04+,24.85,0,13.39,24.85,WEST,WEST,AL MERC. PROPNUT  BRAVO3 04+
CMT-865182CZ,ZN MERC. PROPNUT  BRAVO3 04+,12.16,10,6.07,12.16,WEST,WEST,ZN MERC. PROPNUT  BRAVO3 04+
CMT-872793Z,"ZN VOLVO 290, 290DP, SX & DPX """,17.90,0,9.65,17.90,WEST,WEST,"ZN VOLVO 290, 290DP, SX & DPX """
CMT-873395A,AL VOLVO SXA & DPX,13.24,4,7.50,13.24,WEST,WEST,AL VOLVO SXA & DPX
CMT-875821Z,ZN VOLVO DUO-PROP RING,37.81,2,21.39,37.81,WEST,WEST,ZN VOLVO DUO-PROP RING
CMT-880653Z,ZN MERC. VERADO 6 MANIFOLD,28.56,4,15.39,28.56,WEST,WEST,ZN MERC. VERADO 6 MANIFOLD
CMT-892227Z,ZN MERC. VERADO 6 TRIM CYLINDR,15.18,12,8.18,15.18,WEST,WEST,ZN MERC. VERADO 6 TRIM CYLINDR
CMT-89949,MARTYR ZN MERCURY BRACKET ANODE,64.99,2,34.96,0.00,WEST,WEST,MARTYR ZN MERCURY BRACKET ANODE
CMT-8M0116590KITA,AL VERADO PRO SERIES ANODE KIT,106.71,4,60.38,106.71,WEST,WEST,AL VERADO PRO SERIES ANODE KIT
CMT-984547Z,ZN OMC BLOCK ANODE,70.98,5,38.25,70.98,WEST,WEST,ZN OMC BLOCK ANODE
CMT-AN235,ZINC ONLY REPLACEMENT,45.12,0,24.32,45.12,WEST,WEST,ZINC ONLY REPLACEMENT
CMT-AN235A,AL 35MM BENETEAU PROP NUT REPL,24.75,0,13.34,24.75,WEST,WEST,AL 35MM BENETEAU PROP NUT REPL
CMT-BNT1AKITA,AL BENNETT TRIM TAB ANODE,36.92,3,20.90,36.92,WEST,WEST,AL BENNETT TRIM TAB ANODE
CMT-BNT1AKITZ,"ZN BENN.TRIM TAB KIT (2) 3.78""""""",57.75,1,32.68,57.75,WEST,WEST,"ZN BENN.TRIM TAB KIT (2) 3.78"""""""
CMT-BRAVO3KITZ,ZN MERC 04+ BRAVO 3 KIT,92.43,3,52.31,92.43,WEST,WEST,ZN MERC 04+ BRAVO 3 KIT
CMT-C02,"ZN DONUT 7/8"""" ID X 1""""X2-1/8""""  """,17.82,5,10.09,17.82,WEST,WEST,"ZN DONUT 7/8"""" ID X 1""""X2-1/8""""  """
CMT-C06,"ZN DONUT 1-3/8"""" ID X 1-1/4""""X3""""""",31.10,5,16.76,31.10,WEST,WEST,"ZN DONUT 1-3/8"""" ID X 1-1/4""""X3"""""""
CMT-C07,"ZN DONUT 1-1/2"""" ID X 1-1/4""""X3""""""",30.66,5,17.34,30.66,WEST,WEST,"ZN DONUT 1-1/2"""" ID X 1-1/4""""X3"""""""
CMT-C07AL,"AL DONUT 1-1/2"""" ID X 1-1/4""""X3""""""",27.37,3,15.49,27.37,WEST,WEST,"AL DONUT 1-1/2"""" ID X 1-1/4""""X3"""""""
CMT-C13,"ZN DONUT 3"""" ID X 1-1/2""""X5""""    """,76.59,2,41.27,76.59,WEST,WEST,"ZN DONUT 3"""" ID X 1-1/2""""X5""""    """
CMT-C30,ZN DONUT 30MM,28.56,1,15.39,28.56,WEST,WEST,ZN DONUT 30MM
CMT-DIVERA,"AL DIVERS'DREAM 1/2""""X12""""X6""""   """,60.34,4,34.14,60.34,WEST,WEST,"AL DIVERS'DREAM 1/2""""X12""""X6""""   """
CMT-DIVERHA,"AL HD-DIVERS'DREAM 1""""X12""""X6""""  """,106.76,0,60.41,106.76,WEST,WEST,"AL HD-DIVERS'DREAM 1""""X12""""X6""""  """
CMT-DIVERHZ,"ZN HD-DIVERS'DREAM 1""""X12""""X6""""  """,195.62,2,110.69,195.62,WEST,WEST,"ZN HD-DIVERS'DREAM 1""""X12""""X6""""  """
CMT-DIVERMINI,"ZN DIVERS'DREAM 1/2""""X4""""X6""""    """,39.53,2,21.30,39.53,WEST,WEST,"ZN DIVERS'DREAM 1/2""""X4""""X6""""    """
CMT-DIVERMINIA,"AL DIVERS'DREAM 1/2""""X4""""X6""""    """,31.38,3,16.91,31.38,WEST,WEST,"AL DIVERS'DREAM 1/2""""X4""""X6""""    """
CMT-DIVERMINIHZ,DIVER MINI HD ZINC,69.24,0,37.31,69.24,WEST,WEST,DIVER MINI HD ZINC
CMT-DIVERZ,"ZN DIVERS'DREAM 1/2""""X12""""X6""""   """,94.36,2,53.40,94.36,WEST,WEST,"ZN DIVERS'DREAM 1/2""""X12""""X6""""   """
CMT-DPHKITA,AL VOLVO KIT DPH/DPR DRIVES,63.08,2,46.12,63.08,WEST,WEST,AL VOLVO KIT DPH/DPR DRIVES
CMT-DPHKITZ,ZN VOLVO KIT DPH/DPR DRIVES,64.86,2,34.96,64.86,WEST,WEST,ZN VOLVO KIT DPH/DPR DRIVES
CMT-E0,"ZN PENCIL 1/4NPT 3/8 X 1-3/4"""" """,9.02,0,5.10,9.02,WEST,WEST,"ZN PENCIL 1/4NPT 3/8 X 1-3/4"""" """
CMT-E00,"ZN PENCIL 1/8 NPT X 1/4 X 2""""  """,8.70,9,4.12,8.70,WEST,WEST,"ZN PENCIL 1/8 NPT X 1/4 X 2""""  """
CMT-E1,"ZN PENCIL 3/8 NPT X 1/2 X 2""""  """,10.72,10,5.33,10.72,WEST,WEST,"ZN PENCIL 3/8 NPT X 1/2 X 2""""  """
CMT-E1G,"ZN PENCIL 3/8 NPT X 1/2 X 1""""  """,10.55,1,5.69,10.55,WEST,WEST,"ZN PENCIL 3/8 NPT X 1/2 X 1""""  """
CMT-E1H,"ZN PENCIL 3/8 NPT X 1/2 X 2""""  """,9.90,0,5.34,9.90,WEST,WEST,"ZN PENCIL 3/8 NPT X 1/2 X 2""""  """
CMT-E2,"ZN PENCIL 1/2 NPT X 5/8 X 2""""  """,15.08,0,7.15,15.08,WEST,WEST,"ZN PENCIL 1/2 NPT X 5/8 X 2""""  """
CMT-E4,"ZN PENCIL 3/4NPT X3/4 X 3-3/8""""""",26.77,6,14.43,26.77,WEST,WEST,"ZN PENCIL 3/4NPT X3/4 X 3-3/8"""""""
CMT-EZ0,"ZN ANODE ONLY FOR E0 5/16"""" UNC""",4.12,11,1.96,4.12,WEST,WEST,"ZN ANODE ONLY FOR E0 5/16"""" UNC"""
CMT-EZ00,"ZN ANODE ONLY FOR E00 1/4"""" UNC""",5.19,47,2.46,5.19,WEST,WEST,"ZN ANODE ONLY FOR E00 1/4"""" UNC"""
CMT-EZ1,"ZN ANODE ONLY FOR E1 3/8"""" UNC """,5.23,9,2.61,5.23,WEST,WEST,"ZN ANODE ONLY FOR E1 3/8"""" UNC """
CMT-EZ1E,ZN ANODE ONLY FOR 1E 3/8 UNC,5.13,0,2.76,5.13,WEST,WEST,ZN ANODE ONLY FOR 1E 3/8 UNC
CMT-EZ1H,ZN ANODE ONLY FOR E1H 3/8 UNC,4.54,8,2.45,4.54,WEST,WEST,ZN ANODE ONLY FOR E1H 3/8 UNC
CMT-EZ2,ZN ANODE ONLY FOR E2 7/16 UNC,6.73,10,3.63,6.73,WEST,WEST,ZN ANODE ONLY FOR E2 7/16 UNC
CMT-EZ3,"ZN ANODE ONLY FOR E3 1/2"""" UNC """,8.33,7,4.49,8.33,WEST,WEST,"ZN ANODE ONLY FOR E3 1/2"""" UNC """
CMT-EZ4,"ZN ANODE ONLY FOR E4 1/2"""" UNC """,11.41,7,6.15,11.41,WEST,WEST,"ZN ANODE ONLY FOR E4 1/2"""" UNC """
CMT-F140Z,ZN EURO STYLE RUDDER 140MM,64.83,0,34.94,64.83,WEST,WEST,ZN EURO STYLE RUDDER 140MM
CMT-GROUPER,ZN HANGING ANODE 11' CABLE,142.13,0,80.43,142.13,WEST,WEST,ZN HANGING ANODE 11' CABLE
CMT-H2B2375GZ,"ZN 2"""" STYLE B ROUND 1/2"""" HOLE """,16.87,0,9.09,16.87,WEST,WEST,"ZN 2"""" STYLE B ROUND 1/2"""" HOLE """
CMT-H2B25GZ,"ZN 2"""" STYLE B ROUND 3/8"""" HOLE """,16.87,1,9.09,16.87,WEST,WEST,"ZN 2"""" STYLE B ROUND 3/8"""" HOLE """
CMT-H2B3375GZ,"ZN 3"""" STYLE B ROUND 1/2"""" HOLE """,28.62,4,15.43,28.62,WEST,WEST,"ZN 3"""" STYLE B ROUND 1/2"""" HOLE """
CMT-H2B4375GA,"AL 4"""" STYLE B ROUND 1/2"""" HOLE """,32.33,1,17.42,32.33,WEST,WEST,"AL 4"""" STYLE B ROUND 1/2"""" HOLE """
CMT-H2B4375GZ,"ZN 4"""" STYLE B ROUND 1/2"""" HOLE """,39.60,0,22.41,39.60,WEST,WEST,"ZN 4"""" STYLE B ROUND 1/2"""" HOLE """
CMT-H2B5375GZ,"ZN 5"""" STYLE B ROUND 1/2"""" HOLE """,69.19,0,37.29,69.19,WEST,WEST,"ZN 5"""" STYLE B ROUND 1/2"""" HOLE """
CMT-JPROP60A,AL J-PROP 60,13.54,0,7.30,13.54,WEST,WEST,AL J-PROP 60
CMT-JPROP60M,MG J-PROP 60,23.48,0,12.65,23.48,WEST,WEST,MG J-PROP 60
CMT-JPROP60Z,ZN J-PROP 60,15.63,0,8.42,15.63,WEST,WEST,ZN J-PROP 60
CMT-JPROP80Z,ZN J-PROP DS80,19.61,0,10.57,19.61,WEST,WEST,ZN J-PROP DS80
CMT-JPROP90Z,ZN J-PROP 90,32.60,0,17.57,32.60,WEST,WEST,ZN J-PROP 90
CMT-M25,"ZN HULL ANODE 9-1/4"""" X 3-3/8"""" """,43.19,0,23.27,43.19,WEST,WEST,"ZN HULL ANODE 9-1/4"""" X 3-3/8"""" """
CMT-MP63RA,AL MAX PROP 63MM 3/4 TO 1-1/8,15.00,0,8.08,15.00,WEST,WEST,AL MAX PROP 63MM 3/4 TO 1-1/8
CMT-P05612Z,"ZN PLATE 1/2 X 6 X 12""""        """,100.77,0,54.31,100.77,WEST,WEST,"ZN PLATE 1/2 X 6 X 12""""        """
CMT-P075612Z,"ZN PLATE 3/4X 6 X 12""""         """,143.70,1,85.73,143.70,WEST,WEST,"ZN PLATE 3/4X 6 X 12""""         """
CMT-PNAZC13,ZN PROPNUT A 1/2NC13 COMPLET,43.74,1,24.74,43.74,WEST,WEST,ZN PROPNUT A 1/2NC13 COMPLET
CMT-PNCZC10,ZN PROPNUT C 3/4NC10 COMPLET,112.14,1,13.40,112.14,WEST,WEST,ZN PROPNUT C 3/4NC10 COMPLET
CMT-PNDAF14,AL PROPNUT D 7/8NF14 COMPETE,79.68,1,42.94,79.68,WEST,WEST,AL PROPNUT D 7/8NF14 COMPETE
CMT-PNHZC06,ZN PROPNUT H 1-1/2NC6 COMPLET,209.57,0,112.94,209.57,WEST,WEST,ZN PROPNUT H 1-1/2NC6 COMPLET
CMT-PNZA,ZN PROPNUT A REPLACEMENT,11.62,1,6.58,11.62,WEST,WEST,ZN PROPNUT A REPLACEMENT
CMT-PNZB,ZN PROPNUT B REPLACEMENT,16.58,2,9.38,16.58,WEST,WEST,ZN PROPNUT B REPLACEMENT
CMT-PNZC,ZN PROPNUT C REPLACEMENT,23.68,7,13.40,23.68,WEST,WEST,ZN PROPNUT C REPLACEMENT
CMT-PNZF,ZN PROPNUT F REPLACEMENT,34.74,2,18.72,34.74,WEST,WEST,ZN PROPNUT F REPLACEMENT
CMT-PNZH,ZN PROPNUT H REPLACEMENT,71.76,1,38.67,71.76,WEST,WEST,ZN PROPNUT H REPLACEMENT
CMT-R01,"ZN RUDDER ANODE 1-7/8""""        """,8.75,8,4.95,8.75,WEST,WEST,"ZN RUDDER ANODE 1-7/8""""        """
CMT-R02,"ZN RUDDER ANODE 2-13/16""""      """,17.18,22,8.55,17.18,WEST,WEST,"ZN RUDDER ANODE 2-13/16""""      """
CMT-R02AL,"AL RUDDER ANODE 2-13/16""""      """,11.21,6,6.34,11.21,WEST,WEST,"AL RUDDER ANODE 2-13/16""""      """
CMT-R03,"ZN RUDDER ANODE 3-3/4""""        """,25.89,4,14.64,25.89,WEST,WEST,"ZN RUDDER ANODE 3-3/4""""        """
CMT-R03AL,"AL RUDDER ANODE 3-3/4""""        """,15.35,6,8.68,15.35,WEST,WEST,"AL RUDDER ANODE 3-3/4""""        """
CMT-R04,"ZN RUDDER ANODE 5""""            """,44.57,6,25.23,44.57,WEST,WEST,"ZN RUDDER ANODE 5""""            """
CMT-R04AL,"AL RUDDER ANODE 5""""            """,31.05,3,17.57,31.05,WEST,WEST,"AL RUDDER ANODE 5""""            """
CMT-R05,"ZN RUDDER ANODE 5 1/8""""        """,68.84,6,38.95,68.84,WEST,WEST,"ZN RUDDER ANODE 5 1/8""""        """
CMT-RP4A,"AL BOLT-ON ROUND PLATE 4"""" X 1""""""",50.40,7,27.16,50.40,WEST,WEST,"AL BOLT-ON ROUND PLATE 4"""" X 1"""""""
CMT-RP4Z,"ZN BOLT-ON ROUND PLATE 4"""" X 1""""""",55.21,3,31.24,55.21,WEST,WEST,"ZN BOLT-ON ROUND PLATE 4"""" X 1"""""""
CMT-SGMSPRAY500Z,SEAGUARD ZINCSPRAY 650G/500ML,48.74,0,32.71,48.74,WEST,WEST,SEAGUARD ZINCSPRAY 650G/500ML
CMT-SGSL565A,AL SIDE POWER 71190A,11.82,4,6.37,11.82,WEST,WEST,AL SIDE POWER 71190A
CMT-SGSL565Z,ZN SIDE POWER 71190A,13.19,10,7.11,13.19,WEST,WEST,ZN SIDE POWER 71190A
CMT-SGSP31180A,SIDE POWER 31180 PROP AL ANODE,8.00,2,4.31,8.00,WEST,WEST,SIDE POWER 31180 PROP AL ANODE
CMT-SGSP626A,AL SIDE POWER PROP 201180,19.17,8,10.33,19.17,WEST,WEST,AL SIDE POWER PROP 201180
CMT-SGSP626Z,ZN SIDE POWER PROP 201180,22.09,11,11.91,22.09,WEST,WEST,ZN SIDE POWER PROP 201180
CMT-SXAKITA,AL VOLVO KIT SX-A & DPS DRIVES,55.03,0,30.51,55.03,WEST,WEST,AL VOLVO KIT SX-A & DPS DRIVES
CMT-SXKITA,AL VOLVO KIT SX DRIVE,78.34,2,38.97,78.34,WEST,WEST,AL VOLVO KIT SX DRIVE
CMT-T20,"ZN TEAR DROP 3-1/2"""" X 1-3/4""""  """,9.85,2,5.57,9.85,WEST,WEST,"ZN TEAR DROP 3-1/2"""" X 1-3/4""""  """
CMT-T20A,"AL TEAR DROP 3-1/2"""" X 1-3/4""""  """,5.69,16,3.21,0.00,WEST,WEST,"AL TEAR DROP 3-1/2"""" X 1-3/4""""  """
CMT-X01,"ZN STREAMLINE SHAFT 3/4""""      """,18.85,6,10.66,18.85,WEST,WEST,"ZN STREAMLINE SHAFT 3/4""""      """
CMT-X01AL,"AL STREAMLINE SHAFT 3/4""""      """,11.56,5,6.23,11.56,WEST,WEST,"AL STREAMLINE SHAFT 3/4""""      """
CMT-X02,"ZN STREAMLINE SHAFT 7/8""""      """,20.17,15,10.57,20.17,WEST,WEST,"ZN STREAMLINE SHAFT 7/8""""      """
CMT-X03,"ZN STREAMLINE SHAFT 1""""        """,18.30,10,10.36,18.30,WEST,WEST,"ZN STREAMLINE SHAFT 1""""        """
CMT-X03AL,"AL STREAMLINE SHAFT 1""""        """,11.77,7,6.66,11.77,WEST,WEST,"AL STREAMLINE SHAFT 1""""        """
CMT-X04,"ZN STREAMLINE SHAFT 1-1/8""""    """,21.43,7,10.66,21.43,WEST,WEST,"ZN STREAMLINE SHAFT 1-1/8""""    """
CMT-X04AL,"AL STREAMLINE SHAFT 1-1/8""""    """,13.06,6,7.04,13.06,WEST,WEST,"AL STREAMLINE SHAFT 1-1/8""""    """
CMT-X05,ZN STREAMLINE SHAFT 1-1/4,25.63,10,12.75,25.63,WEST,WEST,ZN STREAMLINE SHAFT 1-1/4
CMT-X06,"ZN STREAMLINE SHAFT 1-3/8""""    """,25.58,5,14.47,25.58,WEST,WEST,"ZN STREAMLINE SHAFT 1-3/8""""    """
CMT-X07,"ZN STREAMLINE SHAFT 1-1/2""""    """,26.00,3,14.71,26.00,WEST,WEST,"ZN STREAMLINE SHAFT 1-1/2""""    """
CMT-X08,"ZN STREAMLINE SHAFT 1-3/4""""    """,41.25,8,23.35,41.25,WEST,WEST,"ZN STREAMLINE SHAFT 1-3/4""""    """
CMT-X08AL,"AL STREAMLINE SHAFT 1-3/4""""    """,31.50,2,17.83,31.50,WEST,WEST,"AL STREAMLINE SHAFT 1-3/4""""    """
CMT-X09,"ZN STREAMLINE SHAFT 2""""        """,42.90,6,24.28,42.90,WEST,WEST,"ZN STREAMLINE SHAFT 2""""        """
CMT-X10,"ZN STREAMLINE SHAFT 2-1/4""""    """,91.07,4,51.52,91.07,WEST,WEST,"ZN STREAMLINE SHAFT 2-1/4""""    """
CMT-X11,"ZN STREAMLINE SHAFT 2-1/2""""    """,85.20,4,48.21,85.20,WEST,WEST,"ZN STREAMLINE SHAFT 2-1/2""""    """
CMT-X12,"ZN STREAMLINE SHAFT 2-3/4""""    """,120.26,8,68.05,120.26,WEST,WEST,"ZN STREAMLINE SHAFT 2-3/4""""    """
CMT-X13,"ZN STREAMLINE SHAFT 3""""        """,103.61,4,51.70,103.61,WEST,WEST,"ZN STREAMLINE SHAFT 3""""        """
CMT-X15,"ZN STREAMLINE SHAFT 3-1/2""""    """,143.27,2,81.07,143.27,WEST,WEST,"ZN STREAMLINE SHAFT 3-1/2""""    """
CMT-X17,"ZN SHAFT ANODE 4""""             """,150.93,3,81.34,150.93,WEST,WEST,"ZN SHAFT ANODE 4""""             """
CMT-X25,ZN STREAMLINE SHAFT 25MM,20.71,1,11.72,20.71,WEST,WEST,ZN STREAMLINE SHAFT 25MM
CMT-X30,ZN STREAMLINE SHAFT 30MM,24.80,3,14.03,24.80,WEST,WEST,ZN STREAMLINE SHAFT 30MM
CMT-X35,ZN STREAMLINE SHAFT 35MM,30.28,0,17.14,30.28,WEST,WEST,ZN STREAMLINE SHAFT 35MM
CMT-X40,ZN STREAMLINE SHAFT 40MM,47.81,4,25.77,47.81,WEST,WEST,ZN STREAMLINE SHAFT 40MM
CMT-X50,ZN STREAMLINE SHAFT 50MM,47.88,2,25.80,47.88,WEST,WEST,ZN STREAMLINE SHAFT 50MM
CMT-X60,ZN STREAMLINE SHAFT 60MM,54.73,3,60.28,54.73,WEST,WEST,ZN STREAMLINE SHAFT 60MM
CMT-Y150KITA,AL YAMAHA 150HP KIT,50.35,2,27.13,50.35,WEST,WEST,AL YAMAHA 150HP KIT
CMT-Z01BSZ,"ZN HULL ANODE 12""""X 6"""" X 1-1/4 """,222.91,0,120.13,222.91,WEST,WEST,"ZN HULL ANODE 12""""X 6"""" X 1-1/4 """
CMT-Z02SZ,ZN HULL 2ST/STRAP 12X6 X 1-1/4,239.03,0,128.82,239.03,WEST,WEST,ZN HULL 2ST/STRAP 12X6 X 1-1/4
CMT-Z03AA,AL HULL AL/STRAP 12X3 X 1-1/4,64.13,1,34.56,64.13,WEST,WEST,AL HULL AL/STRAP 12X3 X 1-1/4
CMT-Z03SZ,ZN HULL ST/STRAP 12X3 X 1-1/4,100.22,3,54.01,100.22,WEST,WEST,ZN HULL ST/STRAP 12X3 X 1-1/4
CMT-Z04AA,AL HULL AL/STRAP 6X3-1/2 X 1,36.71,2,19.78,36.71,WEST,WEST,AL HULL AL/STRAP 6X3-1/2 X 1
CMT-Z04AZ,ZN HULL AL/STRAP 6X3-1/2 X 1,55.11,2,29.70,55.11,WEST,WEST,ZN HULL AL/STRAP 6X3-1/2 X 1
CMT-Z04SZ,ZN HULL ST/STRAP 6X3-1/2 X 1,53.52,2,28.84,53.52,WEST,WEST,ZN HULL ST/STRAP 6X3-1/2 X 1
CMT-Z06AA,AL HULL AL/STRAP 5 X 2-1/4 X 1,28.72,1,14.41,28.72,WEST,WEST,AL HULL AL/STRAP 5 X 2-1/4 X 1
CMT-Z06AZ,ZN HULL AL/STRAP 5 X 2-1/4 X 1,36.81,1,19.84,36.81,WEST,WEST,ZN HULL AL/STRAP 5 X 2-1/4 X 1
CMT-Z06SA,AL HULL ST/STRAP 5 X 2-1/4 X 1,28.72,4,15.48,28.72,WEST,WEST,AL HULL ST/STRAP 5 X 2-1/4 X 1
CMT-Z06SZ,ZN HULL ST/STRAP 5 X 2-1/4 X 1,36.92,4,18.53,36.92,WEST,WEST,ZN HULL ST/STRAP 5 X 2-1/4 X 1
CMT-ZHC2AA,AL HULL ANODE ZHC-2,27.45,4,15.53,27.45,WEST,WEST,AL HULL ANODE ZHC-2
CMT-ZHC2AZ,"ZN HULL ANODE 4-5/8"""" X 2-1/2"""" """,56.93,2,32.21,56.93,WEST,WEST,"ZN HULL ANODE 4-5/8"""" X 2-1/2"""" """
CMT-ZHC3AZ,"ZN HULL ANODE 6-1/4"""" X 2-3/4"""" """,54.73,2,30.97,54.73,WEST,WEST,"ZN HULL ANODE 6-1/4"""" X 2-3/4"""" """
CMT-ZTSAZ,"ZN TEARDROP AL/STRAP 9"""" X 3""""  """,60.09,1,32.38,60.09,WEST,WEST,"ZN TEARDROP AL/STRAP 9"""" X 3""""  """
CMT-ZTSZ,"ZN TEARDROP ST/STRAP 9"""" X 3""""  """,57.10,0,30.77,57.10,WEST,WEST,"ZN TEARDROP ST/STRAP 9"""" X 3""""  """
COH-24063,SOLNOID CONTDTY12V58ASPST INSL,110.00,0,59.37,0.00,WEST,WEST,SOLNOID CONTDTY12V58ASPST INSL
COH-75601-14,WIPER SW 12V 4POS NO PARK DUAL,423.98,0,228.49,423.98,WEST,WEST,WIPER SW 12V 4POS NO PARK DUAL
COH-M-427,TERM BLCK 6GANG8/32STUD20ACIRC,26.20,4,15.25,26.20,WEST,WEST,TERM BLCK 6GANG8/32STUD20ACIRC
COM-1228-6,2-STAR SKY-LITE (6/PKG),183.63,2,65.00,183.63,WEST,WEST,2-STAR SKY-LITE (6/PKG)
COM-1520,"""""G""""PK HAND FLARE (6PK)        """,172.61,0,103.56,172.61,WEST,WEST,"""""G""""PK HAND FLARE (6PK)        """
COM-F-PACK,FLARE PK.4/1228-2/1628,183.87,0,110.32,183.87,WEST,WEST,FLARE PK.4/1228-2/1628
CORE-35,Core Deposit $35,35.00,0,35.00,35.00,WEST,WEST,Core Deposit $35
COVCG1036DP,COVER GUARD,2.35,0,1.33,916.53,WEST,WEST,COVER GUARD
CRS-297000048,A-205 HI PRESS SWITCH SMX UNIT,75.54,0,55.65,75.54,WEST,WEST,A-205 HI PRESS SWITCH SMX UNIT
CRS-298001896,RETRO Q-LGC>U-CTRL DX/CW BOARD,738.95,0,520.39,738.95,WEST,WEST,RETRO Q-LGC>U-CTRL DX/CW BOARD
DAL-15080,SEA-FIN TEAK OIL 1 PT,50.27,0,27.09,50.27,WEST,WEST,SEA-FIN TEAK OIL 1 PT
DEX-81103,REVERSE LOCKOUT SOLENOID KIT,145.66,0,80.33,145.66,WEST,WEST,REVERSE LOCKOUT SOLENOID KIT
DEX-81170,"LUG BOLTS 1/2""""  (5/SET)       """,18.85,4,14.04,18.85,WEST,WEST,"LUG BOLTS 1/2""""  (5/SET)       """
DIC-06-025,TWO TURN COIL-LOFOTEN H2O,131.28,0,86.20,131.28,WEST,WEST,TWO TURN COIL-LOFOTEN H2O
DIN-1459,AIR-DRYR 500,120.11,1,64.73,120.11,WEST,WEST,AIR-DRYR 500
DIN-3300,"""""MEGA-LIGHT""""UTILITY LIGHT     """,82.08,0,35.99,82.08,WEST,WEST,"""""MEGA-LIGHT""""UTILITY LIGHT     """
DIN-790,FSR STAIN REMOVER 16OZ,23.85,3,12.85,23.85,WEST,WEST,FSR STAIN REMOVER 16OZ
DIN-792,"FSR""""BIG JOB""""2-L.STAIN REMOVER """,58.82,0,31.70,58.82,WEST,WEST,"FSR""""BIG JOB""""2-L.STAIN REMOVER """
DL-GW-3/8X25,GOLD-BRAID DOCK LINE,46.53,2,18.70,46.53,WEST,WEST,GOLD-BRAID DOCK LINE
DOC-3400-F,DOCK MOORING WHIP 12',777.72,1,419.13,777.72,WEST,WEST,DOCK MOORING WHIP 12'
DOM-210,"GALV.OPEN BASE CLEAT-10""""(HEX) """,21.52,0,9.68,21.52,WEST,WEST,"GALV.OPEN BASE CLEAT-10""""(HEX) """
DP105TSH,"BRONZE HULL PLUG, T HANDLE",25.85,0,0.01,25.85,WEST,WEST,"BRONZE HULL PLUG, T HANDLE"
DR-7-EA,"SPARK PLUG, #7839",7.45,4,1.00,7.45,WEST,WEST,"SPARK PLUG, #7839"
DRI-DZA-160,DRI-Z-AIR REFILL JUG 4.54KG,37.11,0,20.00,37.11,WEST,WEST,DRI-Z-AIR REFILL JUG 4.54KG
DRI-DZA-60,DRI-Z-AIR REFILL 60 OZ,15.97,0,8.60,15.97,WEST,WEST,DRI-Z-AIR REFILL 60 OZ
DRI-DZA-REFILL,DRI Z AIR 13OZ.CRYSTAL,4.28,2,2.30,4.28,WEST,WEST,DRI Z AIR 13OZ.CRYSTAL
DRI-DZA-UNIT,DRI Z UNIT C/W CRYSTAL,21.56,3,11.62,21.56,WEST,WEST,DRI Z UNIT C/W CRYSTAL
ECO-5134,UNIQUE TEAK CLNR 2X 900ML KIT,48.03,0,25.88,48.03,WEST,WEST,UNIQUE TEAK CLNR 2X 900ML KIT
ELE-MR-1,REFERENCE ANODE,49.13,0,35.43,49.13,WEST,WEST,REFERENCE ANODE
ELE-RE-200,ELECTRODE REPLACEMENT,72.63,0,75.48,72.63,WEST,WEST,ELECTRODE REPLACEMENT
ELE-SB6,STANDARD SHAFT BRUSH,194.43,0,129.62,194.43,WEST,WEST,STANDARD SHAFT BRUSH
ELE-SB6B,SHAFT BRUSH STANDARD,183.74,0,122.49,183.74,WEST,WEST,SHAFT BRUSH STANDARD
EMP-46-03638,WATER PUMP KIT W/HOUSING,68.19,1,36.84,68.19,WEST,WEST,WATER PUMP KIT W/HOUSING
EMP-50-13294,STARTER,222.64,0,186.97,222.64,WEST,WEST,STARTER
EMZ-46400,SPORT SIGNAL HORN LGE 5.5-OZ.,23.36,0,12.59,23.36,WEST,WEST,SPORT SIGNAL HORN LGE 5.5-OZ.
EMZ-46500,SPORT SIGNAL HORN MINI 1-OZ.,10.89,2,5.87,10.89,WEST,WEST,SPORT SIGNAL HORN MINI 1-OZ.
EPC-R15S,"1""""X15'RATCHET STRAP-S/S HRDWRE""",59.17,2,31.89,59.17,WEST,WEST,"1""""X15'RATCHET STRAP-S/S HRDWRE"""
EPI-CV-1000ML,CLEAR VARNISH 1L,84.05,0,45.30,84.05,WEST,WEST,CLEAR VARNISH 1L
EPI-CV-250ML,CLEAR VARNISH 250ML,29.33,0,16.60,29.33,WEST,WEST,CLEAR VARNISH 250ML
EPI-CV-500ML,CLEAR VARNISH 500ML,45.39,4,25.69,45.39,WEST,WEST,CLEAR VARNISH 500ML
EPI-PUTB-1000ML,POLYURETHAN THNR BRUSH 1L,54.16,0,29.19,54.16,WEST,WEST,POLYURETHAN THNR BRUSH 1L
EPI-RCC-750,RAPIDCLR SEMIGLS VARNISH 750ML,77.64,1,43.93,77.64,WEST,WEST,RAPIDCLR SEMIGLS VARNISH 750ML
EPI-RCCMM-750,"""""RAPIDCLEAR"""" MATTE FINISH     """,70.41,0,43.93,70.41,WEST,WEST,"""""RAPIDCLEAR"""" MATTE FINISH     """
EPI-RE-500ML,RUUBED EFFECT VARNISH 500ML,50.94,4,27.45,50.94,WEST,WEST,RUUBED EFFECT VARNISH 500ML
EPI-TPVB-1000ML,THINNER BRUSH 1L,29.58,2,16.73,29.58,WEST,WEST,THINNER BRUSH 1L
EPI-TPVB-500ML,THINNER BRUSH 5L,22.85,0,12.93,22.85,WEST,WEST,THINNER BRUSH 5L
EPI-WFG-1000ML,WOOD FINISH GLOSS 1L,90.68,1,48.87,90.68,WEST,WEST,WOOD FINISH GLOSS 1L
EVM-1212WA1200N-P,"AL W/DW ASSY 1/2M/F 12""""RIGID  """,22.01,1,11.86,22.01,WEST,WEST,"AL W/DW ASSY 1/2M/F 12""""RIGID  """
EVM-3814WA2400N-P,AL W/DRAW ASSY,18.19,3,9.80,18.19,WEST,WEST,AL W/DRAW ASSY
EVM-HB-1414,AL HSE BARB 1/4NPTF X1/4HSE,3.21,0,1.73,3.21,WEST,WEST,AL HSE BARB 1/4NPTF X1/4HSE
EVM-PP-3800-SS,SS PIPE PLUG 3/8NPTF X11/16HSE,5.18,0,2.79,5.18,WEST,WEST,SS PIPE PLUG 3/8NPTF X11/16HSE
EVM-SE-3814,AL 90*STR ELBO 3/8NTPF X1/4HSE,4.78,0,2.57,4.78,WEST,WEST,AL 90*STR ELBO 3/8NTPF X1/4HSE
FAR-12801,FUEL LEVEL GAUGE          EURO,59.62,1,32.13,59.62,WEST,WEST,FUEL LEVEL GAUGE          EURO
FAR-12803,OIL PRESSURE 0-80PSI      EURO,59.62,0,32.13,59.62,WEST,WEST,OIL PRESSURE 0-80PSI      EURO
FAR-12812,WATER TEMP.GAUGE          EURO,57.88,2,31.19,57.88,WEST,WEST,WATER TEMP.GAUGE          EURO
FAR-12821,VOLTMETER 10-16VOLTS      EURO,59.62,2,36.37,59.62,WEST,WEST,VOLTMETER 10-16VOLTS      EURO
FAR-12825,ANALOG QUARTZ CLOCK     EURO,247.64,0,163.05,247.64,WEST,WEST,ANALOG QUARTZ CLOCK     EURO
FAR-12833,RUDDER ANGLE INDICATOR    EURO,100.68,1,54.26,100.68,WEST,WEST,RUDDER ANGLE INDICATOR    EURO
FAR-12901,FUEL LEVEL GAUGE   EURO/W,60.77,1,36.55,60.77,WEST,WEST,FUEL LEVEL GAUGE   EURO/W
FAR-13004,WATER TEMP.GAUGE     CORAL,66.45,0,41.13,66.45,WEST,WEST,WATER TEMP.GAUGE     CORAL
FAR-13701,FUEL LEVEL GAUGE    CHES/SS/BL,79.44,4,55.03,79.44,WEST,WEST,FUEL LEVEL GAUGE    CHES/SS/BL
FAR-13804,WATER TEMP.GAUGE     CHES/SS/W,80.23,1,43.24,80.23,WEST,WEST,WATER TEMP.GAUGE     CHES/SS/W
FAR-19003,"2""""WATER TEMP.GA 100-250 KRONOS""",86.36,1,46.54,86.36,WEST,WEST,"2""""WATER TEMP.GA 100-250 KRONOS"""
FAR-32804,TACHOMETER 0-6000RPM    EURO,181.86,2,98.01,181.86,WEST,WEST,TACHOMETER 0-6000RPM    EURO
FAR-33004,TACHOMETER 0-6000RPM   CORAL,191.88,0,118.67,191.88,WEST,WEST,TACHOMETER 0-6000RPM   CORAL
FAR-33807,TACHOMETER 6000RPM   CHES/SS/W,229.73,1,123.80,229.73,WEST,WEST,TACHOMETER 6000RPM   CHES/SS/W
FAR-90402,"1/4""""NPTF TEMPERATURE SENDER   """,39.23,4,21.14,39.23,WEST,WEST,"1/4""""NPTF TEMPERATURE SENDER   """
FAR-90403,"3/8""""NPTF WATER/OIL TEMP.SENDER""",37.39,2,20.15,37.39,WEST,WEST,"3/8""""NPTF WATER/OIL TEMP.SENDER"""
FAR-90406,1/8 DUAL WATER TEMP.SENDER,42.38,2,22.84,42.38,WEST,WEST,1/8 DUAL WATER TEMP.SENDER
FAR-90511,80PSI OIL PRES.SENDER DUAL ST,107.97,3,58.18,107.97,WEST,WEST,80PSI OIL PRES.SENDER DUAL ST
FAR-90512,80PSI SGL STD OIL PRESS SENDER,86.17,0,52.55,86.17,WEST,WEST,80PSI SGL STD OIL PRESS SENDER
FAS-BC-1/4X1,S/S CARRIAGE BOLT,0.34,100,0.12,0.00,WEST,WEST,S/S CARRIAGE BOLT
FAS-BC-1/4X1-1/2,S/S CARRIAGE BOLT,0.43,100,0.15,0.00,WEST,WEST,S/S CARRIAGE BOLT
FAS-BC-1/4X1-1/4,S/S CARRIAGE BOLT,0.35,100,0.12,0.00,WEST,WEST,S/S CARRIAGE BOLT
FAS-BC-1/4X2,S/S CARRIAGE BOLT,0.47,100,0.16,0.00,WEST,WEST,S/S CARRIAGE BOLT
FAS-BC-5/16X1-1/2,S/S CARRIAGE BOLT,0.73,50,0.25,0.00,WEST,WEST,S/S CARRIAGE BOLT
FAS-BC-5/16X2,S/S CARRIAGE BOLT,0.77,50,0.28,0.00,WEST,WEST,S/S CARRIAGE BOLT
FAS-BC-5/16X2-1/2,S/S CARRIAGE BOLT,0.97,25,0.34,0.00,WEST,WEST,S/S CARRIAGE BOLT
FAS-BC-5/16X3,S/S CARRIAGE BOLT,1.20,50,0.42,0.00,WEST,WEST,S/S CARRIAGE BOLT
FAS-BH316-1/4X1,316SS HEX HEAD CAP SCREW,0.43,100,0.15,0.00,WEST,WEST,316SS HEX HEAD CAP SCREW
FAS-BH316-1/4X2,316SS HEX HEAD CAP SCREW,0.80,100,0.28,0.00,WEST,WEST,316SS HEX HEAD CAP SCREW
FAS-BH316-1/4X3,316SS HEX HEAD CAP SCREW,1.14,25,0.40,0.00,WEST,WEST,316SS HEX HEAD CAP SCREW
FAS-BH316-1/4X3/4,316SS HEX HEAD CAP SCREW,0.41,100,0.14,0.00,WEST,WEST,316SS HEX HEAD CAP SCREW
FAS-BH316-3/8X1,316SS HEX HEAD CAP SCREW,0.97,100,0.34,0.00,WEST,WEST,316SS HEX HEAD CAP SCREW
FAS-BH316-3/8X4,316SS HEX HEAD CAP SCREW,4.12,25,1.49,0.00,WEST,WEST,316SS HEX HEAD CAP SCREW
FAS-BH316-3/8X4-1/2,316SS HEX HEAD CAP SCREW,3.23,20,1.13,0.00,WEST,WEST,316SS HEX HEAD CAP SCREW
FAS-BH316-5/16X1-1/,316SS HEX HEAD CAP SCREW,0.83,100,0.29,0.00,WEST,WEST,316SS HEX HEAD CAP SCREW
FAS-BH316-5/16X2,316SS HEX HEAD CAP SCREW,0.99,100,0.35,0.00,WEST,WEST,316SS HEX HEAD CAP SCREW
FAS-BH316-5/16X2-1/,316SS HEX HEAD CAP SCREW,1.39,100,0.49,0.00,WEST,WEST,316SS HEX HEAD CAP SCREW
FAS-BH316-5/16X3,316SS HEX HEAD CAP SCREW,1.70,25,0.60,0.00,WEST,WEST,316SS HEX HEAD CAP SCREW
FAS-BH316-5/16X3-1/,316SS HEX HEAD CAP SCREW,1.90,25,0.67,0.00,WEST,WEST,316SS HEX HEAD CAP SCREW
FAS-BH316-5/16X3/4,316SS HEX HEAD CAP SCREW,0.49,100,0.17,0.00,WEST,WEST,316SS HEX HEAD CAP SCREW
FAS-BH3165/16X1-1/2,316SS HEX HEAD CAP SCREW,1.11,100,0.39,0.00,WEST,WEST,316SS HEX HEAD CAP SCREW
FAS-MFP-1/4X1,FH PHILIPS SS MACH.SCREW,0.36,100,0.13,0.00,WEST,WEST,FH PHILIPS SS MACH.SCREW
FAS-MFP-1/4X1-1/2,FH PHILIPS SS MACH.SCREW,0.50,100,0.17,0.00,WEST,WEST,FH PHILIPS SS MACH.SCREW
FAS-MFP-1/4X2-1/2,FH PHILIPS SS MACH.SCREW,0.67,100,0.23,0.00,WEST,WEST,FH PHILIPS SS MACH.SCREW
FAS-MFP-10-24X1,FH PHILIPS SS MACH.SCREW,0.22,100,0.07,0.00,WEST,WEST,FH PHILIPS SS MACH.SCREW
FAS-MFP-10-24X1-1/2,FH PHILIPS SS MACH.SCREW,0.27,100,0.09,0.00,WEST,WEST,FH PHILIPS SS MACH.SCREW
FAS-MFP-10-24X1-1/4,FH PHILIPS SS MACH.SCREW,0.37,100,0.13,0.00,WEST,WEST,FH PHILIPS SS MACH.SCREW
FAS-MFP-10-24X1-3/4,FH PHILIPS SS MACH.SCREW,0.26,100,0.09,0.00,WEST,WEST,FH PHILIPS SS MACH.SCREW
FAS-MFP-10-24X2-1/2,FH PHILIPS SS MACH.SCREW,0.69,100,0.24,0.00,WEST,WEST,FH PHILIPS SS MACH.SCREW
FAS-MFP-10-24X3/4,FH PHILIPS SS MACH.SCREW,0.20,100,0.07,0.00,WEST,WEST,FH PHILIPS SS MACH.SCREW
FAS-MFP-5/16X1-1/2,FH PHILIPS SS MACH.SCREW,1.63,50,0.57,0.00,WEST,WEST,FH PHILIPS SS MACH.SCREW
FAS-MFP-5/16X2,FH PHILIPS SS MACH.SCREW,2.29,25,0.80,0.00,WEST,WEST,FH PHILIPS SS MACH.SCREW
FAS-MFP-5/16X2-1/2,FH PHILIPS SS MACH.SCREW,2.26,25,0.80,0.00,WEST,WEST,FH PHILIPS SS MACH.SCREW
FAS-MFP-5/16X3,FH PHILIPS SS MACH.SCREW,3.05,25,1.07,0.00,WEST,WEST,FH PHILIPS SS MACH.SCREW
FAS-MPP-1/4X1,PH PHILIPS SS MACH.SCREW,0.42,100,0.15,0.00,WEST,WEST,PH PHILIPS SS MACH.SCREW
FAS-MPP-1/4X1-1/4,PH PHILIPS SS MACH.SCREW,0.58,100,0.20,0.00,WEST,WEST,PH PHILIPS SS MACH.SCREW
FAS-MPP-1/4X2-1/2,PH PHILIPS SS MACH.SCREW,0.94,100,0.33,0.00,WEST,WEST,PH PHILIPS SS MACH.SCREW
FAS-MPP-10-24X1-1/2,PH PHILIPS SS MACH.SCREW,0.32,100,0.10,0.00,WEST,WEST,PH PHILIPS SS MACH.SCREW
FAS-MPP-10-24X1/2,PH PHILIPS SS MACH.SCREW,0.19,100,0.07,0.00,WEST,WEST,PH PHILIPS SS MACH.SCREW
FAS-MPP-10-24X2,PH PHILIPS SS MACH.SCREW,0.59,100,0.21,0.00,WEST,WEST,PH PHILIPS SS MACH.SCREW
FAS-MPP-10-24X2-1/2,PH PHILIPS SS MACH.SCREW,1.10,100,0.39,0.00,WEST,WEST,PH PHILIPS SS MACH.SCREW
FAS-N10-24,SS HEX MS NUT 10/24,15.28,1,5.35,15.28,WEST,WEST,SS HEX MS NUT 10/24
FAS-N10MM,METRIC SS HEX NUT,149.83,0,52.48,149.83,WEST,WEST,METRIC SS HEX NUT
FAS-N12MM,METRIC SS HEX NUT,160.00,0,56.04,160.00,WEST,WEST,METRIC SS HEX NUT
FAS-N316-1/2,316SS FINISH HEX NUT NC,1.33,50,0.47,0.00,WEST,WEST,316SS FINISH HEX NUT NC
FAS-N316-1/4,316SS FINISH HEX NUT NC,0.32,100,0.11,0.00,WEST,WEST,316SS FINISH HEX NUT NC
FAS-N316-3/8,316SS FINISH HEX NUT NC,0.72,100,0.25,0.00,WEST,WEST,316SS FINISH HEX NUT NC
FAS-N316-5/16,316SS FINISH HEX NUT NC,0.38,100,0.13,0.00,WEST,WEST,316SS FINISH HEX NUT NC
FAS-N5/16,SS FINISH HEX NUT NC,38.16,0,11.21,32.03,WEST,WEST,SS FINISH HEX NUT NC
FAS-N5MM,METRIC SS HEX NUT,31.11,0,10.89,31.11,WEST,WEST,METRIC SS HEX NUT
FAS-N6MM,METRIC SS HEX NUT,48.78,0,16.02,45.74,WEST,WEST,METRIC SS HEX NUT
FAS-N8MM,METRIC SS HEX NUT,70.69,0,24.76,70.69,WEST,WEST,METRIC SS HEX NUT
FAS-NL316-1/2,316SS LOCK NUT NC,1.74,100,0.61,0.00,WEST,WEST,316SS LOCK NUT NC
FAS-NL316-1/4,316SS LOCK NUT NC,0.37,100,0.13,0.00,WEST,WEST,316SS LOCK NUT NC
FAS-NL316-3/8,316SS LOCK NUT NC,0.89,100,0.31,0.00,WEST,WEST,316SS LOCK NUT NC
FAS-NL316-5/16,316SS LOCK NUT NC,0.72,100,0.25,0.00,WEST,WEST,316SS LOCK NUT NC
FAS-SF#10X1/2,F.H.S/S SKT.TAPP.SCREW,14.16,0,7.63,14.16,WEST,WEST,F.H.S/S SKT.TAPP.SCREW
FAS-SF#8X5/8,F.H.S/S SKT.TAPP.SCREW,19.07,0,10.28,19.07,WEST,WEST,F.H.S/S SKT.TAPP.SCREW
FAS-SF-#10X1,F.H.S/S SKT TAPP.SCREW,0.18,100,0.06,0.00,WEST,WEST,F.H.S/S SKT TAPP.SCREW
FAS-SF-#10X1-1/2,F.H.S/S SKT.TAPP.SCREW,0.26,100,0.09,0.00,WEST,WEST,F.H.S/S SKT.TAPP.SCREW
FAS-SF-#10X2,F.H.S/S SKT.TAPP.SCREW,0.32,100,0.11,0.00,WEST,WEST,F.H.S/S SKT.TAPP.SCREW
FAS-SF-#10X3/4,F.H.S/S SKT.TAPP.SCREW,0.16,100,0.06,0.00,WEST,WEST,F.H.S/S SKT.TAPP.SCREW
FAS-SF-#12X1,F.H.S/S SKT.TAPP.SCREW,0.26,100,0.09,0.00,WEST,WEST,F.H.S/S SKT.TAPP.SCREW
FAS-SF-#12X1-1/2,F.H.S/S SKT.TAPP.SCREW,0.35,100,0.12,0.00,WEST,WEST,F.H.S/S SKT.TAPP.SCREW
FAS-SF-#12X2,F.H.S/S SKT.TAPP.SCREW,0.45,100,0.16,0.00,WEST,WEST,F.H.S/S SKT.TAPP.SCREW
FAS-SF-#12X2-1/2,F.H.S/S SKT.TAPP.SCREW,0.64,100,0.22,0.00,WEST,WEST,F.H.S/S SKT.TAPP.SCREW
FAS-SF-#12X3,F.H.S/S SKT.TAPP.SCREW,0.64,100,0.22,0.00,WEST,WEST,F.H.S/S SKT.TAPP.SCREW
FAS-SF-#12X3/4,F.H.S/S SKT.TAPP.SCREW,0.21,100,0.07,0.00,WEST,WEST,F.H.S/S SKT.TAPP.SCREW
FAS-SF-#14X1,F.H.S/S SKT.TAPP.SCREW,0.35,100,0.12,0.00,WEST,WEST,F.H.S/S SKT.TAPP.SCREW
FAS-SF-#14X2,F.H.S/S SKT.TAPP.SCREW,0.59,100,0.20,0.00,WEST,WEST,F.H.S/S SKT.TAPP.SCREW
FAS-SF-#14X2-1/2,F.H.S/S SKT.TAPP.SCREW,0.70,100,0.25,0.00,WEST,WEST,F.H.S/S SKT.TAPP.SCREW
FAS-SF-#6X3/4,F.H.S/S SKT.TAPP.SCREW,0.10,100,0.04,0.00,WEST,WEST,F.H.S/S SKT.TAPP.SCREW
FAS-SF-#8X1,F.H.S/S SKT.TAPP.SCREW,0.15,100,0.05,0.00,WEST,WEST,F.H.S/S SKT.TAPP.SCREW
FAS-SF-#8X1-1/2,F.H.S/S SKT.TAPP.SCREW,0.20,100,0.07,0.00,WEST,WEST,F.H.S/S SKT.TAPP.SCREW
FAS-SF-#8X1/2,F.H.S/S SKT.TAPP.SCREW,0.11,100,0.04,0.00,WEST,WEST,F.H.S/S SKT.TAPP.SCREW
FAS-SF-#8X2,F.H.S/S SKT.TAPP.SCREW,0.26,100,0.09,0.00,WEST,WEST,F.H.S/S SKT.TAPP.SCREW
FAS-SO-#10X1,O.H.S/S SKT.TAPP.SCREW,0.27,100,0.09,0.00,WEST,WEST,O.H.S/S SKT.TAPP.SCREW
FAS-SO-#8X1,O.H.S/S SKT.TAPP.SCREW,0.19,100,0.07,0.00,WEST,WEST,O.H.S/S SKT.TAPP.SCREW
FAS-SP#10X1/2,P.H.S/S SKT.TAPP.SCREW,21.96,0,11.83,21.96,WEST,WEST,P.H.S/S SKT.TAPP.SCREW
FAS-SP-#10X1,P.H.S/S SKT.TAPP.SCREW,0.25,100,0.08,0.00,WEST,WEST,P.H.S/S SKT.TAPP.SCREW
FAS-SP-#10X1/2,P.H.S/S SKT.TAPP.SCREW,0.16,100,0.06,0.00,WEST,WEST,P.H.S/S SKT.TAPP.SCREW
FAS-SP-#10X3/4,P.H.S/S SKT.TAPP.SCREW,0.20,75,0.07,0.00,WEST,WEST,P.H.S/S SKT.TAPP.SCREW
FAS-SP-#12X1,P.H.S/S SKT.TAPP.SCREW,0.32,100,0.11,0.00,WEST,WEST,P.H.S/S SKT.TAPP.SCREW
FAS-SP-#12X1-1/2,P.H.S/S SKT.TAPP.SCREW,0.43,100,0.15,0.00,WEST,WEST,P.H.S/S SKT.TAPP.SCREW
FAS-SP-#12X3/4,P.H.S/S SKT.TAPP.SCREW,0.26,100,0.09,0.00,WEST,WEST,P.H.S/S SKT.TAPP.SCREW
FAS-SP-#8X1/2,P.H.S/S SKT.TAPP.SCREW,0.13,100,0.05,0.00,WEST,WEST,P.H.S/S SKT.TAPP.SCREW
FAS-SP-#8X3/4,P.H.S/S SKT.TAPP.SCREW,0.16,100,0.05,0.00,WEST,WEST,P.H.S/S SKT.TAPP.SCREW
FAS-W316-1/2,316SS FLAT WASHER,0.66,50,0.23,0.00,WEST,WEST,316SS FLAT WASHER
FAS-W316-1/4,316SS FLAT WASHER,0.19,100,0.07,0.00,WEST,WEST,316SS FLAT WASHER
FAS-W316-10,316SS FLAT WASHER,0.12,100,0.04,0.00,WEST,WEST,316SS FLAT WASHER
FAS-W316-3/8,316SS FLAT WASHER (7/8 O.D.),0.25,100,0.09,0.00,WEST,WEST,316SS FLAT WASHER (7/8 O.D.)
FAS-W316-5/16,316SS FLAT WASHER,0.21,100,0.07,0.00,WEST,WEST,316SS FLAT WASHER
FAS-W316-7/16,316SS FLAT WASHER,0.89,50,0.31,0.00,WEST,WEST,316SS FLAT WASHER
FAS-WC-#10,S/S FINISHING WASHER,0.14,100,0.05,0.00,WEST,WEST,S/S FINISHING WASHER
FAS-WC-#12,S/S FINISHING WASHER,0.16,100,0.06,0.00,WEST,WEST,S/S FINISHING WASHER
FAS-WC-#6,S/S FINISHING WASHER,0.10,100,0.03,0.00,WEST,WEST,S/S FINISHING WASHER
FAS-WC-#8,S/S FINISHING WASHER,0.11,100,0.03,0.00,WEST,WEST,S/S FINISHING WASHER
FAS-WC-1/4,S/S FINISHING WASHER,0.17,100,0.06,0.00,WEST,WEST,S/S FINISHING WASHER
FAS-WF-#10X1,SS FENDER WASHER (3/16X1),0.30,100,0.10,0.00,WEST,WEST,SS FENDER WASHER (3/16X1)
FAS-WF-#10X3/4,SS FENDER WASHER,0.22,100,0.08,0.00,WEST,WEST,SS FENDER WASHER
FAS-WF-1/2X2,SS FENDER WASHER,2.49,50,0.86,0.00,WEST,WEST,SS FENDER WASHER
FAS-WF-1/4X1-1/4,SS FENDER WASHER,0.94,100,0.33,0.00,WEST,WEST,SS FENDER WASHER
FAS-WF-3/8X1-1/2,SS FENDER WASHER,0.76,100,0.27,0.00,WEST,WEST,SS FENDER WASHER
FAS-WF-5/16X1-1/2,SS FENDER WASHER,0.79,100,0.28,0.00,WEST,WEST,SS FENDER WASHER
FAS-WL316-1/2,316SS LOCK WASHER,0.62,100,0.22,0.00,WEST,WEST,316SS LOCK WASHER
FAS-WL316-1/4,316SS LOCK WASHER,0.14,100,0.05,0.00,WEST,WEST,316SS LOCK WASHER
FAS-WL316-10,316SS LOCK WASHER,0.14,100,0.05,0.00,WEST,WEST,316SS LOCK WASHER
FAS-WL316-3/8,316SS LOCK WASHER,0.42,100,0.14,0.00,WEST,WEST,316SS LOCK WASHER
FAS-WL316-5/16,316SS LOCK WASHER,0.22,100,0.08,0.00,WEST,WEST,316SS LOCK WASHER
FBS-60302,PAINT/WORK LRG COVERALLS GRAY,105.46,0,53.99,105.46,WEST,WEST,PAINT/WORK LRG COVERALLS GRAY
FBS-60303,PAINT/WORK XL COVERALLS GRAY,105.46,0,53.99,105.46,WEST,WEST,PAINT/WORK XL COVERALLS GRAY
FBY-G-1B-R,GAS FUME DETECTOR,667.47,0,386.22,667.47,WEST,WEST,GAS FUME DETECTOR
FBY-MS-2,GAS/PROPANE SENSOR W/20'CABLE,195.89,0,105.57,195.89,WEST,WEST,GAS/PROPANE SENSOR W/20'CABLE
FBY-P-2BNV-R,PROPANE FUME DETECTOR 2 ZONE,1019.75,0,597.84,1019.75,WEST,WEST,PROPANE FUME DETECTOR 2 ZONE
FIB-70212,"38""""W X 5YD FIBERGLASS CLOTH   """,82.95,0,44.70,82.95,WEST,WEST,"38""""W X 5YD FIBERGLASS CLOTH   """
FIR-FE1A10GO/WA,2.5LB.1-A-10B:C DRY-CHEM-WHITE,78.34,0,42.22,78.34,WEST,WEST,2.5LB.1-A-10B:C DRY-CHEM-WHITE
FLZ-MC200,MICROFIBER CLOTH,5.54,0,3.15,5.54,WEST,WEST,MICROFIBER CLOTH
FOR-F75221,2 BURNER COOKTOP 120V,1134.65,0,718.61,1134.65,WEST,WEST,2 BURNER COOKTOP 120V
FOR-F75321,120V 3 BURNER COOKTOP,1614.92,1,1075.39,1614.92,WEST,WEST,120V 3 BURNER COOKTOP
FRV-109-A,1/8 PLUG (SQ HEAD),1.12,4,0.61,1.12,WEST,WEST,1/8 PLUG (SQ HEAD)
FRV-109-B,1/4 PLUG (SQ HEAD),1.60,4,0.87,1.60,WEST,WEST,1/4 PLUG (SQ HEAD)
FRV-109-C,3/8 PLUG (SQ HEAD),2.52,2,1.36,2.52,WEST,WEST,3/8 PLUG (SQ HEAD)
FRV-109-D,1/2 PLUG (SQ HEAD),5.26,1,2.83,5.26,WEST,WEST,1/2 PLUG (SQ HEAD)
FRV-110-EB,3/4X1/4 BUSHING,7.93,3,4.27,7.93,WEST,WEST,3/4X1/4 BUSHING
FRV-122-E,3/4 HEX NIPPLE,8.65,2,4.66,8.65,WEST,WEST,3/4 HEX NIPPLE
FRV-124-B,1/4 FORGED ELBOW,7.28,2,3.92,7.28,WEST,WEST,1/4 FORGED ELBOW
FRV-125-10C,5/8X3/8 COUPLER,4.43,2,2.38,4.43,WEST,WEST,5/8X3/8 COUPLER
FRV-125-10E,5/8X3/4 COUPLER,10.52,3,5.67,10.52,WEST,WEST,5/8X3/4 COUPLER
FRV-125-12D,3/4X1/2 COUPLER,6.93,3,3.73,6.93,WEST,WEST,3/4X1/2 COUPLER
FRV-125-4B,1/4X1/4 COUPLER,2.40,0,1.30,2.40,WEST,WEST,1/4X1/4 COUPLER
FRV-125-4C,1/4X3/8 COUPLER,3.69,4,1.99,3.69,WEST,WEST,1/4X3/8 COUPLER
FRV-125-4D,1/4X1/2 COUPLER,6.25,2,3.37,6.25,WEST,WEST,1/4X1/2 COUPLER
FRV-125-6B,3/8X1/4 COUPLER,2.35,1,1.27,2.35,WEST,WEST,3/8X1/4 COUPLER
FRV-129-4,1/4 SPLICER,3.02,2,1.63,3.02,WEST,WEST,1/4 SPLICER
FRV-129-5,5/16 SPLICER,3.29,10,1.83,3.29,WEST,WEST,5/16 SPLICER
FRV-129-6,3/8 SPLICER,3.36,16,1.89,3.36,WEST,WEST,3/8 SPLICER
FRV-129-8,1/2 HEX SPLICER,4.76,4,2.65,4.76,WEST,WEST,1/2 HEX SPLICER
FRV-139-10D,5/8X1/2 90* ELBOW,7.82,2,4.21,7.82,WEST,WEST,5/8X1/2 90* ELBOW
FRV-139-12D,3/4X1/2 ELBOW,29.09,1,15.68,29.09,WEST,WEST,3/4X1/2 ELBOW
FRV-139-5B,5/16X1/4 ELBOW,5.79,1,3.12,5.79,WEST,WEST,5/16X1/4 ELBOW
FRV-139-6B,3/8X1/4 ELBOW,5.95,0,3.20,5.95,WEST,WEST,3/8X1/4 ELBOW
FRV-139-8D,1/2X1/2 90 DEG ELBOW,16.25,4,8.76,16.25,WEST,WEST,1/2X1/2 90 DEG ELBOW
FRV-140-6B,3/8X1/4 ELBOW,7.05,2,3.80,7.05,WEST,WEST,3/8X1/4 ELBOW
FRV-2120-B,1/4 SHUT OFF COCK,20.71,1,11.16,20.71,WEST,WEST,1/4 SHUT OFF COCK
FRV-62-6,3/8 UNION COUPLING,4.34,1,2.34,4.34,WEST,WEST,3/8 UNION COUPLING
FRV-68-6D,3/8X1/2 CONNECTOR,4.91,1,2.65,4.91,WEST,WEST,3/8X1/2 CONNECTOR
FRV-725-10D,5/8X1/2 HOSE FITTING,9.77,4,5.26,9.77,WEST,WEST,5/8X1/2 HOSE FITTING
FRV-725-8B,1/2X1/4 HOSE FITTING,7.55,1,4.07,7.55,WEST,WEST,1/2X1/4 HOSE FITTING
FRV-728-810,1/2X5/8 HOSE FITTING,15.87,2,8.55,15.87,WEST,WEST,1/2X5/8 HOSE FITTING
FRV-728-88,1/2X1/2 HOSE FITTING,7.13,0,3.84,7.13,WEST,WEST,1/2X1/2 HOSE FITTING
FRV-FLT-86-100,"3/8"""" NYLON TUBING             """,4.34,75,2.34,4.34,WEST,WEST,"3/8"""" NYLON TUBING             """
FRV-S3620-8C,"3/4""""X 3/8NPT ADAPTER          """,3.71,0,2.00,3.71,WEST,WEST,"3/4""""X 3/8NPT ADAPTER          """
FRV-X115-C,"3/8""""STR. ELBOW                """,10.34,0,5.57,10.34,WEST,WEST,"3/8""""STR. ELBOW                """
FTZ-29010Y-48,"3/4""""X4'YEL.DUAL WALL SHRINK",21.58,0,11.63,21.58,WEST,WEST,"3/4""""X4'YEL.DUAL WALL SHRINK"
FTZ-91055,"(10)1/0 STARTER LUG 1/4""""STUD  """,25.12,0,13.54,25.12,WEST,WEST,"(10)1/0 STARTER LUG 1/4""""STUD  """
FTZ-93270,"(100)14.5""""CBL.TIE UV.BLK120LB """,34.49,0,20.23,34.49,WEST,WEST,"(100)14.5""""CBL.TIE UV.BLK120LB """
FUE-MS-OS420,100W 2WAY MARINE BOX SPEAKERS,96.65,0,63.82,96.65,WEST,WEST,100W 2WAY MARINE BOX SPEAKERS
FUL-500314,REPLACEMENT PART F2 GEAR KIT,32.10,1,17.30,32.10,WEST,WEST,REPLACEMENT PART F2 GEAR KIT
FUR-235DHT-MSE,TRANSDUCER DIG D&HP TEMP 200W,1089.13,0,907.61,1089.13,WEST,WEST,TRANSDUCER DIG D&HP TEMP 200W
FUR-520-5MSD,TRANSDUCER THRU HULL BRZ 600W,520.90,0,434.08,520.90,WEST,WEST,TRANSDUCER THRU HULL BRZ 600W
FV-475-x,"4-WAY, SELECTOR-FULL FLOW",269.86,0,156.27,269.96,WEST,WEST,"4-WAY, SELECTOR-FULL FLOW"
GAR-010-01140-00,GMI 20 MARINE INSTRUMENT,679.99,0,589.85,0.00,WEST,WEST,GMI 20 MARINE INSTRUMENT
GAR-010-02087-00,AIS 800 BLACKBOX TRANSCEIVER,1218.67,0,1097.90,1218.67,WEST,WEST,AIS 800 BLACKBOX TRANSCEIVER
GAR-010-02092-51,GPSMAP 8612XSV,5446.17,0,4906.46,5446.17,WEST,WEST,GPSMAP 8612XSV
GAR-010-02097-00,VHF 215 MARINE RADIO,609.33,0,548.95,609.33,WEST,WEST,VHF 215 MARINE RADIO
GAR-010-02316-10,GPS 24XD,383.87,0,345.83,383.87,WEST,WEST,GPS 24XD
GAR-010-02843-00,GMR 18 HD3 RADOME,2574.87,0,2319.70,2574.87,WEST,WEST,GMR 18 HD3 RADOME
GAR-010-10193-22,MULTIDUCER B744VL BRZ THRU HLL,706.81,0,595.62,706.81,WEST,WEST,MULTIDUCER B744VL BRZ THRU HLL
GAR-010-10272-00,MULTIDUCER PLAS TRANS MNT 500W,94.09,0,84.77,94.09,WEST,WEST,MULTIDUCER PLAS TRANS MNT 500W
GAR-010-11051-20,MULTIDUCER DST80 THRU HULL PLS,579.99,0,512.90,0.00,WEST,WEST,MULTIDUCER DST80 THRU HULL PLS
GAR-010-11417-10,STEADYCAST HEADING SENSOR,194.98,0,175.66,194.98,WEST,WEST,STEADYCAST HEADING SENSOR
GAR-010-11442-00,N2K STARTER KIT,119.42,0,106.07,119.42,WEST,WEST,N2K STARTER KIT
GAR-010-11612-00,8PIN TRANS TO 6PIN ADPT CABLE,28.42,0,25.65,28.42,WEST,WEST,8PIN TRANS TO 6PIN ADPT CABLE
gar-010-11613-00,6-8PN SOUNDER WIRE BLOCK ADPTR,85.29,0,76.84,85.29,WEST,WEST,6-8PN SOUNDER WIRE BLOCK ADPTR
GAR-010-12122-10,8PIN TRANS-12PIN SOUNDER CABLE,30.45,0,27.43,30.45,WEST,WEST,8PIN TRANS-12PIN SOUNDER CABLE
GAR-010-12390-30,J1939 CABLE F/GPSMAP8400/8600,127.95,0,106.31,127.95,WEST,WEST,J1939 CABLE F/GPSMAP8400/8600
GAR-010-12404-10,XDUCER GT23M-TH PLAS/SS THR HL,706.81,0,587.29,706.81,WEST,WEST,XDUCER GT23M-TH PLAS/SS THR HL
GAR-010-12770-00,YAMAHA ENG BUS TO J1939 AD CBL,36.55,0,30.36,36.55,WEST,WEST,YAMAHA ENG BUS TO J1939 AD CBL
GAR-010-12852-00,NMEA 0183 WITH AUDIO CABLE,48.72,0,40.49,48.72,WEST,WEST,NMEA 0183 WITH AUDIO CABLE
GAR-010-C1467-60,NAUS013R CAN/ALASKA NAVIONICS,182.78,0,164.67,182.78,WEST,WEST,NAUS013R CAN/ALASKA NAVIONICS
GAR-19643,3-STP UNDR/PLAT.SLIDING LADDER,497.31,0,268.01,497.31,WEST,WEST,3-STP UNDR/PLAT.SLIDING LADDER
GEL-F8T5/CW,FLUORESCENT TUBE COOL WHITE,6.50,0,3.78,6.50,WEST,WEST,FLUORESCENT TUBE COOL WHITE
GEM-315530,ROD HOLDER 30* W/REMVBL DRN,89.46,0,48.21,89.46,WEST,WEST,ROD HOLDER 30* W/REMVBL DRN
GEM-5151-KIT,"SLAMLATCH2"""" SS NOLOK BEV W/PLT""",79.29,1,46.75,79.29,WEST,WEST,"SLAMLATCH2"""" SS NOLOK BEV W/PLT"""
GEM-839,"CLAMSHELL VENT 1-5/8""""HD SS(PR)""",7.62,3,4.22,7.62,WEST,WEST,"CLAMSHELL VENT 1-5/8""""HD SS(PR)"""
GEM-954,"FUEL VENT FLUSH 5/8"""" 90*      """,109.67,4,59.10,109.67,WEST,WEST,"FUEL VENT FLUSH 5/8"""" 90*      """
GEN-GC0088,AIR DUCT ADPTR 60MM TO 90MM,14.15,1,8.61,14.15,WEST,WEST,AIR DUCT ADPTR 60MM TO 90MM
GEN-GC5011,AIR OUTLET W/ADJ LOUVERS 90MM,77.02,0,37.68,77.02,WEST,WEST,AIR OUTLET W/ADJ LOUVERS 90MM
GEN-GC6311,AIR DUCT CLAMP 50-70MM,1.55,0,1.70,1.55,WEST,WEST,AIR DUCT CLAMP 50-70MM
GLE-04035-PT,12V MOTOR FOR CM-7,278.76,0,166.92,278.76,WEST,WEST,12V MOTOR FOR CM-7
GLE-04036-PT,24V MOTOR FOR CM-7,289.91,1,173.60,289.91,WEST,WEST,24V MOTOR FOR CM-7
GLE-04154-1B,REMOTE CTRL 4 CHL2TRANS 12/24V,607.53,0,382.50,607.53,WEST,WEST,REMOTE CTRL 4 CHL2TRANS 12/24V
GLE-05031-PT,24V MOTOR VOR CM-4,339.33,0,203.19,0.00,WEST,WEST,24V MOTOR VOR CM-4
GLO-801,"ANCHOR SWIVEL 1/4""""-5/16""""      """,122.18,0,65.84,122.18,WEST,WEST,"ANCHOR SWIVEL 1/4""""-5/16""""      """
GLT-30204ST,STRYKER ST LED WHT HRDWIRE RMT,1336.43,0,720.23,1336.43,WEST,WEST,STRYKER ST LED WHT HRDWIRE RMT
GLV-459L,BLACK HEAVY WEIGHT GLOVES-LG,9.99,0,5.38,9.99,WEST,WEST,BLACK HEAVY WEIGHT GLOVES-LG
GLV-NITRILE-BLK-L-B,NITRIL GLOV BLK LRG TEXTRD/100,25.83,1,13.92,25.83,WEST,WEST,NITRIL GLOV BLK LRG TEXTRD/100
GLV-NITRILE-BLK-M-B,NITRIL GLOV BLK MED TXTRD/100,25.83,1,13.92,25.83,WEST,WEST,NITRIL GLOV BLK MED TXTRD/100
GLV-NITRILE-BLK-XL-,NITRIL GLOV BLK XLG TXTRD/100,25.83,0,13.92,25.83,WEST,WEST,NITRIL GLOV BLK XLG TXTRD/100
GOR-101593,GORILLA TAPE-ALL WEATHER,33.68,0,19.16,33.68,WEST,WEST,GORILLA TAPE-ALL WEATHER
GOR-60124T,"GORILLA TAPE-BLACK 1.88""""X10YD """,14.25,0,8.10,14.25,WEST,WEST,"GORILLA TAPE-BLACK 1.88""""X10YD """
GOR-6035060T,"TAPE-BLACK 1.88""""X30YD (105629)""",27.24,0,15.49,27.24,WEST,WEST,"TAPE-BLACK 1.88""""X30YD (105629)"""
GRO-ARG-1501-PC,TOP CAP PLASTIC,74.25,0,40.01,74.25,WEST,WEST,TOP CAP PLASTIC
GRO-ARG-750-S,"STRAINER 3/4"""" #304SS BASKET   """,457.60,0,246.61,457.60,WEST,WEST,"STRAINER 3/4"""" #304SS BASKET   """
GRO-BS-15,"SS FLTR BSKT 3.1X48ARG,SA,932 """,178.81,0,91.87,178.81,WEST,WEST,"SS FLTR BSKT 3.1X48ARG,SA,932 """
GRO-CP-2012V,CIRCULATING PUMP,564.89,0,375.57,564.89,WEST,WEST,CIRCULATING PUMP
GRO-CV-50,"CHECK VALVE 1/2"""" BRONZE       """,45.47,1,26.25,45.47,WEST,WEST,"CHECK VALVE 1/2"""" BRONZE       """
GRO-FF-1000,"BRZ.ADAPTOR 1""""NPTX1-1/4""""HOSE  """,25.77,1,14.75,25.77,WEST,WEST,"BRZ.ADAPTOR 1""""NPTX1-1/4""""HOSE  """
GRO-FF-1125,"BRZ.ADAPTOR 1""""NPTX1-1/8""""HOSE  """,27.29,1,15.57,27.29,WEST,WEST,"BRZ.ADAPTOR 1""""NPTX1-1/8""""HOSE  """
GRO-IBV-750,INLINE BALL VALVE 3/4 BRZ,59.10,1,31.85,59.10,WEST,WEST,INLINE BALL VALVE 3/4 BRZ
GRO-IBVF-750,"FLANGED B VLV ADPTR 3/4"""" BRZ  """,87.89,1,47.37,87.89,WEST,WEST,"FLANGED B VLV ADPTR 3/4"""" BRZ  """
GRO-PTH-1125,"PIPE1-1/4""""HOSE 1-1/8""""ADPTR BRZ""",31.83,3,18.36,31.83,WEST,WEST,"PIPE1-1/4""""HOSE 1-1/8""""ADPTR BRZ"""
GRO-PTH-1250,"PIPE/HOSE ADPTR 1-1/4"""" BRZ    """,34.87,0,18.79,34.87,WEST,WEST,"PIPE/HOSE ADPTR 1-1/4"""" BRZ    """
GRO-PTHC-750,"PIPE/HOSE 90*ADPTR 3/4"""" BRZ   """,22.73,1,12.25,22.73,WEST,WEST,"PIPE/HOSE 90*ADPTR 3/4"""" BRZ   """
GRO-SPO-60-N12V,H.D/S.P.VANE PUMP-12V,767.67,1,413.71,767.67,WEST,WEST,H.D/S.P.VANE PUMP-12V
GRO-STREETELL-18,"BRONZE 90* STREET ELL 3/4""""    """,43.45,1,24.51,43.45,WEST,WEST,"BRONZE 90* STREET ELL 3/4""""    """
GRO-TH-1000-W,"THRU HULL 1""""W/NUT BRZ         """,50.02,2,26.95,50.02,WEST,WEST,"THRU HULL 1""""W/NUT BRZ         """
GRO-TH-1500-W,"THRU HULL 1-1/2"""" W/NUT BRZ    """,107.60,3,59.26,107.60,WEST,WEST,"THRU HULL 1-1/2"""" W/NUT BRZ    """
GRO-TH-2500-WS,"THRU HULL 2-1/2"""" W/NUT SS     """,262.14,0,141.27,262.14,WEST,WEST,"THRU HULL 2-1/2"""" W/NUT SS     """
GRO-WSB-1000,"STRAINER NYLON 1"""" #304SS BSKT """,142.47,0,76.78,142.47,WEST,WEST,"STRAINER NYLON 1"""" #304SS BSKT """
GRO-WSB-750,"STRAINER 3/4"""" #304SS BSKT     """,89.41,1,48.19,89.41,WEST,WEST,"STRAINER 3/4"""" #304SS BSKT     """
HAN-360011,C1 SS 1/16X1/2 COTTER PINS,6.01,1,3.24,6.01,WEST,WEST,C1 SS 1/16X1/2 COTTER PINS
HAN-360021,C2 SS 1/16X3/4 COTTER PINS,5.78,1,3.11,5.78,WEST,WEST,C2 SS 1/16X3/4 COTTER PINS
HAN-360031,C3 SS 1/16X1 COTTER PINS,6.38,2,3.44,6.38,WEST,WEST,C3 SS 1/16X1 COTTER PINS
HAN-360051,C4 SS 1/16X1-1/2 COTTER PINS,5.44,2,2.93,5.44,WEST,WEST,C4 SS 1/16X1-1/2 COTTER PINS
HAN-360061,"C5 SS 1/16X2"""" COTTER PINS     """,6.83,2,3.68,6.83,WEST,WEST,"C5 SS 1/16X2"""" COTTER PINS     """
HAN-360071,C6 SS 3/32X5/8 COTTER PINS,7.75,5,4.18,7.75,WEST,WEST,C6 SS 3/32X5/8 COTTER PINS
HAN-360081,C7 SS 3/32X3/4 COTTER PINS,5.63,2,3.03,5.63,WEST,WEST,C7 SS 3/32X3/4 COTTER PINS
HAN-360091,C8 SS 3/32X1 COTTER PINS,5.33,3,2.87,5.33,WEST,WEST,C8 SS 3/32X1 COTTER PINS
HAN-360111,C9 SS 3/32X1-1/2 COTTER PINS,5.53,1,2.98,5.53,WEST,WEST,C9 SS 3/32X1-1/2 COTTER PINS
HAN-360141,C11 SS 1/8X3/4 COTTER PINS,5.33,2,2.87,5.33,WEST,WEST,C11 SS 1/8X3/4 COTTER PINS
HAN-360151,C12 SS 1/8X1 COTTER PINS,5.74,2,3.10,5.74,WEST,WEST,C12 SS 1/8X1 COTTER PINS
HAN-360161,C13 SS 1/8X1-1/4 COTTER PINS,5.33,3,2.87,5.33,WEST,WEST,C13 SS 1/8X1-1/4 COTTER PINS
HAN-360171,C14 SS 1/8X1-1/2 COTTER PINS,5.58,1,3.01,5.58,WEST,WEST,C14 SS 1/8X1-1/2 COTTER PINS
HAN-360191,C16 SS 1/8X2 COTTER PINS,5.33,4,2.87,5.33,WEST,WEST,C16 SS 1/8X2 COTTER PINS
HAN-360211,C17 SS 1/8X2-1/2 COTTER PINS,6.10,2,3.28,6.10,WEST,WEST,C17 SS 1/8X2-1/2 COTTER PINS
HAN-360271,C19 SS 5/32X2 COTTER PINS,5.63,6,3.03,5.63,WEST,WEST,C19 SS 5/32X2 COTTER PINS
HAN-370241,S.S. 1/4 X 1    CLEVIS PINS,12.76,3,6.88,12.76,WEST,WEST,S.S. 1/4 X 1    CLEVIS PINS
HAN-370271,S.S. 1/4X1-1/4  CLEVIS PINS,12.32,18,6.64,12.32,WEST,WEST,S.S. 1/4X1-1/4  CLEVIS PINS
HAN-370341,S.S. 5/16 X 1   CLEVIS PINS,11.02,2,5.94,11.02,WEST,WEST,S.S. 5/16 X 1   CLEVIS PINS
HAN-560011,TSD-1 PRONG SKT+CLINCH PLATE,15.25,5,9.13,15.25,WEST,WEST,TSD-1 PRONG SKT+CLINCH PLATE
HAN-560021,TSD-2 PRONG STUD+CLINCH PLTE,14.08,8,8.43,14.08,WEST,WEST,TSD-2 PRONG STUD+CLINCH PLTE
HAN-560041,"TSD-4 STUD #8X5/8""""WOOD/SCREW  """,19.71,1,11.80,19.71,WEST,WEST,"TSD-4 STUD #8X5/8""""WOOD/SCREW  """
HAN-560051,"TSD-5 STUD #8X3/8""""TAP/SCREW   """,19.05,2,11.41,19.05,WEST,WEST,"TSD-5 STUD #8X3/8""""TAP/SCREW   """
HAN-560081,"TSD-8 BUTTON + SOCKET 1/4""""    """,11.07,2,6.68,11.07,WEST,WEST,"TSD-8 BUTTON + SOCKET 1/4""""    """
HAN-560101,"TSD10 STUD + EYELET 1/4""""      """,9.34,3,5.93,9.34,WEST,WEST,"TSD10 STUD + EYELET 1/4""""      """
HAN-560121,"TSD12 STUD #8X5/8""""TAP/SCREW   """,14.20,2,8.50,14.20,WEST,WEST,"TSD12 STUD #8X5/8""""TAP/SCREW   """
HAN-560161,TSD16 TWIST STUD-SCREW BASE,11.99,2,7.39,11.99,WEST,WEST,TSD16 TWIST STUD-SCREW BASE
HAN-560191,"TSD19 TWIST STUD #7X5/8""""W/S   """,17.47,1,10.46,17.47,WEST,WEST,"TSD19 TWIST STUD #7X5/8""""W/S   """
HAN-560261,EXTEND-A-SNAP (4/BAG),14.41,2,9.16,14.41,WEST,WEST,EXTEND-A-SNAP (4/BAG)
HAN-650011,"1/4"""" NYLON WASHERS            """,5.88,9,3.17,5.88,WEST,WEST,"1/4"""" NYLON WASHERS            """
HAN-650021,"5/16"""" NYLON WASHERS           """,5.88,11,3.17,5.88,WEST,WEST,"5/16"""" NYLON WASHERS           """
HAN-650031,"3/8"""" NYLON WASHERS            """,5.88,13,3.17,5.88,WEST,WEST,"3/8"""" NYLON WASHERS            """
HAN-650041,"1/2"""" NYLON WASHERS            """,5.88,22,3.17,5.88,WEST,WEST,"1/2"""" NYLON WASHERS            """
HAN-970145,CANVAS FASTENER AND TOOL KIT,66.90,1,36.05,66.90,WEST,WEST,CANVAS FASTENER AND TOOL KIT
HAR-3207,6MM FOLDING PADEYE,55.36,8,41.44,55.36,WEST,WEST,6MM FOLDING PADEYE
HAR-7410.32,UN.0 MKIV BOTTOM CONNECTOR,90.00,0,67.36,90.00,WEST,WEST,UN.0 MKIV BOTTOM CONNECTOR
HCH-HS1500HP,"15' BL HOSE 3/8""""ID 4"""" COIL DIA""",54.54,1,30.04,54.54,WEST,WEST,"15' BL HOSE 3/8""""ID 4"""" COIL DIA"""
HCM-200-PRO,200H SERIES ALL INCL SYSTEM,1334.88,0,719.40,1334.88,WEST,WEST,200H SERIES ALL INCL SYSTEM
HCM-200PRO,200H SERIES ALL INCL SYSTEM,1276.70,0,688.04,1276.70,WEST,WEST,200H SERIES ALL INCL SYSTEM
HCM-300-PRO,300H MRINE HTR 3 OUTLT ALL INC,1731.37,0,933.07,1731.37,WEST,WEST,300H MRINE HTR 3 OUTLT ALL INC
HCM-300PRO,300H MRINE HTR 3 OUTLT ALL INC,1655.94,0,892.42,1655.94,WEST,WEST,300H MRINE HTR 3 OUTLT ALL INC
HGE-4354,MERCRUISER CENTER RISER,286.67,0,191.11,286.67,WEST,WEST,MERCRUISER CENTER RISER
HGE-43783,OPEN RISER GASKET,14.16,1,9.44,14.16,WEST,WEST,OPEN RISER GASKET
HGE-46820,MANIFOLD GASKET,30.96,0,21.70,30.96,WEST,WEST,MANIFOLD GASKET
HGE-5261,VOLVO DIESEL ELBOW (845261),286.67,1,191.11,286.67,WEST,WEST,VOLVO DIESEL ELBOW (845261)
HGE-5735M,MERC. 5.7L DRY JOINT MANIFOLD,633.68,0,431.74,633.68,WEST,WEST,MERC. 5.7L DRY JOINT MANIFOLD
HLA-002843011,BAT SWITCH 150A KEY REMOVABLE,57.10,0,44.43,57.10,WEST,WEST,BAT SWITCH 150A KEY REMOVABLE
HLA-002984325,2NM 2984 STERN 12V BLK CASE,121.69,1,65.59,121.69,WEST,WEST,2NM 2984 STERN 12V BLK CASE
HLA-980910121,2NMLED360 ALRND WHT12/24VBLK,259.30,0,139.74,259.30,WEST,WEST,2NMLED360 ALRND WHT12/24VBLK
HLA-980960001,2NM LED WHITE ALLRND12/24V BLK,198.30,1,106.87,198.30,WEST,WEST,2NM LED WHITE ALLRND12/24V BLK
HYS-BILGE-1L,BILGE CLEANER-1 LITRE,8.82,0,4.51,8.82,WEST,WEST,BILGE CLEANER-1 LITRE
HYS-BILGE-4L,BILGE CLEANER-4-LITRE HYSEAS,25.75,3,13.18,25.75,WEST,WEST,BILGE CLEANER-4-LITRE HYSEAS
HYS-SOAP-1L,BOATSOAP-1 LITRE,12.06,6,6.04,12.06,WEST,WEST,BOATSOAP-1 LITRE
HYS-SOAP-4L,BOATSOAP-4 LITRE HYSEAS,32.00,5,17.24,32.00,WEST,WEST,BOATSOAP-4 LITRE HYSEAS
I2S-LL-101-PRO,DIMMER PRO 12/24V,193.38,0,108.77,193.38,WEST,WEST,DIMMER PRO 12/24V
IDE-HAS10,S/S HOSE CLAMP 9/16 TO 1-1/16,3.16,2,1.70,3.16,WEST,WEST,S/S HOSE CLAMP 9/16 TO 1-1/16
IDE-HAS104,"S/S HOSE CLAMP 5"""" TO 7""""       """,7.18,0,3.87,7.18,WEST,WEST,"S/S HOSE CLAMP 5"""" TO 7""""       """
IDE-HAS20,S/S HOSE CLAMP 3/4 TO 1-3/4,3.39,12,2.14,3.39,WEST,WEST,S/S HOSE CLAMP 3/4 TO 1-3/4
IDE-HAS28,S/S HOSE CLAMP 1-5/16 TO 2-1/4,4.26,0,2.18,4.26,WEST,WEST,S/S HOSE CLAMP 1-5/16 TO 2-1/4
IDE-HAS32,S/S HOSE CLAMP 1-9/16 TO 2-1/2,4.31,8,2.20,4.31,WEST,WEST,S/S HOSE CLAMP 1-9/16 TO 2-1/2
IDE-HAS36,S/S HOSE CLAMP 1-1/16 TO 2-3/4,3.42,2,1.84,3.42,WEST,WEST,S/S HOSE CLAMP 1-1/16 TO 2-3/4
IDE-HAS44,S/S HOSE CLAMP 2-5/16 TO 3-1/4,4.29,4,2.31,4.29,WEST,WEST,S/S HOSE CLAMP 2-5/16 TO 3-1/4
IDE-HAS48,S/S HOSE CLAMP 2-9/16 TO 3-1/2,4.39,2,2.37,4.39,WEST,WEST,S/S HOSE CLAMP 2-9/16 TO 3-1/2
IDE-HAS52,S/S HOSE CLAMP 2-13/16 TO 3-34,4.49,3,2.42,4.49,WEST,WEST,S/S HOSE CLAMP 2-13/16 TO 3-34
IDE-HAS6,S/S HOSE CLAMP 3/8 TO 7/8,2.97,0,1.60,2.97,WEST,WEST,S/S HOSE CLAMP 3/8 TO 7/8
IDE-HAS60,S/S HOSE CLAMP 3-5/16 TO 4-1/4,4.89,8,2.64,4.89,WEST,WEST,S/S HOSE CLAMP 3-5/16 TO 4-1/4
IDE-HAS64,S/S HOSE CLAMP 2-1/2 TO 4-1/2,5.04,6,2.72,5.04,WEST,WEST,S/S HOSE CLAMP 2-1/2 TO 4-1/2
IDE-HAS8,S/S HOSE CLAMP 7/16 TO 1,3.02,4,1.63,3.02,WEST,WEST,S/S HOSE CLAMP 7/16 TO 1
IDE-HAS84,S/S HOSE CLAMP 3-3/4 TO 5-3/4,5.73,0,3.09,5.73,WEST,WEST,S/S HOSE CLAMP 3-3/4 TO 5-3/4
IDE-HAS96,S/S HOSE CLAMP 4-1/2 TO 6-1/2,5.90,0,3.18,5.90,WEST,WEST,S/S HOSE CLAMP 4-1/2 TO 6-1/2
IDE-MAH4,S/S HOSE CLAMP 7/32 TO 5/8,2.57,0,1.39,2.57,WEST,WEST,S/S HOSE CLAMP 7/32 TO 5/8
IDE-MAH6,S/S HOSE CLAMP 5/16 TO 7/8,2.71,2,1.46,2.71,WEST,WEST,S/S HOSE CLAMP 5/16 TO 7/8
INT-2000EKIT-GAL,INTERPROTECT 2000/2001-GREY,165.82,0,121.17,165.82,WEST,WEST,INTERPROTECT 2000/2001-GREY
INT-2000EKIT-QT,INTERPROTECT 2000/2001-GREY,55.50,0,40.56,55.50,WEST,WEST,INTERPROTECT 2000/2001-GREY
INT-2002EKIT-QT,INTERPROTECT 2000/2001-WHITE,55.74,0,40.74,55.74,WEST,WEST,INTERPROTECT 2000/2001-WHITE
INT-202-QT,FIBERGLASS SOLVENT WASH,35.79,8,20.06,35.79,WEST,WEST,FIBERGLASS SOLVENT WASH
INT-216-QT,SPECIAL THINNER,32.11,3,18.01,32.11,WEST,WEST,SPECIAL THINNER
INT-2316N-QT,REDUCING SOLVENT-SPRAY,35.54,3,19.15,35.54,WEST,WEST,REDUCING SOLVENT-SPRAY
INT-2333N-QT,REDUCING SOLVENT-BRUSH,51.24,0,27.61,51.24,WEST,WEST,REDUCING SOLVENT-BRUSH
INT-333-QT,BRUSHING LIQUID,36.51,6,20.46,36.51,WEST,WEST,BRUSHING LIQUID
INT-404KIT-QT,EPOXY PRIMEKOTE WHITE 404/414,83.10,2,46.57,83.10,WEST,WEST,EPOXY PRIMEKOTE WHITE 404/414
INT-4217-QT,BRIGHTSIDE-GRAND BANKS BEIGE,79.78,2,42.99,79.78,WEST,WEST,BRIGHTSIDE-GRAND BANKS BEIGE
INT-4248-QT,BRIGHTSIDE-FIRE RED,79.78,1,42.99,79.78,WEST,WEST,BRIGHTSIDE-FIRE RED
INT-4253-QT,BRIGHTSIDE-OCEAN BLUE,84.55,0,38.73,84.55,WEST,WEST,BRIGHTSIDE-OCEAN BLUE
INT-4351-QT,BRIGHTSIDE-LIGHT BLUE,79.78,1,42.99,79.78,WEST,WEST,BRIGHTSIDE-LIGHT BLUE
INT-4359-QT,BRIGHTSIDE-WHITE,73.05,1,39.37,73.05,WEST,WEST,BRIGHTSIDE-WHITE
INT-4360-QT,BRIGHTSIDE-MATTERHORN WHITE,73.05,1,39.37,73.05,WEST,WEST,BRIGHTSIDE-MATTERHORN WHITE
INT-449-GAL,F/G BOTTOMKOTE RED,220.65,1,161.24,220.65,WEST,WEST,F/G BOTTOMKOTE RED
INT-4990-QT,BRIGHTSIDE-FLAG BLUE,79.78,0,45.57,79.78,WEST,WEST,BRIGHTSIDE-FLAG BLUE
INT-5580-GAL,MICRON-CSC BLUE,322.84,1,235.92,322.84,WEST,WEST,MICRON-CSC BLUE
INT-5582-QT,MICRON-CSC RED,91.27,3,66.70,91.27,WEST,WEST,MICRON-CSC RED
INT-5583-GAL,MICRON-CSC BLACK,322.84,4,235.92,322.84,WEST,WEST,MICRON-CSC BLACK
INT-669-GAL,F/G BOTTOMKOTE BLUE,222.78,5,162.80,222.78,WEST,WEST,F/G BOTTOMKOTE BLUE
INT-669-QT,F/G BOTTOMKOTE BLUE,67.85,2,49.58,67.85,WEST,WEST,F/G BOTTOMKOTE BLUE
INT-6690-GAL,F/G BOTTOMKOTE ACT-BLUE,267.53,2,195.50,267.53,WEST,WEST,F/G BOTTOMKOTE ACT-BLUE
INT-69-QT,BOTTOMKOTE XXX BLUE,43.32,5,31.65,43.32,WEST,WEST,BOTTOMKOTE XXX BLUE
INT-779-GAL,F/G BOTTOMKOTE BLACK,222.78,2,162.80,222.78,WEST,WEST,F/G BOTTOMKOTE BLACK
INT-779-QT,F/G BOTTOMKOTE BLACK,67.85,14,49.58,67.85,WEST,WEST,F/G BOTTOMKOTE BLACK
INT-7790-GAL,F/G BOTTOMKOTE ACT-BLACK,267.53,0,195.50,267.53,WEST,WEST,F/G BOTTOMKOTE ACT-BLACK
INT-7790-QT,F/G BOTTOMKOTE ACT-BLACK,81.61,0,59.64,81.61,WEST,WEST,F/G BOTTOMKOTE ACT-BLACK
INT-90-QT,VARNISH-ORIGINAL (SUPERSPAR),43.44,2,23.41,43.44,WEST,WEST,VARNISH-ORIGINAL (SUPERSPAR)
INT-96-QT,VARNISH SCHOONER,69.51,2,37.46,69.51,WEST,WEST,VARNISH SCHOONER
INT-YAV135KIT-.5L,INTERPROTECT WATERTITE-500ML,56.08,0,40.98,56.08,WEST,WEST,INTERPROTECT WATERTITE-500ML
INT-YBA473-GAL,INTERLUX MICRON 66 BLACK GAL,1.00,0,1.00,1.00,WEST,WEST,INTERLUX MICRON 66 BLACK GAL
INT-YBC452,MICRON XTRA SPC BLACK,1.00,0,1.00,1.00,WEST,WEST,MICRON XTRA SPC BLACK
INT-YBM000-GAL,MICRON-CSC-CA BLUE,348.88,1,265.15,348.88,WEST,WEST,MICRON-CSC-CA BLUE
INT-YBM002-GAL,MICRON-CSC-CA RED,348.88,0,265.15,348.88,WEST,WEST,MICRON-CSC-CA RED
INT-YBM002-QT,MICRON-CSC-CA RED,100.44,0,76.33,100.44,WEST,WEST,MICRON-CSC-CA RED
INT-YBM003-GAL,MICRON-CSC-CA BLACK,348.88,4,265.15,348.88,WEST,WEST,MICRON-CSC-CA BLACK
INT-YBM003-QT,MICRON-CSC-CA BLACK,106.99,4,76.33,0.00,WEST,WEST,MICRON-CSC-CA BLACK
INT-YBM010-GAL,BOTTOMKOTE-CA BLUE,193.09,5,146.75,193.09,WEST,WEST,BOTTOMKOTE-CA BLUE
INT-YBM012-GAL,BOTTOMKOTE-CA RED,193.09,1,141.10,193.09,WEST,WEST,BOTTOMKOTE-CA RED
INT-YBM012-QT,BOTTOMKOTE-CA RED,64.36,1,47.03,64.36,WEST,WEST,BOTTOMKOTE-CA RED
INT-YBM013-GAL,BOTTOMKOTE-CA BLACK,193.09,2,146.75,193.09,WEST,WEST,BOTTOMKOTE-CA BLACK
INT-YBM013-QT,BOTTOMKOTE-CA BLACK,64.36,11,48.92,64.36,WEST,WEST,BOTTOMKOTE-CA BLACK
INT-YJB000-QT,INTERDECK NON-SKID WHITE,77.22,2,43.27,77.22,WEST,WEST,INTERDECK NON-SKID WHITE
INT-YJF684-QT,INTERDECK NON-SKID GREY,77.22,1,43.27,77.22,WEST,WEST,INTERDECK NON-SKID GREY
INT-YLK000-QT,TOPLAC PLUS SNOW WHITE 001,89.73,1,50.28,89.73,WEST,WEST,TOPLAC PLUS SNOW WHITE 001
int-ylk184-qt,TOPLAC PLUS MED.WHITE,89.73,1,50.28,89.73,WEST,WEST,TOPLAC PLUS MED.WHITE
INT-YLK192-QT,TOPLAC PLUS OFF WHITE 192,89.73,1,50.28,89.73,WEST,WEST,TOPLAC PLUS OFF WHITE 192
INT-YLK194-QT,TOPLAC PLUS OYSTER,89.73,0,48.36,89.73,WEST,WEST,TOPLAC PLUS OYSTER
INT-YLK198-QT,TOPLAC PLUS MATTERHORN WHITE,89.73,0,48.36,89.73,WEST,WEST,TOPLAC PLUS MATTERHORN WHITE
INT-YLK299-QT,TOPLAC PLUS ROCHELLE RED,89.73,0,48.36,89.73,WEST,WEST,TOPLAC PLUS ROCHELLE RED
INT-YLK830-QT,TOPLAC PLUS SAPPHIRE BLUE,89.73,1,48.36,89.73,WEST,WEST,TOPLAC PLUS SAPPHIRE BLUE
INT-YLK990-QT,TOPLAC PLUS FLAG BLUE,89.73,0,50.28,89.73,WEST,WEST,TOPLAC PLUS FLAG BLUE
INT-YLK993-QT,TOPLAC PLUS OXFORD BLUE 105,89.73,1,50.28,89.73,WEST,WEST,TOPLAC PLUS OXFORD BLUE 105
INT-YMA100-QT,BILGEKOTE GREY,55.83,2,31.29,55.83,WEST,WEST,BILGEKOTE GREY
INT-YMA102-QT,BILGEKOTE WHITE,55.83,2,31.29,55.83,WEST,WEST,BILGEKOTE WHITE
INT-YMA601V/QTCA,FIBERGLASS SURFACE PREP,48.25,3,26.00,48.25,WEST,WEST,FIBERGLASS SURFACE PREP
INT-YPA984-GAL,PRIMOCON,189.26,0,102.00,189.26,WEST,WEST,PRIMOCON
INT-YPA984-QT,PRIMOCON,59.94,2,33.60,59.94,WEST,WEST,PRIMOCON
INT-YUC000-QT,PRE-KOTE PLUS WHITE,65.60,2,36.77,65.60,WEST,WEST,PRE-KOTE PLUS WHITE
INT-YUC001-QT,PRE-KOTE PLUS BLUE GREY,65.60,1,36.77,65.60,WEST,WEST,PRE-KOTE PLUS BLUE GREY
INT-YVA500-QT,SCHOONER GOLD VARNISH,82.21,2,44.31,82.21,WEST,WEST,SCHOONER GOLD VARNISH
INT-YVA502-QT,COMPASS CLEAR,60.20,1,32.44,60.20,WEST,WEST,COMPASS CLEAR
INT-YVA950KIT-QT,PERFECTION PLUS VARNISH,163.34,0,88.03,163.34,WEST,WEST,PERFECTION PLUS VARNISH
ISO-5W08L14IMN000,WHT ICMKR SS22#/D115V60HZ FMNT,2614.64,0,1719.63,2614.64,WEST,WEST,WHT ICMKR SS22#/D115V60HZ FMNT
ITC-69922B-NI3K/F,LED BERTH LIGHT NKL WWHT 12V,214.90,0,115.81,214.90,WEST,WEST,LED BERTH LIGHT NKL WWHT 12V
JAB-11831-0000,END COVER,56.98,1,30.71,56.98,WEST,WEST,END COVER
JAB-11979-0001-P,IMPELLER KIT-NEOPRENE,111.94,1,60.33,111.94,WEST,WEST,IMPELLER KIT-NEOPRENE
JAB-1210-0001-P,IMPELLER KIT-NEOPRENE,84.47,2,48.86,84.47,WEST,WEST,IMPELLER KIT-NEOPRENE
JAB-17018-0001-P,IMPELLER KIT-NEOPRENE,158.12,1,92.75,158.12,WEST,WEST,IMPELLER KIT-NEOPRENE
JAB-17370-0001-P,IMPELLER KIT-NEOPRENE,318.39,1,171.58,318.39,WEST,WEST,IMPELLER KIT-NEOPRENE
JAB-17936-0001-P,IMPELLER KIT-NEOPRENE,251.23,2,154.67,251.23,WEST,WEST,IMPELLER KIT-NEOPRENE
JAB-17937-0001-P,IMPELLER KIT-NEOPRENE,87.49,0,47.15,87.49,WEST,WEST,IMPELLER KIT-NEOPRENE
JAB-17954-0001-P,IMPELLER KIT-NEOPRENE,103.97,1,56.03,103.97,WEST,WEST,IMPELLER KIT-NEOPRENE
JAB-18590-2092,12V MACERATOR PUMP,458.11,1,246.89,458.11,WEST,WEST,12V MACERATOR PUMP
JAB-18673-0001-P,IMPELLER KIT-NEOPRENE,103.97,0,69.28,103.97,WEST,WEST,IMPELLER KIT-NEOPRENE
JAB-18673-0003-P,IMPELLER KIT-NITRILE,97.68,0,59.18,97.68,WEST,WEST,IMPELLER KIT-NITRILE
JAB-18777-0001-P,IMPELLER KIT-NEOPRENE,88.81,1,47.86,88.81,WEST,WEST,IMPELLER KIT-NEOPRENE
JAB-1877K-1122S,"3/8""""STRAIGHT HB 1GPM  (2/PKG) """,10.86,1,6.02,10.86,WEST,WEST,"3/8""""STRAIGHT HB 1GPM  (2/PKG) """
JAB-1877K-3311S,"3/4""""STRAIGHT GHT 6GPM (1/PKG) """,6.91,1,3.73,6.91,WEST,WEST,"3/4""""STRAIGHT GHT 6GPM (1/PKG) """
JAB-18916-1040,PRESSURE SWITCH KIT 40-PSI,69.09,0,37.23,69.09,WEST,WEST,PRESSURE SWITCH KIT 40-PSI
JAB-22405-0001-P,IMPELLER KIT-NEOPRENE,58.50,0,36.45,58.50,WEST,WEST,IMPELLER KIT-NEOPRENE
JAB-29090-5000,MANUAL COMPACT TOILET,444.19,0,239.38,444.19,WEST,WEST,MANUAL COMPACT TOILET
JAB-29120-5000,MANUAL HOUSEHOLD TOILET,459.99,1,276.79,0.00,WEST,WEST,MANUAL HOUSEHOLD TOILET
JAB-30573-0000,ACCUMULATOR TANK 1-QT,207.25,0,111.69,207.25,WEST,WEST,ACCUMULATOR TANK 1-QT
JAB-31130-0061-P,IMPELLER KIT-NEOPRENE,191.27,0,115.88,191.27,WEST,WEST,IMPELLER KIT-NEOPRENE
JAB-31295-3512-3A,PARMAX-2 12V 2GPM 35PSI PUMP,234.75,0,142.33,234.75,WEST,WEST,PARMAX-2 12V 2GPM 35PSI PUMP
JAB-31395-4012-3A,PARMAX-3 12V 3GPM 40PSI PUMP,253.52,0,136.63,253.52,WEST,WEST,PARMAX-3 12V 3GPM 40PSI PUMP
JAB-31631-0092,12V QUIET FLUSH PM-4 PUMP,368.10,0,198.38,368.10,WEST,WEST,12V QUIET FLUSH PM-4 PUMP
JAB-3298-0000,GASKET,18.32,0,9.87,18.32,WEST,WEST,GASKET
JAB-34060-0010,UTILITY HAND PUMP,134.22,0,72.33,134.22,WEST,WEST,UTILITY HAND PUMP
JAB-35400-0000,"12V BLOWER 4""""HOSE 250CFM      """,423.63,0,256.67,423.63,WEST,WEST,"12V BLOWER 4""""HOSE 250CFM      """
JAB-37010-4092,12V HOUSEHOLD TOILET,1311.00,0,706.53,1311.00,WEST,WEST,12V HOUSEHOLD TOILET
JAB-37040-0000,TOILET SERVICE KIT,151.62,0,81.71,151.62,WEST,WEST,TOILET SERVICE KIT
JAB-37072-0092,PUMP ASSY CE 12V,549.61,0,296.20,549.61,WEST,WEST,PUMP ASSY CE 12V
JAB-37202-2012,12V BILGE/SHOWER PUMP 3.4GPM,666.70,0,359.30,666.70,WEST,WEST,12V BILGE/SHOWER PUMP 3.4GPM
JAB-4156-0000,WEAR PLATE,36.64,0,19.75,36.64,WEST,WEST,WEAR PLATE
JAB-43990-0066,'O'RING KIT,8.95,0,4.82,8.95,WEST,WEST,'O'RING KIT
JAB-44106-1000,VALVE KIT,19.92,1,10.74,19.92,WEST,WEST,VALVE KIT
JAB-45488-0000,Y-VALVE GASKET KIT,65.55,0,35.32,65.55,WEST,WEST,Y-VALVE GASKET KIT
JAB-45490-1000,DIVERTER VALVE,195.56,1,118.48,195.56,WEST,WEST,DIVERTER VALVE
JAB-46400-0010,"PUMP GUARD SNAP-IN 3/4""""H 40MSH""",44.82,1,31.39,44.82,WEST,WEST,"PUMP GUARD SNAP-IN 3/4""""H 40MSH"""
JAB-46400-9500,"PUMP GUARD SNAP-IN 1/2""""H 40MSH""",50.85,0,27.40,50.85,WEST,WEST,"PUMP GUARD SNAP-IN 1/2""""H 40MSH"""
JAB-51510-9001,"BRONZE PEDESTAL PUMP 3/8""""     """,527.02,1,328.51,527.02,WEST,WEST,"BRONZE PEDESTAL PUMP 3/8""""     """
JAB-5616-0001-P,IMPELLER KIT-NEOPRENE,211.62,1,114.05,211.62,WEST,WEST,IMPELLER KIT-NEOPRENE
JAB-58500-0012,LITE FLUSH TOILET W/FT.SW.12V,1758.91,0,947.92,1758.91,WEST,WEST,LITE FLUSH TOILET W/FT.SW.12V
JAB-59451-1012,12V ULTRAMAX MULTI OUTLET,803.79,0,433.18,803.79,WEST,WEST,12V ULTRAMAX MULTI OUTLET
JAB-60020-0000,"3""""X5""""R/C SEARCHLIGHT          """,680.49,0,366.73,680.49,WEST,WEST,"3""""X5""""R/C SEARCHLIGHT          """
JAB-6303-0001-P,IMPELLER KIT-NEOPRENE,62.83,0,33.86,62.83,WEST,WEST,IMPELLER KIT-NEOPRENE
JAB-890-0000,GASKET,8.13,2,4.38,8.13,WEST,WEST,GASKET
JAB-920-0001-P,IMPELLER KIT-NEOPRENE,85.47,1,46.06,85.47,WEST,WEST,IMPELLER KIT-NEOPRENE
JAB-9200-0023-P,IMPELLER KIT,109.89,0,60.53,109.89,WEST,WEST,IMPELLER KIT
JAB-96080-0080,SEAL ASSEMBLY,126.17,0,67.99,126.17,WEST,WEST,SEAL ASSEMBLY
JAB-P501J-115S-3A,PARMAX HD5 12V 5GPM 40PSI PUMP,450.72,0,242.90,450.72,WEST,WEST,PARMAX HD5 12V 5GPM 40PSI PUMP
JAB-P601J-218S-3A,PARMAX HD6 12V 6GPM 60PSI PUMP,488.27,0,300.10,488.27,WEST,WEST,PARMAX HD6 12V 6GPM 60PSI PUMP
JAB-P602J-215S-3A,PARMAX HD6 24V 6GPM 40PSI PUMP,544.62,0,293.51,544.62,WEST,WEST,PARMAX HD6 24V 6GPM 40PSI PUMP
JAB-Q301J-115S-3A,PARMAX HD3 12V 3GPM 40PSI PUMP,309.89,0,167.00,309.89,WEST,WEST,PARMAX HD3 12V 3GPM 40PSI PUMP
JAB-Q401J-115S-3A,PARMAX HD4 12V 4GPM 40PSI PUMP,366.20,0,197.35,366.20,WEST,WEST,PARMAX HD4 12V 4GPM 40PSI PUMP
JAB-Q401J-118N-3A,HOTSHOT HD4 12V 4GPM 60PSI PMP,356.85,0,192.31,356.85,WEST,WEST,HOTSHOT HD4 12V 4GPM 60PSI PMP
JAB-Q402J-115S-3A,PARMAX HD4 24V 4GPM 40PSI PUMP,422.56,0,227.73,422.56,WEST,WEST,PARMAX HD4 24V 4GPM 40PSI PUMP
JON-BACK,1X1-1/4X4 (BLACKFISH),183.13,1,98.69,183.13,WEST,WEST,1X1-1/4X4 (BLACKFISH)
JON-BOAT,1-3/8X1-7/8X5-1/2 (DEVILFISH),272.64,0,146.93,272.64,WEST,WEST,1-3/8X1-7/8X5-1/2 (DEVILFISH)
JON-BOSS,1-1/2X2X6 (FLATFISH),338.14,0,182.23,338.14,WEST,WEST,1-1/2X2X6 (FLATFISH)
KIW-KG-4GP-R,KIWIGRIP GEL GREY 4L W/ROLLER,318.15,0,203.63,318.15,WEST,WEST,KIWIGRIP GEL GREY 4L W/ROLLER
KRY-BOOTIES,KRYTEX BOOTIES,1.95,10,1.05,1.95,WEST,WEST,KRYTEX BOOTIES
KRY-KOOL-LARGE,KOOL COVERALLS BLUE LABEL,20.93,0,11.28,20.93,WEST,WEST,KOOL COVERALLS BLUE LABEL
KRY-KOOL-XLARGE,KOOL COVERALLS BLUE LABEL,20.93,0,11.28,20.93,WEST,WEST,KOOL COVERALLS BLUE LABEL
KUU-11810,6GAL FRONT WATER HTR SIDE MNT,1105.27,0,595.66,1105.27,WEST,WEST,6GAL FRONT WATER HTR SIDE MNT
LEN-15054-001,"ACTUATOR 2 1/4"""" STROKE 6'WIRE """,469.97,0,281.42,469.97,WEST,WEST,"ACTUATOR 2 1/4"""" STROKE 6'WIRE """
LEN-15060-001,102 XD SERIES RAM,697.56,0,417.70,697.46,WEST,WEST,102 XD SERIES RAM
LEN-15096-001,ROCKER SWITCH FOR SINGLE HL,111.84,0,66.97,111.84,WEST,WEST,ROCKER SWITCH FOR SINGLE HL
LEN-15140-001,LOWER MOUNTING BRACKET KIT,47.86,0,28.66,47.86,WEST,WEST,LOWER MOUNTING BRACKET KIT
LIF-152809,"WHT HEAT SHRINK TAPE 2""""X180'  """,16.73,0,9.02,16.73,WEST,WEST,"WHT HEAT SHRINK TAPE 2""""X180'  """
LLB-GPL-2700T,27 SERIES START BATTERY,683.08,1,530.57,683.08,WEST,WEST,27 SERIES START BATTERY
LLB-GPL-30HT,GROUP 30 105AH LIFELINE BATTRY,1030.99,0,743.50,0.00,WEST,WEST,GROUP 30 105AH LIFELINE BATTRY
LLB-GPL-4CT,6V.GC2 220AH LIFELINE BATTERY,718.33,0,545.93,718.33,WEST,WEST,6V.GC2 220AH LIFELINE BATTERY
LLB-GPL-4DL,4D  210AH LIFELINE BATTERY,1290.15,0,1002.08,1290.15,WEST,WEST,4D  210AH LIFELINE BATTERY
LUN-LLB-10WW-2A-BN,10-40V BRU NKL 3.75W WARM WHT,148.23,0,88.94,148.23,WEST,WEST,10-40V BRU NKL 3.75W WARM WHT
LUN-LLB-26FW-21-00,BA15D 10-30V WARM,16.29,4,9.77,16.29,WEST,WEST,BA15D 10-30V WARM
LUN-LLB-33AW-81-OT,4.5W 12V WALL LITE POL.ALUM,111.03,-2,66.62,111.03,WEST,WEST,4.5W 12V WALL LITE POL.ALUM
LUN-LLB-33AW-81-QT,4.5W 12V WALL LITE POL ALUM,111.03,1,66.62,111.03,WEST,WEST,4.5W 12V WALL LITE POL ALUM
LUN-LLB-33FW-81-OT,3W 12/24V WALL LITE CHRM W/USB,155.18,1,93.10,155.18,WEST,WEST,3W 12/24V WALL LITE CHRM W/USB
LUN-LLB-36CW-81-OT,WALLITE CHROME 3W 12-24V W W,165.81,0,99.49,165.81,WEST,WEST,WALLITE CHROME 3W 12-24V W W
LUN-LLB-51M1-81-00,COMPCT IGNPRF ENGRM LITE 3000K,237.08,0,172.44,237.08,WEST,WEST,COMPCT IGNPRF ENGRM LITE 3000K
LUN-LLB-55NN-81-00,13W REPL F/PAR36 SEALED BEAM,197.40,0,118.44,197.40,WEST,WEST,13W REPL F/PAR36 SEALED BEAM
LUN-LLB-57WW-01-00,12V 316SS WRM WHT COURTSY LITE,44.40,4,26.64,44.40,WEST,WEST,12V 316SS WRM WHT COURTSY LITE
LUN-LLB-62WW-81-WH,IN/OUTDR RCESD LITE RND WHT SS,87.35,1,53.95,87.35,WEST,WEST,IN/OUTDR RCESD LITE RND WHT SS
lyn020102000,LYNX POWER IN (M8),193.89,0,143.62,193.89,WEST,WEST,LYNX POWER IN (M8)
LYN034160200,LYNX SMART BMS 500(M8),1246.21,0,923.12,1246.21,WEST,WEST,LYNX SMART BMS 500(M8)
LYN040102100,LYNX SHUNT VE.CAN(M8),488.21,0,361.64,488.21,WEST,WEST,LYNX SHUNT VE.CAN(M8)
LYN060102000,LYNX DISTRIBUTOR M8,276.82,0,205.05,276.82,WEST,WEST,LYNX DISTRIBUTOR M8
MAD-MPS.MA300,MADDOX ANODE 300MM,144.72,0,77.99,144.72,WEST,WEST,MADDOX ANODE 300MM
MAR-10018XL,DELUXE DUAL 24V TRUMPET HORN,428.96,0,231.17,428.96,WEST,WEST,DELUXE DUAL 24V TRUMPET HORN
MAR-104SPP,ADAPTER+ 30 FEM-15 MALE,99.98,4,59.87,99.98,WEST,WEST,ADAPTER+ 30 FEM-15 MALE
MAR-117A,ADAPTOR 50A-F/30A-M,349.35,0,209.19,349.35,WEST,WEST,ADAPTOR 50A-F/30A-M
MAR-12VDUSB,12V DUAL USB SOCKET,30.49,2,20.46,30.49,WEST,WEST,12V DUAL USB SOCKET
MAR-12VRC,12V SOCKET W/CAP,20.46,1,12.25,20.46,WEST,WEST,12V SOCKET W/CAP
MAR-150CCI,CONNECT CHARGE,36.76,0,22.01,36.76,WEST,WEST,CONNECT CHARGE
MAR-164-000-12,UP3 12V DIESEL TRANSFER 4GPM,649.99,0,350.24,0.00,WEST,WEST,UP3 12V DIESEL TRANSFER 4GPM
MAR-301EL-B,EASY LOCK POWER INLET-30A,110.55,0,66.20,110.55,WEST,WEST,EASY LOCK POWER INLET-30A
MAR-303SSEL-B,POWER INLET S/S-30A,171.51,1,102.70,171.51,WEST,WEST,POWER INLET S/S-30A
MAR-305CRMB,REP.INTERIOR FOR 303/301 INLET,47.70,1,28.56,47.70,WEST,WEST,REP.INTERIOR FOR 303/301 INLET
MAR-33012A,"BLACK DELUXE ARM-10""""-14""""      """,74.87,1,40.35,74.87,WEST,WEST,"BLACK DELUXE ARM-10""""-14""""      """
MAR-33037A,"PANTOGRAPHIC ARM 17""""-22""""      """,145.76,0,85.40,145.76,WEST,WEST,"PANTOGRAPHIC ARM 17""""-22""""      """
MAR-33084W,"PREMIER WET ARM 15""""-20""""       """,174.33,2,98.78,174.33,WEST,WEST,"PREMIER WET ARM 15""""-20""""       """
MAR-34000,"BLK.H.D.WIPER 80* 2-1/2""""SHFT  """,437.64,0,235.85,437.64,WEST,WEST,"BLK.H.D.WIPER 80* 2-1/2""""SHFT  """
MAR-34001,"BLK H.D.WIPER 80* 1-1/2""""SHFT  """,487.26,1,262.59,487.26,WEST,WEST,"BLK H.D.WIPER 80* 1-1/2""""SHFT  """
MAR-34018S,"18"""" DELUXE SS WIPER BLADE     """,46.66,1,27.77,46.66,WEST,WEST,"18"""" DELUXE SS WIPER BLADE     """
MAR-34020S,"20"""" DELUXE SS WIPER BLADE     """,54.26,2,29.24,54.26,WEST,WEST,"20"""" DELUXE SS WIPER BLADE     """
MAR-6079,PLASTIC SWITCH/OUTLET BOX,21.89,3,11.80,21.89,WEST,WEST,PLASTIC SWITCH/OUTLET BOX
MAR-6365CRN,MALE PLUG-50AMP/250V,159.95,0,95.78,159.95,WEST,WEST,MALE PLUG-50AMP/250V
MAR-S30-15,ADAP.30A M-LOCKING-20A FEM.STR,80.26,1,52.06,80.26,WEST,WEST,ADAP.30A M-LOCKING-20A FEM.STR
MAX-P102923,AUTO ANCHOR SENSOR/MAGNET KIT,239.23,0,166.32,239.23,WEST,WEST,AUTO ANCHOR SENSOR/MAGNET KIT
MAX-P102938,UP/DOWN ANCHOR SWITCH,81.38,0,55.36,81.38,WEST,WEST,UP/DOWN ANCHOR SWITCH
MAX-SP4153,65'HARNESS F/AUTO ANCH.SYS,128.64,1,89.43,128.64,WEST,WEST,65'HARNESS F/AUTO ANCH.SYS
MEG-M-4364C,BOAT/RV WASH 64OZ,17.82,4,9.21,17.82,WEST,WEST,BOAT/RV WASH 64OZ
MEG-M-4516C,HIGH GLOSS POLISH,29.29,0,15.79,29.29,WEST,WEST,HIGH GLOSS POLISH
MEG-M-4916C,H/DUTY OXIDATION REMOVER 16OZ,29.58,3,15.94,29.58,WEST,WEST,H/DUTY OXIDATION REMOVER 16OZ
MEG-M-5016C,LIQU. 1STEP CLEANER/WAX 16OZ,32.06,0,17.28,32.06,WEST,WEST,LIQU. 1STEP CLEANER/WAX 16OZ
MEG-M-5032C,LIQU. 1STEP CLEANER/WAX 32OZ,48.21,0,25.98,48.21,WEST,WEST,LIQU. 1STEP CLEANER/WAX 32OZ
MEG-M-6316C,FLAGSHIP PREMIUM WAX 16OZ,37.11,6,19.18,37.11,WEST,WEST,FLAGSHIP PREMIUM WAX 16OZ
MEG-M-6332C,FLAGSHIP PREMIUM WAX 32OZ,57.82,0,31.16,57.82,WEST,WEST,FLAGSHIP PREMIUM WAX 32OZ
MEG-M-6732C,ONE STEP COMPOUND 32OZ,71.81,0,38.70,71.81,WEST,WEST,ONE STEP COMPOUND 32OZ
MEG-W-0004,HAND APPLICATOR PADS (4/PKG),11.36,0,6.12,11.36,WEST,WEST,HAND APPLICATOR PADS (4/PKG)
MEP-8002,"3/4""""H.BARB X 3/4""""MALE THREAD  """,5.23,2,2.82,5.23,WEST,WEST,"3/4""""H.BARB X 3/4""""MALE THREAD  """
MEP-8003,"1""""H.BARB X 1""""MALE THREAD      """,8.68,2,4.68,8.68,WEST,WEST,"1""""H.BARB X 1""""MALE THREAD      """
MEP-8005,"1-1/2""""H.BARBX1-1/2""""MALE THREAD""",10.24,2,5.52,10.24,WEST,WEST,"1-1/2""""H.BARBX1-1/2""""MALE THREAD"""
MEP-8835,"3/4""""BARB X 1""""BARB HOSE ADAPTER""",6.30,4,3.39,6.30,WEST,WEST,"3/4""""BARB X 1""""BARB HOSE ADAPTER"""
MEP-8845,"3/4""""BARB X 1-1/4""""BARB H.ADAPTR""",6.30,4,3.46,6.30,WEST,WEST,"3/4""""BARB X 1-1/4""""BARB H.ADAPTR"""
MEP-8855,"1""""BARB X 1""""BARB HOSE ADAPTR   """,6.30,4,3.39,6.30,WEST,WEST,"1""""BARB X 1""""BARB HOSE ADAPTR   """
MEP-8870,"1""""BARB X 1-1/2""""BARB H.ADAPTR  """,6.30,3,3.46,6.30,WEST,WEST,"1""""BARB X 1-1/2""""BARB H.ADAPTR  """
MEP-8901,"1/2""""MPT X 3/4""""BARB ADAPTOR    """,6.30,4,3.39,6.30,WEST,WEST,"1/2""""MPT X 3/4""""BARB ADAPTOR    """
MEP-8920,"1""""MPT X 5/8"""" BARB ADAPTOR     """,6.30,2,3.56,6.30,WEST,WEST,"1""""MPT X 5/8"""" BARB ADAPTOR     """
MGP-R10-626,KAYAK RACK BOAT MOUNTED,351.64,1,309.22,351.64,WEST,WEST,KAYAK RACK BOAT MOUNTED
MHI-GARB-0.500-P,"BRASS GARBOARD DRAIN 1/2""""NPT  """,25.50,2,15.67,25.50,WEST,WEST,"BRASS GARBOARD DRAIN 1/2""""NPT  """
MOE-025436,VOLVO AQUAMATIC WHITE (07422),24.55,1,13.23,24.55,WEST,WEST,VOLVO AQUAMATIC WHITE (07422)
MOE-025491,CRUSADER BLUE (07428),24.55,0,13.01,24.55,WEST,WEST,CRUSADER BLUE (07428)
MOE-025802,ZINC PHOSPHATE GREEN (07439),20.77,0,11.20,20.77,WEST,WEST,ZINC PHOSPHATE GREEN (07439)
MOE-025802-C-1,ZINC PHOSPHATE GREEN,33.60,1,18.11,33.60,WEST,WEST,ZINC PHOSPHATE GREEN
MOE-025802c1,ZINC PHOSPHATE GREEN,33.60,0,17.20,33.60,WEST,WEST,ZINC PHOSPHATE GREEN
MOE-032519,19GAL.BELOW DCK FUELTANK,761.50,0,464.17,761.50,WEST,WEST,19GAL.BELOW DCK FUELTANK
MOE-033410-10,J/E TO 5/16 BARB,11.56,0,6.23,11.56,WEST,WEST,J/E TO 5/16 BARB
MOE-033421-10,"3/8""""BRB M TNK CNCT MRCRY DC/BS""",21.59,2,12.79,21.59,WEST,WEST,"3/8""""BRB M TNK CNCT MRCRY DC/BS"""
MOE-033451-10,3/8 BRB FM TNK CNCT N&T 90HP,31.56,1,17.01,31.56,WEST,WEST,3/8 BRB FM TNK CNCT N&T 90HP
MOE-033470-10,1/4 NPT MALE TANK FITTING YMHA,16.68,2,9.75,16.68,WEST,WEST,1/4 NPT MALE TANK FITTING YMHA
MOE-033477-10,1/4 NPT M TNK CNCT MRCRY 98ENG,19.27,2,10.39,19.27,WEST,WEST,1/4 NPT M TNK CNCT MRCRY 98ENG
MOE-033481-10,3/8 IN BARB FM ENG/TNK CNCT,10.15,1,5.47,10.15,WEST,WEST,3/8 IN BARB FM ENG/TNK CNCT
MOE-034385-10,FLA CLIP MRCRY 2 PRONG 3/8 IN,66.67,2,35.93,66.67,WEST,WEST,FLA CLIP MRCRY 2 PRONG 3/8 IN
MOE-034391-10,FLA BOMBARDIER J&E 3/8 IN ID,63.14,1,38.50,63.14,WEST,WEST,FLA BOMBARDIER J&E 3/8 IN ID
MOE-034394-10,FLA YAMAHA 3/8 IN ID,63.14,0,39.25,63.14,WEST,WEST,FLA YAMAHA 3/8 IN ID
MOE-034395-10,FLA UNIVERSAL 5/16 IN ID,52.62,1,28.36,52.62,WEST,WEST,FLA UNIVERSAL 5/16 IN ID
MOE-034701-10,ALL-IN-1 FUEL LINE ASSY - INTL,87.73,1,47.28,87.73,WEST,WEST,ALL-IN-1 FUEL LINE ASSY - INTL
MOE-035710,PERM.FUELTANK HOLD DN KT(07147,52.62,-1,31.72,52.62,WEST,WEST,PERM.FUELTANK HOLD DN KT(07147
MOE-035728-10,5HOLE GASKET+SCREWS/SEND UNIT,24.79,0,15.03,0.00,WEST,WEST,5HOLE GASKET+SCREWS/SEND UNIT
MOE-035767-10,"17.5""""REED SW SNDR TNK18.5""""DEEP""",221.11,1,119.16,221.11,WEST,WEST,"17.5""""REED SW SNDR TNK18.5""""DEEP"""
MOE-035769-10,"7""""REED SWTCH SNDR TANK 8""""DEEP """,152.67,1,92.61,152.67,WEST,WEST,"7""""REED SWTCH SNDR TANK 8""""DEEP """
MOE-042204,4D BATTERY BOX,266.73,0,143.75,266.73,WEST,WEST,4D BATTERY BOX
MOE-042213,24-SERIES BATTERY BOX  (07258),21.03,0,11.33,21.03,WEST,WEST,24-SERIES BATTERY BOX  (07258)
MOE-042214,27-30-31-SER.BATTERY BOX,27.00,0,14.55,27.00,WEST,WEST,27-30-31-SER.BATTERY BOX
MOE-099076-00,UNIV ROUND CUP MOTORFLUSHER,8.75,3,4.72,8.75,WEST,WEST,UNIV ROUND CUP MOTORFLUSHER
MOE-099077-00,UNIV RECTANG CUP MOTORFLUSHER,14.01,2,8.57,14.01,WEST,WEST,UNIV RECTANG CUP MOTORFLUSHER
MOE-099080-00,VOLVO ROUND CUP MOTOR FLUSHER,22.08,0,12.90,22.08,WEST,WEST,VOLVO ROUND CUP MOTOR FLUSHER
MOE-380160,DUAL WATER FEED UNIV MOTRFLUSH,49.11,1,29.07,49.11,WEST,WEST,DUAL WATER FEED UNIV MOTRFLUSH
MOE-395059-110SC,"11"""" SENDER FOR 12"""" TANK (BULK)""",204.14,2,110.02,204.14,WEST,WEST,"11"""" SENDER FOR 12"""" TANK (BULK)"""
MOE-395059-210SC,"21"""" SENDER FOR 22"""" TANK (BULK)""",224.99,0,133.06,0.00,WEST,WEST,"21"""" SENDER FOR 22"""" TANK (BULK)"""
MOE-395059-220S,"22"""" SENDER FOR 23"""" TANK (BULK)",195.26,0,110.02,195.26,WEST,WEST,"22"""" SENDER FOR 23"""" TANK (BULK)"
MPS-903001,"VENTED LOOP MF-842 3/4""""       """,50.94,0,27.45,50.94,WEST,WEST,"VENTED LOOP MF-842 3/4""""       """
MPS-903002,REPLACEMNT VENT ASSEM MF-841,20.96,0,11.29,20.96,WEST,WEST,REPLACEMNT VENT ASSEM MF-841
MPS-903008,"VENTED LOOP MF-845 1/2""""       """,62.94,0,33.92,62.94,WEST,WEST,"VENTED LOOP MF-845 1/2""""       """
MPS-906025,"H-BARB T-HULL CF-253-S-3/4""""   """,34.44,0,18.56,34.44,WEST,WEST,"H-BARB T-HULL CF-253-S-3/4""""   """
MPS-906067,GASKET SET,54.31,0,29.27,54.31,WEST,WEST,GASKET SET
MPS-920178,COVER ONLY (LID)- STRAINER,92.92,0,50.08,92.92,WEST,WEST,COVER ONLY (LID)- STRAINER
MRE-CM-CF-CF,MICRO/MID TEE,35.71,0,28.57,35.71,WEST,WEST,MICRO/MID TEE
MRE-DM-DB1-DF-02,MID CBL.DBL-END CORDSET-2M BLU,48.79,0,39.03,48.79,WEST,WEST,MID CBL.DBL-END CORDSET-2M BLU
MRE-DM-DB1-DF-06,MID CBL.DBL-END CORDSET-6M BLU,66.93,0,53.54,66.93,WEST,WEST,MID CBL.DBL-END CORDSET-6M BLU
MRE-DSM410-01,"4.1""""HI-BRIGHT CLR DISPLAY(BLK)""",863.84,0,691.07,863.84,WEST,WEST,"4.1""""HI-BRIGHT CLR DISPLAY(BLK)"""
MRE-IT-CM-CF,MICRO/MID INLINE TERMIN RES,30.49,0,24.39,30.49,WEST,WEST,MICRO/MID INLINE TERMIN RES
MRE-TLM100-01,"TANK LEVEL MONITOR(40""""DEPTH)  """,326.68,0,261.34,326.68,WEST,WEST,"TANK LEVEL MONITOR(40""""DEPTH)  """
MSV-44311005,CHARGEMSTER+ 12/100 CZONE/MBUS,2952.17,0,2186.79,2952.17,WEST,WEST,CHARGEMSTER+ 12/100 CZONE/MBUS
MSV-61004000,AGM BATTERY 6V/400AH,1037.85,0,500.00,1037.85,WEST,WEST,AGM BATTERY 6V/400AH
MSV-77010310,MASTERVIEW EASYVIEW 5,641.59,0,475.25,641.59,WEST,WEST,MASTERVIEW EASYVIEW 5
MSV-77020115,MASTERSHUNT,595.96,0,441.45,595.96,WEST,WEST,MASTERSHUNT
MTI-70-742-WT,COMBO.PROPANE & CO DETECTOR,201.74,1,108.72,201.74,WEST,WEST,COMBO.PROPANE & CO DETECTOR
MUS-MA7114,TYPE E REARM KIT AUTO/MANUAL,45.41,3,30.89,45.41,WEST,WEST,TYPE E REARM KIT AUTO/MANUAL
MUS-MD3157,AUTO INFL.ORNG.HIT.LIFEJACKET,531.42,0,361.51,531.42,WEST,WEST,AUTO INFL.ORNG.HIT.LIFEJACKET
MUS-MD4031-04,M.I.T 70 INF PFD MANUAL RED,165.17,0,112.36,165.17,WEST,WEST,M.I.T 70 INF PFD MANUAL RED
MUS-MV3119RPL,2-POCKET VEST W/RADIO POCKET,128.46,0,87.39,128.46,WEST,WEST,2-POCKET VEST W/RADIO POCKET
NBR-XLE014WB,"1/4"""" XLE PERFORMER - WHT/2BLU",0.63,0,0.35,0.63,WEST,WEST,"1/4"""" XLE PERFORMER - WHT/2BLU"
NGK-BPR6EFS,3623-3534 SPARK PLUG,6.10,6,4.56,6.10,WEST,WEST,3623-3534 SPARK PLUG
NGK-BPZ8HS-10,3133 SPARK PLUG,22.40,0,11.20,22.40,WEST,WEST,3133 SPARK PLUG
NGK-BR6ES,4922-5371 SPARK PLUG,7.02,1,4.07,7.02,WEST,WEST,4922-5371 SPARK PLUG
NGK-BR6FS,4323 SPARK PLUG,6.38,16,3.59,6.38,WEST,WEST,4323 SPARK PLUG
NGK-CR5EH-9,6689 SPARK PLUG,22.96,2,12.70,22.96,WEST,WEST,6689 SPARK PLUG
NGK-CR5HSB,6535 SPARK PLUG,7.02,0,3.95,7.02,WEST,WEST,6535 SPARK PLUG
NGK-DCPR6E,3481 SPARK PLUG,9.34,0,4.67,9.34,WEST,WEST,3481 SPARK PLUG
NGK-DPR6EA-9,5531-3685 SPARK PLUG,7.34,2,4.13,7.34,WEST,WEST,5531-3685 SPARK PLUG
NGK-GR5,2851-7537 SPARK PLUG,6.38,0,3.69,6.38,WEST,WEST,2851-7537 SPARK PLUG
NGK-ILFR6G-E,4212 LASER IRIDIUM SPARK PLUG,34.24,8,19.66,34.24,WEST,WEST,4212 LASER IRIDIUM SPARK PLUG
NGK-ITR4A15,5599 SPARK PLUG,21.84,0,14.74,21.84,WEST,WEST,5599 SPARK PLUG
NGK-LFR4A-E,6499 SPARK PLUG,17.44,0,11.68,17.44,WEST,WEST,6499 SPARK PLUG
NGK-LFR6A-11,3672 SPARK PLUG,16.98,10,10.10,16.98,WEST,WEST,3672 SPARK PLUG
NGK-LKAR7C-9,93961 SPARK PLUG,20.04,0,11.71,20.04,WEST,WEST,93961 SPARK PLUG
NGK-PZFR5F-11,4363 SPARK PLUG,30.94,0,15.47,30.94,WEST,WEST,4363 SPARK PLUG
NGK-TR5,2238-7837 SPARK PLUG,6.38,4,3.19,6.38,WEST,WEST,2238-7837 SPARK PLUG
NGK-TR55IX,7164 SPARK PLUG,20.76,8,14.17,20.76,WEST,WEST,7164 SPARK PLUG
NGK-YR5,7052-5334 SPARK PLUG,6.38,12,3.19,6.38,WEST,WEST,7052-5334 SPARK PLUG
NOV-R1200ACDC,1.2 CU.BR.S/S FRIDGE AC/DC,1756.89,0,1348.08,1756.89,WEST,WEST,1.2 CU.BR.S/S FRIDGE AC/DC
NOV-R2600ACDC,2.4 CU.FT.FRIDGE AC/DC,1627.41,0,1189.26,1627.41,WEST,WEST,2.4 CU.FT.FRIDGE AC/DC
NOV-RFS7501DC,7.5CU FT SIDE/SIDE FRIDGE/FRZR,2308.87,0,1687.25,2308.87,WEST,WEST,7.5CU FT SIDE/SIDE FRIDGE/FRZR
NOV-RFU9000ACDC,9.1 CU.FT.FRIDGE AC/DC,3147.74,0,2300.27,3147.74,WEST,WEST,9.1 CU.FT.FRIDGE AC/DC
NRC-DT1H,DEPTHTRAX HANDHELD DEPTH FINDR,177.18,0,105.25,177.18,WEST,WEST,DEPTHTRAX HANDHELD DEPTH FINDR
NSI-CABLECAPS,CABLE CAPS,3.39,0,2.03,3.39,WEST,WEST,CABLE CAPS
OCE-012102W,SPORT SERIES S3116 WHITE,673.51,0,497.25,673.51,WEST,WEST,SPORT SERIES S3116 WHITE
OCE-D3009W,DISCOVER D3 WHITE,372.30,0,249.99,372.30,WEST,WEST,DISCOVER D3 WHITE
OCT-OCTAFG1012,1L-12V GEAR PUMP,770.96,0,579.67,770.96,WEST,WEST,1L-12V GEAR PUMP
PEL-PL-6000,OIL EXTRACTOR 6.0L,115.95,0,62.49,115.95,WEST,WEST,OIL EXTRACTOR 6.0L
PEL-PL-650,OIL EXTRACTOR 6.5L,186.17,0,100.33,186.17,WEST,WEST,OIL EXTRACTOR 6.5L
PEL-PL-6503TU,REPL.HOSES FOR PL-650,43.05,0,23.20,43.05,WEST,WEST,REPL.HOSES FOR PL-650
PEL-PL-THR-ADP,THREADED ADAPTER FOR MERC,21.53,0,11.60,21.53,WEST,WEST,THREADED ADAPTER FOR MERC
PER-110-000-BLK,MASTHEAD LIGHT,219.74,0,118.42,219.74,WEST,WEST,MASTHEAD LIGHT
PER-1177-DP-CHR,CHROME DOOR STOP,20.69,2,11.15,20.69,WEST,WEST,CHROME DOOR STOP
PER-1197-DP-CHR,MAST/ALL-ROUND LIGHT-NO BASE,86.14,1,46.42,86.14,WEST,WEST,MAST/ALL-ROUND LIGHT-NO BASE
PER-1220-DP-CHR,LIFTING HANDLE CHR/ZINC,41.63,0,22.44,41.63,WEST,WEST,LIFTING HANDLE CHR/ZINC
PER-1269-DP-99A,WASTE CAP W/ O-RING,28.42,2,15.32,28.42,WEST,WEST,WASTE CAP W/ O-RING
PER-135,BASE + SOCKET ASSEMBLY,63.18,0,34.05,63.18,WEST,WEST,BASE + SOCKET ASSEMBLY
PER-140-DP-NYN,NYLON UTILITY LIGHT,20.69,0,11.15,20.69,WEST,WEST,NYLON UTILITY LIGHT
PER-1637-DP-CHR,"ALL-ROUND LIGHT VERT 14""""      """,84.37,1,49.81,84.37,WEST,WEST,"ALL-ROUND LIGHT VERT 14""""      """
PER-200-BB-DP1,BI-COLOUR LIGHT BASE/MT 12V,252.54,0,179.10,252.54,WEST,WEST,BI-COLOUR LIGHT BASE/MT 12V
PER-200-SWB-DP1,ALL-ROUND LIGHT BASE/MT 12V,252.54,0,136.10,252.54,WEST,WEST,ALL-ROUND LIGHT BASE/MT 12V
PER-227-DP-CHR,BI-COLOUR LIGHT 12V,88.58,1,47.74,88.58,WEST,WEST,BI-COLOUR LIGHT 12V
PER-253-W-DP1,SIDE LIGHT H/MT 12V WHT,140.01,0,75.46,140.01,WEST,WEST,SIDE LIGHT H/MT 12V WHT
PER-254-W-DP1,SIDE LIGHT V/MT 12V WHT,141.43,0,100.30,141.43,WEST,WEST,SIDE LIGHT V/MT 12V WHT
PER-328-06A-BLK,"1-1/8""""PLST THRU-HULL CONN BLK """,20.99,3,12.29,20.99,WEST,WEST,"1-1/8""""PLST THRU-HULL CONN BLK """
PER-328-DP4,"PLASTIC THRU-HULL 1/2""""        """,7.58,3,4.45,7.58,WEST,WEST,"PLASTIC THRU-HULL 1/2""""        """
PER-328-DP6,"PLASTIC THRU-HULL 1""""          """,9.10,2,4.90,9.10,WEST,WEST,"PLASTIC THRU-HULL 1""""          """
PER-328-DP6A,PLASTIC THRUHULL 1-1/8,12.37,3,6.67,12.37,WEST,WEST,PLASTIC THRUHULL 1-1/8
PER-328-DP8,PLASTIC THRUHULL 1-1/2,14.63,3,7.88,14.63,WEST,WEST,PLASTIC THRUHULL 1-1/2
PER-456-DP7,"""""FLUSHPRO""""VALVE 1-1/4""""        """,254.71,1,144.77,254.71,WEST,WEST,"""""FLUSHPRO""""VALVE 1-1/4""""        """
PER-493-DP7-99M,CORK GASKET KIT (493#6+7),49.20,1,26.51,49.20,WEST,WEST,CORK GASKET KIT (493#6+7)
PER-493-DP7-99R,RUBBER GASKET KIT (493#6+7),50.23,1,27.07,50.23,WEST,WEST,RUBBER GASKET KIT (493#6+7)
PER-500-DP9-99M,CORK GASKET KIT (500#9+10+11),89.11,0,48.02,89.11,WEST,WEST,CORK GASKET KIT (500#9+10+11)
PER-516-DP,AGC PANEL MOUNT FUSE HLDR,26.44,2,14.25,26.44,WEST,WEST,AGC PANEL MOUNT FUSE HLDR
PER-520-DPG-CHR,"1-1/2""""DECK FILL-GAS           """,245.12,0,139.35,245.12,WEST,WEST,"1-1/2""""DECK FILL-GAS           """
PER-567-DP-CHR,TUBULAR LATCH SET,228.29,0,123.03,228.29,WEST,WEST,TUBULAR LATCH SET
PER-71-DP-CLR,12V-10W BULB  (2/CARD),23.85,1,14.68,23.85,WEST,WEST,12V-10W BULB  (2/CARD)
PER-711-003-ROC,FLUSH LATCH SET,717.18,0,515.90,717.18,WEST,WEST,FLUSH LATCH SET
PER-714-DP1-PLB,GARBOARD DRAIN PLUG,73.85,1,42.61,73.85,WEST,WEST,GARBOARD DRAIN PLUG
PER-8504-DP,BAT SWITCH 4POS 250A W/FD+KEY,140.56,0,75.75,140.56,WEST,WEST,BAT SWITCH 4POS 250A W/FD+KEY
PER-86-DP2-PLB,"BRZ.ROUND STRAINER 3""""         """,44.34,0,23.89,44.34,WEST,WEST,"BRZ.ROUND STRAINER 3""""         """
PER-86-DP3-PLB,"BRZ.ROUND STRAINER 3-1/2""""     """,41.63,0,22.44,41.63,WEST,WEST,"BRZ.ROUND STRAINER 3-1/2""""     """
PER-869-000-STS,FASTENER STUD,201.87,0,108.79,201.87,WEST,WEST,FASTENER STUD
PER-896-000-NKL,BUTTON FASTENER,86.49,1,44.28,86.49,WEST,WEST,BUTTON FASTENER
PER-898-000-NKL,SOCKET FASTENER,80.14,1,41.03,80.14,WEST,WEST,SOCKET FASTENER
PER-960-DP-CHR,MORTISE LATCH SET,203.14,0,109.48,203.14,WEST,WEST,MORTISE LATCH SET
PER-9603-DP,BAT SWITCH 250A 2POS W/FD,138.21,1,81.60,138.21,WEST,WEST,BAT SWITCH 250A 2POS W/FD
PIC-4000-PR,8GA BARREL LUG BRAZED (2),2.45,0,1.40,2.45,WEST,WEST,8GA BARREL LUG BRAZED (2)
PIC-4100-PR,6GA BARREL LUG    (2),4.49,0,2.56,4.49,WEST,WEST,6GA BARREL LUG    (2)
PIC-5143-C,"3/4""""BLK CONVOLUTED TUBE(100)  """,57.06,0,32.46,57.06,WEST,WEST,"3/4""""BLK CONVOLUTED TUBE(100)  """
PIC-5900-C,16-14 HEAT SHRINK BUTT (100),60.20,0,34.25,60.20,WEST,WEST,16-14 HEAT SHRINK BUTT (100)
PIC-6120-BP,"5/8""""X1/2"""" GROMMET(3)          """,3.17,0,1.80,3.17,WEST,WEST,"5/8""""X1/2"""" GROMMET(3)          """
PIC-6121-BP,"21/32""""X25/64"""" GROMMET (2)     """,3.17,0,1.80,3.17,WEST,WEST,"21/32""""X25/64"""" GROMMET (2)     """
PIC-6122-BP,"7/8""""X5/8"""" GROMMET     (2)     """,3.17,0,1.80,3.17,WEST,WEST,"7/8""""X5/8"""" GROMMET     (2)     """
PIC-6SF-E,ATO FUSE KIT 100PC,35.70,0,22.17,35.70,WEST,WEST,ATO FUSE KIT 100PC
PIC-7081-C,"1.15""""ADHESIVE CABL TIE MNT(100""",60.49,0,35.78,60.49,WEST,WEST,"1.15""""ADHESIVE CABL TIE MNT(100"""
PIC-7183-0-36,#8 BLK MOUNT TAB  (100),54.66,0,32.34,54.66,WEST,WEST,#8 BLK MOUNT TAB  (100)
PIC-7183-6-34,#8 NAT.SCREW TIE MOUNT (25),14.63,0,8.32,14.63,WEST,WEST,#8 NAT.SCREW TIE MOUNT (25)
PIC-7317-C,"R.INS.CLAMP 5/8"""" (100)        """,100.52,0,57.18,100.52,WEST,WEST,"R.INS.CLAMP 5/8"""" (100)        """
PIC-7318-PK,"R.INS.CLAMP 3/4""""  (20)        """,26.99,0,15.35,26.99,WEST,WEST,"R.INS.CLAMP 3/4""""  (20)        """
PIC-7320-PK,"R.INS.CLAMP 1""""    (13)        """,21.46,0,12.21,21.46,WEST,WEST,"R.INS.CLAMP 1""""    (13)        """
PIC-7990-34,2W FEM.HOUSE/WEDGE LOCK(10),25.17,1,14.90,25.17,WEST,WEST,2W FEM.HOUSE/WEDGE LOCK(10)
PIC-7991-34,2W MAL.HOUSE/WEDGE LOCK(10),38.44,1,22.76,38.44,WEST,WEST,2W MAL.HOUSE/WEDGE LOCK(10)
PIC-839-BP,TEST CLIPS,4.76,0,2.71,4.76,WEST,WEST,TEST CLIPS
PIC-840-11,50 AMP RED TEST CLIP,2.44,0,1.39,2.44,WEST,WEST,50 AMP RED TEST CLIP
PIC-841-11,50 AMP BLACK TEST CLIP,2.44,0,1.39,2.44,WEST,WEST,50 AMP BLACK TEST CLIP
PIC-950-11,10GA FUSE HOLDER 3-40A,8.99,2,5.02,0.00,WEST,WEST,10GA FUSE HOLDER 3-40A
PIC-964-BP,ATO 10 FUSE-RED (5),4.93,0,2.49,4.93,WEST,WEST,ATO 10 FUSE-RED (5)
PLU-3/4COPPER,ALL ROUND STRAPING 25',66.73,1,26.81,66.73,WEST,WEST,ALL ROUND STRAPING 25'
PLU-BB-1-1/4X3/4,BRASS BUSHING,31.88,0,18.71,31.88,WEST,WEST,BRASS BUSHING
PLU-BB1-1/2X1-1/4,BRASS BUSHING,32.60,3,25.42,32.60,WEST,WEST,BRASS BUSHING
PLU-BB1X3/4,BRASS BUSHING,15.48,1,8.34,15.48,WEST,WEST,BRASS BUSHING
PLU-BB2-1/2X2,BRASS BUSHING,117.20,2,63.16,117.20,WEST,WEST,BRASS BUSHING
PLU-BB3X2-1/2,BRASS BUSHING,206.55,0,111.31,206.55,WEST,WEST,BRASS BUSHING
PLU-BCA1,BRASS CAP,17.32,0,9.33,17.32,WEST,WEST,BRASS CAP
PLU-BCA1-1/2,BRASS CAP,49.23,0,26.53,49.23,WEST,WEST,BRASS CAP
PLU-BCA1-1/4,BRASS CAP,37.51,2,20.21,37.51,WEST,WEST,BRASS CAP
PLU-BCA3/4,BRASS CAP,14.96,3,8.06,14.96,WEST,WEST,BRASS CAP
PLU-BE-1X90,BRASS 90 ELBOW,46.63,2,26.87,46.63,WEST,WEST,BRASS 90 ELBOW
PLU-BE1-1/2X90,BRASS 90 ELBOW,57.77,2,52.70,57.77,WEST,WEST,BRASS 90 ELBOW
PLU-BN-1-1/4X2,113 J2 BRASS NIPPLE,54.56,1,31.72,54.56,WEST,WEST,113 J2 BRASS NIPPLE
PLU-BN1-1/2XCL,112K BRASS NIPPLE,58.83,1,31.71,58.83,WEST,WEST,112K BRASS NIPPLE
PLU-BN1/2XCL,112D BRASS NIPPLE,3.79,1,2.23,3.79,WEST,WEST,112D BRASS NIPPLE
PLU-BT-1-1/4,BRASS TEE,89.81,0,47.92,89.81,WEST,WEST,BRASS TEE
PLU-SS3/4X90,316 S/S STREET ELBOW *,14.30,0,7.70,14.30,WEST,WEST,316 S/S STREET ELBOW *
POL-A-2RED,"RED BUOY 45.5""""CIRC            """,126.64,0,68.25,126.64,WEST,WEST,"RED BUOY 45.5""""CIRC            """
POL-CM-2WH-STR,"WHITE & BLUE BUOY 44.5""""CIRC   """,357.28,0,192.55,357.28,WEST,WEST,"WHITE & BLUE BUOY 44.5""""CIRC   """
POL-EFC-2BLACK,"FENDER COVER G5, HTM2, F2     """,104.69,1,56.42,104.69,WEST,WEST,"FENDER COVER G5, HTM2, F2     """
POL-G-2BLACK,"BLACK FENDER 4.5""""X15.5""""       """,38.66,4,20.83,38.66,WEST,WEST,"BLACK FENDER 4.5""""X15.5""""       """
POL-G-2BLUE,"BLUE FENDER 4.5""""X15.5""""        """,38.66,0,20.83,38.66,WEST,WEST,"BLUE FENDER 4.5""""X15.5""""        """
POL-G-2WHITE,"WHITE FENDER 4.5""""X15.5""""       """,35.20,3,20.83,35.20,WEST,WEST,"WHITE FENDER 4.5""""X15.5""""       """
POL-G-3BLACK,"BLACK FENDER 5.5""""X19""""         """,46.56,1,25.09,46.56,WEST,WEST,"BLACK FENDER 5.5""""X19""""         """
POL-G-3WHITE,"WHITE FENDER 5.5""""X19""""         """,46.56,3,25.09,46.56,WEST,WEST,"WHITE FENDER 5.5""""X19""""         """
POL-G-4BLACK,"BLACK FENDER 6.5""""X22""""         """,64.23,1,34.61,64.23,WEST,WEST,"BLACK FENDER 6.5""""X22""""         """
POL-G-4WHITE,"WHITE FENDER 6.5""""X22""""         """,70.56,1,38.02,70.56,WEST,WEST,"WHITE FENDER 6.5""""X22""""         """
POL-G-6-COB-BLUE,"COBALT BLUE FENDER 11""""X30""""    """,179.69,1,96.84,179.69,WEST,WEST,"COBALT BLUE FENDER 11""""X30""""    """
POL-HTM-2BLACK,"BLACK FENDER 8""""X20""""           """,120.74,0,65.07,120.74,WEST,WEST,"BLACK FENDER 8""""X20""""           """
POW-24M-7,START BAT 12V 1000MCA 130RM,240.94,0,188.60,240.94,WEST,WEST,START BAT 12V 1000MCA 130RM
POW-8A24M,AGM BAT 12V 735MCA 135RM,455.10,0,345.88,455.10,WEST,WEST,AGM BAT 12V 735MCA 135RM
POW-8A27M,AGM BAT 12V 900MCA 185RM,535.79,0,407.20,535.79,WEST,WEST,AGM BAT 12V 900MCA 185RM
POW-8A31DT,AGM BAT 12V 1000MCA 210RM,576.01,0,437.77,576.01,WEST,WEST,AGM BAT 12V 1000MCA 210RM
POW-8A4D,AGM BAT 12V 1420MCA 380RM,1040.54,0,790.81,1040.54,WEST,WEST,AGM BAT 12V 1420MCA 380RM
POW-DP24,DUAL BAT 12V 675MCA 140RM,201.35,0,153.03,201.35,WEST,WEST,DUAL BAT 12V 675MCA 140RM
PRO-05503,24V TO 12V BATTERY CHARGER,1070.10,0,576.70,1070.10,WEST,WEST,24V TO 12V BATTERY CHARGER
PRO-05504,12V-12V BATT TO BATT CHARGER,1011.64,0,545.19,1011.64,WEST,WEST,12V-12V BATT TO BATT CHARGER
PRO-05505,DIGITAL MOBILE CHARGE40 12-24V,1011.64,0,545.19,1011.64,WEST,WEST,DIGITAL MOBILE CHARGE40 12-24V
PRO-06120,1200W 12V MODIFIED SINE INVERT,761.80,0,410.55,761.80,WEST,WEST,1200W 12V MODIFIED SINE INVERT
PRO-06150,1500W 12V MODIFIED SINE INVERT,812.59,0,437.92,812.59,WEST,WEST,1500W 12V MODIFIED SINE INVERT
PRO-07100,1000W 12V PURE SINE INVERTER,1142.76,0,615.86,1142.76,WEST,WEST,1000W 12V PURE SINE INVERTER
PRO-1-70-2,BATTERY ISOTR 1 ALT-2 BATT 70A,209.94,0,113.14,209.94,WEST,WEST,BATTERY ISOTR 1 ALT-2 BATT 70A
PRO-1251C,GRILL CLEANER KIT,21.97,0,13.04,21.97,WEST,WEST,GRILL CLEANER KIT
PRO-1251F,GRILL CLEANER KIT 24PC DISPLAY,527.15,0,313.00,527.15,WEST,WEST,GRILL CLEANER KIT 24PC DISPLAY
PRO-147221K,X MUFFLER KIT,639.62,0,556.19,639.62,WEST,WEST,X MUFFLER KIT
PRO-149160K,X30 FUEL PUMP ASSY,553.84,0,481.60,553.84,WEST,WEST,X30 FUEL PUMP ASSY
PRO-149307K,EXT BACKBONE 16' CW/CAN DUST,73.52,0,63.93,73.52,WEST,WEST,EXT BACKBONE 16' CW/CAN DUST
PRO-149308K,EXT.BACKBONE 25'C/W CAN DUST,91.90,0,79.91,91.90,WEST,WEST,EXT.BACKBONE 25'C/W CAN DUST
PRO-149417K,CAN 'T' CONNECTOR,33.09,0,28.77,33.09,WEST,WEST,CAN 'T' CONNECTOR
PRO-149460K,X30 COOLANT PUMP,592.03,0,514.81,592.03,WEST,WEST,X30 COOLANT PUMP
PRO-149506K,"KIT HDWR 3/16""""FUEL FIT SLV&NUT""",15.93,0,13.85,15.93,WEST,WEST,"KIT HDWR 3/16""""FUEL FIT SLV&NUT"""
PRO-149600K,X30 SOUND REDUCTION KIT,432.53,0,376.11,432.53,WEST,WEST,X30 SOUND REDUCTION KIT
PRO-149675K,FITTING KIT ELBOW ORB,67.39,0,58.60,67.39,WEST,WEST,FITTING KIT ELBOW ORB
PRO-149912K,X30 HARNESS CP RELAY 12V,265.89,0,231.21,265.89,WEST,WEST,X30 HARNESS CP RELAY 12V
PRO-2-130-2,2ALT.2BATT ISOLATOR 130 AMP,606.99,0,327.12,606.99,WEST,WEST,2ALT.2BATT ISOLATOR 130 AMP
PRO-2-130-3,2ALT.3BATT ISOLATOR 130 AMP,879.34,0,473.89,879.34,WEST,WEST,2ALT.3BATT ISOLATOR 130 AMP
PRO-200610K,M AIR FILTER,68.92,0,59.93,68.92,WEST,WEST,M AIR FILTER
PRO-200691K,M DIAPHRAGM COMPR.REBUILD KIT,571.30,0,496.78,571.30,WEST,WEST,M DIAPHRAGM COMPR.REBUILD KIT
PRO-22034,PROSAFE-2 30-AMP GALV.ISOLATOR,635.47,0,342.47,635.47,WEST,WEST,PROSAFE-2 30-AMP GALV.ISOLATOR
PRO-22074,PROSAFE 60AMP GALV. ISOLATOR,947.34,0,510.54,947.34,WEST,WEST,PROSAFE 60AMP GALV. ISOLATOR
PRO-23121,PRO ISOCHARGE 120A 1-ALT 1-BAT,320.32,0,172.63,320.32,WEST,WEST,PRO ISOCHARGE 120A 1-ALT 1-BAT
PRO-23123,PROISOCHARGE 250 1-2,415.06,0,223.69,415.06,WEST,WEST,PROISOCHARGE 250 1-2
PRO-23124,PRO ISOCHARGE 120AMP 1ALT-3BAT,343.37,0,185.05,343.37,WEST,WEST,PRO ISOCHARGE 120AMP 1ALT-3BAT
PRO-23125,PRO ISOCHARGE 180AMP 1ALT-3BAT,439.59,0,236.91,439.59,WEST,WEST,PRO ISOCHARGE 180AMP 1ALT-3BAT
PRO-23126,PRO ISOCHARGE 250AMP 1ALT-3BAT,504.06,0,271.65,504.06,WEST,WEST,PRO ISOCHARGE 250AMP 1ALT-3BAT
PRO-23127,PROISOCHARGE 130 2/4,632.90,0,341.08,632.90,WEST,WEST,PROISOCHARGE 130 2/4
PRO-2400C,GRILL CLEANING WIPES 40CT,17.49,0,10.38,17.49,WEST,WEST,GRILL CLEANING WIPES 40CT
PRO-3031C,GRILL BRUSH W/3 WIPES,11.94,0,7.09,11.94,WEST,WEST,GRILL BRUSH W/3 WIPES
PRO-31505,DIGITAL BATT CHARG 5AMP 1BANK,186.41,0,100.46,186.41,WEST,WEST,DIGITAL BATT CHARG 5AMP 1BANK
PRO-31510,DIGITAL BATT CHRG 10AMP 2BANK,290.00,0,156.28,290.00,WEST,WEST,DIGITAL BATT CHRG 10AMP 2BANK
PRO-31515,DIGITAL BATT CHRG 15AMP 3BANK,372.84,0,200.93,372.84,WEST,WEST,DIGITAL BATT CHRG 15AMP 3BANK
PRO-44001,PROSPORT 1.5A MAINTAINER 120V,72.16,0,38.89,72.16,WEST,WEST,PROSPORT 1.5A MAINTAINER 120V
PRO-44006,PROSPORT HD GEN4 6 AMP CHARGER,230.51,0,124.23,230.51,WEST,WEST,PROSPORT HD GEN4 6 AMP CHARGER
PRO-44008,PROSPORT HD GEN4 8 AMP CHARGER,291.06,0,156.86,291.06,WEST,WEST,PROSPORT HD GEN4 8 AMP CHARGER
PRO-44012,PROSPORT HD GEN4 12 AMP 2BNK,359.07,0,203.46,359.07,WEST,WEST,PROSPORT HD GEN4 12 AMP 2BNK
PRO-44020,PROSPORT HD GEN4 20 AMP 2BNK,424.76,0,240.69,424.76,WEST,WEST,PROSPORT HD GEN4 20 AMP 2BNK
PRO-44021,PROSPORT HD GEN4 20 AMP 3BNK,449.55,-1,242.27,449.55,WEST,WEST,PROSPORT HD GEN4 20 AMP 3BNK
PRO-44023,PROSPORT HD GEN6 6 AMP CHARGER,327.65,0,176.58,327.65,WEST,WEST,PROSPORT HD GEN6 6 AMP CHARGER
PRO-44026,PROSPORT HD 12 - PFC,421.29,0,227.04,421.29,WEST,WEST,PROSPORT HD 12 - PFC
PRO-44028,PROSPORT HD GEN6 20 AMP CHARGR,561.67,0,302.70,561.67,WEST,WEST,PROSPORT HD GEN6 20 AMP CHARGR
PRO-5020C,SLIDE & SERVE SKEWERS 2PACK,22.93,0,13.61,22.93,WEST,WEST,SLIDE & SERVE SKEWERS 2PACK
PRO-51060,BATTERY MONITOR,127.99,0,68.98,127.99,WEST,WEST,BATTERY MONITOR
PRO-51200F,AC PLUG HOLDER WHT,28.74,0,15.49,28.74,WEST,WEST,AC PLUG HOLDER WHT
PRO-51300,BLK UNIVERSAL AC PLUG HOLDER,24.82,0,13.37,24.82,WEST,WEST,BLK UNIVERSAL AC PLUG HOLDER
PRO-51805,5'UNIVERSAL DC CABLE EXTENDER,51.95,0,28.00,51.95,WEST,WEST,5'UNIVERSAL DC CABLE EXTENDER
PRO-51815,15'UNIVERSAL DC CABLE EXTENDER,81.61,0,43.98,81.61,WEST,WEST,15'UNIVERSAL DC CABLE EXTENDER
PRO-52024,PROTOURN-ELITE 24A-2BK CHARGER,653.05,0,351.94,653.05,WEST,WEST,PROTOURN-ELITE 24A-2BK CHARGER
PRO-52026,PROTOURN-ELITE 24A-3BK CHARGER,725.62,0,391.05,725.62,WEST,WEST,PROTOURN-ELITE 24A-3BK CHARGER
PRO-52032,PROTOURN-ELITE 36A-2BK CHARGER,899.56,0,484.79,899.56,WEST,WEST,PROTOURN-ELITE 36A-2BK CHARGER
PRO-52036,PROTOURN-ELITE 36A-3BK CHARGER,967.50,0,521.41,967.50,WEST,WEST,PROTOURN-ELITE 36A-3BK CHARGER
PRO-52038,PROTOURN-ELITE 36A-4BK CHARGER,1040.03,0,560.49,1040.03,WEST,WEST,PROTOURN-ELITE 36A-4BK CHARGER
PRO-52060,PROTOURN-ELITE 360 REMOTE,76.34,0,41.14,76.34,WEST,WEST,PROTOURN-ELITE 360 REMOTE
PRO-6011C,SMART ELECTRIC BBQ LIGHTER,27.23,0,16.17,27.23,WEST,WEST,SMART ELECTRIC BBQ LIGHTER
PRO-63100,PRONAUTIC REMOTE,231.93,0,124.99,231.93,WEST,WEST,PRONAUTIC REMOTE
PRO-63106,TEMP SENSOR,28.21,0,15.20,28.21,WEST,WEST,TEMP SENSOR
PRO-63110,"12V 10A 2BK PRONAUTIC""""P""""CHARGR""",513.89,0,276.95,513.89,WEST,WEST,"12V 10A 2BK PRONAUTIC""""P""""CHARGR"""
PRO-63115,"12V 15A 3BK PRONAUTIC""""P""""CHARGR""",642.60,0,346.31,642.60,WEST,WEST,"12V 15A 3BK PRONAUTIC""""P""""CHARGR"""
PRO-63120,"12V 20A 3BK PRONAUTIC""""P""""CHARGR""",800.03,0,431.15,800.03,WEST,WEST,"12V 20A 3BK PRONAUTIC""""P""""CHARGR"""
PRO-63130,"12V 30A 3BK PRONAUTIC""""P""""CHARGR""",978.62,0,527.40,978.62,WEST,WEST,"12V 30A 3BK PRONAUTIC""""P""""CHARGR"""
PRO-63140,"12V 40A 3BK PRONAUTIC""""P""""CHARGR""",1052.28,0,567.10,1052.28,WEST,WEST,"12V 40A 3BK PRONAUTIC""""P""""CHARGR"""
PRO-63150,"12V 50A 3BK PRONAUTIC""""P""""CHARGR""",1347.51,0,726.20,1347.51,WEST,WEST,"12V 50A 3BK PRONAUTIC""""P""""CHARGR"""
PRO-63160,"12V 60A 3BK PRONAUTIC""""P""""CHARGR""",1663.77,0,896.64,1663.77,WEST,WEST,"12V 60A 3BK PRONAUTIC""""P""""CHARGR"""
PRO-63170,"24V 20A 3BK PRONAUTIC""""P""""CHARGR""",1077.99,0,580.95,1077.99,WEST,WEST,"24V 20A 3BK PRONAUTIC""""P""""CHARGR"""
PRO-63180,"24V 30A 3BK PRONAUTIC""""P""""CHARGR""",1688.22,0,909.82,1688.22,WEST,WEST,"24V 30A 3BK PRONAUTIC""""P""""CHARGR"""
PRO-769235K,"FITTING STRT REDUCING 1.5-1.0""",35.54,0,30.90,35.54,WEST,WEST,"FITTING STRT REDUCING 1.5-1.0"""
PRO-DEFOUL-GAL,ANTIFOULING PAINT REMOVER 1GAL,121.87,-1,87.05,121.87,WEST,WEST,ANTIFOULING PAINT REMOVER 1GAL
PRO-DERUSTGEL-GAL,RUST REMOVER GEL 1 GAL,103.12,0,73.66,103.12,WEST,WEST,RUST REMOVER GEL 1 GAL
PRO-DERUSTLIQUID-GA,RUST REMOVER LIQUID 1 GAL,91.88,0,65.63,91.88,WEST,WEST,RUST REMOVER LIQUID 1 GAL
PRO-GREASE-100ML,ANTI-SEIZE GREASE 100ML,31.85,0,19.07,31.85,WEST,WEST,ANTI-SEIZE GREASE 100ML
PRO-GREASE-4L,ANTI-SEIZE GREASE 4L,273.21,0,163.60,273.21,WEST,WEST,ANTI-SEIZE GREASE 4L
PRO-GREASE-500ML,ANTI-SEIZE GREASE 500ML,63.73,0,38.16,63.73,WEST,WEST,ANTI-SEIZE GREASE 500ML
PRO-MH0300,X30 MARINE HEATER ONLY,4761.49,0,4140.43,4761.49,WEST,WEST,X30 MARINE HEATER ONLY
PRO-MK3000,X30 INSTALLATION KIT,600.40,0,522.09,600.40,WEST,WEST,X30 INSTALLATION KIT
PRO-MK3010,X30 EXHAUST KIT,1090.52,0,948.28,1090.52,WEST,WEST,X30 EXHAUST KIT
PRO-MK3020,X30 INSULATION KIT,760.91,0,661.66,760.91,WEST,WEST,X30 INSULATION KIT
PRO-PH0606,M50 HEATER 50K BTU 24V,7155.73,0,6222.37,7155.73,WEST,WEST,M50 HEATER 50K BTU 24V
PRO-PH0804,M80 HEATER 80K BTU 24V GII,7402.32,0,6436.80,7402.32,WEST,WEST,M80 HEATER 80K BTU 24V GII
PRO-PK0001-1,T-II TIMER KIT,432.53,0,357.30,432.53,WEST,WEST,T-II TIMER KIT
PRO-PK0064,M DATA LINK CABLE,170.00,0,147.83,170.00,WEST,WEST,M DATA LINK CABLE
PRO-PK0072,ADAPTER USB TO CANBUS,1657.83,0,1369.51,1657.83,WEST,WEST,ADAPTER USB TO CANBUS
PRO-PK0152,X UNTING BRACKET SIDE FRAME,332.06,0,288.75,332.06,WEST,WEST,X UNTING BRACKET SIDE FRAME
PRO-PK0304,M-SERIES BASIC INSTALL KIT 24V,1274.30,0,1108.09,1274.30,WEST,WEST,M-SERIES BASIC INSTALL KIT 24V
PRO-PK3000,X PROGRAMMER CONTRL CANBUS,428.86,0,372.92,428.86,WEST,WEST,X PROGRAMMER CONTRL CANBUS
PRO-PK3001,"X THERMOSTAT,BUNK FAN,CAN BUS """,181.34,0,157.69,181.34,WEST,WEST,"X THERMOSTAT,BUNK FAN,CAN BUS """
PRO-PK3002,X ENLOSURE KIT,431.31,0,375.05,431.31,WEST,WEST,X ENLOSURE KIT
PRO-PK3005,X MOUNTING KIT UNIV W/FASTNRS,145.82,0,126.80,145.82,WEST,WEST,X MOUNTING KIT UNIV W/FASTNRS
PRO-PK3007,X SNORKEL KIT,153.17,0,133.19,153.17,WEST,WEST,X SNORKEL KIT
PRO-PK3035,ADVENTURE MODULE HEAT/HOT WTR,5085.00,0,4421.74,5085.00,WEST,WEST,ADVENTURE MODULE HEAT/HOT WTR
PRO-XTREME-MARINE-W,HEAVY-DUTY GEL COAT CLNR 500ML,22.50,0,16.07,22.50,WEST,WEST,HEAVY-DUTY GEL COAT CLNR 500ML
PRO-XTREMEMARINEWAS,HEAVY-DUTY GEL COAT CLNR 500ML,22.50,0,16.07,22.50,WEST,WEST,HEAVY-DUTY GEL COAT CLNR 500ML
PRP-2087,QCC TO P.O.L.TANK ADAPTER,51.82,0,27.93,51.82,WEST,WEST,QCC TO P.O.L.TANK ADAPTER
PRP-GR-800,SINGLE STAGE REGULATOR,42.95,0,23.15,42.95,WEST,WEST,SINGLE STAGE REGULATOR
PSP-LARGEKIT,PROPSPEED KIT 1-LITER,756.40,0,518.89,756.40,WEST,WEST,PROPSPEED KIT 1-LITER
PSP-MEDIUMKIT,PROPSPEED KIT 500-ML,475.84,0,380.67,475.84,WEST,WEST,PROPSPEED KIT 500-ML
PSP-SMALLKIT,PROPSPEED KIT 200-ML,313.49,0,284.07,313.49,WEST,WEST,PROPSPEED KIT 200-ML
PSS-02-100-134,"1""""SHAFT 1-3/4""""TUBE SHAFT SEAL """,511.04,0,345.82,511.04,WEST,WEST,"1""""SHAFT 1-3/4""""TUBE SHAFT SEAL """
PSS-03-60M-334,PSS-SHAFT SEAL,1418.34,0,992.84,1418.34,WEST,WEST,PSS-SHAFT SEAL
PSS-07-118-200R,"1-1/8""""SHAFT 2""""TUBE MAINT.KIT  """,161.60,0,109.35,161.60,WEST,WEST,"1-1/8""""SHAFT 2""""TUBE MAINT.KIT  """
PSS02200314,PSS SHAFT SEAL,922.88,0,553.73,922.88,WEST,WEST,PSS SHAFT SEAL
PYI-CJ12100,"1/2""""HOSE CLAMP JACKET BLK(100)""",41.73,0,26.29,41.73,WEST,WEST,"1/2""""HOSE CLAMP JACKET BLK(100)"""
PYI-CJ1225,"1/2""""HOSE CLAMP JACKET BLK (25)""",10.71,0,6.75,10.71,WEST,WEST,"1/2""""HOSE CLAMP JACKET BLK (25)"""
RAC-120AT,LEXAN BOWL FUEL FILTER 10MIC,243.46,0,149.06,243.46,WEST,WEST,LEXAN BOWL FUEL FILTER 10MIC
RAC-2010PM-OR,ELEMENT 30 MICRON-RED,20.90,9,13.96,20.90,WEST,WEST,ELEMENT 30 MICRON-RED
RAC-2010SM-OR,ELEMENT 2 MICRON-BROWN,20.90,4,12.09,20.90,WEST,WEST,ELEMENT 2 MICRON-BROWN
RAC-2010TM-OR,ELEMENT 10 MICRON-BLUE,20.90,5,13.59,20.90,WEST,WEST,ELEMENT 10 MICRON-BLUE
RAC-2020V10,FUEL ELEMENT CRTRDGE 10MIC,25.11,3,16.33,25.11,WEST,WEST,FUEL ELEMENT CRTRDGE 10MIC
RAC-2020V2,FUEL ELEMENT CRTRDGE 2MIC,25.11,0,16.79,25.11,WEST,WEST,FUEL ELEMENT CRTRDGE 2MIC
RAC-2040V10,ELEMENT 10 MICRON,21.36,1,13.93,21.36,WEST,WEST,ELEMENT 10 MICRON
RAC-2040V30,ELEMENT 30 MICRON,21.36,5,13.93,21.36,WEST,WEST,ELEMENT 30 MICRON
RAC-230RMAM,FUEL FILTER/METAL BOWL,501.53,1,307.06,501.53,WEST,WEST,FUEL FILTER/METAL BOWL
RAC-500FG-10,FUEL FILTER,513.97,1,314.68,513.97,WEST,WEST,FUEL FILTER
RAC-CCV4500-08R,CRANKCASE VENT FILTER SYSTEM,708.36,1,409.60,708.36,WEST,WEST,CRANKCASE VENT FILTER SYSTEM
RAC-CCV55274-08,REPL ELEMENT F/CCV6000,140.47,1,81.23,140.47,WEST,WEST,REPL ELEMENT F/CCV6000
RAC-R12T,120 10 MICRON ELEMENT,41.17,0,23.81,41.17,WEST,WEST,120 10 MICRON ELEMENT
RAC-R15S,2 MICRON ELEMENT,69.72,4,40.32,69.72,WEST,WEST,2 MICRON ELEMENT
RAC-R15T,10 MICRON ELEMENT,68.27,1,43.95,68.27,WEST,WEST,10 MICRON ELEMENT
RAC-R20T,10 MICRON ELEMENT,53.64,0,44.76,53.64,WEST,WEST,10 MICRON ELEMENT
RAC-R20TUL,10 MICRON ELEMENT UL,71.91,0,48.75,71.91,WEST,WEST,10 MICRON ELEMENT UL
RAC-R24S,FILTER ELEMENT 2 MIC,61.49,0,42.28,61.49,WEST,WEST,FILTER ELEMENT 2 MIC
RAC-R58011-10,FILTER DFCM 10-MICRON,79.70,0,51.51,79.70,WEST,WEST,FILTER DFCM 10-MICRON
RAC-R90T,490-10 MICRON ELEMENT,59.61,0,34.47,59.61,WEST,WEST,490-10 MICRON ELEMENT
RAC-RK11-1404,SEAL KIT 900/1000 FG,72.06,0,60.73,72.06,WEST,WEST,SEAL KIT 900/1000 FG
RAC-RK11-1606-1,REP.BOWL 900/1000 CLEAR,154.56,0,94.38,154.56,WEST,WEST,REP.BOWL 900/1000 CLEAR
RAC-RK11-1939,TURBINE REPL.KIT  900/1000,198.79,0,128.47,198.79,WEST,WEST,TURBINE REPL.KIT  900/1000
RAC-RK15211,SEAL SERVICE KIT FOR 500,85.91,0,67.67,85.91,WEST,WEST,SEAL SERVICE KIT FOR 500
RAC-RK15405,KIT-REPL.BOWL 500FG(C-THRU),164.92,1,114.95,164.92,WEST,WEST,KIT-REPL.BOWL 500FG(C-THRU)
RAC-S3209T,75/B32009 10MIC.ELEMENT,72.09,0,41.68,72.09,WEST,WEST,75/B32009 10MIC.ELEMENT
RAC-S3213,REP ELEMENT FOR B32013,52.95,2,36.93,52.95,WEST,WEST,REP ELEMENT FOR B32013
RAC-S3220TUL,REP ELEMENT FOR B32020MAM,56.82,0,32.85,56.82,WEST,WEST,REP ELEMENT FOR B32020MAM
RAC-S3228TUL,ELEMENT FOR 320RRAC02,56.39,0,38.23,56.39,WEST,WEST,ELEMENT FOR 320RRAC02
RAC-S3232,ELEMENT FOR 660RRAC01,68.00,2,48.35,68.00,WEST,WEST,ELEMENT FOR 660RRAC01
RAC-S3232TUL,ELEMENT FOR 660RRAC02,72.35,0,41.84,72.35,WEST,WEST,ELEMENT FOR 660RRAC02
RAC-S3240TUL,REP ELE.FOR 120R RAC-01/RAC-02,49.79,0,30.48,49.79,WEST,WEST,REP ELE.FOR 120R RAC-01/RAC-02
RAG-WHO201-10,WHO201 #1 WHITE RAG 10LB/CTN,23.15,0,12.47,23.15,WEST,WEST,WHO201 #1 WHITE RAG 10LB/CTN
RAG-WHO701-10,WHO701 #1WHITE GANZIE 10LB CTN,59.69,0,32.17,59.69,WEST,WEST,WHO701 #1WHITE GANZIE 10LB CTN
RAY-A06031,STNG BACKBONE TERMINATOR,35.55,0,30.49,35.55,WEST,WEST,STNG BACKBONE TERMINATOR
RAY-A06033,BACKBONE CABLE 400MM,56.88,0,48.79,56.88,WEST,WEST,BACKBONE CABLE 400MM
RAY-A06064,5 WAY CONNECTOR,64.00,0,54.90,64.00,WEST,WEST,5 WAY CONNECTOR
RAY-A80489,AXIOM RV TO CP370 XDCR CBL,92.46,0,79.31,92.46,WEST,WEST,AXIOM RV TO CP370 XDCR CBL
RAY-E70492,RAY90 VHF BLK BOX HAND/SPKR/CB,1564.96,0,1129.19,1564.96,WEST,WEST,RAY90 VHF BLK BOX HAND/SPKR/CB
RAY-E70639,"AXIOM+12 RV 12""""MFD 3D 600W    """,4196.96,0,3600.07,4196.96,WEST,WEST,"AXIOM+12 RV 12""""MFD 3D 600W    """
RAY-M81120,TYPE 1/12V HYDRAULIC PUMP,1380.00,0,1183.74,1380.00,WEST,WEST,TYPE 1/12V HYDRAULIC PUMP
REC-53-261,SOLVABLE ACETONE 946 ML,19.84,0,10.15,19.84,WEST,WEST,SOLVABLE ACETONE 946 ML
REC-53-301,SOLVABLE BIO TURPENTINE 946 ML,34.52,0,18.60,34.52,WEST,WEST,SOLVABLE BIO TURPENTINE 946 ML
REC-53-321,SOLVABLE PAINT THN/CLNR 946 ML,9.92,1,5.35,9.92,WEST,WEST,SOLVABLE PAINT THN/CLNR 946 ML
REC-53-321V,PAINT THNR/CLRNR ( NEW VOC) 846ML,21.79,6,11.15,21.79,WEST,WEST,PAINT THNR/CLRNR ( NEW VOC) 846ML
REC-53-391,SOLVABLE METHYL HYDRATE 946ML,9.95,5,5.36,9.95,WEST,WEST,SOLVABLE METHYL HYDRATE 946ML
RED-R-255-10,12V.DOUBLE FAN HEATER,913.27,0,492.18,913.27,WEST,WEST,12V.DOUBLE FAN HEATER
RHS-SS1-C,"SEA SCUPPER-1""""DRAIN (CLR)     """,27.44,2,15.11,27.44,WEST,WEST,"SEA SCUPPER-1""""DRAIN (CLR)     """
RHS-SS3-C,"SEA SCUPPER-3""""DRAIN (CLR)     """,49.99,2,30.16,0.00,WEST,WEST,"SEA SCUPPER-3""""DRAIN (CLR)     """
RIC-W-1-3/4,WOOD SCRAPER,9.99,1,5.38,9.99,WEST,WEST,WOOD SCRAPER
RIC-W-1-3/4-B,REPLACEMENT BLADE,3.69,1,1.99,3.69,WEST,WEST,REPLACEMENT BLADE
RIC-W-10,WOOD SCRAPER,8.28,4,4.46,8.28,WEST,WEST,WOOD SCRAPER
RIC-W-10-B,REPLACEMENT BLADE,3.64,4,1.96,3.64,WEST,WEST,REPLACEMENT BLADE
RIC-W-2-1/2,WOOD SCRAPER,11.37,2,6.13,11.37,WEST,WEST,WOOD SCRAPER
RIC-W-2-1/2-B,REPLACEMENT BLADE,3.84,0,2.07,3.84,WEST,WEST,REPLACEMENT BLADE
RIT-B-81,VOYAGER BRACKET MOUNT,543.32,0,309.07,543.32,WEST,WEST,VOYAGER BRACKET MOUNT
RIT-FN-201,NAVIGATOR FLUSH MOUNT,1024.08,0,582.56,1024.08,WEST,WEST,NAVIGATOR FLUSH MOUNT
RIT-FN-203,NAVIGATOR FLUSH MOUNT,1065.98,0,606.39,1065.98,WEST,WEST,NAVIGATOR FLUSH MOUNT
ROC-520832,"WIPER BLADE W38 32"""" SS BLK    """,118.89,1,66.21,118.89,WEST,WEST,"WIPER BLADE W38 32"""" SS BLK    """
ROC-M0-65,"6.5"""" MARINE GRADE SPEAKERS WHT""",214.79,1,134.24,214.79,WEST,WEST,"6.5"""" MARINE GRADE SPEAKERS WHT"""
RTI-35022,"9""""PLST TRAY KIT/9""""RLR 2.5""""BRSH""",24.95,0,13.45,24.95,WEST,WEST,"9""""PLST TRAY KIT/9""""RLR 2.5""""BRSH"""
RTI-BADGER-1-1/2,BADGER PREMIUM BRUSH,46.74,0,27.04,46.74,WEST,WEST,BADGER PREMIUM BRUSH
RTI-BADGER-2,BADGER PREMIUM BRUSH,55.96,1,32.35,55.96,WEST,WEST,BADGER PREMIUM BRUSH
RTI-BADGER-3,BADGER PREMIUM BRUSH,81.35,0,45.13,81.35,WEST,WEST,BADGER PREMIUM BRUSH
RTI-CHIP-1,CHIP BRISTLE BRUSH,1.30,16,0.51,1.30,WEST,WEST,CHIP BRISTLE BRUSH
RTI-CHIP-1/2,CHIP BRISTLE BRUSH,1.10,20,0.35,1.10,WEST,WEST,CHIP BRISTLE BRUSH
RTI-CHIP-2,CHIP BRISTLE BRUSH,2.82,2,0.63,2.82,WEST,WEST,CHIP BRISTLE BRUSH
RTI-FOAM-1,FOAM BRUSH-WOOD HNDL,1.22,2,0.67,1.22,WEST,WEST,FOAM BRUSH-WOOD HNDL
RTI-FOAM-2,FOAM BRUSH-WOOD HNDL,1.50,6,0.82,1.50,WEST,WEST,FOAM BRUSH-WOOD HNDL
RTI-FOAM-3,FOAM BRUSH-WOOD HNDL,2.04,26,1.10,2.04,WEST,WEST,FOAM BRUSH-WOOD HNDL
RTI-FOAM-4,FOAM BRUSH-WOOD HNDL,2.49,4,1.34,2.49,WEST,WEST,FOAM BRUSH-WOOD HNDL
RTI-MINI-4,"MINI ROLLER SET 4""""            """,19.66,0,10.59,19.66,WEST,WEST,"MINI ROLLER SET 4""""            """
RUL-02,12V 1500-GPH BILGE PUMP,221.68,0,127.01,221.68,WEST,WEST,12V 1500-GPH BILGE PUMP
RUL-09,12V 2000-GPH BILGE PUMP 5-YEAR,361.30,0,205.53,361.30,WEST,WEST,12V 2000-GPH BILGE PUMP 5-YEAR
RUL-10,12V 2000-GPH BILGE PUMP,310.99,-1,180.80,310.99,WEST,WEST,12V 2000-GPH BILGE PUMP
RUL-12,24V 2000-GPH BILGE PUMP,340.06,0,200.55,340.06,WEST,WEST,24V 2000-GPH BILGE PUMP
RUL-140,"INLINE BILGE BLOWER 3""""        """,81.26,0,50.93,81.26,WEST,WEST,"INLINE BILGE BLOWER 3""""        """
RUL-240,"INLINE BILGE BLOWER 4""""        """,88.94,0,55.74,88.94,WEST,WEST,"INLINE BILGE BLOWER 4""""        """
RUL-25DA,12V 500-GPH BILGE PUMP,64.71,2,36.07,64.71,WEST,WEST,12V 500-GPH BILGE PUMP
RUL-25DA-35A,12V 500-GPH PUMP&SWITCH COMBO,164.99,1,99.54,0.00,WEST,WEST,12V 500-GPH PUMP&SWITCH COMBO
RUL-25SA,12V 500-GPH AUTO.BILGE PUMP,179.54,0,102.13,179.54,WEST,WEST,12V 500-GPH AUTO.BILGE PUMP
RUL-35-A,FLOAT SWITCH,79.66,1,50.96,79.66,WEST,WEST,FLOAT SWITCH
RUL-35-FA,FLOAT SWITCH W/FUSE HOLDER,85.40,0,47.61,85.40,WEST,WEST,FLOAT SWITCH W/FUSE HOLDER
RUL-37-A,SUPER SWITCH,118.60,1,67.47,118.60,WEST,WEST,SUPER SWITCH
RUL-37-FA,SUPER SWITCH W/FUSE HOLDER,123.56,0,68.88,123.56,WEST,WEST,SUPER SWITCH W/FUSE HOLDER
RUL-40-A,FLOAT SWITCH PLUS,102.20,0,58.14,102.20,WEST,WEST,FLOAT SWITCH PLUS
RUL-40-FA,FLOAT SWITCH PLUS W/FUSE HOLDR,106.63,0,60.66,106.63,WEST,WEST,FLOAT SWITCH PLUS W/FUSE HOLDR
RUL-42,3-WAY PANEL SWITCH 24/32V,79.43,0,45.18,79.43,WEST,WEST,3-WAY PANEL SWITCH 24/32V
RUL-43,3-WAY PANEL SWITCH 12V,78.12,2,44.44,78.12,WEST,WEST,3-WAY PANEL SWITCH 12V
RUL-98B,12V SHOWER DRAIN KIT 800GPH,315.65,0,186.16,315.65,WEST,WEST,12V SHOWER DRAIN KIT 800GPH
RUL-LP900D,12V 900-GPH L/P NON-AUTO PUMP,114.46,1,84.62,114.46,WEST,WEST,12V 900-GPH L/P NON-AUTO PUMP
RUL-LP900S,12V 900-GPH L/P AUTO PUMP,184.59,1,105.00,184.59,WEST,WEST,12V 900-GPH L/P AUTO PUMP
RUL-RM-800B,12V 800-GPH AUTO.BILGE PUMP,201.54,0,114.84,201.54,WEST,WEST,12V 800-GPH AUTO.BILGE PUMP
SAM-604GW-1/2X20,DUAL-BRAID DOCK LINE-GOLD/WHT,76.84,1,41.41,76.84,WEST,WEST,DUAL-BRAID DOCK LINE-GOLD/WHT
SAM-604GW-1/2X25,DUAL-BRAID DOCK LINE-GOLD/WHT,88.26,1,47.56,88.26,WEST,WEST,DUAL-BRAID DOCK LINE-GOLD/WHT
SCA-41322P,"DOME LIGHT 7"""" W/DIMM SW 10-30V""",137.37,0,81.39,137.37,WEST,WEST,"DOME LIGHT 7"""" W/DIMM SW 10-30V"""
SCA-41388P,LED ENGINE ROOM LIGHT 12V CW,131.18,0,73.77,131.18,WEST,WEST,LED ENGINE ROOM LIGHT 12V CW
SCA-41389P,LED ENGINE ROOM LT 10-30V CW,190.55,0,106.48,190.55,WEST,WEST,LED ENGINE ROOM LT 10-30V CW
SCE-03780,3.2GAL PORTABL FUELTANK(003780,98.20,0,52.92,98.20,WEST,WEST,3.2GAL PORTABL FUELTANK(003780
SCE-04075,YAMAHA 1/4 NPT MALE FUEL CONNECT,13.99,1,7.78,0.00,WEST,WEST,YAMAHA 1/4 NPT MALE FUEL CONNECT
SCE-04158,3-GAL NEPTUNE FUEL TANK(004158,65.65,0,36.38,65.65,WEST,WEST,3-GAL NEPTUNE FUEL TANK(004158
SCE-05787,JOHNSON BRP 5/16 FEMALE FUEL CONNECT,9.49,1,5.23,0.00,WEST,WEST,JOHNSON BRP 5/16 FEMALE FUEL CONNECT
SCE-05791,MERCURY 3/8 FEMALE FUEL CONNECT,8.49,1,4.82,0.00,WEST,WEST,MERCURY 3/8 FEMALE FUEL CONNECT
SCE-05813,SCEPTER FUEL CONNECTOR YAMAHA 5/16 FEMALE,9.49,0,5.23,0.00,WEST,WEST,SCEPTER FUEL CONNECTOR YAMAHA 5/16 FEMALE
SCE-10837,EXPANDABLE FUEL TNK HLDOWN KIT,57.18,0,31.68,57.18,WEST,WEST,EXPANDABLE FUEL TNK HLDOWN KIT
SCO-1126,ELECTRIC SOCKET ONLY (HELLA),35.45,0,20.17,35.45,WEST,WEST,ELECTRIC SOCKET ONLY (HELLA)
SCO-1127,ELECTRIC PLUG ONLY  (HELLA),17.57,1,9.99,17.57,WEST,WEST,ELECTRIC PLUG ONLY  (HELLA)
SCO-1155,NICKEL/SILVER TROLLING SNAPS,14.40,4,8.19,14.40,WEST,WEST,NICKEL/SILVER TROLLING SNAPS
SCO-2125,ELEC.PLUG & SOCKET (MARINCO),64.33,2,36.59,64.33,WEST,WEST,ELEC.PLUG & SOCKET (MARINCO)
SCO-2500,SCOTTY LINE PULLER W/1023 MNT,603.74,0,469.36,603.74,WEST,WEST,SCOTTY LINE PULLER W/1023 MNT
SED-040106-1,"GALV.OPEN BASE CLEAT-6""""(FH)   """,15.56,1,7.00,15.56,WEST,WEST,"GALV.OPEN BASE CLEAT-6""""(FH)   """
SED-041604-1,"S/S OPEN BASE CLEAT-4""""        """,40.40,2,18.18,40.40,WEST,WEST,"S/S OPEN BASE CLEAT-4""""        """
SED-041605-1,"S/S OPEN BASE CLEAT-5""""        """,38.38,2,17.27,38.38,WEST,WEST,"S/S OPEN BASE CLEAT-5""""        """
SED-041606-1,"S/S OPEN BASE CLEAT-6""""        """,40.40,5,18.18,40.40,WEST,WEST,"S/S OPEN BASE CLEAT-6""""        """
SED-041608-1,"S/S OPEN BASE CLEAT-8""""        """,71.40,4,33.31,71.40,WEST,WEST,"S/S OPEN BASE CLEAT-8""""        """
SED-041610-1,"S/S OPEN BASE CLEAT-10""""       """,99.99,2,60.59,0.00,WEST,WEST,"S/S OPEN BASE CLEAT-10""""       """
SED-041708,"S/S H.D.CLEAT-8""""              """,105.12,2,49.05,105.12,WEST,WEST,"S/S H.D.CLEAT-8""""              """
SED-043030-1,"NYLON OPEN BASE CLEAT-3""""BLACK """,6.10,2,2.74,6.10,WEST,WEST,"NYLON OPEN BASE CLEAT-3""""BLACK """
SED-043040-1,"NYLON OPEN BASE CLEAT-4""""BLACK """,6.60,1,2.97,6.60,WEST,WEST,"NYLON OPEN BASE CLEAT-4""""BLACK """
SED-043360-1,"NYLON H.D.CLEAT 6""""BLACK       """,14.49,2,8.61,0.00,WEST,WEST,"NYLON H.D.CLEAT 6""""BLACK       """
SED-044104-1,"CHR.ZINC CLEAT 4-1/2""""         """,15.48,2,6.97,15.48,WEST,WEST,"CHR.ZINC CLEAT 4-1/2""""         """
SED-055408-1,"S/S RUB STRAKE 3/4""""X8""""        """,14.92,1,6.71,14.92,WEST,WEST,"S/S RUB STRAKE 3/4""""X8""""        """
SED-055424-1,"S/S RUB STRAKE 3/4""""X24""""       """,32.30,0,14.53,32.30,WEST,WEST,"S/S RUB STRAKE 3/4""""X24""""       """
SED-060060-1,S/S SKENE CHOCKS 4-1/2,62.06,1,27.93,62.06,WEST,WEST,S/S SKENE CHOCKS 4-1/2
SED-060065-1,"S/S SKENE CHOCKS 6""""           """,106.52,1,47.93,106.52,WEST,WEST,"S/S SKENE CHOCKS 6""""           """
SED-079133,"CHR/ZC.BOW EYE 3/8""""X3""""        """,13.14,1,5.91,13.14,WEST,WEST,"CHR/ZC.BOW EYE 3/8""""X3""""        """
SED-079133-1,"CHR/ZC.BOW EYE 3/8""""X3""""        """,15.86,1,7.14,15.86,WEST,WEST,"CHR/ZC.BOW EYE 3/8""""X3""""        """
SED-080035-1,"S/S BOW EYE 3/8""""X 3.5""""        """,26.26,3,11.82,26.26,WEST,WEST,"S/S BOW EYE 3/8""""X 3.5""""        """
SED-080055-1,"S/S BOW EYE 7/16""""X 3.5""""       """,42.16,1,19.66,42.16,WEST,WEST,"S/S BOW EYE 7/16""""X 3.5""""       """
SED-081200-1,"S/S PAD EYE 5/16""""      (2/CRD)""",8.36,2,3.76,8.36,WEST,WEST,"S/S PAD EYE 5/16""""      (2/CRD)"""
SED-081242-1,"CHR.ZINC PAD EYE 3/8""""         """,9.80,1,4.41,9.80,WEST,WEST,"CHR.ZINC PAD EYE 3/8""""         """
SED-081252,"CHR.TIE DOWN EYE STRAP 2""""     """,6.76,0,3.04,6.76,WEST,WEST,"CHR.TIE DOWN EYE STRAP 2""""     """
SED-081252-1,"CHR.TIE DOWN EYE STRAP 2""""     """,15.78,1,7.10,15.78,WEST,WEST,"CHR.TIE DOWN EYE STRAP 2""""     """
SED-081265-1,"S/S TIEDOWN EYE STRAP 1-3/8""""  """,11.48,1,5.17,11.48,WEST,WEST,"S/S TIEDOWN EYE STRAP 1-3/8""""  """
SED-081270,"BRONZE PAD EYE 5/16""""          """,3.98,0,1.79,3.98,WEST,WEST,"BRONZE PAD EYE 5/16""""          """
SED-081270-1,"BRONZE PAD EYE 5/16""""          """,10.00,2,4.50,10.00,WEST,WEST,"BRONZE PAD EYE 5/16""""          """
SED-081310-1,NYLON PAD EYE-BLACK    (5/CRD),4.04,3,1.82,4.04,WEST,WEST,NYLON PAD EYE-BLACK    (5/CRD)
SED-136800-1,BRONZE TRIGGER SNAP,22.84,1,10.28,22.84,WEST,WEST,BRONZE TRIGGER SNAP
SED-138420-1,BRONZE FAST EYE BABY SNAP,11.70,2,5.26,11.70,WEST,WEST,BRONZE FAST EYE BABY SNAP
SED-139016-1,BRASS SWIVEL EYE BOLT SNAP,13.54,2,6.09,13.54,WEST,WEST,BRASS SWIVEL EYE BOLT SNAP
SED-139120-1,BRASS FAST EYE SNAP #0,7.70,3,3.46,7.70,WEST,WEST,BRASS FAST EYE SNAP #0
SED-139121-1,BRASS FAST EYE SNAP #1,9.90,1,4.45,9.90,WEST,WEST,BRASS FAST EYE SNAP #1
SED-139122-1,BRASS FAST EYE SNAP #2,13.14,1,5.91,13.14,WEST,WEST,BRASS FAST EYE SNAP #2
SED-139131-1,BRASS SWIVEL EYE SNAP #1,14.10,1,6.34,14.10,WEST,WEST,BRASS SWIVEL EYE SNAP #1
SED-139132-1,BRASS SWIVEL EYE SNAP #2,16.68,1,7.51,16.68,WEST,WEST,BRASS SWIVEL EYE SNAP #2
SED-139800-1,BRASS TRIGGER SNAP,11.14,1,5.01,11.14,WEST,WEST,BRASS TRIGGER SNAP
SED-147056-1,"S/S ANCHOR SHACKLE-1/4""""       """,6.76,1,3.04,6.76,WEST,WEST,"S/S ANCHOR SHACKLE-1/4""""       """
SED-147058,"S/S ANCHOR SHACKLE-5/16""""      """,9.08,1,4.09,9.08,WEST,WEST,"S/S ANCHOR SHACKLE-5/16""""      """
SED-147058-1,"S/S ANCHOR SHACKLE-5/16""""      """,11.16,1,5.60,11.16,WEST,WEST,"S/S ANCHOR SHACKLE-5/16""""      """
SED-147808-1,"GALV ANCHOR SHACKLE 5/16""""     """,4.24,1,1.91,4.24,WEST,WEST,"GALV ANCHOR SHACKLE 5/16""""     """
SED-147810-1,"GALV ANCHOR SHACKLE 3/8""""      """,5.76,1,2.59,5.76,WEST,WEST,"GALV ANCHOR SHACKLE 3/8""""      """
SED-153010-1,"S/S QUICK LINK 3/8""""           """,60.18,1,27.08,60.18,WEST,WEST,"S/S QUICK LINK 3/8""""           """
SED-154270-1,S/S SPR.GATE SNAP HOOK,15.72,3,7.07,15.72,WEST,WEST,S/S SPR.GATE SNAP HOOK
SED-155812-1,NICKEL PLTD.UTILITY SNAP HOOK,9.54,1,4.29,9.54,WEST,WEST,NICKEL PLTD.UTILITY SNAP HOOK
SED-156080-1,"PLTD.STEEL SNAP-5/16""""         """,4.68,2,2.11,4.68,WEST,WEST,"PLTD.STEEL SNAP-5/16""""         """
SED-158008-1,GALV. QUICK LINK-5/16,5.04,1,2.27,5.04,WEST,WEST,GALV. QUICK LINK-5/16
SED-158010-1,GALV. QUICK LINK-3/8,8.02,2,3.61,8.02,WEST,WEST,GALV. QUICK LINK-3/8
SED-182614,"S/S ANCHOR SWIVEL 1/2-5/8""""CHN """,318.14,1,143.16,318.14,WEST,WEST,"S/S ANCHOR SWIVEL 1/2-5/8""""CHN """
SED-192625,"GALV.RING 3/8""""X 2-1/2",3.98,0,1.79,3.98,WEST,WEST,"GALV.RING 3/8""""X 2-1/2"
SED-193415,"1/4""""S/S RELEASE PIN           """,4.30,2,1.93,4.30,WEST,WEST,"1/4""""S/S RELEASE PIN           """
SED-193562-1,"S/S SPLIT RING 15/32"""" (4/CRD) """,6.12,3,2.75,6.12,WEST,WEST,"S/S SPLIT RING 15/32"""" (4/CRD) """
SED-201030-1,"S/S DOOR HINGE 2-3/4""""X1-1/2""""  """,26.20,2,11.79,26.20,WEST,WEST,"S/S DOOR HINGE 2-3/4""""X1-1/2""""  """
SED-201070-1,"S/S BUTT HINGE 1-1/4""""         """,19.60,2,8.82,19.60,WEST,WEST,"S/S BUTT HINGE 1-1/4""""         """
SED-201072-1,"S/S BUTT HINGE 2""""             """,25.62,1,11.53,25.62,WEST,WEST,"S/S BUTT HINGE 2""""             """
SED-201080-1,"S/S BUTT HINGE 2""""X3""""          """,31.00,1,14.26,31.00,WEST,WEST,"S/S BUTT HINGE 2""""X3""""          """
SED-201582-1,"S/S BUTT HINGE 2""""X2""""          """,23.86,1,10.74,23.86,WEST,WEST,"S/S BUTT HINGE 2""""X2""""          """
SED-201725-1,S/S FLUSH MT.ROUND SIDE HINGE,25.62,1,11.53,25.62,WEST,WEST,S/S FLUSH MT.ROUND SIDE HINGE
SED-201916-1,S/S SEMI-CONCEALED HINGE PR,18.88,3,9.19,18.88,WEST,WEST,S/S SEMI-CONCEALED HINGE PR
SED-201954-1,S/S FLUSH HINGE,19.44,3,8.75,19.44,WEST,WEST,S/S FLUSH HINGE
SED-202530-1,ZYTEL DOOR HINGE-BLACK,10.64,2,4.79,10.64,WEST,WEST,ZYTEL DOOR HINGE-BLACK
SED-202531-1,ZYTEL DOOR HINGE-WHITE,10.92,2,4.91,10.92,WEST,WEST,ZYTEL DOOR HINGE-WHITE
SED-204280-1,CHROME HATCH HINGE,61.98,1,27.89,61.98,WEST,WEST,CHROME HATCH HINGE
SED-205270-1,S/S TAKE-APART HINGE-L,55.16,1,24.82,55.16,WEST,WEST,S/S TAKE-APART HINGE-L
SED-205276-1,S/S TAKE-APART HINGE-L,29.88,1,13.45,29.88,WEST,WEST,S/S TAKE-APART HINGE-L
SED-205280-1,S/S HATCH HINGE,51.16,1,23.02,51.16,WEST,WEST,S/S HATCH HINGE
SED-205320-1,S/S DOOR HINGE 1-1/2X3,47.04,2,21.17,47.04,WEST,WEST,S/S DOOR HINGE 1-1/2X3
SED-221120-1,"S/S SAFETY HASP 2-11/16""""      """,14.76,0,6.64,14.76,WEST,WEST,"S/S SAFETY HASP 2-11/16""""      """
SED-221130-1,S/S SWIVEL SAFETY HASP,21.54,3,9.69,21.54,WEST,WEST,S/S SWIVEL SAFETY HASP
SED-221150-1,S/S LOCKING HASP,37.70,1,16.96,37.70,WEST,WEST,S/S LOCKING HASP
SED-221815-1,S/S SPRING LIFT HANDLE,17.46,4,7.86,17.46,WEST,WEST,S/S SPRING LIFT HANDLE
SED-221820-1,S/S HATCH HANDLE,21.54,2,10.51,21.54,WEST,WEST,S/S HATCH HANDLE
SED-221831-1,S/S SURF/MT.LOCKING LIFT RING,31.64,1,14.24,31.64,WEST,WEST,S/S SURF/MT.LOCKING LIFT RING
SED-221840-1,S/S LIFT HANDLE ROUND,9.46,2,4.26,9.46,WEST,WEST,S/S LIFT HANDLE ROUND
SED-222113-1,"CHR/BRASS DOOR HOOK 2-3/4""""    """,13.14,3,5.91,13.14,WEST,WEST,"CHR/BRASS DOOR HOOK 2-3/4""""    """
SED-222330-1,CHR.BRASS ELBOW CATCH,19.60,1,8.82,19.60,WEST,WEST,CHR.BRASS ELBOW CATCH
SED-222340-1,4-3/4 PULL HANDLE,23.64,2,10.64,23.64,WEST,WEST,4-3/4 PULL HANDLE
SED-222360-1,CHR.BRASS DOOR BUTTON,20.24,2,9.11,20.24,WEST,WEST,CHR.BRASS DOOR BUTTON
SED-222420-1,CHR/BRASS LIFT HANDLE,36.76,2,18.21,36.76,WEST,WEST,CHR/BRASS LIFT HANDLE
SED-222841,"BR.BALL CATCH 1-5/8""""          """,5.76,5,2.87,5.76,WEST,WEST,"BR.BALL CATCH 1-5/8""""          """
SED-222841-1,"BR.BALL CATCH 1-5/8""""   (2/CRD)""",14.84,2,6.68,14.84,WEST,WEST,"BR.BALL CATCH 1-5/8""""   (2/CRD)"""
SED-222842-1,"BR.BALL CATCH 1-15/16"""" (2/CRD)""",17.54,1,7.89,17.54,WEST,WEST,"BR.BALL CATCH 1-15/16"""" (2/CRD)"""
SED-224301-1,BRASS PUSH BUTTON RIM LATCH,42.82,1,19.27,42.82,WEST,WEST,BRASS PUSH BUTTON RIM LATCH
SED-227260-1,NYLON STEP HANDLE,13.42,2,6.04,13.42,WEST,WEST,NYLON STEP HANDLE
SED-227310-1,DELRIN FLUSH PULL-BLK,5.76,1,2.59,5.76,WEST,WEST,DELRIN FLUSH PULL-BLK
SED-270166-1,"S/S TOP SLIDE W/BOLT 7/8""""     """,44.30,4,19.93,44.30,WEST,WEST,"S/S TOP SLIDE W/BOLT 7/8""""     """
SED-270210-1,S/S 90* DK.HINGE W/PIN,25.42,1,11.44,25.42,WEST,WEST,S/S 90* DK.HINGE W/PIN
SED-273160-1,"NYLON JAW SLIDE BLACK 7/8""""    """,16.74,1,7.53,16.74,WEST,WEST,"NYLON JAW SLIDE BLACK 7/8""""    """
SED-273161-1,"NYLON JAW SLIDE WHITE 7/8""""    """,17.54,1,7.89,17.54,WEST,WEST,"NYLON JAW SLIDE WHITE 7/8""""    """
SED-273175-1,"NYLON INSIDE EYE BLACK-3/4""""   """,6.76,1,3.04,6.76,WEST,WEST,"NYLON INSIDE EYE BLACK-3/4""""   """
SED-273180-1,"NYLON INSIDE EYE BLACK-7/8""""   """,6.34,1,2.85,6.34,WEST,WEST,"NYLON INSIDE EYE BLACK-7/8""""   """
SED-273200-1,NYLON LARGE DECK HINGE BLACK,10.00,3,4.50,10.00,WEST,WEST,NYLON LARGE DECK HINGE BLACK
SED-273230-1,NYLON DECK HINGE/ANGLED BLACK,10.38,1,4.67,10.38,WEST,WEST,NYLON DECK HINGE/ANGLED BLACK
SED-273231-1,NYLON DECK HINGE/ANGLED WHITE,10.92,1,4.91,10.92,WEST,WEST,NYLON DECK HINGE/ANGLED WHITE
SED-273261-1,NYLON S/M SLIDE .85TRACK WHITE,14.84,2,6.93,14.84,WEST,WEST,NYLON S/M SLIDE .85TRACK WHITE
SED-273265-1,NYLON SM SLIDE 1.05TRACK BLACK,18.88,1,8.82,18.88,WEST,WEST,NYLON SM SLIDE 1.05TRACK BLACK
SED-273286-1,NYLON.85 TRACK HINGE WHT L/R,18.38,1,8.27,18.38,WEST,WEST,NYLON.85 TRACK HINGE WHT L/R
SED-273296-1,NYLON.85 TRACK SLIDE LOCK WHT,8.08,2,3.64,8.08,WEST,WEST,NYLON.85 TRACK SLIDE LOCK WHT
SED-273298-1,NYLON HEAD SCREW 1/4X7/8 BLACK,7.44,1,3.35,7.44,WEST,WEST,NYLON HEAD SCREW 1/4X7/8 BLACK
SED-280300-1,"S/S 30*ROUND BASE 7/8""""        """,32.02,1,14.41,32.02,WEST,WEST,"S/S 30*ROUND BASE 7/8""""        """
SED-280450-1,"S/S 45*ROUND.BASE 7/8""""        """,31.64,2,14.24,31.64,WEST,WEST,"S/S 45*ROUND.BASE 7/8""""        """
SED-280901-1,"S/S 90*ROUND BASE 1""""          """,32.98,1,14.84,32.98,WEST,WEST,"S/S 90*ROUND BASE 1""""          """
SED-281300-1,"S/S 30*RECT.BASE 7/8""""         """,31.36,1,14.11,31.36,WEST,WEST,"S/S 30*RECT.BASE 7/8""""         """
SED-281600-1,"S/S 60*RECT.BASE 7/8""""         """,29.46,3,13.26,29.46,WEST,WEST,"S/S 60*RECT.BASE 7/8""""         """
SED-281601-1,"S/S 60*RECT.BASE 1""""           """,34.74,2,15.63,34.74,WEST,WEST,"S/S 60*RECT.BASE 1""""           """
SED-281901-1,"S/S 90*RECT.BASE 1""""           """,32.98,1,14.84,32.98,WEST,WEST,"S/S 90*RECT.BASE 1""""           """
SED-285060-1,"S/S 60*RAIL CENTER 7/8""""       """,21.92,4,9.86,21.92,WEST,WEST,"S/S 60*RAIL CENTER 7/8""""       """
SED-289155-1,"S/S RAIL END-7/8""""             """,42.50,1,19.12,42.50,WEST,WEST,"S/S RAIL END-7/8""""             """
SED-291600-1,"S/S 60*TEE L/H 7/8""""           """,26.62,3,11.98,26.62,WEST,WEST,"S/S 60*TEE L/H 7/8""""           """
SED-295125-1,"S/S 125*BOW FORM 7/8""""         """,64.38,2,28.97,64.38,WEST,WEST,"S/S 125*BOW FORM 7/8""""         """
SED-298172-1,"NYLON BIMINI STRAP 1""""X8'BLACK """,26.24,1,11.81,26.24,WEST,WEST,"NYLON BIMINI STRAP 1""""X8'BLACK """
SED-299111-1,"STUD #8-15 SMS 3/8"""" (6 SETS)  """,10.38,0,7.32,10.38,WEST,WEST,"STUD #8-15 SMS 3/8"""" (6 SETS)  """
SED-299112-1,"STUD #8-15 SMS 5/8"""" (6 SETS)  """,13.22,0,10.55,13.22,WEST,WEST,"STUD #8-15 SMS 5/8"""" (6 SETS)  """
SED-299119-1,TWIST STUD (2 SETS),12.44,4,5.60,12.44,WEST,WEST,TWIST STUD (2 SETS)
SED-299190-1,CANVAS SNAP TOOL,61.66,1,27.75,61.66,WEST,WEST,CANVAS SNAP TOOL
SED-299981-1,S/S RELEASE PIN & LANYARD,14.84,2,6.68,14.84,WEST,WEST,S/S RELEASE PIN & LANYARD
SED-299999-1,"1/4""""-28 X 3/16 S/S SET SCREW  """,8.08,5,3.64,8.08,WEST,WEST,"1/4""""-28 X 3/16 S/S SET SCREW  """
SED-321489-1,"GAS FILLED LIFT SPRING 20"""" 90#""",52.26,0,24.73,52.26,WEST,WEST,"GAS FILLED LIFT SPRING 20"""" 90#"""
SED-321650,S/S HATCH SPRING 8-3/4,29.62,2,13.33,29.62,WEST,WEST,S/S HATCH SPRING 8-3/4
SED-321650-1,S/S HATCH SPRING 8-3/4,32.30,4,14.53,32.30,WEST,WEST,S/S HATCH SPRING 8-3/4
SED-324300-1,NYLON WINDSHIELD FOOT BRACE,5.60,1,2.52,5.60,WEST,WEST,NYLON WINDSHIELD FOOT BRACE
SED-327102-1,S/S RAIL MOUNT BRACKET,25.58,1,11.51,25.58,WEST,WEST,S/S RAIL MOUNT BRACKET
SED-327122-1,"S/S RAIL MT.FLAG HOLDER-17""""   """,44.18,3,19.88,44.18,WEST,WEST,"S/S RAIL MT.FLAG HOLDER-17""""   """
SED-327135-1,RAIL MOUNT HORSESHOE BUOY BRKT,74.10,1,33.34,74.10,WEST,WEST,RAIL MOUNT HORSESHOE BUOY BRKT
SED-327175-1,S/S RAIL MNT ROD HOLDER ADJUST,149.99,2,69.99,0.00,WEST,WEST,S/S RAIL MNT ROD HOLDER ADJUST
SED-327197-1,REMOVABL RAIL MNT CLAMPS SQAR,69.26,2,31.17,69.26,WEST,WEST,REMOVABL RAIL MNT CLAMPS SQAR
SED-327200-1,NYLON FENDER MATE,26.96,3,12.13,26.96,WEST,WEST,NYLON FENDER MATE
SED-327400-1,RAIL MNT BOW SOCKET,9.46,2,4.26,9.46,WEST,WEST,RAIL MNT BOW SOCKET
SED-327410-1,DECK MOUNT BOW SOCKET WHITE,5.68,1,2.56,5.68,WEST,WEST,DECK MOUNT BOW SOCKET WHITE
SED-329901-1,UHF CONNECTOR W/RG58U ADAPTER,12.49,1,5.86,12.49,WEST,WEST,UHF CONNECTOR W/RG58U ADAPTER
SED-331280,S/S 10 SLOT VENTILATOR,148.32,0,66.74,148.32,WEST,WEST,S/S 10 SLOT VENTILATOR
SED-331310-1,S/S PITOT TUBE SHIELD,3.94,1,1.77,3.94,WEST,WEST,S/S PITOT TUBE SHIELD
SED-331360,S/S MIDGET VENTILATOR,2.99,3,1.49,2.99,WEST,WEST,S/S MIDGET VENTILATOR
SED-331390-1,S/S LOUVER VENTILATOR,17.88,0,8.05,17.88,WEST,WEST,S/S LOUVER VENTILATOR
SED-337140-1,"ABS WHITE DECK PLATE-4""""       """,29.70,1,13.36,29.70,WEST,WEST,"ABS WHITE DECK PLATE-4""""       """
SED-337160-1,"ABS WHITE DECK PLATE-6""""       """,34.08,2,15.34,34.08,WEST,WEST,"ABS WHITE DECK PLATE-6""""       """
SED-337315,"ABS WHITE HOSE VENT-3""""        """,6.76,0,3.10,6.76,WEST,WEST,"ABS WHITE HOSE VENT-3""""        """
SED-337415,"ABS WHITE HOSE VENT 4""""        """,7.74,2,3.56,7.74,WEST,WEST,"ABS WHITE HOSE VENT 4""""        """
SED-351390-1,REPL.CAP FOR 351320-23,34.42,1,15.49,34.42,WEST,WEST,REPL.CAP FOR 351320-23
SED-352010-1,"CHR.BR.GAS TANK VENT 5/8""""HOSE """,21.54,5,9.69,21.54,WEST,WEST,"CHR.BR.GAS TANK VENT 5/8""""HOSE """
SED-352020-1,"CHR.BR.GAS TANK VENT 5/8""""NPT  """,15.98,3,7.19,15.98,WEST,WEST,"CHR.BR.GAS TANK VENT 5/8""""NPT  """
SED-352030-1,"CHR.BR.90*TANK VENT-5/8""""HOSE  """,34.08,1,15.34,34.08,WEST,WEST,"CHR.BR.90*TANK VENT-5/8""""HOSE  """
SED-352110-1,"CHR/ZINC GAS TANK VENT 5/8""""H  """,15.56,1,7.00,15.56,WEST,WEST,"CHR/ZINC GAS TANK VENT 5/8""""H  """
SED-352210-1,GAS TANK VENT S/S,32.98,2,14.84,32.98,WEST,WEST,GAS TANK VENT S/S
SED-353210-1,S/S FLUSH MNT GAS TANK VENT,51.88,2,23.35,51.88,WEST,WEST,S/S FLUSH MNT GAS TANK VENT
SED-357010-1,F/G NYLON HOSE DECK FILL-GAS,23.94,1,10.77,23.94,WEST,WEST,F/G NYLON HOSE DECK FILL-GAS
SED-357013-1,F/G NYLON HOSE DECK FILL-WATER,23.94,0,10.77,23.94,WEST,WEST,F/G NYLON HOSE DECK FILL-WATER
SED-357399-1,NYLON DECK FILL KEY,3.62,0,1.63,3.62,WEST,WEST,NYLON DECK FILL KEY
SED-400033-1,TRANSOM LIGHT 2NM,87.56,1,40.56,87.56,WEST,WEST,TRANSOM LIGHT 2NM
SED-400136-1,S/S TRANSOM LIGHT-RECTANGULAR,53.90,1,24.97,53.90,WEST,WEST,S/S TRANSOM LIGHT-RECTANGULAR
SED-400155-1,BOW LIGHT-ZINC,29.99,9,14.88,0.00,WEST,WEST,BOW LIGHT-ZINC
SED-400400-1,BRASS BERTH LIGHT,128.04,0,57.62,128.04,WEST,WEST,BRASS BERTH LIGHT
SED-400715-3,LED CABN/READNG LITE W/DMR/USB,123.92,1,55.76,123.92,WEST,WEST,LED CABN/READNG LITE W/DMR/USB
SED-403063-1,S/S PUSH ON/OFF SWITCH FOR LED,70.60,0,33.40,70.60,WEST,WEST,S/S PUSH ON/OFF SWITCH FOR LED
SED-403065-1,LED PUSH BUTTON SWITCH BLU IND,41.74,0,19.75,41.74,WEST,WEST,LED PUSH BUTTON SWITCH BLU IND
SED-404330-3,MEDIUM LED OVERHEAD LIGHT S.S,75.88,0,39.10,75.88,WEST,WEST,MEDIUM LED OVERHEAD LIGHT S.S
SED-412421B-1,STD WIPER MOTOR KIT 2-1/2 110*,223.84,0,100.73,223.84,WEST,WEST,STD WIPER MOTOR KIT 2-1/2 110*
SED-413114B-1,"WIPER ARM 10""""-14"""" BLACK S/S   """,68.42,0,30.79,68.42,WEST,WEST,"WIPER ARM 10""""-14"""" BLACK S/S   """
SED-413168B-1,"WIPER ARM 13-18"""" BLK S/S HOOK """,63.32,2,28.49,63.32,WEST,WEST,"WIPER ARM 13-18"""" BLK S/S HOOK """
SED-414214B-1,"WIPER BLADE 14"""" BLACK S/S     """,45.50,0,25.72,45.50,WEST,WEST,"WIPER BLADE 14"""" BLACK S/S     """
SED-414218S-1,"WIPER BLADE 18"""" SILVER S/S    """,50.90,2,24.08,50.90,WEST,WEST,"WIPER BLADE 18"""" SILVER S/S    """
SED-414220S-1,"WIPER BLADE 20"""" SILVER S/S    """,58.98,1,27.91,58.98,WEST,WEST,"WIPER BLADE 20"""" SILVER S/S    """
SED-415082-1,"H.D.BATTERY BOX STRAP-48""""     """,24.26,1,10.92,24.26,WEST,WEST,"H.D.BATTERY BOX STRAP-48""""     """
SED-415210-1,BATTERY TERMINAL SET(WING NUT),19.82,2,8.92,19.82,WEST,WEST,BATTERY TERMINAL SET(WING NUT)
SED-420101-1,TOGGLE ON-OFF 15A,12.10,1,5.56,12.10,WEST,WEST,TOGGLE ON-OFF 15A
SED-420102-1,TOGGLE (ON)-OFF 15A,13.84,1,6.23,13.84,WEST,WEST,TOGGLE (ON)-OFF 15A
SED-420103,TOGGLE ON-OFF-ON 15A,13.84,2,6.23,13.84,WEST,WEST,TOGGLE ON-OFF-ON 15A
SED-420103-1,TOGGLE ON-OFF-ON 15A,16.52,4,7.43,16.52,WEST,WEST,TOGGLE ON-OFF-ON 15A
SED-420104-1,TOGGLE (ON)-OFF-(ON) 15A,17.46,2,7.86,17.46,WEST,WEST,TOGGLE (ON)-OFF-(ON) 15A
SED-420109-1,TOGGLE (ON)-OFF-(ON) 15A,14.50,3,6.52,14.50,WEST,WEST,TOGGLE (ON)-OFF-(ON) 15A
SED-420241-1,ROCKER SWITCH ON-OFF,11.78,4,5.30,11.78,WEST,WEST,ROCKER SWITCH ON-OFF
SED-420243-1,ROCKER SWITCH ON-OFF-ON,16.14,1,7.26,16.14,WEST,WEST,ROCKER SWITCH ON-OFF-ON
SED-420251-1,ROCKER SWITCH ILLUM ON-OFF,13.30,3,5.98,13.30,WEST,WEST,ROCKER SWITCH ILLUM ON-OFF
SED-420253-1,ROCKER SWITCH ILLUM ON-OFF-ON,19.24,2,8.66,19.24,WEST,WEST,ROCKER SWITCH ILLUM ON-OFF-ON
SED-420350-1,ING SWITCH 3POS BRASS,52.96,1,23.83,52.96,WEST,WEST,ING SWITCH 3POS BRASS
SED-420365-1,IGN SWITCH 3POS POLY W/CAP,33.66,1,15.15,33.66,WEST,WEST,IGN SWITCH 3POS POLY W/CAP
SED-420379-1,IGN SWITCH 4POS POLY,36.34,2,16.35,36.34,WEST,WEST,IGN SWITCH 4POS POLY
SED-420396-1,PUSH BUTTON ON-OFF 15A W/R,45.78,1,20.60,45.78,WEST,WEST,PUSH BUTTON ON-OFF 15A W/R
SED-420410-1,PUSH-PULL OFF-ON1-ON1&2 15A,38.99,6,18.44,0.00,WEST,WEST,PUSH-PULL OFF-ON1-ON1&2 15A
SED-420416-1,PUSH BUTTON OFF-(ON)15A BLACK,12.82,1,5.77,12.82,WEST,WEST,PUSH BUTTON OFF-(ON)15A BLACK
SED-420420-1,PUSH BUTTON OFF-(ON) 15A,28.99,2,16.98,0.00,WEST,WEST,PUSH BUTTON OFF-(ON) 15A
SED-420430-1,FOOT SWITCH OFF-(ON) 25A,80.84,0,36.38,80.84,WEST,WEST,FOOT SWITCH OFF-(ON) 25A
SED-420441-1,ILLUM.ROCKER SWITCH ON-OFF,8.78,2,4.18,8.78,WEST,WEST,ILLUM.ROCKER SWITCH ON-OFF
SED-420495-1,7 KEY LANYARD,17.18,2,7.73,17.18,WEST,WEST,7 KEY LANYARD
SED-420496-1,KILL SWITCH 10KEY UNIV LANYARD,30.08,0,13.54,30.08,WEST,WEST,KILL SWITCH 10KEY UNIV LANYARD
SED-420501-1,REPL.FUSE HOLDR-SQUARE,8.78,3,3.95,8.78,WEST,WEST,REPL.FUSE HOLDR-SQUARE
SED-420503-1,AGC 15A PANEL MOUNT FUSE HLDR,7.08,3,3.19,7.08,WEST,WEST,AGC 15A PANEL MOUNT FUSE HLDR
SED-420544-1,AGC 4-GANG FUSE/TERM BLOCK,33.66,4,15.15,33.66,WEST,WEST,AGC 4-GANG FUSE/TERM BLOCK
SED-420553-1,AGC W/P 15A INLINE FUSE HOLDER,18.22,4,9.76,18.22,WEST,WEST,AGC W/P 15A INLINE FUSE HOLDER
SED-420554-1,AGC W/P 20A INLINE FUSE HOLDER,19.60,2,8.82,19.60,WEST,WEST,AGC W/P 20A INLINE FUSE HOLDER
SED-420555-1,AGC W/P 30A INLINE FUSE HLDR,23.12,3,10.40,23.12,WEST,WEST,AGC W/P 30A INLINE FUSE HLDR
SED-420810-1,PUSH BUTTON BREAKER 10A,9.30,2,4.18,9.30,WEST,WEST,PUSH BUTTON BREAKER 10A
SED-420830-1,PUSH BUTTON BREAKER 30A,10.30,3,4.63,10.30,WEST,WEST,PUSH BUTTON BREAKER 30A
SED-420839-1,SPLASH GUARD BOOT,7.78,5,3.50,7.78,WEST,WEST,SPLASH GUARD BOOT
SED-420842-1,RESETTABLE BREAKER-20A,17.46,2,7.86,17.46,WEST,WEST,RESETTABLE BREAKER-20A
SED-420844-1,RESETTABLE BREAKER-40A,17.46,2,7.86,17.46,WEST,WEST,RESETTABLE BREAKER-40A
SED-423035-1,BILGE WATER ALARM PANEL,76.02,1,34.21,76.02,WEST,WEST,BILGE WATER ALARM PANEL
SED-426053-1,S/S POWER SOCKET+CAP 12V,30.96,1,13.93,30.96,WEST,WEST,S/S POWER SOCKET+CAP 12V
SED-426116-1,12V PWR SOCKET & PLUG,21.54,2,9.69,21.54,WEST,WEST,12V PWR SOCKET & PLUG
SED-426142-1,CHR.12-V CABLE OUTLET,28.94,1,13.02,28.94,WEST,WEST,CHR.12-V CABLE OUTLET
SED-426262-1,2-PIN 3A CONNECT CHR BRASS,35.04,1,15.77,35.04,WEST,WEST,2-PIN 3A CONNECT CHR BRASS
SED-426264-1,CHR.4-PIN ELEC.CONNECT,43.80,0,20.14,43.80,WEST,WEST,CHR.4-PIN ELEC.CONNECT
SED-426450-1,POWER SOCKET W/BATTERY CLIPS,22.20,1,9.99,22.20,WEST,WEST,POWER SOCKET W/BATTERY CLIPS
SED-426510-1,RND DUAL USB3 USBC POWR SOCKET,32.30,1,15.07,32.30,WEST,WEST,RND DUAL USB3 USBC POWR SOCKET
SED-426535-1,OVL SURF MNT USB3/C PWR SOCKET,47.99,2,27.88,0.00,WEST,WEST,OVL SURF MNT USB3/C PWR SOCKET
SED-426710-1,BUSS BAR 5-GANG,30.04,1,13.52,30.04,WEST,WEST,BUSS BAR 5-GANG
SED-426711-1,BUSS BAR BRASS TIN TERMINALS,31.99,4,16.00,0.00,WEST,WEST,BUSS BAR BRASS TIN TERMINALS
SED-431110-1,S/S MINI-COMPACT HORN-SINGLE,56.56,0,25.45,56.56,WEST,WEST,S/S MINI-COMPACT HORN-SINGLE
SED-431230-1,F/M MINI-CMPACT HORN W/2 GRILL,70.06,1,31.53,70.06,WEST,WEST,F/M MINI-CMPACT HORN W/2 GRILL
SED-431250-1,FLUSH MT MINI COMPACT HORN III,71.40,1,32.13,71.40,WEST,WEST,FLUSH MT MINI COMPACT HORN III
SED-431610-1,S/S CMPACT TRUMPET HORN-SINGLE,132.08,1,59.44,132.08,WEST,WEST,S/S CMPACT TRUMPET HORN-SINGLE
SED-445197-1,INLIN FUSEHLDR AT0/ATC-30A/LED,14.50,2,6.52,14.50,WEST,WEST,INLIN FUSEHLDR AT0/ATC-30A/LED
SED-445198-1,INLINE FUSEHOLDER AT0/ATC-30A,9.64,2,4.63,9.64,WEST,WEST,INLINE FUSEHOLDER AT0/ATC-30A
SED-445199-1,ATO 20A INLINE FUSE HOLDER,8.78,3,4.06,8.78,WEST,WEST,ATO 20A INLINE FUSE HOLDER
SED-491080-1,BOATHOOK 3 SIDE BRUSH MEDM/YEL,29.99,2,16.63,0.00,WEST,WEST,BOATHOOK 3 SIDE BRUSH MEDM/YEL
SED-491090-1,BOATHOOK 3 SIDE BRUSH STIF/WHT,39.99,2,21.76,0.00,WEST,WEST,BOATHOOK 3 SIDE BRUSH STIF/WHT
SED-491135-1,S/S BOAT HOOK CLIP     (2/CRD),7.82,2,3.52,7.82,WEST,WEST,S/S BOAT HOOK CLIP     (2/CRD)
SED-491145-1,RUBBER POLE STORAGE CLIP(2/CRD,13.50,2,6.07,13.50,WEST,WEST,RUBBER POLE STORAGE CLIP(2/CRD
SED-491240-1,S/S RING BOUY BRACKET,17.46,3,7.86,17.46,WEST,WEST,S/S RING BOUY BRACKET
SED-492211-1,"CHR.FLAG POLE SKT-3/4""""        """,29.70,1,13.36,29.70,WEST,WEST,"CHR.FLAG POLE SKT-3/4""""        """
SED-492212-1,"CHR.FLAG POLE SKT-1""""          """,36.40,2,16.38,36.40,WEST,WEST,"CHR.FLAG POLE SKT-1""""          """
SED-512220-1,CHR.BRASS WASH DOWN FAUCET,51.16,1,23.02,51.16,WEST,WEST,CHR.BRASS WASH DOWN FAUCET
SED-517525-1,"S/S 2""""SINK DRAIN WITH STRAINER""",13.14,3,5.91,13.14,WEST,WEST,"S/S 2""""SINK DRAIN WITH STRAINER"""
SED-520040,BRONZE GARBOARD PLUG,24.22,1,10.90,24.22,WEST,WEST,BRONZE GARBOARD PLUG
SED-520040-1,BRONZE GARBOARD PLUG,26.88,2,12.55,26.88,WEST,WEST,BRONZE GARBOARD PLUG
SED-520041-1,BRZ.REPLACE.PLUG FOR #520040,12.74,4,5.96,12.74,WEST,WEST,BRZ.REPLACE.PLUG FOR #520040
SED-520045-1,PLUGMATE GARBOARD WRENCH,21.54,1,9.69,21.54,WEST,WEST,PLUGMATE GARBOARD WRENCH
SED-520047-1,BRZ.REPLACEMENT PLUG W/HANDLE,30.96,0,15.08,30.96,WEST,WEST,BRZ.REPLACEMENT PLUG W/HANDLE
SED-520051-1,REPL. DRAIN PLUG F/520050/55,6.26,0,2.82,6.26,WEST,WEST,REPL. DRAIN PLUG F/520050/55
SED-520092-1,"BRASS BAITWELL PLUG 1/2""""(2/CD)""",10.64,1,4.79,10.64,WEST,WEST,"BRASS BAITWELL PLUG 1/2""""(2/CD)"""
SED-520094,"BRASS BAITWELL PLUG 3/4""""      """,4.58,1,2.06,4.58,WEST,WEST,"BRASS BAITWELL PLUG 3/4""""      """
SED-520095-1,"BRASS BAITWELL PLUG 7/8""""(2/CD)""",12.56,3,5.65,12.56,WEST,WEST,"BRASS BAITWELL PLUG 7/8""""(2/CD)"""
SED-520210-1,BRASS DRAIN TUBE 1-7/8,8.44,2,3.80,8.44,WEST,WEST,BRASS DRAIN TUBE 1-7/8
SED-520220-1,BRASS DRAIN TUBE 2-3/8,8.78,2,3.95,8.78,WEST,WEST,BRASS DRAIN TUBE 2-3/8
SED-520230-1,BRASS DRAIN TUBE 2-7/8,9.80,1,4.41,9.80,WEST,WEST,BRASS DRAIN TUBE 2-7/8
SED-520500-1,NYLON SCUPPER VALVE,6.76,2,3.95,6.76,WEST,WEST,NYLON SCUPPER VALVE
SED-521550-1,INBOARD MOTOR FLUSH,34.82,3,16.24,34.82,WEST,WEST,INBOARD MOTOR FLUSH
SED-580411-1,CHR.ZINC OARLOCK HORN  (2/PKG),30.96,1,13.93,30.96,WEST,WEST,CHR.ZINC OARLOCK HORN  (2/PKG)
SED-580412-1,CHR.ZINC OARLOCK HORN RIBBED,29.34,1,13.20,29.34,WEST,WEST,CHR.ZINC OARLOCK HORN RIBBED
SED-580450-1,CHR.ZINC OARLOCK SOCKET,21.92,1,9.86,21.92,WEST,WEST,CHR.ZINC OARLOCK SOCKET
SED-580451-1,CHR.ZINC OARLOCK SOCKET,27.98,2,12.59,27.98,WEST,WEST,CHR.ZINC OARLOCK SOCKET
SED-580870-1,"GALV.OARLOCK HORN-2""""          """,10.99,2,6.36,0.00,WEST,WEST,"GALV.OARLOCK HORN-2""""          """
SED-580880-1,GALV.TOP MOUNT OARLOCK SOCKET,16.52,2,7.43,16.52,WEST,WEST,GALV.TOP MOUNT OARLOCK SOCKET
SED-582502-1,POLY.4-STEP FOLDING LADDER,102.42,2,47.78,102.42,WEST,WEST,POLY.4-STEP FOLDING LADDER
SED-588010,BLK.ABS F/M DRINK HLDR,2.22,2,1.30,2.22,WEST,WEST,BLK.ABS F/M DRINK HLDR
SED-588011,WHT.ABS F/M DRINK HLDR,3.04,2,1.37,3.04,WEST,WEST,WHT.ABS F/M DRINK HLDR
SED-588220-1,ADJ.FOLDING DRINK HOLDER-BLACK,13.66,2,6.56,13.66,WEST,WEST,ADJ.FOLDING DRINK HOLDER-BLACK
SED-588221-1,ADJ.FOLDING DRINK HOLDER-WHITE,13.66,3,6.15,13.66,WEST,WEST,ADJ.FOLDING DRINK HOLDER-WHITE
SED-671100-1,NYLON GEAR HAMMOCK,19.56,1,8.80,19.56,WEST,WEST,NYLON GEAR HAMMOCK
SED-671460,S/S HAMMOCK HOOK,2.14,1,0.96,2.14,WEST,WEST,S/S HAMMOCK HOOK
SED-671460-1,S/S HAMMOCK HOOK,6.34,1,2.85,6.34,WEST,WEST,S/S HAMMOCK HOOK
SED-751010-1,PLATED COUPLER LOCKING PIN,6.54,1,2.94,6.54,WEST,WEST,PLATED COUPLER LOCKING PIN
SED-751011-1,GALV COUPLER LOCKING PIN,6.68,0,3.01,6.68,WEST,WEST,GALV COUPLER LOCKING PIN
SED-751030-1,BRASS PLTD.COUPLER LOCK 2-PCS,22.26,1,10.02,22.26,WEST,WEST,BRASS PLTD.COUPLER LOCK 2-PCS
SED-DB-1/2X20-NV,BRD NVY DOCKLINE (302112020NV),39.31,0,23.53,39.31,WEST,WEST,BRD NVY DOCKLINE (302112020NV)
SED133896-1,SNAP HOOK SEADOG,3.74,1,2.06,0.00,WEST,WEST,SNAP HOOK SEADOG
SHA-3187,S/S RATCHET ANTENNA MOUNT,102.92,0,55.47,102.92,WEST,WEST,S/S RATCHET ANTENNA MOUNT
SHA-5187,S/S RATCHET ANTENNA MOUNT,139.08,0,74.95,139.08,WEST,WEST,S/S RATCHET ANTENNA MOUNT
SHA-5230,14'GALAXY VHF 8DB 2PC. ANTENNA,1096.12,1,590.72,1096.12,WEST,WEST,14'GALAXY VHF 8DB 2PC. ANTENNA
SHA-5250,3' 3DB SKINNY MINI S/S WHIP,158.35,2,91.18,158.35,WEST,WEST,3' 3DB SKINNY MINI S/S WHIP
SHA-5396-AIS,4'GALAXY 3DB AIS ANTENNA,454.22,1,244.79,454.22,WEST,WEST,4'GALAXY 3DB AIS ANTENNA
SHA-PL258-G,GOLD PLT.BARREL CONNECTOR,25.99,5,14.59,25.99,WEST,WEST,GOLD PLT.BARREL CONNECTOR
SHA-PL259-8XG,GOLD PLT.PL-259 FOR RG-8X,24.01,2,12.94,24.01,WEST,WEST,GOLD PLT.PL-259 FOR RG-8X
SHA-PL259-G,GOLD PLT.PL-259 CONNECTOR,25.99,4,14.59,25.99,WEST,WEST,GOLD PLT.PL-259 CONNECTOR
SHA-PL259CP-G,GOLD PLTD CENTERPIN PL-259,28.77,2,15.51,28.77,WEST,WEST,GOLD PLTD CENTERPIN PL-259
SHI-135-0126B,"H.D.HEATER HOSE 1/2""""X50'      """,146.36,1,78.88,146.36,WEST,WEST,"H.D.HEATER HOSE 1/2""""X50'      """
SHI-144-1006,"SUPER PVC SANITATION 1""""X50'   """,429.79,0,231.62,429.79,WEST,WEST,"SUPER PVC SANITATION 1""""X50'   """
SHI-148-0586,"ULTRAVAC SANI.HOSE 5/8""""X50'   """,189.44,1,102.10,189.44,WEST,WEST,"ULTRAVAC SANI.HOSE 5/8""""X50'   """
SHI-148-1,ULTRAVAC SANITATION HOSE,5.93,6,3.19,5.93,WEST,WEST,ULTRAVAC SANITATION HOSE
SHI-162-0346,"PVC-RED TRACER 3/4""""X50'       """,170.76,20,92.02,170.76,WEST,WEST,"PVC-RED TRACER 3/4""""X50'       """
SHI-162-0586,"PVC-RED TRACER 5/8""""X50'       """,134.20,20,72.32,134.20,WEST,WEST,"PVC-RED TRACER 5/8""""X50'       """
SHI-250-1-1/2,H/W MARINE EXHAUST/WATER HOSE,19.27,0,10.39,19.27,WEST,WEST,H/W MARINE EXHAUST/WATER HOSE
SHI-254-1-1/2,EXOFLEX EXHAUST HOSE,30.41,0,16.39,30.41,WEST,WEST,EXOFLEX EXHAUST HOSE
SHI-365-0386,"HOSE FIRE-ACOL 3/8""""X50'R/O CTN""",303.47,0,163.55,303.47,WEST,WEST,"HOSE FIRE-ACOL 3/8""""X50'R/O CTN"""
SHI-420-3,BLACK H.D.VINYL BLOWER HOSE,4.06,20,2.19,4.06,WEST,WEST,BLACK H.D.VINYL BLOWER HOSE
SHI-420-4,BLACK H.D.VINYL BLOWER HOSE,6.26,0,3.37,6.26,WEST,WEST,BLACK H.D.VINYL BLOWER HOSE
SHR-4158-153-E75,12V 5GPM AQUAKING II SUPREME,831.74,0,448.24,831.74,WEST,WEST,12V 5GPM AQUAKING II SUPREME
SHR-SPDW-1/2B,"1/2""""X4'BLACK DUAL WALL SHRINK """,10.59,0,5.71,10.59,WEST,WEST,"1/2""""X4'BLACK DUAL WALL SHRINK """
SHR-SPDW-1/2R,"1/2""""X4' RED DUAL WALL SHRINK  """,10.59,0,5.71,10.59,WEST,WEST,"1/2""""X4' RED DUAL WALL SHRINK  """
SHR-SPDW-3/4B,"3/4""""X4'BLACK DUAL WALL SHRINK",17.55,0,9.46,17.55,WEST,WEST,"3/4""""X4'BLACK DUAL WALL SHRINK"
SHR-SPDW-3/4R,"3/4""""X4' RED DUAL WALL SHRINK",21.94,0,11.83,21.94,WEST,WEST,"3/4""""X4' RED DUAL WALL SHRINK"
SHU-1710,SYNTHETIC LAMBSWOOL COVER,24.80,2,13.36,24.80,WEST,WEST,SYNTHETIC LAMBSWOOL COVER
SHU-1710C,SWIVEL PAD COMBINATION,65.99,2,35.91,0.00,WEST,WEST,SWIVEL PAD COMBINATION
SHU-293,MICROFIBER TOWELS VARIETY 3-PK,38.23,4,20.23,38.23,WEST,WEST,MICROFIBER TOWELS VARIETY 3-PK
SHU-3151,BUFF MAGIC COMPOUNDING PAD-2PK,44.44,1,23.95,44.44,WEST,WEST,BUFF MAGIC COMPOUNDING PAD-2PK
SHU-3152,"PRO POLISH PAD 6-1/2"""" 2-PK    """,44.44,1,23.95,44.44,WEST,WEST,"PRO POLISH PAD 6-1/2"""" 2-PK    """
SHU-3154,"BUFF MAGIC FOAM PAD 6.5""""(2/PK)""",43.57,0,23.48,43.57,WEST,WEST,"BUFF MAGIC FOAM PAD 6.5""""(2/PK)"""
SHU-740,"ALUM.FIXED LENGTH HANDLE 40""""  """,29.94,2,16.14,29.94,WEST,WEST,"ALUM.FIXED LENGTH HANDLE 40""""  """
SHU-760,"ALUM.FIXED LENGTH HANDLE 60""""  """,39.50,1,21.28,39.50,WEST,WEST,"ALUM.FIXED LENGTH HANDLE 60""""  """
SHU-833,"ALUM.EXT.HANDLE 43""""-72""""       """,65.33,1,35.21,65.33,WEST,WEST,"ALUM.EXT.HANDLE 43""""-72""""       """
SHU-855,"ALUM.EXT.HANDLE 63""""-108""""      """,80.13,0,43.18,80.13,WEST,WEST,"ALUM.EXT.HANDLE 63""""-108""""      """
SHU-950,EXTRA STIFF WHITE POLY.BRUSH,55.59,0,29.96,55.59,WEST,WEST,EXTRA STIFF WHITE POLY.BRUSH
SHU-955,MEDIUM STIFF YELLOW POLY.BRUSH,55.59,0,29.96,55.59,WEST,WEST,MEDIUM STIFF YELLOW POLY.BRUSH
SHU-965,"6""""SOFT/MEDIUM COMBO BRUSH     """,64.91,1,34.98,64.91,WEST,WEST,"6""""SOFT/MEDIUM COMBO BRUSH     """
SHU-970,EXTRA SOFT BLUE NYLON BRUSH,64.91,2,45.93,64.91,WEST,WEST,EXTRA SOFT BLUE NYLON BRUSH
SHU-980,SOFT YELLOW POLY.BRUSH,74.25,0,40.01,74.25,WEST,WEST,SOFT YELLOW POLY.BRUSH
SIE-18-0305-1,GASKET,15.65,5,9.48,15.65,WEST,WEST,GASKET
SIE-18-0309-1,GASKET,15.11,0,9.41,15.11,WEST,WEST,GASKET
SIE-18-0353,GASKET             (AP-370),8.78,0,4.75,8.78,WEST,WEST,GASKET             (AP-370)
SIE-18-0549,RUBBER CAP         (AP-1643),19.19,2,10.37,19.19,WEST,WEST,RUBBER CAP         (AP-1643)
SIE-18-0550,RUBBER CAP         (AP-1644),17.62,3,9.52,17.62,WEST,WEST,RUBBER CAP         (AP-1644)
SIE-18-0943-2,GASKET,11.44,0,6.85,11.44,WEST,WEST,GASKET
SIE-18-0943-2-9,"GASKET, EXHAUST ELBOW (2/PKG) """,26.19,2,14.15,26.19,WEST,WEST,"GASKET, EXHAUST ELBOW (2/PKG) """
SIE-18-0975-9,GASKET (2/PKG),9.72,1,7.66,9.72,WEST,WEST,GASKET (2/PKG)
SIE-18-1908K,RISER KIT,693.83,0,374.88,693.83,WEST,WEST,RISER KIT
SIE-18-1917,BLOCK OFF MANIFOLD PLATE,35.49,6,20.85,35.49,WEST,WEST,BLOCK OFF MANIFOLD PLATE
SIE-18-1927,RISER,405.49,0,240.56,405.49,WEST,WEST,RISER
SIE-18-1953-2,MANIFOLD,391.58,0,211.57,391.58,WEST,WEST,MANIFOLD
SIE-18-1976-2,MANIFOLD ELBOW,301.80,0,163.06,301.80,WEST,WEST,MANIFOLD ELBOW
SIE-18-1977-1,THERMOSTAT COVER   (AP-5009),114.68,0,61.96,114.68,WEST,WEST,THERMOSTAT COVER   (AP-5009)
SIE-18-1997-1,MANIFOLD,541.97,2,292.82,541.97,WEST,WEST,MANIFOLD
SIE-18-2003,SEAL               (AP-3808),32.73,1,17.69,32.73,WEST,WEST,SEAL               (AP-3808)
SIE-18-2014,SEAL               (AP-171),25.48,1,13.77,25.48,WEST,WEST,SEAL               (AP-171)
SIE-18-2051,SEAL               (AP-281),19.44,1,10.50,19.44,WEST,WEST,SEAL               (AP-281)
SIE-18-2052,SEAL               (AP-282),22.60,1,12.21,22.60,WEST,WEST,SEAL               (AP-282)
SIE-18-2062,SEAL               (AP-026),13.89,1,7.51,13.89,WEST,WEST,SEAL               (AP-026)
SIE-18-2116,TRIM HOSE          (AP-700),79.91,2,43.18,79.91,WEST,WEST,TRIM HOSE          (AP-700)
SIE-18-2161,SHIFT ARM          (AP-1358),54.73,6,29.57,54.73,WEST,WEST,SHIFT ARM          (AP-1358)
SIE-18-2174,U-JOINT            (AP-1821),93.67,1,50.61,93.67,WEST,WEST,U-JOINT            (AP-1821)
SIE-18-2481,GASKET SET,22.21,1,13.77,22.21,WEST,WEST,GASKET SET
SIE-18-2587,PWR.STEERING COOLER (AP-2740),405.53,0,219.11,405.53,WEST,WEST,PWR.STEERING COOLER (AP-2740)
SIE-18-2588,OIL COOLER          (AP-2289),502.87,3,304.36,502.87,WEST,WEST,OIL COOLER          (AP-2289)
SIE-18-2613,GASKET KIT         (AP-475),8.58,2,5.15,8.58,WEST,WEST,GASKET KIT         (AP-475)
SIE-18-2699,OUTDRIVE MTG.KIT   (AP-2376),7.93,2,4.67,7.93,WEST,WEST,OUTDRIVE MTG.KIT   (AP-2376)
SIE-18-2748,BELLOWS            (AP-1520),63.81,1,34.48,63.81,WEST,WEST,BELLOWS            (AP-1520)
SIE-18-2753-2,SHIFT CABLE BELLOWS,26.14,1,14.12,26.14,WEST,WEST,SHIFT CABLE BELLOWS
SIE-18-2764,BELLOW             (AP-1999),59.77,0,32.29,59.77,WEST,WEST,BELLOW             (AP-1999)
SIE-18-2765,BELLOW             (AP-1998),78.29,1,42.30,78.29,WEST,WEST,BELLOW             (AP-1998)
SIE-18-2777,HOSE CONNECTER     (AP-5013),91.75,1,49.57,91.75,WEST,WEST,HOSE CONNECTER     (AP-5013)
SIE-18-2918,GASKET             (AP-472),8.32,2,4.49,8.32,WEST,WEST,GASKET             (AP-472)
SIE-18-2949-9,GASKET-GRAPHTD ASB.(2/PKG),50.87,1,27.48,50.87,WEST,WEST,GASKET-GRAPHTD ASB.(2/PKG)
SIE-18-3016-1,IMPELLER KIT,51.82,1,28.00,51.82,WEST,WEST,IMPELLER KIT
SIE-18-3056,IMPELLER           (AP-1814),37.66,1,20.35,37.66,WEST,WEST,IMPELLER           (AP-1814)
SIE-18-3065,IMPELLER           (AP-2174),38.79,2,23.02,38.79,WEST,WEST,IMPELLER           (AP-2174)
SIE-18-3068,IMPELLER           (AP-2009),45.07,1,24.35,45.07,WEST,WEST,IMPELLER           (AP-2009)
SIE-18-3077,IMPELLER KIT       (AP-1933),84.12,1,45.45,84.12,WEST,WEST,IMPELLER KIT       (AP-1933)
SIE-18-3086,IMPELLER           (AP-007),59.39,1,32.09,59.39,WEST,WEST,IMPELLER           (AP-007)
SIE-18-3106,WATER PUMP COUPLER,22.60,1,12.21,22.60,WEST,WEST,WATER PUMP COUPLER
SIE-18-3150,WATER PUMP KIT     (AP-13159),152.40,2,82.34,152.40,WEST,WEST,WATER PUMP KIT     (AP-13159)
SIE-18-3205,WATER PUMP KIT,242.63,1,131.10,242.63,WEST,WEST,WATER PUMP KIT
SIE-18-3380,WATER PUMP KIT,99.16,1,53.58,99.16,WEST,WEST,WATER PUMP KIT
SIE-18-3390,WATER PUMP KIT,106.46,1,57.52,106.46,WEST,WEST,WATER PUMP KIT
SIE-18-3412,WATER PUMP KIT W/HOUSING,100.90,0,54.52,100.90,WEST,WEST,WATER PUMP KIT W/HOUSING
SIE-18-3469,WATER PUMP KIT,363.56,0,214.36,363.56,WEST,WEST,WATER PUMP KIT
SIE-18-3478,WATER PUMP REPAIR KIT,37.47,1,24.06,37.47,WEST,WEST,WATER PUMP REPAIR KIT
SIE-18-3549,THERMOSTAT 120*    (AP-3149),39.06,1,21.10,39.06,WEST,WEST,THERMOSTAT 120*    (AP-3149)
SIE-18-3552,THERMOSTAT,35.29,1,21.38,35.29,WEST,WEST,THERMOSTAT
SIE-18-3575,WATER PUMP KIT,217.57,1,71.58,217.57,WEST,WEST,WATER PUMP KIT
SIE-18-3577-2,WATER PUMP,337.32,0,203.17,337.32,WEST,WEST,WATER PUMP
SIE-18-3586-1,WATER PUMP,595.61,0,321.81,595.61,WEST,WEST,WATER PUMP
SIE-18-3599-2,WATER PUMP,218.87,1,118.26,218.87,WEST,WEST,WATER PUMP
SIE-18-36001,SEA WATER PUMP,824.93,0,445.71,824.93,WEST,WEST,SEA WATER PUMP
SIE-18-3601,HOSE               (AP-1054),19.05,5,10.30,19.05,WEST,WEST,HOSE               (AP-1054)
SIE-18-3602,HOSE               (AP-1053),20.44,5,11.04,20.44,WEST,WEST,HOSE               (AP-1053)
SIE-18-4008,PLATE              (AP-5008),23.40,0,12.64,23.40,WEST,WEST,PLATE              (AP-5008)
SIE-18-43017,THERMOSTAT F/INDMAR S985009,41.47,1,22.40,41.47,WEST,WEST,THERMOSTAT F/INDMAR S985009
SIE-18-4364,MOUNTING KIT,27.00,0,16.27,27.00,WEST,WEST,MOUNTING KIT
SIE-18-4527,WATER PUMP REPAIR KIT W/HOUSIG,108.18,0,58.45,108.18,WEST,WEST,WATER PUMP REPAIR KIT W/HOUSIG
SIE-18-4911,STARTER ROPE (200'),0.80,25,0.43,0.80,WEST,WEST,STARTER ROPE (200')
SIE-18-4913,STARTER ROPE (200'),0.80,22,0.43,0.80,WEST,WEST,STARTER ROPE (200')
SIE-18-4914,STARTER ROPE (200'),0.80,24,0.43,0.80,WEST,WEST,STARTER ROPE (200')
SIE-18-5107-1,IGNITION MODULE,214.01,0,115.63,214.01,WEST,WEST,IGNITION MODULE
SIE-18-5108,SENSOR (P/U COIL)   (AP-13350),50.83,0,30.16,50.83,WEST,WEST,SENSOR (P/U COIL)   (AP-13350)
SIE-18-5244,CAP/ROTOR KIT,26.88,1,1.00,26.88,WEST,WEST,CAP/ROTOR KIT
SIE-18-5256,DIST.TUNE-UP KIT   (AP-1007),63.53,2,34.32,63.53,WEST,WEST,DIST.TUNE-UP KIT   (AP-1007)
SIE-18-5277,COMPLETE TUNE-UP KIT (AP-3080),104.51,1,62.68,104.51,WEST,WEST,COMPLETE TUNE-UP KIT (AP-3080)
SIE-18-5288-1,ELECTRONIC CONVERSION KIT,756.59,0,444.64,756.59,WEST,WEST,ELECTRONIC CONVERSION KIT
SIE-18-5303,POINTS             (AP-865),18.59,5,10.04,18.59,WEST,WEST,POINTS             (AP-865)
SIE-18-5311,POINTS             (AP-2810),19.92,1,10.76,19.92,WEST,WEST,POINTS             (AP-2810)
SIE-18-5345,CONDENSER          (AP-2807),10.50,3,5.68,10.50,WEST,WEST,CONDENSER          (AP-2807)
SIE-18-5352,CAP                (AP-1088),47.38,2,28.73,47.38,WEST,WEST,CAP                (AP-1088)
SIE-18-5353,CAP                (AP-870),62.93,1,37.38,62.93,WEST,WEST,CAP                (AP-870)
SIE-18-5375,CAP                (AP-868),111.36,0,60.17,111.36,WEST,WEST,CAP                (AP-868)
SIE-18-5376,HI-PERF.DISTR.CAP  (AP-3125),54.07,2,29.22,54.07,WEST,WEST,HI-PERF.DISTR.CAP  (AP-3125)
SIE-18-5403,ROTOR,13.06,1,8.01,13.06,WEST,WEST,ROTOR
SIE-18-5404-1,ROTOR              (AP-2863),13.91,4,7.52,13.91,WEST,WEST,ROTOR              (AP-2863)
SIE-18-5407,ROTOR              (AP-866),19.56,4,10.57,19.56,WEST,WEST,ROTOR              (AP-866)
SIE-18-5408,ROTOR              (AP-3065),13.63,1,7.36,13.63,WEST,WEST,ROTOR              (AP-3065)
SIE-18-5411,ROTOR,18.85,1,10.19,18.85,WEST,WEST,ROTOR
SIE-18-5425,ROTOR,29.58,2,18.38,29.58,WEST,WEST,ROTOR
SIE-18-5428,ROTOR              (AP-882),24.45,1,13.21,24.45,WEST,WEST,ROTOR              (AP-882)
SIE-18-5432,ROTOR&TRIGGER WHEEL(AP-2296),20.02,3,10.82,20.02,WEST,WEST,ROTOR&TRIGGER WHEEL(AP-2296)
SIE-18-5433,SERVICE COIL,80.94,2,43.73,80.94,WEST,WEST,SERVICE COIL
SIE-18-5436,SERVICE COIL,106.13,1,64.32,106.13,WEST,WEST,SERVICE COIL
SIE-18-5450,RESISTOR FOR COIL,29.58,0,15.98,29.58,WEST,WEST,RESISTOR FOR COIL
SIE-18-5619,O/B STARTER,295.79,0,174.72,295.79,WEST,WEST,O/B STARTER
SIE-18-5704,RELAY              (AP-598),31.30,1,16.91,31.30,WEST,WEST,RELAY              (AP-598)
SIE-18-5705,RELAY              (AP-1561),34.77,1,18.79,34.77,WEST,WEST,RELAY              (AP-1561)
SIE-18-5851,"RELAY, SHROUDED",53.97,1,29.16,53.97,WEST,WEST,"RELAY, SHROUDED"
SIE-18-5882,ALTERNATOR 75A 12V SERPENTINE,513.74,1,277.57,513.74,WEST,WEST,ALTERNATOR 75A 12V SERPENTINE
SIE-18-5897,"TEMP.SENDER 3/8""""       (26661)""",49.47,1,26.73,49.47,WEST,WEST,"TEMP.SENDER 3/8""""       (26661)"""
SIE-18-5907,STARTER,461.15,0,249.16,461.15,WEST,WEST,STARTER
SIE-18-5908,STARTER,469.90,1,253.89,469.90,WEST,WEST,STARTER
SIE-18-5913-1,STARTER,386.67,0,230.36,386.67,WEST,WEST,STARTER
SIE-18-5920,STARTER,268.99,1,141.01,268.99,WEST,WEST,STARTER
SIE-18-6779,TILT/TRIM MOTOR,336.25,1,181.68,336.25,WEST,WEST,TILT/TRIM MOTOR
SIE-18-6950,POWER TILT FUSE 50-AMP,10.34,2,5.59,10.34,WEST,WEST,POWER TILT FUSE 50-AMP
SIE-18-6951,POWER TILT FUSE 30-AMP,12.71,0,6.87,12.71,WEST,WEST,POWER TILT FUSE 30-AMP
SIE-18-7086,CARB REBUILD KIT   (AP-3683),76.50,0,43.46,76.50,WEST,WEST,CARB REBUILD KIT   (AP-3683)
SIE-18-70930,HOSE               (AP-1522),49.40,1,26.69,49.40,WEST,WEST,HOSE               (AP-1522)
SIE-18-70931,HOSE               (AP-1529),52.22,1,28.21,52.22,WEST,WEST,HOSE               (AP-1529)
SIE-18-7142,O-RING,1.27,5,0.69,1.27,WEST,WEST,O-RING
SIE-18-7152,SEAL               (AP-201),4.14,1,2.24,4.14,WEST,WEST,SEAL               (AP-201)
SIE-18-7170,0-RING             (AP-208),2.79,2,1.51,2.79,WEST,WEST,0-RING             (AP-208)
SIE-18-7267,FUEL PUMP          (AP-1816),285.79,1,167.13,285.79,WEST,WEST,FUEL PUMP          (AP-1816)
SIE-18-7268,FUEL PUMP,331.21,2,178.95,331.21,WEST,WEST,FUEL PUMP
SIE-18-7270,FUEL PUMP,498.66,0,269.43,498.66,WEST,WEST,FUEL PUMP
SIE-18-7278,FUEL PUMP          (AP-1815),435.42,1,235.26,435.42,WEST,WEST,FUEL PUMP          (AP-1815)
SIE-18-7281,FUEL PUMP           (AP-13480),241.10,0,136.97,241.10,WEST,WEST,FUEL PUMP           (AP-13480)
SIE-18-7282,FUEL PUMP          (AP-1838),269.67,0,145.70,269.67,WEST,WEST,FUEL PUMP          (AP-1838)
SIE-18-7326,FUEL PUMP ELECTRIC,511.32,0,276.27,511.32,WEST,WEST,FUEL PUMP ELECTRIC
SIE-18-7333,FUEL PUMP,377.64,1,204.04,377.64,WEST,WEST,FUEL PUMP
SIE-18-7775-1,FUEL WATER SEPERATOR KIT,87.09,0,47.05,87.09,WEST,WEST,FUEL WATER SEPERATOR KIT
SIE-18-7789,FILTER 21 MIC VOLVO/COBRA,15.61,1,8.44,15.61,WEST,WEST,FILTER 21 MIC VOLVO/COBRA
SIE-18-7845,FUEL FILTER 21MIC LONG,16.48,10,11.58,16.48,WEST,WEST,FUEL FILTER 21MIC LONG
SIE-18-7846,FUEL FILTER 21 MIC (AP-6040),20.98,2,11.33,20.98,WEST,WEST,FUEL FILTER 21 MIC (AP-6040)
SIE-18-7848-1,FUEL FILTER        (AP-6012),77.00,3,41.61,77.00,WEST,WEST,FUEL FILTER        (AP-6012)
SIE-18-7862,FUEL FILTER        (AP-1647),23.46,6,13.33,23.46,WEST,WEST,FUEL FILTER        (AP-1647)
SIE-18-7866,FUEL FILTER 10 MIC (AP-1647),28.44,0,15.37,28.44,WEST,WEST,FUEL FILTER 10 MIC (AP-1647)
SIE-18-7891,OIL DRAIN KIT      (AP-1801),142.47,2,76.98,142.47,WEST,WEST,OIL DRAIN KIT      (AP-1801)
SIE-18-7911-1,OIL FILTER,15.45,2,9.70,15.45,WEST,WEST,OIL FILTER
SIE-18-7913,OIL FILTER,14.25,0,8.10,14.25,WEST,WEST,OIL FILTER
SIE-18-7914,OIL FILTER,12.78,0,7.91,12.78,WEST,WEST,OIL FILTER
SIE-18-7915-1,OIL FILTER,15.11,1,8.17,15.11,WEST,WEST,OIL FILTER
SIE-18-7919,FUEL WATER SEPERATOR FILTER,43.67,0,24.47,43.67,WEST,WEST,FUEL WATER SEPERATOR FILTER
SIE-18-7944,FUEL FILTER 10MIC SHORT,12.81,0,6.92,12.81,WEST,WEST,FUEL FILTER 10MIC SHORT
SIE-18-7954,OIL FILTER YAMAHA F350,38.46,0,20.78,38.46,WEST,WEST,OIL FILTER YAMAHA F350
SIE-18-7954-1,OIL FILTER YAMAHA F350,41.18,0,22.25,41.18,WEST,WEST,OIL FILTER YAMAHA F350
SIE-18-7989,FILTER 10 MIC VOLVO/COBRA,15.75,0,8.51,15.75,WEST,WEST,FILTER 10 MIC VOLVO/COBRA
SIE-18-8002S,"PRIMER BULB 1/4""""              """,20.42,0,12.10,20.42,WEST,WEST,"PRIMER BULB 1/4""""              """
SIE-18-8004S,"PRIMER BULB 5/16""""             """,20.42,1,12.10,20.42,WEST,WEST,"PRIMER BULB 5/16""""             """
SIE-18-8005S,"PRIMER BULB 3/8""""              """,20.42,1,12.10,20.42,WEST,WEST,"PRIMER BULB 3/8""""              """
SIE-18-8226,FUEL FILTER,39.90,1,22.85,39.90,WEST,WEST,FUEL FILTER
SIE-18-8519,EXHAUST ELBOW MOUNTING KIT,131.76,2,71.19,131.76,WEST,WEST,EXHAUST ELBOW MOUNTING KIT
SIE-18-8802-1,LEAD WIRE KIT,111.36,1,60.17,111.36,WEST,WEST,LEAD WIRE KIT
SIE-18-8808-2,SPARK PLUG WIRE SET,100.87,1,54.50,100.87,WEST,WEST,SPARK PLUG WIRE SET
SIE-18-8820-1,SPARK PLUG WIRE SET,144.89,1,78.28,144.89,WEST,WEST,SPARK PLUG WIRE SET
SIE-18-8821-1,SPARK PLUG WIRE SET,117.67,1,63.58,117.67,WEST,WEST,SPARK PLUG WIRE SET
SIE-18-8828-1,SPARK PLUG WIRE SET,184.42,0,99.64,184.42,WEST,WEST,SPARK PLUG WIRE SET
SIE-18-8836-1,SPARK PLUG WIRE SET,151.29,0,81.74,151.29,WEST,WEST,SPARK PLUG WIRE SET
SIE-18-8868-1,FUEL PUMP,488.14,0,263.74,488.14,WEST,WEST,FUEL PUMP
SIE-18-8926,IMPELLER,88.41,1,47.77,88.41,WEST,WEST,IMPELLER
SIE-18-9031-1,BELLOWS ADHESIVE,21.23,2,11.44,21.23,WEST,WEST,BELLOWS ADHESIVE
SIE-18-9550-3,FOGGING OIL-GAL,92.08,0,44.07,92.08,WEST,WEST,FOGGING OIL-GAL
SIE-18-9680-5,SYNTHETIC GEAR LUBE-5-GAL,561.79,0,302.76,561.79,WEST,WEST,SYNTHETIC GEAR LUBE-5-GAL
SIE-18-9751-2,POWER TRIM & TILT FLUID-QT,19.42,4,10.47,19.42,WEST,WEST,POWER TRIM & TILT FLUID-QT
SIE-23-3300,IMPELLER KIT,39.86,0,24.28,39.86,WEST,WEST,IMPELLER KIT
SIE-23-3304,IMPELLER KIT,39.50,1,24.16,39.50,WEST,WEST,IMPELLER KIT
SIE-23-3307,IMPELLER KIT,49.99,1,27.67,0.00,WEST,WEST,IMPELLER KIT
SIE-23-6401,ANODE,30.19,3,17.15,30.19,WEST,WEST,ANODE
SIE-FS79190,AGC FUSE 20-AMP    (5),11.99,3,6.94,0.00,WEST,WEST,AGC FUSE 20-AMP    (5)
SIE-FS79540,ATO FUSE 10-AMP    (5),7.49,4,4.29,0.00,WEST,WEST,ATO FUSE 10-AMP    (5)
SIE-FS79550,ATO FUSE 15-AMP    (5),7.99,3,4.29,0.00,WEST,WEST,ATO FUSE 15-AMP    (5)
SIE-FS79560,ATO FUSE 20-AMP    (5),7.49,4,4.29,0.00,WEST,WEST,ATO FUSE 20-AMP    (5)
SIE-FS79580,ATO FUSE 30-AMP    (5),7.99,3,4.29,0.00,WEST,WEST,ATO FUSE 30-AMP    (5)
SIE-FS79590,ATO FUSE 40-AMP    (5),7.99,4,4.29,0.00,WEST,WEST,ATO FUSE 40-AMP    (5)
SIE-MP39210,PUSH BUTTON BREAKER BOOT,8.25,1,4.45,8.25,WEST,WEST,PUSH BUTTON BREAKER BOOT
SIE-MP41000,IGN SWITCH 3POS W/CHOKE,42.79,1,23.06,42.79,WEST,WEST,IGN SWITCH 3POS W/CHOKE
SIE-MP51090,IGNITION SWITCH,84.90,0,45.76,84.90,WEST,WEST,IGNITION SWITCH
SIE-OP24891,OIL PRESS.SENDER-DUAL,69.54,1,39.91,69.54,WEST,WEST,OIL PRESS.SENDER-DUAL
SIE-TC42914,4-T0-7 WAY ADAPTER,27.17,0,15.46,27.17,WEST,WEST,4-T0-7 WAY ADAPTER
SIE-TG19520,TOGGLE ON-OFF-ON 20A,44.79,1,26.78,44.79,WEST,WEST,TOGGLE ON-OFF-ON 20A
SIE-TG40300,TOGGLE OFF-ON 20A,26.34,0,15.78,26.34,WEST,WEST,TOGGLE OFF-ON 20A
SIE-TG40320,TOGGLE ON-OFF-ON 20A,29.07,1,17.40,29.07,WEST,WEST,TOGGLE ON-OFF-ON 20A
SIE-TS26621,"TEMP.SENDER 3/8""""SINGLE        """,34.85,1,18.78,34.85,WEST,WEST,"TEMP.SENDER 3/8""""SINGLE        """
SIE-UN22120,DC INDICATOR LIGHT AMBER,17.50,0,9.43,17.50,WEST,WEST,DC INDICATOR LIGHT AMBER
SIK-205-250ML,CLNR&AKTIVATOR 205(YELLOW LID),60.49,1,34.23,60.49,WEST,WEST,CLNR&AKTIVATOR 205(YELLOW LID)
SIK-206GP-250ML,PRIMER BLACK,124.25,1,70.31,124.25,WEST,WEST,PRIMER BLACK
SIK-290DC-PRO-600ML,BLK MARINE DECK CAULK SAUSAGE,66.80,0,36.00,66.80,WEST,WEST,BLK MARINE DECK CAULK SAUSAGE
SIK-291BLK-300ML,SEALANT 300ML CARTRIDGE,19.76,8,11.18,19.76,WEST,WEST,SEALANT 300ML CARTRIDGE
SIK-291GRY-300ML,SEALANT 300ML CART,19.76,6,11.18,19.76,WEST,WEST,SEALANT 300ML CART
SIK-291I-BLK-70ML,MINI-SAUSAGE SEALANT BLACK,17.25,19,9.76,17.25,WEST,WEST,MINI-SAUSAGE SEALANT BLACK
SIK-291I-WHT-70ML,MINI-SAUSAGE SEALANT WHITE,17.25,12,9.76,17.25,WEST,WEST,MINI-SAUSAGE SEALANT WHITE
SIK-291LOTBLK-300,SEALANT 300ML CARTRIDGE,19.76,11,11.18,19.76,WEST,WEST,SEALANT 300ML CARTRIDGE
SIK-291LOTWHT-300,SEALANT 300ML CARTRIDGE,19.76,6,10.65,19.76,WEST,WEST,SEALANT 300ML CARTRIDGE
SIK-291WHT-300ML,SEALANT 300ML CARTRIDGE,19.76,11,11.18,19.76,WEST,WEST,SEALANT 300ML CARTRIDGE
SIK-295UVBLK300ML,DIRECT GLAZING - PLAST(BLK),35.09,0,18.85,35.09,WEST,WEST,DIRECT GLAZING - PLAST(BLK)
SIK-296BLK-600ML,DIRECT GLAZING - GLASS WINDOWS,102.65,1,58.73,102.65,WEST,WEST,DIRECT GLAZING - GLASS WINDOWS
SIK-737343,SIKA CLEANING WIPES-120 (90),81.95,1,44.16,81.95,WEST,WEST,SIKA CLEANING WIPES-120 (90)
SIK-91283,AKTIVATOR 100 250ML(ORANGE LID,82.70,1,46.80,82.70,WEST,WEST,AKTIVATOR 100 250ML(ORANGE LID
sik591BLK-300ML,591 SEALANT CRTRG 300ML BLK,21.54,5,10.20,21.54,WEST,WEST,591 SEALANT CRTRG 300ML BLK
SIM-2100-100,100 MM REDBIRD BRUSH,6.63,5,3.57,6.63,WEST,WEST,100 MM REDBIRD BRUSH
SIM-2100-15,15 MM REDBIRD BRUSH,1.17,10,0.64,1.17,WEST,WEST,15 MM REDBIRD BRUSH
SIM-2100-30,30 MM REDBIRD BRUSH,1.77,28,0.96,1.77,WEST,WEST,30 MM REDBIRD BRUSH
SIM-2100-50,50 MM REDBIRD BRUSH,2.54,24,1.37,2.54,WEST,WEST,50 MM REDBIRD BRUSH
SIM-2100-75,75 MM REDBIRD BRUSH,4.59,11,2.35,4.59,WEST,WEST,75 MM REDBIRD BRUSH
SIM-2940-38,38 MM RADIATOR BRUSH,4.36,0,2.35,4.36,WEST,WEST,38 MM RADIATOR BRUSH
SIM-6350,WIRE BRUSH C/W SCRAPER,3.89,2,2.10,3.89,WEST,WEST,WIRE BRUSH C/W SCRAPER
SIM-7200-64,"2.5"""" ANGLE SASH VINTAGE-PRO   """,29.02,0,15.64,29.02,WEST,WEST,"2.5"""" ANGLE SASH VINTAGE-PRO   """
SIM-9900-100MM,"4""""CHIP BRUSH-WOOD HANDLE      """,3.04,3,1.64,3.04,WEST,WEST,"4""""CHIP BRUSH-WOOD HANDLE      """
SIM-9900-13MM,"1/2""""CHIP BRUSH-WOOD HANDLE    """,0.67,20,0.37,0.67,WEST,WEST,"1/2""""CHIP BRUSH-WOOD HANDLE    """
SIM-9900-25MM,"1""""CHIP BRUSH-WOOD HANDLE      """,0.99,8,0.54,0.99,WEST,WEST,"1""""CHIP BRUSH-WOOD HANDLE      """
SIM-9900-50MM,"2""""CHIP BRUSH-WOOD HANDLE      """,1.22,0,0.67,1.22,WEST,WEST,"2""""CHIP BRUSH-WOOD HANDLE      """
SIM-9900-75MM,"3""""CHIP BRUSH-WOOD HANDLE      """,1.92,0,1.03,1.92,WEST,WEST,"3""""CHIP BRUSH-WOOD HANDLE      """
SIM-A-040,75MM MINI-TRIM ROLLER(WIRE),2.86,16,1.46,2.86,WEST,WEST,75MM MINI-TRIM ROLLER(WIRE)
SIM-A-041,TWIN PACK REFILL FOR A-040,2.66,13,1.43,2.66,WEST,WEST,TWIN PACK REFILL FOR A-040
SIM-A-044,38X75MM  TRIM ROLLER 5MM PILE,3.22,10,1.74,3.22,WEST,WEST,38X75MM  TRIM ROLLER 5MM PILE
SIM-A-090,100MM TRIM ROLLER,5.79,1,3.12,5.79,WEST,WEST,100MM TRIM ROLLER
SIM-A-104,"4"""" FOAM ROLLER REFILL         """,2.29,15,1.17,2.29,WEST,WEST,"4"""" FOAM ROLLER REFILL         """
SIM-A-106,"6"""" FOAM ROLLER REFILL         """,2.91,2,1.57,2.91,WEST,WEST,"6"""" FOAM ROLLER REFILL         """
SIM-A-114,"4""""GOLD STRIPE ROLLER REFILL   """,2.42,2,1.30,2.42,WEST,WEST,"4""""GOLD STRIPE ROLLER REFILL   """
SIM-F-102,"12"""" TRIMMER ROLLER FRAME      """,2.84,4,1.53,2.84,WEST,WEST,"12"""" TRIMMER ROLLER FRAME      """
SIM-F-194,240 CAGE FRAME,5.43,7,2.53,5.43,WEST,WEST,240 CAGE FRAME
SIM-R-121,240 ARTIZAN ROLLR 10MM,2.72,16,1.47,2.72,WEST,WEST,240 ARTIZAN ROLLR 10MM
SIM-R-151,240 ARTIZAN ROLLER 5MM,2.72,14,1.58,2.72,WEST,WEST,240 ARTIZAN ROLLER 5MM
SIM-R-221,240MM MOCRYL FABRIC REFILLS,5.74,0,3.10,5.74,WEST,WEST,240MM MOCRYL FABRIC REFILLS
SIM-R-620,240MM  PROF.LINT FREE REFILL,3.66,9,1.97,3.66,WEST,WEST,240MM  PROF.LINT FREE REFILL
SIM-R-890,240 VINTAGE PRO NYLON 5MM PILE,8.28,10,4.46,8.28,WEST,WEST,240 VINTAGE PRO NYLON 5MM PILE
SIM-S-421,240MM PREMIER ROLLR SET/10MM,15.38,0,8.29,15.38,WEST,WEST,240MM PREMIER ROLLR SET/10MM
SIM-T-040,100MM.PLASTIC TRAY,2.29,4,1.23,2.29,WEST,WEST,100MM.PLASTIC TRAY
SIM-T-060,150MM.PLASTIC TRAY,2.44,4,1.31,2.44,WEST,WEST,150MM.PLASTIC TRAY
SIM-T-160,240 2-LTR.PLASTIC TRAY,5.95,2,3.20,5.95,WEST,WEST,240 2-LTR.PLASTIC TRAY
SIM-T-165,PLASTIC TRAY LINER FOR T-160,1.54,6,0.72,1.54,WEST,WEST,PLASTIC TRAY LINER FOR T-160
SIM-T-175,240 1-LTR.METAL TRAY,12.58,2,6.78,12.58,WEST,WEST,240 1-LTR.METAL TRAY
SIM-T-195,PLASTIC TRAY LINER,1.54,2,0.84,1.54,WEST,WEST,PLASTIC TRAY LINER
SLD-230980,BELLOWS (OLD#340671),237.19,1,122.00,237.19,WEST,WEST,BELLOWS (OLD#340671)
SLD-301200,DISCHARGE PUMP-12V,798.19,0,430.16,798.19,WEST,WEST,DISCHARGE PUMP-12V
SLD-310048,HALF CLAMP KIT - BONE,86.27,0,46.49,86.27,WEST,WEST,HALF CLAMP KIT - BONE
SLD-310063,FLOOR FLANGE SEAL KIT,67.47,0,36.36,67.47,WEST,WEST,FLOOR FLANGE SEAL KIT
SLD-310076,DUCK BILL VALVE(2) KIT,66.35,0,38.87,66.35,WEST,WEST,DUCK BILL VALVE(2) KIT
SLD-310114,PEDAL COVER KIT-WHITE,86.27,2,46.49,86.27,WEST,WEST,PEDAL COVER KIT-WHITE
SLD-310151,'O'RING REPLACE.KIT S/T PUMPS,43.90,1,22.59,43.90,WEST,WEST,'O'RING REPLACE.KIT S/T PUMPS
SLD-310954,HALFBALL/SHAFT/CARTRIDG-ECOVAC,124.25,0,66.96,124.25,WEST,WEST,HALFBALL/SHAFT/CARTRIDG-ECOVAC
SLD-311004,"VENT FILTER KIT 5/8""""-1-1/2""""   """,260.40,1,132.16,260.40,WEST,WEST,"VENT FILTER KIT 5/8""""-1-1/2""""   """
SLD-311009,KIT PLUG IN BASE SEAL,108.23,1,58.33,108.23,WEST,WEST,KIT PLUG IN BASE SEAL
SLD-311208,"2""""DUCKBILL VALVE (2/KIT)      """,78.46,2,45.83,78.46,WEST,WEST,"2""""DUCKBILL VALVE (2/KIT)      """
SLD-311462,TEFLON+RUBBER SEAL KIT,90.35,1,48.69,90.35,WEST,WEST,TEFLON+RUBBER SEAL KIT
SLD-311545,WATER VALVE 43/4400 12V,166.30,1,89.62,166.30,WEST,WEST,WATER VALVE 43/4400 12V
SLD-311581,"2""""DUCKBILL VALVE (4/KIT)      """,90.61,1,48.83,90.61,WEST,WEST,"2""""DUCKBILL VALVE (4/KIT)      """
SLD-311822,'M'PUMP DIAPHRAM,446.09,0,232.65,446.09,WEST,WEST,'M'PUMP DIAPHRAM
SLD-314349,WATER VALVE KIT,98.85,0,53.27,98.85,WEST,WEST,WATER VALVE KIT
SLD-318162,BALL/SHAFT/CART.KIT,159.62,1,86.02,159.62,WEST,WEST,BALL/SHAFT/CART.KIT
SLD-319039,'O'RING-OLD STYLE S/T PUMP,86.32,1,46.52,86.32,WEST,WEST,'O'RING-OLD STYLE S/T PUMP
SLD-341116FT,"1-1/2"""" MAXFLEX SANI HOSE      """,16.17,0,9.20,16.17,WEST,WEST,"1-1/2"""" MAXFLEX SANI HOSE      """
SLD-341513,PVC HOSE ADAPTOR 1-1/2,39.19,1,21.12,39.19,WEST,WEST,PVC HOSE ADAPTOR 1-1/2
SLD-700029,MAX CONTROL ADVANC 8OZ(4/PKG),61.99,6,37.60,0.00,WEST,WEST,MAX CONTROL ADVANC 8OZ(4/PKG)
SLD-9620000728,MAX CONTROL NATURAL 32-OZ,36.42,2,18.68,36.42,WEST,WEST,MAX CONTROL NATURAL 32-OZ
SLD-9620000729,MAX CONTROL NATURAL 4-OZ.6/PKG,30.09,2,16.24,30.09,WEST,WEST,MAX CONTROL NATURAL 4-OZ.6/PKG
SLT-SA04,SALT AWAY SPRAY (4OZ),11.92,1,6.43,11.92,WEST,WEST,SALT AWAY SPRAY (4OZ)
SLT-SA16,SALT AWAY SPRAY (16OZ),23.01,4,9.82,23.01,WEST,WEST,SALT AWAY SPRAY (16OZ)
SLT-SA32,SALT AWAY CONCENT'E(32OZ),34.85,1,20.82,34.85,WEST,WEST,SALT AWAY CONCENT'E(32OZ)
SLT-SA32M,SA CONCENRATE & MIXER (32OZ),98.48,0,57.94,98.48,WEST,WEST,SA CONCENRATE & MIXER (32OZ)
SM7-1190,SIDE POWER ANODE,14.82,0,0.01,14.82,WEST,WEST,SIDE POWER ANODE
SMP-BF30,BOAT SIDE PLUG 30-AMP,174.04,0,111.23,174.04,WEST,WEST,BOAT SIDE PLUG 30-AMP
SMP-C30253,25'30-AMP CORD DUAL CONFIG,410.28,0,293.06,410.28,WEST,WEST,25'30-AMP CORD DUAL CONFIG
SMX-SAM-RC,REMOTE CONTROL /1000W+ INVRTRS,52.39,1,38.09,52.39,WEST,WEST,REMOTE CONTROL /1000W+ INVRTRS
SOL-15-334-3.78L,NON-TOX RV ANTIFREZ PLAST PIPE,12.64,0,6.47,12.64,WEST,WEST,NON-TOX RV ANTIFREZ PLAST PIPE
SOL-53-261,ACETONE 946 ML,19.84,0,10.69,19.84,WEST,WEST,ACETONE 946 ML
SOL-53-351,LACQUER THINNER 946 ML,15.81,2,8.09,15.81,WEST,WEST,LACQUER THINNER 946 ML
SOL-53-391,METHYL HYDRATE 946ML,11.22,0,6.05,11.22,WEST,WEST,METHYL HYDRATE 946ML
SOL-53-401,BOILED LINSEED OIL 946ML,19.97,2,10.76,19.97,WEST,WEST,BOILED LINSEED OIL 946ML
SOU-54X32X1,SOUND BARRIER-MN 54X32X1,233.97,0,126.09,233.97,WEST,WEST,SOUND BARRIER-MN 54X32X1
SOU-HFPA2B,QUITECH 25% PERF.ALUM.4'X8',768.45,0,561.53,768.45,WEST,WEST,QUITECH 25% PERF.ALUM.4'X8'
SP9-25219,FASTORNG PUMC LOTN HNDCLN3.78L,38.23,0,20.60,38.23,WEST,WEST,FASTORNG PUMC LOTN HNDCLN3.78L
SP9-C12532,GREZ-OFF HEVY DUT DEGRSR 946ML,18.10,11,9.76,18.10,WEST,WEST,GREZ-OFF HEVY DUT DEGRSR 946ML
SP9-C27946,MARINE SPRAY-9  946ML NEW BOTL,18.10,6,9.76,18.10,WEST,WEST,MARINE SPRAY-9  946ML NEW BOTL
SP9-C30832,BOAT BOTTOM CLEANER 946ML,22.96,1,12.37,22.96,WEST,WEST,BOAT BOTTOM CLEANER 946ML
SPE-1203,28V 21CPSC BAY,15.61,1,8.98,15.61,WEST,WEST,28V 21CPSC BAY
SPE-1416,MINIATURE LAMP,16.50,1,8.89,16.50,WEST,WEST,MINIATURE LAMP
SPS-01-1110-0815,"FEMALE SWIVL CONN.15MMX1/2""""NPS""",12.42,1,6.70,12.42,WEST,WEST,"FEMALE SWIVL CONN.15MMX1/2""""NPS"""
SPS-01-1115-1515,UNION CONNECTOR 15MM,9.95,0,5.36,9.95,WEST,WEST,UNION CONNECTOR 15MM
SPS-01-1116-1015,"REDUCING UNION 15MMX1/2""""CTS",12.96,0,6.98,12.96,WEST,WEST,"REDUCING UNION 15MMX1/2""""CTS"
SPS-01-1117-1515,UNION ELBOW 15MM,11.01,0,6.07,11.01,WEST,WEST,UNION ELBOW 15MM
SPS-01-1119-0815,"MALE ELBOW 15MMX1/2""""NPT       """,18.00,2,9.70,18.00,WEST,WEST,"MALE ELBOW 15MMX1/2""""NPT       """
SPS-01-1120-0815,"FEMALE SWVL.ELBOW 15MMX1/2""""NPS""",15.03,1,8.10,15.03,WEST,WEST,"FEMALE SWVL.ELBOW 15MMX1/2""""NPS"""
SPS-01-1123-1515,UNION TEE 15MM,15.03,0,8.20,15.03,WEST,WEST,UNION TEE 15MM
SPS-01-1133-1515,STACKABLE TEE 15MM,15.03,2,8.10,15.03,WEST,WEST,STACKABLE TEE 15MM
SPS-01-2402-0815,"MALE CONN. 15MM X 1/2"""" NPT    """,9.95,0,5.36,9.95,WEST,WEST,"MALE CONN. 15MM X 1/2"""" NPT    """
SPS-01-2413-0815,"HOSE BARB FITTING 15MMX1/2""""H.B",17.12,0,9.22,17.12,WEST,WEST,"HOSE BARB FITTING 15MMX1/2""""H.B"
SPS-01-3547-10,"COLLET CLIP 1/2""""CTS (3PER PK) """,1.44,0,0.78,1.44,WEST,WEST,"COLLET CLIP 1/2""""CTS (3PER PK) """
SPS-1229-0815,"15MMX1/2""""NPT BRASS MALE STEM  """,34.94,0,21.15,34.94,WEST,WEST,"15MMX1/2""""NPT BRASS MALE STEM  """
SPS-15MM-BLUE,FLEXPIPE-BLUE 15MM(CUT/250 FT),1.95,0,1.05,1.95,WEST,WEST,FLEXPIPE-BLUE 15MM(CUT/250 FT)
SPS-15MM-RED,FLEXPIPE-RED 15MM(CUT/250'),1.95,0,1.05,1.95,WEST,WEST,FLEXPIPE-RED 15MM(CUT/250')
SPS-2349-15,15MM FLOW BEND MOUNT,6.40,0,3.45,6.40,WEST,WEST,15MM FLOW BEND MOUNT
SPS-81902404,FEM SWIVCON.15MMX3/4(1110-1215,19.72,0,10.63,19.72,WEST,WEST,FEM SWIVCON.15MMX3/4(1110-1215
SRH-SR-PRO-1,STINGRAY SR-PRO-1 BLACK,262.39,0,149.26,262.39,WEST,WEST,STINGRAY SR-PRO-1 BLACK
SRH-SR-PRO-2,STINGRAY SR-PRO-2 WHITE,262.39,0,149.26,262.39,WEST,WEST,STINGRAY SR-PRO-2 WHITE
SRH-SR-PRO-3,STINGRAY SR-PRO-3 GREY,262.39,0,149.26,262.39,WEST,WEST,STINGRAY SR-PRO-3 GREY
STA-27410,LOWER UNIT QUART PUMP W/ADAPTR,32.33,1,17.81,32.33,WEST,WEST,LOWER UNIT QUART PUMP W/ADAPTR
STA-28401,LOWER UNIT ADAPTOR FITTING,14.09,1,8.49,14.09,WEST,WEST,LOWER UNIT ADAPTOR FITTING
STA-40069,SMALL BRUSH W/BRASS BRISTLES,22.23,1,11.98,22.23,WEST,WEST,SMALL BRUSH W/BRASS BRISTLES
STA-42023,LARGE SCRUB PAD KIT,42.33,2,22.81,42.33,WEST,WEST,LARGE SCRUB PAD KIT
STA-71622,BLACK STREAK REMOVER 22OZ,27.81,1,12.50,27.81,WEST,WEST,BLACK STREAK REMOVER 22OZ
STA-80500,BILGE CLEANER GAL,74.28,0,40.03,74.28,WEST,WEST,BILGE CLEANER GAL
STA-80532,BILGE CLEANER 32OZ,29.39,0,15.84,29.39,WEST,WEST,BILGE CLEANER 32OZ
STA-81022,BOAT GUARD SPEED DETAILER 22OZ,34.35,3,18.51,34.35,WEST,WEST,BOAT GUARD SPEED DETAILER 22OZ
STA-81432,TEAK CLEANER 32OZ,45.91,13,25.65,45.91,WEST,WEST,TEAK CLEANER 32OZ
STA-81732,HULL CLEANER 32OZ,41.82,0,23.35,41.82,WEST,WEST,HULL CLEANER 32OZ
STA-81922,WATERPROOFING TREATMENT 22OZ,50.55,0,27.24,50.55,WEST,WEST,WATERPROOFING TREATMENT 22OZ
STA-84104,LIQUID ELEC.TAPE BLACK 4OZ,23.68,0,12.76,23.68,WEST,WEST,LIQUID ELEC.TAPE BLACK 4OZ
STA-85472,NO DAMP HANG.BAG 16OZ 25/BULK SOLD AS INDIVIDUAL,12.99,24,5.05,0.00,WEST,WEST,NO DAMP HANG.BAG 16OZ 25/BULK SOLD AS INDIVIDUAL
STA-85616,MILDEW STAIN REMOVER 22OZ,28.34,3,15.82,28.34,WEST,WEST,MILDEW STAIN REMOVER 22OZ
STA-85900,NON-SKID DECK CLEANER GAL,77.32,2,41.67,77.32,WEST,WEST,NON-SKID DECK CLEANER GAL
STA-85932,NON-SKID DECK CLEANER 32OZ,29.39,4,15.60,29.39,WEST,WEST,NON-SKID DECK CLEANER 32OZ
STA-89222,RUST STAIN REMOVER 22OZ,30.88,3,17.26,30.88,WEST,WEST,RUST STAIN REMOVER 22OZ
STA-92232,BOAT BOTTOM CLEANER 32OZ,42.59,0,22.95,42.59,WEST,WEST,BOAT BOTTOM CLEANER 32OZ
STA-92832,EZ-ON EZ-OFF BOTTOM CLEANER-QT,29.56,0,15.93,29.56,WEST,WEST,EZ-ON EZ-OFF BOTTOM CLEANER-QT
STA-94932,TEAK CLEANER BRIGHTNER 32OZ,46.58,0,26.01,46.58,WEST,WEST,TEAK CLEANER BRIGHTNER 32OZ
STA-96132,HULL CLEANER 32OZ SPRAY GEL,40.75,2,21.96,40.75,WEST,WEST,HULL CLEANER 32OZ SPRAY GEL
STA-96232,ULTIMATE VINYL CLNR SPRAY-32OZ,27.42,1,15.32,27.42,WEST,WEST,ULTIMATE VINYL CLNR SPRAY-32OZ
STA-STN-G2,SNAPPY TEAK-NU PART #2 GAL,84.64,1,45.61,84.64,WEST,WEST,SNAPPY TEAK-NU PART #2 GAL
STP-75000081,EDGE WINDOW CHANNEL,205.53,0,110.76,205.53,WEST,WEST,EDGE WINDOW CHANNEL
STP-75000119,SGL RIGID WINDOW CHANNEL,122.93,0,66.25,122.93,WEST,WEST,SGL RIGID WINDOW CHANNEL
STP-75000120,DBL RIGID WINDOW CHANNEL,157.95,1,85.12,157.95,WEST,WEST,DBL RIGID WINDOW CHANNEL
STR-300646,TERMINAL EYE    (30-S),9.45,0,5.39,9.45,WEST,WEST,TERMINAL EYE    (30-S)
STR-302123,ADAPTER KIT,39.23,0,47.33,39.23,WEST,WEST,ADAPTER KIT
STR-31029,PIVOT           (30-S),20.29,0,10.93,20.29,WEST,WEST,PIVOT           (30-S)
STR-31126,BALL JOINT      (30-S),29.98,1,16.15,29.98,WEST,WEST,BALL JOINT      (30-S)
STR-31419,CABLE CLIP THROTTLE,42.85,2,23.09,42.85,WEST,WEST,CABLE CLIP THROTTLE
STR-31509,CABLE CLAMP     (30-S),2.97,2,1.60,2.97,WEST,WEST,CABLE CLAMP     (30-S)
STR-31799-001,BALL JOINT      (30-S),27.64,2,14.89,27.64,WEST,WEST,BALL JOINT      (30-S)
STR-32010,CABLE CLAMP     (30-S),8.93,4,4.81,8.93,WEST,WEST,CABLE CLAMP     (30-S)
STR-90424P,FUEL SENDER,88.01,0,47.43,88.01,WEST,WEST,FUEL SENDER
STR-CA28020P,CLAMP & SHIM KIT 3300,19.22,4,10.36,19.22,WEST,WEST,CLAMP & SHIM KIT 3300
STR-CCX43310,TFXTREME 4300CC CTRL CBL 10',245.42,1,136.93,245.42,WEST,WEST,TFXTREME 4300CC CTRL CBL 10'
STR-CCX63307,TFXTREME 3300 CNTRL CABLE 7',84.87,1,45.74,84.87,WEST,WEST,TFXTREME 3300 CNTRL CABLE 7'
STR-CCX63309,TFXTREME 3300 CNTRL CABLE 9',89.43,2,48.19,89.43,WEST,WEST,TFXTREME 3300 CNTRL CABLE 9'
STR-CCX63310,TFXTREME 3300 CNTRL CABLE 10',91.62,1,49.37,91.62,WEST,WEST,TFXTREME 3300 CNTRL CABLE 10'
STR-CCX63311,TFXTREME 3300 CNTRL CABLE 11',93.85,1,50.58,93.85,WEST,WEST,TFXTREME 3300 CNTRL CABLE 11'
STR-CCX63313,TFXTREME 3300 CNTRL CABLE 13',98.36,1,53.01,98.36,WEST,WEST,TFXTREME 3300 CNTRL CABLE 13'
STR-CCX63316,TFXTREME 3300 CNTRL CABLE 16',105.11,1,56.65,105.11,WEST,WEST,TFXTREME 3300 CNTRL CABLE 16'
STR-CCX63317,TFXTREME 3300 CNTRL CABLE 17',107.31,2,57.83,107.31,WEST,WEST,TFXTREME 3300 CNTRL CABLE 17'
STR-CCX63318,TFXTREME 3300 CNTRL CABLE 18',109.60,2,84.13,109.60,WEST,WEST,TFXTREME 3300 CNTRL CABLE 18'
STR-CCX63319,TFXTREME 3300 CNTRL CABLE 19',111.79,1,85.71,111.79,WEST,WEST,TFXTREME 3300 CNTRL CABLE 19'
STR-CCX63320,TFXTREME 3300 CNTRL CABLE 20',114.06,2,61.47,114.06,WEST,WEST,TFXTREME 3300 CNTRL CABLE 20'
STR-CCX63321,TFXTREME 3300 CNTRL CABLE 21',116.35,0,62.70,116.35,WEST,WEST,TFXTREME 3300 CNTRL CABLE 21'
STR-CCX63322,TFXTREME 3300 CNTRL CABLE 22',118.54,0,89.38,118.54,WEST,WEST,TFXTREME 3300 CNTRL CABLE 22'
STR-CCX63323,TFXTREME 3300 CNTRL CABLE 23',120.77,1,92.24,120.77,WEST,WEST,TFXTREME 3300 CNTRL CABLE 23'
STR-CCX63324,TFXTREME 3300 CNTRL CABLE 24',123.00,0,92.53,123.00,WEST,WEST,TFXTREME 3300 CNTRL CABLE 24'
STR-CCX63325,TFXTREME 3300 CNTRL CABLE 25',131.45,2,100.48,131.45,WEST,WEST,TFXTREME 3300 CNTRL CABLE 25'
STR-CCX63326,TFXTREME 3300 CNTRL CABLE 26',135.05,0,103.16,135.05,WEST,WEST,TFXTREME 3300 CNTRL CABLE 26'
STR-CCX63327,TFXTREME 3300 CNTRL CABLE 27',138.64,0,104.00,138.64,WEST,WEST,TFXTREME 3300 CNTRL CABLE 27'
STR-CCX63336,TFXTREME 3300 CNTRL CABLE 36',221.49,0,170.65,221.49,WEST,WEST,TFXTREME 3300 CNTRL CABLE 36'
STR-CCX64310,TFXTREME  CTRL CBLE 10',386.20,0,236.21,386.20,WEST,WEST,TFXTREME  CTRL CBLE 10'
STR-CHX8742P,CONTROL,1518.68,0,818.45,1518.68,WEST,WEST,CONTROL
STR-HA5430,SEASTAR OIL 1QT(946ML),39.95,14,26.63,0.00,WEST,WEST,SEASTAR OIL 1QT(946ML)
STR-HA5438,HELM FILLER KIT,37.99,2,25.80,0.00,WEST,WEST,HELM FILLER KIT
STR-HC4648-3,BAYSTAR CMPACT CYL YAMAHA,844.94,0,563.29,844.94,WEST,WEST,BAYSTAR CMPACT CYL YAMAHA
STR-HC5314-3,SEASTAR CYL BA150-7ATM,1171.34,0,780.89,1171.34,WEST,WEST,SEASTAR CYL BA150-7ATM
STR-HF5528,3/8TUBE-1/4NPT SS STRT (3),36.59,1,26.19,36.59,WEST,WEST,3/8TUBE-1/4NPT SS STRT (3)
STR-HF6005,"ORB T 2X3/8""""TUBE/-5 ORB (2    """,101.57,0,67.71,101.57,WEST,WEST,"ORB T 2X3/8""""TUBE/-5 ORB (2    """
STR-HF6007,ORB 2 STATION KIT W/HOSE,299.33,0,199.55,299.33,WEST,WEST,ORB 2 STATION KIT W/HOSE
STR-HH6191-4,SEASTAR SPORT 1.7 TILT HELM,1713.29,0,1142.19,0.00,WEST,WEST,SEASTAR SPORT 1.7 TILT HELM
STR-HO5090,SPACER KIT HC5345/5358,51.90,0,34.60,51.90,WEST,WEST,SPACER KIT HC5345/5358
STR-HO5104,SYSTEM O/B HOSE 4'PR,221.72,0,147.81,221.72,WEST,WEST,SYSTEM O/B HOSE 4'PR
STR-HO5108,SYSTEM O/BHOSE 8'PR,221.72,1,147.81,221.72,WEST,WEST,SYSTEM O/BHOSE 8'PR
STR-HO5110,SYSTEM O/BHOSE 10'PR,221.72,0,147.81,221.72,WEST,WEST,SYSTEM O/BHOSE 10'PR
STR-HO5124,SYSTEM O/BHOSE 24'PR,313.80,1,209.20,313.80,WEST,WEST,SYSTEM O/BHOSE 24'PR
STR-SHX97606P,XTREME NFB TILT HELM,415.23,0,235.94,415.23,WEST,WEST,XTREME NFB TILT HELM
STR-SS13708,SAFE-T-QC STEERING KIT 8',374.01,1,212.76,374.01,WEST,WEST,SAFE-T-QC STEERING KIT 8'
STR-SS13709,SAFE-T-QC STEERING KIT 9',374.01,1,212.76,374.01,WEST,WEST,SAFE-T-QC STEERING KIT 9'
STR-SS14116,BM RACK STEERING KIT 16',382.20,0,217.42,382.20,WEST,WEST,BM RACK STEERING KIT 16'
STR-SSC13416,BACK MNT RACK SGL CABLE 16',349.51,0,257.23,349.51,WEST,WEST,BACK MNT RACK SGL CABLE 16'
STR-SSC13419,BACK MNT RACK SGL CABLE 19',363.33,0,219.78,363.33,WEST,WEST,BACK MNT RACK SGL CABLE 19'
STR-SSC6208,SSC62 SAFE-T-QC CABLE 8',257.58,0,187.89,257.58,WEST,WEST,SSC62 SAFE-T-QC CABLE 8'
STR-SSC6222,SSC62 SAFE-T-QC CABLE 22',416.68,1,224.56,416.68,WEST,WEST,SSC62 SAFE-T-QC CABLE 22'
STR-SSCX6416,XTREME QC STEERING CABLE 16',313.83,0,229.45,313.83,WEST,WEST,XTREME QC STEERING CABLE 16'
STR-SSX17612,XTREME NFB STEERING KIT-12',604.37,0,343.80,604.37,WEST,WEST,XTREME NFB STEERING KIT-12'
STR-SW59691P,ACE STEERING WHEEL W/FLUSH CAP,77.91,1,41.98,77.91,WEST,WEST,ACE STEERING WHEEL W/FLUSH CAP
SVSLWB,STRLNK ADPTR WEDGE 8 WHITE,401.72,0,281.20,401.72,WEST,WEST,STRLNK ADPTR WEDGE 8 WHITE
SVW-ADA-R1,MOD PLT F/CLSD DOME/OPEN ARRAY,219.82,1,153.87,219.82,WEST,WEST,MOD PLT F/CLSD DOME/OPEN ARRAY
SVW-AM5-M1,"5"""" MOD MNT VERT 8""""RND BASEPLAT""",409.32,0,286.52,409.32,WEST,WEST,"5"""" MOD MNT VERT 8""""RND BASEPLAT"""
SVW-AMA-18,"18"""" SATDOME ADAPTOR           """,553.33,0,387.32,553.33,WEST,WEST,"18"""" SATDOME ADAPTOR           """
SVW-AMA-W,"ADJ.WEDGE FOR 18""""/24""""DOME ADP """,272.88,1,191.01,272.88,WEST,WEST,"ADJ.WEDGE FOR 18""""/24""""DOME ADP """
SVW-LTB-U1A,UNIVERSAL LIGHT BAR TOP,106.13,0,74.29,106.13,WEST,WEST,UNIVERSAL LIGHT BAR TOP
SVW-LTBLED12,3NM LED COMB MAST/ROUND IP67,234.99,0,164.49,234.99,WEST,WEST,3NM LED COMB MAST/ROUND IP67
SVW-SVSLWB,STRLNK ADPTR WEDGE 8* WHITE,401.74,0,295.68,401.74,WEST,WEST,STRLNK ADPTR WEDGE 8* WHITE
SYS-3003S99,DISPOSABLE MIXING CUPS (12OZ),0.53,29,0.42,0.53,WEST,WEST,DISPOSABLE MIXING CUPS (12OZ)
SYS-3010S99,GRADUATED TUBS 946ML(1QT),5.31,27,3.08,5.31,WEST,WEST,GRADUATED TUBS 946ML(1QT)
SYS-F1400K16,S-1 EPOXY SEALER (1QT KIT),99.82,2,56.78,99.82,WEST,WEST,S-1 EPOXY SEALER (1QT KIT)
SYS-F1400K20,S-1 EPOXY SEALER 1.89L (2QT),155.94,1,88.71,155.94,WEST,WEST,S-1 EPOXY SEALER 1.89L (2QT)
SYS-STIR-STICK,STIR/MIX STIX/EA (MSTR PK 500),0.39,50,0.22,0.39,WEST,WEST,STIR/MIX STIX/EA (MSTR PK 500)
TAC-P102506WHA12-1,"STARBOARD-WHITE 1/4""""X6""""X12""""   """,29.99,0,17.36,0.00,WEST,WEST,"STARBOARD-WHITE 1/4""""X6""""X12""""   """
TAC-P102512WHA27,"STARBOARD-WHITE 1/4""""X12""""X27""""  """,66.35,0,35.76,66.35,WEST,WEST,"STARBOARD-WHITE 1/4""""X12""""X27""""  """
TAC-P102524BLK54,"STARBOARD-BLACK 1/4""""X24""""X54""""  """,227.62,0,122.67,227.62,WEST,WEST,"STARBOARD-BLACK 1/4""""X24""""X54""""  """
TAC-P102524WHA54,"STARBOARD-WHITE 1/4""""X24""""X54""""  """,227.62,0,122.67,227.62,WEST,WEST,"STARBOARD-WHITE 1/4""""X24""""X54""""  """
TAC-P105012BLK27,"STARBOARD-BLACK 1/2""""X12""""X27""""  """,119.22,0,64.25,119.22,WEST,WEST,"STARBOARD-BLACK 1/2""""X12""""X27""""  """
TAC-P105024WHA27,"STARBOARD-WHITE 1/2""""X24""""X27""""  """,225.47,0,121.51,225.47,WEST,WEST,"STARBOARD-WHITE 1/2""""X24""""X27""""  """
TAC-P105024WHA54,"STARBOARD-WHITE 1/2""""X24""""X54""""  """,427.27,0,242.11,427.27,WEST,WEST,"STARBOARD-WHITE 1/2""""X24""""X54""""  """
TAC-P107524WHA54,"STARBOARD-WHITE 3/4""""X24""""X54""""  """,631.78,0,357.98,631.78,WEST,WEST,"STARBOARD-WHITE 3/4""""X24""""X54""""  """
TAC-S11-1800P24,"S/S RUB STRAKE 1""""X24""""         """,81.23,0,43.78,81.23,WEST,WEST,"S/S RUB STRAKE 1""""X24""""         """
TAC-S11-4650P12,"304S/S HOLLOW RUB RAIL 1""""     """,237.69,1,134.69,237.69,WEST,WEST,"304S/S HOLLOW RUB RAIL 1""""     """
TAC-V120303BKA,VINYL INSERT-BLACK,4.71,0,2.54,4.71,WEST,WEST,VINYL INSERT-BLACK
TAC-V219501WHC20D,RIGID VINYL RUB RAIL-BULK,179.91,0,96.96,179.91,WEST,WEST,RIGID VINYL RUB RAIL-BULK
TAC-V30-0109B10-1,WEATHER SEAL BLACK 3/8X5/8X10',53.37,1,28.76,53.37,WEST,WEST,WEATHER SEAL BLACK 3/8X5/8X10'
TAC-V30-0113B10-1,WEATHER SEAL BLACK 3/8X1/8X10',54.96,3,29.62,54.96,WEST,WEST,WEATHER SEAL BLACK 3/8X1/8X10'
TAC-V30-0744B8-2,"HATCH TAPE BLACK 1/8""""X3/4""""X8' """,28.12,0,18.24,28.12,WEST,WEST,"HATCH TAPE BLACK 1/8""""X3/4""""X8' """
TAC-V30-0748B8-2,"HATCH TAPE BLACK 1/4""""X3/4""""X8' """,34.60,1,18.65,34.60,WEST,WEST,"HATCH TAPE BLACK 1/4""""X3/4""""X8' """
TAC-V30-1333B10-1,"WEATHER SEAL BLK.7/32""""X3/8X10'""",57.93,2,31.22,57.93,WEST,WEST,"WEATHER SEAL BLK.7/32""""X3/8X10'"""
TDS-REEFHO,REEFING HOOK,89.28,0,62.67,89.28,WEST,WEST,REEFING HOOK
TDS-SEAMRPL,SANDPAPER STRIP KIT (231-045A),26.10,0,15.98,26.10,WEST,WEST,SANDPAPER STRIP KIT (231-045A)
TDS-SIS440CB,TEAK CAULK CART(BLK)300ML,47.01,2,28.77,47.01,WEST,WEST,TEAK CAULK CART(BLK)300ML
TF0300-GAL,"AWLCRAFT-3000, CLEAR BASE",397.52,0,213.72,397.52,WEST,WEST,"AWLCRAFT-3000, CLEAR BASE"
TFX-PTN1.25BK,"FLEXOPET 3/4-1 3/4""""X50'SLV BLK""",83.00,1,44.73,83.00,WEST,WEST,"FLEXOPET 3/4-1 3/4""""X50'SLV BLK"""
THM-LED-51867-DP,UNDERWATER SURF MNT 600LUM BLU,91.05,0,59.98,91.05,WEST,WEST,UNDERWATER SURF MNT 600LUM BLU
THR-#10-1L,CONTACT CEMENT 1 LITRE,86.21,0,49.04,86.21,WEST,WEST,CONTACT CEMENT 1 LITRE
THR-#10-4L,TEN BOND CONTACT ADHESIVE 4LTR,247.79,0,140.96,247.79,WEST,WEST,TEN BOND CONTACT ADHESIVE 4LTR
THR-00515,"40E  6""""HOOKIT REGALITE DISC   """,6.18,0,3.33,6.18,WEST,WEST,"40E  6""""HOOKIT REGALITE DISC   """
THR-00520,"100E 8""""HOOKIT REGALITE DISC   """,7.03,0,3.79,7.03,WEST,WEST,"100E 8""""HOOKIT REGALITE DISC   """
THR-00521,"80E  8""""HOOKIT GREENCORPS DISC """,7.33,0,3.95,7.33,WEST,WEST,"80E  8""""HOOKIT GREENCORPS DISC """
THR-00522,"60E 8""""HOOKIT GREENCORPS DISC  """,8.95,0,4.82,8.95,WEST,WEST,"60E 8""""HOOKIT GREENCORPS DISC  """
THR-00524,"40E 8""""HOOKIT GREENCORPS DISC  """,10.79,0,5.81,10.79,WEST,WEST,"40E 8""""HOOKIT GREENCORPS DISC  """
THR-00538,100E 23/4X161/2 HOOKIT GR.COR,4.11,0,2.21,4.11,WEST,WEST,100E 23/4X161/2 HOOKIT GR.COR
THR-00539,80E 23/4X161/2 HOOKIT GR.COR,4.28,0,2.30,4.28,WEST,WEST,80E 23/4X161/2 HOOKIT GR.COR
THR-00542,40E 23/4X161/2 HOOKIT GR.COR,5.73,0,3.09,5.73,WEST,WEST,40E 23/4X161/2 HOOKIT GR.COR
THR-00612,"80GRIT 6""""HOOKIT DUSTFREE DISC """,4.88,0,2.63,4.88,WEST,WEST,"80GRIT 6""""HOOKIT DUSTFREE DISC """
THR-00615,"40GRIT 6""""HOOKIT DUSTFREE DISC """,6.30,0,3.39,6.30,WEST,WEST,"40GRIT 6""""HOOKIT DUSTFREE DISC """
THR-00624,"40E 8""""HOOKIT DUSTFREE DISC    """,11.09,0,5.98,11.09,WEST,WEST,"40E 8""""HOOKIT DUSTFREE DISC    """
THR-00909,"P1000 3""""HOOKIT FILM DISC      """,2.79,0,1.50,2.79,WEST,WEST,"P1000 3""""HOOKIT FILM DISC      """
THR-00911,"3""""P600 FINISHING FILM DISC    """,2.79,0,1.50,2.79,WEST,WEST,"3""""P600 FINISHING FILM DISC    """
THR-00913,"3""""P400C HOOKIT GOLD DISC      """,1.72,0,0.94,1.72,WEST,WEST,"3""""P400C HOOKIT GOLD DISC      """
THR-00914,"3""""P320C HOOKIT GOLD DISC      """,1.72,0,0.94,1.72,WEST,WEST,"3""""P320C HOOKIT GOLD DISC      """
THR-02002,"400A 9"" ""X11""  WET/DRY SHEET",3.82,0,2.06,3.82,WEST,WEST,"400A 9"" ""X11""  WET/DRY SHEET"
THR-02589,2-3/4X45YD P500 STIKIT SHT.ROL,154.19,0,83.10,154.19,WEST,WEST,2-3/4X45YD P500 STIKIT SHT.ROL
THR-02593,2-3/4X45YD P240 STIKIT SHT.ROL,157.18,0,84.71,157.18,WEST,WEST,2-3/4X45YD P240 STIKIT SHT.ROL
THR-02602,"SUPER FINE 4.5""""X 5.5""""SPONGE   """,8.42,0,4.54,8.42,WEST,WEST,"SUPER FINE 4.5""""X 5.5""""SPONGE   """
THR-02604,"FINE GRIT 4.5""""X 5.5""""SPONGE    """,8.42,11,4.85,8.42,WEST,WEST,"FINE GRIT 4.5""""X 5.5""""SPONGE    """
THR-02606,"MEDIUM GRIT 4.5""""X 5.5""""SPONGE  """,8.42,0,4.54,8.42,WEST,WEST,"MEDIUM GRIT 4.5""""X 5.5""""SPONGE  """
THR-05203,5200 SEALANT WHT 88ML TUBE,32.99,4,19.92,0.00,WEST,WEST,5200 SEALANT WHT 88ML TUBE
THR-05220,5200 FAST WHT 88ML TUBE,32.28,2,17.96,32.28,WEST,WEST,5200 FAST WHT 88ML TUBE
THR-05260,4200 FAST WHT 88ML TUBE,28.09,3,15.50,28.09,WEST,WEST,4200 FAST WHT 88ML TUBE
THR-05280,4000UV FAST WHT 88ML TUBE,31.30,1,16.89,31.30,WEST,WEST,4000UV FAST WHT 88ML TUBE
THR-05710,ADAPT BUFF/POLISH PADS,41.17,3,22.18,41.17,WEST,WEST,ADAPT BUFF/POLISH PADS
THR-05752,"5/8"""" QUICK RELEASE ADAPTOR    """,141.95,1,76.50,141.95,WEST,WEST,"5/8"""" QUICK RELEASE ADAPTOR    """
THR-05753,"9"""" WOOL COMPOUNDING PAD Q/R   """,151.67,3,81.74,151.67,WEST,WEST,"9"""" WOOL COMPOUNDING PAD Q/R   """
THR-05754,"9"""" WOOL POLISHING PAD         """,103.41,4,58.99,103.41,WEST,WEST,"9"""" WOOL POLISHING PAD         """
THR-05768,"8"" HOOKIT SOFT PAD",235.80,0,127.08,235.80,WEST,WEST,"8"" HOOKIT SOFT PAD"
THR-05776,"6""""HOOKIT DISC PAD             """,135.87,0,73.22,135.87,WEST,WEST,"6""""HOOKIT DISC PAD             """
THR-05777,"6"" HOOKIT SOFT INTERFACE PAD",53.96,0,29.08,53.96,WEST,WEST,"6"" HOOKIT SOFT INTERFACE PAD"
THR-05779,"8""""HOOKIT DISC PAD             """,235.80,0,127.08,235.80,WEST,WEST,"8""""HOOKIT DISC PAD             """
THR-05801,1GAL.POLYESTER BODY FILLER,82.83,0,44.64,82.83,WEST,WEST,1GAL.POLYESTER BODY FILLER
THR-05824,710ML FLOWABLE FINISHING PUTTY,87.17,0,46.98,87.17,WEST,WEST,710ML FLOWABLE FINISHING PUTTY
THR-05846,DMS PNEUMATIC APPLICATOR,2352.86,0,1268.01,2352.86,WEST,WEST,DMS PNEUMATIC APPLICATOR
THR-05860,50 GR.DRY GUIDE COAT CARTRIDGE,113.94,0,61.41,113.94,WEST,WEST,50 GR.DRY GUIDE COAT CARTRIDGE
THR-05861,DRY GUIDE COAT KIT,164.44,0,88.62,164.44,WEST,WEST,DRY GUIDE COAT KIT
THR-05865,"6"" HOOKIT DISC PAD",110.24,0,59.41,110.24,WEST,WEST,"6"" HOOKIT DISC PAD"
THR-05907,ADHESION PROMOTER CLEAR 12OZ,120.29,0,64.83,120.29,WEST,WEST,ADHESION PROMOTER CLEAR 12OZ
THR-05928,946 ML FINESSE-IT II COMPOUND,130.83,0,70.51,130.83,WEST,WEST,946 ML FINESSE-IT II COMPOUND
THR-05954,946ML S.DUTY RUBBING COMPOUND,62.76,1,40.57,62.76,WEST,WEST,946ML S.DUTY RUBBING COMPOUND
THR-05955,4LTR. S.DUTY RUBBING COMPOUND,192.05,0,103.50,192.05,WEST,WEST,4LTR. S.DUTY RUBBING COMPOUND
THR-05973,32.OZ PERFECT IT RUBBING CMPD,100.92,1,57.57,100.92,WEST,WEST,32.OZ PERFECT IT RUBBING CMPD
THR-05975,10.5OZ PAINT BUSTER HANDCLNR,62.07,0,33.45,62.07,WEST,WEST,10.5OZ PAINT BUSTER HANDCLNR
THR-05996,32 OZ DARK  PERFECT-IT GLAZE,138.64,0,74.72,138.64,WEST,WEST,32 OZ DARK  PERFECT-IT GLAZE
THR-06-0000-30,SPEEDGLAS AUTO DARKENING FILTR,1469.07,0,791.71,1469.07,WEST,WEST,SPEEDGLAS AUTO DARKENING FILTR
THR-06-0200-30,SPEEDGLAS I/S PROTECTION PLATE,50.37,0,27.14,50.37,WEST,WEST,SPEEDGLAS I/S PROTECTION PLATE
THR-06025,4 LTR HIGH GLOSS GELCOAT CMP,225.43,0,121.49,225.43,WEST,WEST,4 LTR HIGH GLOSS GELCOAT CMP
THR-06068,946ML PERFECT-IT EX MACHNE POL,170.04,2,97.00,170.04,WEST,WEST,946ML PERFECT-IT EX MACHNE POL
THR-06094,946ML PERFECT-IT EX MACH.POLIS,160.84,1,91.75,160.84,WEST,WEST,946ML PERFECT-IT EX MACH.POLIS
THR-06147,"2.5""""X 10' MOISTURE SEAL.CMPD. """,105.03,0,56.60,105.03,WEST,WEST,"2.5""""X 10' MOISTURE SEAL.CMPD. """
THR-06404,"1/8"""" 471+INDIGO FINE LINE TAPE""",18.75,0,10.11,18.75,WEST,WEST,"1/8"""" 471+INDIGO FINE LINE TAPE"""
THR-06405,"1/4"""" 471+INDIGO FINE LINE TAPE""",24.98,0,13.46,24.98,WEST,WEST,"1/4"""" 471+INDIGO FINE LINE TAPE"""
THR-06408,"1/2"""" 471+INDIGO FINE LINE TAPE""",37.49,0,20.20,37.49,WEST,WEST,"1/2"""" 471+INDIGO FINE LINE TAPE"""
THR-06409,"3/4"""" 471+INDIGO FINE LINE TAPE""",49.97,0,26.93,49.97,WEST,WEST,"3/4"""" 471+INDIGO FINE LINE TAPE"""
THR-06500,5200 SEALANT WHT 295ML CART,51.47,3,27.74,51.47,WEST,WEST,5200 SEALANT WHT 295ML CART
THR-06502,5200 SEALANT MAH 295ML CART,51.47,0,37.35,51.47,WEST,WEST,5200 SEALANT MAH 295ML CART
THR-06504,5200 SEALANT BLK 295ML CART,51.47,4,32.56,51.47,WEST,WEST,5200 SEALANT BLK 295ML CART
THR-06520,5200 FAST WHT 295ML CART,46.38,0,24.99,46.38,WEST,WEST,5200 FAST WHT 295ML CART
THR-06525,"1/4""""X60Y PRECISION MASKING TPE""",21.94,0,11.83,21.94,WEST,WEST,"1/4""""X60Y PRECISION MASKING TPE"""
THR-06527,"1-1/2""""X60Y PRECISION MASKING  """,33.48,0,18.04,33.48,WEST,WEST,"1-1/2""""X60Y PRECISION MASKING  """
THR-06528,"2""""X60Y PRECISION MASKING TAPE """,44.64,0,24.06,44.64,WEST,WEST,"2""""X60Y PRECISION MASKING TAPE """
THR-06529,"3/4""""X60Y PRECISION MASKING TPE""",21.63,0,11.65,21.63,WEST,WEST,"3/4""""X60Y PRECISION MASKING TPE"""
THR-06541,18MM #2727 MASKNG TAPE,10.44,0,5.62,10.44,WEST,WEST,18MM #2727 MASKNG TAPE
THR-06560,4200 FAST WHT 295ML CART,47.36,0,25.52,47.36,WEST,WEST,4200 FAST WHT 295ML CART
THR-06564,4200 FAST BLK 295ML CART,47.85,0,25.78,47.85,WEST,WEST,4200 FAST BLK 295ML CART
THR-06580,4000UV FAST WHT 295ML CART,41.13,0,22.17,41.13,WEST,WEST,4000UV FAST WHT 295ML CART
THR-06586,4000UV FAST WHT 400ML FLEX,37.68,0,20.30,37.68,WEST,WEST,4000UV FAST WHT 400ML FLEX
THR-06727,12'X400'OVERSPRAY SHEETING,134.69,0,72.58,134.69,WEST,WEST,12'X400'OVERSPRAY SHEETING
THR-06728,16'X350'OVERSPRAY SHEETING,153.74,0,82.85,153.74,WEST,WEST,16'X350'OVERSPRAY SHEETING
THR-06732,12X180 MASKING PAPER,56.70,0,30.55,56.70,WEST,WEST,12X180 MASKING PAPER
THR-07178,DUAL CARTRG RESPRTR MEDIUM P95,133.70,0,72.05,133.70,WEST,WEST,DUAL CARTRG RESPRTR MEDIUM P95
THR-07179,DUAL CARTRG RESPRTR LARGE P95,137.69,0,74.20,137.69,WEST,WEST,DUAL CARTRG RESPRTR LARGE P95
THR-07442,ULTRA FINE SCUFF SPONGE,8.37,6,4.76,8.37,WEST,WEST,ULTRA FINE SCUFF SPONGE
THR-07445,"WHITE 6""""X 9""""LIGHT DUTY PAD    """,5.14,4,2.77,5.14,WEST,WEST,"WHITE 6""""X 9""""LIGHT DUTY PAD    """
THR-07447,"RED 6""""X 9""""GEN.PURPOSE PAD     """,3.79,16,1.93,3.79,WEST,WEST,"RED 6""""X 9""""GEN.PURPOSE PAD     """
THR-07448,"GREY 6""""X 9"""" ULTRA FINE  PAD   """,3.79,8,2.04,3.79,WEST,WEST,"GREY 6""""X 9"""" ULTRA FINE  PAD   """
THR-07480,"2"""" COARSE SURFACE DISC ROLOC  """,4.02,0,2.17,4.02,WEST,WEST,"2"""" COARSE SURFACE DISC ROLOC  """
THR-08017,M.R.SILICONE WHT 88ML TUBE,36.72,0,19.79,36.72,WEST,WEST,M.R.SILICONE WHT 88ML TUBE
THR-08019,M.R.SILICONE CLR 88ML TUBE,36.72,1,19.80,36.72,WEST,WEST,M.R.SILICONE CLR 88ML TUBE
THR-08027,M.R.SILICONE WHT 295ML CART,70.86,2,38.19,70.86,WEST,WEST,M.R.SILICONE WHT 295ML CART
THR-08029,M.R.SILICONE CLR 295ML CART,70.86,2,38.19,70.86,WEST,WEST,M.R.SILICONE CLR 295ML CART
THR-08051,5 OZ FEATHERING DISC ADHES,39.95,0,21.53,39.95,WEST,WEST,5 OZ FEATHERING DISC ADHES
THR-08090,553GR.SUPER TRIM ADHESIVE,80.03,0,43.13,80.03,WEST,WEST,553GR.SUPER TRIM ADHESIVE
THR-08308,HEAVY BODIED SEAM SEALER 200ML,160.92,0,86.72,160.92,WEST,WEST,HEAVY BODIED SEAM SEALER 200ML
THR-08365,URETHANE SEAM SEALER BEIGE 310,34.13,0,18.40,34.13,WEST,WEST,URETHANE SEAM SEALER BEIGE 310
THR-08367,URETHANE SEAM SEALER BLK 310ML,34.13,0,18.40,34.13,WEST,WEST,URETHANE SEAM SEALER BLK 310ML
THR-08571,MANUAL CART APP GUN 6.8FL OZ,271.34,0,146.23,271.34,WEST,WEST,MANUAL CART APP GUN 6.8FL OZ
THR-08890,5-WAY PLUS OIL,26.99,0,14.54,26.99,WEST,WEST,5-WAY PLUS OIL
THR-08968,NON STREAKING GLASS CLEANER,14.91,0,8.04,14.91,WEST,WEST,NON STREAKING GLASS CLEANER
THR-08987,425G G.PURP.ADHES.CLNR AEROSOL,36.11,0,19.46,36.11,WEST,WEST,425G G.PURP.ADHES.CLNR AEROSOL
THR-09004,16OZ S.DUTY RUBBING COMPOUND,41.90,1,22.58,41.90,WEST,WEST,16OZ S.DUTY RUBBING COMPOUND
THR-09005,16OZ FIBREGLASS RESTOR.&WAX,53.27,0,30.30,53.27,WEST,WEST,16OZ FIBREGLASS RESTOR.&WAX
THR-09006,32 OZ FG RESTORER & WAX,68.44,0,38.93,68.44,WEST,WEST,32 OZ FG RESTORER & WAX
THR-09009,16OZ FIBREGLASS CLEANER&WAX,56.80,2,30.61,56.80,WEST,WEST,16OZ FIBREGLASS CLEANER&WAX
THR-09010,32 OZ FG CLEANER & WAX,64.08,0,36.45,64.08,WEST,WEST,32 OZ FG CLEANER & WAX
THR-09020,18OZ ALUM. RESTORER &POLISH,89.99,5,14.99,0.00,WEST,WEST,18OZ ALUM. RESTORER &POLISH
THR-09023,8OZ VINYL CLEANR &CONDITNR,44.14,0,23.79,44.14,WEST,WEST,8OZ VINYL CLEANR &CONDITNR
THR-09029,15 OZ VINYL CLEANER & RESTORER,45.86,1,24.71,45.86,WEST,WEST,15 OZ VINYL CLEANER & RESTORER
THR-09033,15 OZ. CLEAN/SHINE SPRAY WAX,48.08,0,25.91,48.08,WEST,WEST,15 OZ. CLEAN/SHINE SPRAY WAX
THR-09034,PERFECT-IT BOAT WASH-PINT,36.46,0,19.65,36.46,WEST,WEST,PERFECT-IT BOAT WASH-PINT
THR-09035,PERFECT-IT BOAT WASH-QUART,69.07,2,42.68,69.07,WEST,WEST,PERFECT-IT BOAT WASH-QUART
THR-09061,500ML 3M MARINE LIQUID WAX,59.32,1,31.97,59.32,WEST,WEST,500ML 3M MARINE LIQUID WAX
THR-09062,1LTR 3M MARINE LIQUID WAX,94.81,0,51.09,94.81,WEST,WEST,1LTR 3M MARINE LIQUID WAX
THR-09065,500ML MARINE MILDEW BLOCK,46.06,1,24.82,46.06,WEST,WEST,500ML MARINE MILDEW BLOCK
THR-09067,500ML MILDEW STAIN REMOVER,45.52,4,24.53,45.52,WEST,WEST,500ML MILDEW STAIN REMOVER
THR-09678,13MM SOFT EDGE MASKING FOAM,236.94,0,127.69,236.94,WEST,WEST,13MM SOFT EDGE MASKING FOAM
THR-09973,19MM SOFT EDGE MASKING FOAM,246.14,0,132.65,246.14,WEST,WEST,19MM SOFT EDGE MASKING FOAM
THR-10115NA,#3 SYNTHETIC STEEL WOOL 2/PKG,8.35,0,4.50,8.35,WEST,WEST,#3 SYNTHETIC STEEL WOOL 2/PKG
THR-10116NA,#2 SYNTHETIC STEEL WOOL 2/PKG,8.03,0,4.33,8.03,WEST,WEST,#2 SYNTHETIC STEEL WOOL 2/PKG
THR-10118NA,#0 SYNTHETIC STEEL WOOL 2/PKG,8.35,0,4.50,8.35,WEST,WEST,#0 SYNTHETIC STEEL WOOL 2/PKG
THR-10120NA,#000 SYNTH. STEEL WOOL 2/PKG,8.35,0,4.50,8.35,WEST,WEST,#000 SYNTH. STEEL WOOL 2/PKG
THR-1100,3-M EAR PLUGS,0.37,0,0.21,0.37,WEST,WEST,3-M EAR PLUGS
THR-1130AF,"2""""SCOTCH DUCT TAPE-30YD       """,10.44,0,5.94,10.44,WEST,WEST,"2""""SCOTCH DUCT TAPE-30YD       """
THR-16023,PPS LRG CUP & COLLAR,42.55,0,22.93,42.55,WEST,WEST,PPS LRG CUP & COLLAR
THR-16024,PPS LRG LID & LINERS(25/CASE),247.68,0,140.89,247.68,WEST,WEST,PPS LRG LID & LINERS(25/CASE)
THR-16114,PPS KIT LIDS/LINERS (50),389.91,0,210.13,389.91,WEST,WEST,PPS KIT LIDS/LINERS (50)
THR-16121,PPS H/O MINI PRESSURE CUP,144.39,0,77.81,144.39,WEST,WEST,PPS H/O MINI PRESSURE CUP
THR-16124,PPS H/O LARGE PRESSURE CUP,229.16,0,123.50,229.16,WEST,WEST,PPS H/O LARGE PRESSURE CUP
THR-16578,ACCUSPRAY ONE SPRAY GUN KIT,692.13,0,414.45,692.13,WEST,WEST,ACCUSPRAY ONE SPRAY GUN KIT
THR-16579,ACCUSPRAY ONE REPLAC SPRAY GUN,632.03,0,378.46,632.03,WEST,WEST,ACCUSPRAY ONE REPLAC SPRAY GUN
THR-16587,ACCUSPRAY SPRAY GUN KIT,536.04,0,320.98,536.04,WEST,WEST,ACCUSPRAY SPRAY GUN KIT
THR-165BK4A,19MMX18M TEMFLEX TAPE BLACK,3.36,6,1.87,3.36,WEST,WEST,19MMX18M TEMFLEX TAPE BLACK
THR-165BL4A,19MMX18M TEMFLEX TAPE BLUE,3.56,4,1.97,3.56,WEST,WEST,19MMX18M TEMFLEX TAPE BLUE
THR-165GR4A,19MMX18M TEMFLEX TAPE GREEN,3.56,4,1.97,3.56,WEST,WEST,19MMX18M TEMFLEX TAPE GREEN
THR-165OR4A,19MMX18M TEMFLEX TAPE ORANGE,3.56,1,1.92,3.56,WEST,WEST,19MMX18M TEMFLEX TAPE ORANGE
THR-165RD4A,19MMX18M TEMFLEX TAPE RED,3.56,6,1.97,3.56,WEST,WEST,19MMX18M TEMFLEX TAPE RED
THR-165WH4A,19MMX18M TEMFLEX TAPE WHITE,3.56,4,1.97,3.56,WEST,WEST,19MMX18M TEMFLEX TAPE WHITE
THR-165YL4A,19MMX18M TEMFLEX TAPE YELLOW,3.56,4,1.97,3.56,WEST,WEST,19MMX18M TEMFLEX TAPE YELLOW
THR-16609,ACCUSPRAY AUTOMIZING HEAD 2MM,69.47,0,37.44,69.47,WEST,WEST,ACCUSPRAY AUTOMIZING HEAD 2MM
THR-16611,ACCUSPRAY AUTOMIZING HEAD(4),71.01,0,38.27,71.01,WEST,WEST,ACCUSPRAY AUTOMIZING HEAD(4)
THR-16612,ACCUSPRAY AUTOMIZING HEAD1.4MM,72.16,0,38.89,72.16,WEST,WEST,ACCUSPRAY AUTOMIZING HEAD1.4MM
THR-18730,"2""""GREEN ROLOC BRISTLE DISC    """,20.82,0,11.22,20.82,WEST,WEST,"2""""GREEN ROLOC BRISTLE DISC    """
THR-19223,"4"""" BLACK SAFETY WALK          """,6.66,0,3.59,6.66,WEST,WEST,"4"""" BLACK SAFETY WALK          """
THR-19224,"6"""" BLACK SAFETY WALK          """,9.99,0,5.38,9.99,WEST,WEST,"6"""" BLACK SAFETY WALK          """
THR-19296,"4"""" BLK MED.GRADE SAFETY WALK  """,8.35,0,4.50,8.35,WEST,WEST,"4"""" BLK MED.GRADE SAFETY WALK  """
THR-19297,"6"""" BLK MED.GRADE SAFETY WALK  """,12.53,0,6.75,12.53,WEST,WEST,"6"""" BLK MED.GRADE SAFETY WALK  """
THR-19321,"1"""" GREY MED.GRADE SAFETY WALK """,2.32,0,1.25,2.32,WEST,WEST,"1"""" GREY MED.GRADE SAFETY WALK """
THR-19344,946ML SHARPSHOOTER MARK REMOVR,23.66,1,12.75,23.66,WEST,WEST,946ML SHARPSHOOTER MARK REMOVR
THR-20318MMX55M,"3/4""""  MASKING TAPE            """,4.33,-1,2.33,4.33,WEST,WEST,"3/4""""  MASKING TAPE            """
THR-20324MMX55M,"1""""  MASKING TAPE              """,5.39,-1,2.91,5.39,WEST,WEST,"1""""  MASKING TAPE              """
THR-20336MMX55M,"1-1/2""""  MASKING TAPE          """,8.12,-1,4.37,8.12,WEST,WEST,"1-1/2""""  MASKING TAPE          """
THR-20348MMX55M,"2""""  MASKING TAPE              """,11.52,0,6.21,11.52,WEST,WEST,"2""""  MASKING TAPE              """
THR-20354,"STIKIT LOW PROF DISC PAD 6""""RED""",72.95,0,39.31,72.95,WEST,WEST,"STIKIT LOW PROF DISC PAD 6""""RED"""
THR-20427,"3"""" HOOKIT CLN SND DISC PAD KIT""",87.21,0,47.00,87.21,WEST,WEST,"3"""" HOOKIT CLN SND DISC PAD KIT"""
THR-20452,CLEAN SANDING FILTER BAG,10.74,0,5.79,10.74,WEST,WEST,CLEAN SANDING FILTER BAG
THR-2071,P95 PARTICULATE FILTER 2/PKG,14.01,0,7.55,14.01,WEST,WEST,P95 PARTICULATE FILTER 2/PKG
THR-2078,P95 PARTICULATE FILTER 2/PKG,23.06,0,12.43,23.06,WEST,WEST,P95 PARTICULATE FILTER 2/PKG
THR-2080-24EC,"1""""PAINTERS TAPE DELICATE SURF.""",16.42,0,8.85,16.42,WEST,WEST,"1""""PAINTERS TAPE DELICATE SURF."""
THR-2080-48EC,"2""""PAINTERS TAPE DELICATE SURF.""",31.86,0,17.17,31.86,WEST,WEST,"2""""PAINTERS TAPE DELICATE SURF."""
THR-209018MMX55M,"LONG MASK  MASKNG TAPE 3/4""""   """,10.70,2,5.20,10.70,WEST,WEST,"LONG MASK  MASKNG TAPE 3/4""""   """
THR-209024MMX55M,"LONG MASK  MASKNG TAPE 1""""     """,12.26,1,6.00,12.26,WEST,WEST,"LONG MASK  MASKNG TAPE 1""""     """
THR-209036MMX55M,"LONG MASK  MASKNG TAPE 1-1/2"""" """,18.17,6,8.90,18.17,WEST,WEST,"LONG MASK  MASKNG TAPE 1-1/2"""" """
THR-209048MMX55M,"LONG MASK  MASKNG TAPE 2""""     """,24.50,5,13.34,24.50,WEST,WEST,"LONG MASK  MASKNG TAPE 2""""     """
THR-26000,PPS SERIES 2.0STD CUP 22OZ KIT,396.81,0,213.85,396.81,WEST,WEST,PPS SERIES 2.0STD CUP 22OZ KIT
THR-30344,GELCOAT COMPOUND&POLISH 946ML,154.42,0,83.22,154.42,WEST,WEST,GELCOAT COMPOUND&POLISH 946ML
THR-30345,GELCOAT COMPOUND & POLISH GAL,378.99,0,204.25,378.99,WEST,WEST,GELCOAT COMPOUND & POLISH GAL
THR-31370,"P40 6"""" CUBITRON II HOOKIT DISC""",8.60,0,4.40,8.60,WEST,WEST,"P40 6"""" CUBITRON II HOOKIT DISC"""
THR-31371,"80 GRIT 6"" CUBITRON II DISC",3.94,0,2.12,3.94,WEST,WEST,"80 GRIT 6"" CUBITRON II DISC"
THR-31372,"120 GRIT 6"" CUBITRON II DISC",3.59,0,1.93,3.59,WEST,WEST,"120 GRIT 6"" CUBITRON II DISC"
THR-31373,"150 GRIT 6"" CUBITRON II DISC",3.59,0,1.93,3.59,WEST,WEST,"150 GRIT 6"" CUBITRON II DISC"
THR-31374,"180 GRIT 6"" CUBITRON II DISC",3.59,0,1.93,3.59,WEST,WEST,"180 GRIT 6"" CUBITRON II DISC"
THR-31375,"P40 8"" CUBITRONII HOOKIT DISC",16.62,0,8.95,16.62,WEST,WEST,"P40 8"" CUBITRONII HOOKIT DISC"
THR-31434,"400A 6"" GOLD STIKIT DISCS",8.67,0,4.67,8.67,WEST,WEST,"400A 6"" GOLD STIKIT DISCS"
THR-31471,"P220 5"" CUBITRONII HOOKIT DISC",2.77,0,1.49,2.77,WEST,WEST,"P220 5"" CUBITRONII HOOKIT DISC"
THR-31473,"P320 5"" CUBITRONII HOOKIT DISC",2.77,0,1.49,2.77,WEST,WEST,"P320 5"" CUBITRONII HOOKIT DISC"
THR-31481,"P220 6"" CUBITRONII HOOKIT DISC",3.59,0,1.93,3.59,WEST,WEST,"P220 6"" CUBITRONII HOOKIT DISC"
THR-31483,"P320 6"" CUBITRONII HOOKIT DISC",3.52,0,1.90,3.52,WEST,WEST,"P320 6"" CUBITRONII HOOKIT DISC"
THR-31547,"40E 6"" PROD.GR.FRE-CUT DISC",17.97,0,9.68,17.97,WEST,WEST,"40E 6"" PROD.GR.FRE-CUT DISC"
THR-31550,"40E 8"" PROD.GR.FRE-CUT DISC",35.25,0,19.00,35.25,WEST,WEST,"40E 8"" PROD.GR.FRE-CUT DISC"
THR-31650,"P80 6"""" CUBITRON II NET (50)   """,149.23,0,80.42,149.23,WEST,WEST,"P80 6"""" CUBITRON II NET (50)   """
THR-31651,"P120 6"" CUBITRON II NET (50)",149.23,0,80.42,149.23,WEST,WEST,"P120 6"" CUBITRON II NET (50)"
THR-32036,P600 IMPERIAL WET OR DRY SH,12.71,0,6.85,12.71,WEST,WEST,P600 IMPERIAL WET OR DRY SH
THR-32545,"180A PROD. FRE-CUT SHT.9""""X 11",10.02,0,5.70,10.02,WEST,WEST,"180A PROD. FRE-CUT SHT.9""""X 11"
THR-33279,"9""""DBL SIDE L/LINT WOOL PAD Q/R""",149.68,2,85.39,149.68,WEST,WEST,"9""""DBL SIDE L/LINT WOOL PAD Q/R"""
THR-34464,P120 CLN SND HOOKIT ROLL 115MM,148.45,0,80.00,148.45,WEST,WEST,P120 CLN SND HOOKIT ROLL 115MM
THR-36060,946ML PERFECT-IT EX RUBB.CMPD,150.55,1,85.89,150.55,WEST,WEST,946ML PERFECT-IT EX RUBB.CMPD
THR-36061,1GAL.PERFECT-IT EX RUBB.CMPD,462.44,0,249.22,462.44,WEST,WEST,1GAL.PERFECT-IT EX RUBB.CMPD
THR-36101,PERFECT-IT H/CUTTING CMP-PINT,101.29,1,54.58,101.29,WEST,WEST,PERFECT-IT H/CUTTING CMP-PINT
THR-36102,PERFECT-IT H/CUTTING CMP-QUART,185.17,1,99.79,185.17,WEST,WEST,PERFECT-IT H/CUTTING CMP-QUART
THR-36105,PERFECT-IT M/CUTTING CMP-PINT,78.49,1,42.30,78.49,WEST,WEST,PERFECT-IT M/CUTTING CMP-PINT
THR-36106,PERFECT-IT M/CUTTING CMP-QUART,125.67,0,67.72,125.67,WEST,WEST,PERFECT-IT M/CUTTING CMP-QUART
THR-36109,PERFECT-IT L/CUTTING POL-PINT,69.64,0,37.53,69.64,WEST,WEST,PERFECT-IT L/CUTTING POL-PINT
THR-36110,PERFECT-IT L/CUTTING POL-QUART,110.59,1,59.60,110.59,WEST,WEST,PERFECT-IT L/CUTTING POL-QUART
THR-36111,PERFECT-IT L/CUTTING POL-GAL,313.19,0,168.79,313.19,WEST,WEST,PERFECT-IT L/CUTTING POL-GAL
THR-36112,PERFECT-IT BOAT WAX-PINT,62.76,2,33.82,62.76,WEST,WEST,PERFECT-IT BOAT WAX-PINT
THR-36113,PERFECT-IT BOAT WAX-QUART,113.61,0,61.23,113.61,WEST,WEST,PERFECT-IT BOAT WAX-QUART
THR-36157,"80E 5"""" 321U BLUE ABRASIVE DISC""",2.71,0,1.46,2.71,WEST,WEST,"80E 5"""" 321U BLUE ABRASIVE DISC"""
THR-36159,"120E 5"""" 321U BLUE ABRASVE DISC""",2.29,0,1.23,2.29,WEST,WEST,"120E 5"""" 321U BLUE ABRASVE DISC"""
THR-36160,"150E 5"""" 321U BLUE ABRASVE DISC""",2.29,0,1.23,2.29,WEST,WEST,"150E 5"""" 321U BLUE ABRASVE DISC"""
THR-36161,"180E 5"""" 321U BLUE ABRASVE DISC""",2.29,0,1.23,2.29,WEST,WEST,"180E 5"""" 321U BLUE ABRASVE DISC"""
THR-36165,"320+ 5"""" 321U BLUE ABRASVE DISC""",2.27,0,1.22,2.27,WEST,WEST,"320+ 5"""" 321U BLUE ABRASVE DISC"""
THR-36170,"40E 6"""" 321U BLUE HOOKIT DISC  """,6.75,0,3.64,6.75,WEST,WEST,"40E 6"""" 321U BLUE HOOKIT DISC  """
THR-36172,"80E 6"""" 321U BLUE HOOKIT DISC  """,3.32,0,1.79,3.32,WEST,WEST,"80E 6"""" 321U BLUE HOOKIT DISC  """
THR-36174,"120E 6"""" 321U BLUE HOOKIT DISC """,2.81,0,1.51,2.81,WEST,WEST,"120E 6"""" 321U BLUE HOOKIT DISC """
THR-36879,"28"" X300FT SELF STICK LIQ PROT",1644.03,0,886.00,1644.03,WEST,WEST,"28"" X300FT SELF STICK LIQ PROT"
THR-36880,"36 ""X300FT SELF STICK LIQ PROT",2263.50,0,1219.85,2263.50,WEST,WEST,"36 ""X300FT SELF STICK LIQ PROT"
THR-36882,"56"" X300FT SELF STICK LIQ PROT",3129.76,0,1686.70,3129.76,WEST,WEST,"56"" X300FT SELF STICK LIQ PROT"
THR-4811-48MM,"2"" WHT. PRESERVATION TAPE-36YD",168.62,0,90.87,168.62,WEST,WEST,"2"" WHT. PRESERVATION TAPE-36YD"
THR-55563-SG-O,297G SCOTCHGARD OUTDR.PROT,35.47,0,19.12,35.47,WEST,WEST,297G SCOTCHGARD OUTDR.PROT
THR-5N11,PREFILTER,4.78,0,2.57,4.78,WEST,WEST,PREFILTER
THR-6001,2/PKG ORGANIC VAPOR CARTRID,34.92,3,18.82,34.92,WEST,WEST,2/PKG ORGANIC VAPOR CARTRID
THR-60921,2/PKG ORGANIC VAPOR CARTRIDGE,76.30,1,41.12,76.30,WEST,WEST,2/PKG ORGANIC VAPOR CARTRIDGE
THR-6800,MEDIUM FULL FACE RESPIRATOR,462.54,1,249.27,462.54,WEST,WEST,MEDIUM FULL FACE RESPIRATOR
THR-8210,PARTICULATE RESPIRATOR N95,2.56,46,1.33,2.56,WEST,WEST,PARTICULATE RESPIRATOR N95
THR-9205,AURA PARTICULATE RESPIRAT.N95,3.02,13,1.63,3.02,WEST,WEST,AURA PARTICULATE RESPIRAT.N95
THR-CITRUS-24OZ-IND,BASE CLEANER - CITRUS 24OZ,109.18,0,58.84,109.18,WEST,WEST,BASE CLEANER - CITRUS 24OZ
THR-D3097,P100 PARTICULATE FILTER 2/PK,31.95,2,17.22,31.95,WEST,WEST,P100 PARTICULATE FILTER 2/PK
THR-HF-802SD,MEDIUM HALF FACE REUSABLE RESP,100.73,2,54.29,100.73,WEST,WEST,MEDIUM HALF FACE REUSABLE RESP
THR-HP-156,"OILSORB PADS 17""""X 19""""         """,2.44,218,1.46,2.44,WEST,WEST,"OILSORB PADS 17""""X 19""""         """
THR-MP-3560,"CLR DUAL LOCK 1""""X4.9YD(2/PKG) """,441.56,0,237.97,441.56,WEST,WEST,"CLR DUAL LOCK 1""""X4.9YD(2/PKG) """
THR-P-SKFL31,31GAL.PETROLEUM SPILL KIT,546.41,0,294.47,546.41,WEST,WEST,31GAL.PETROLEUM SPILL KIT
THR-PFL550DD,FOLDED PETRO. SORBENT,159.33,-6,85.87,159.33,WEST,WEST,FOLDED PETRO. SORBENT
THR-SB00750,"5"""" COARSE SCOTCHBRITE DISC    """,11.22,5,6.39,11.22,WEST,WEST,"5"""" COARSE SCOTCHBRITE DISC    """
THR-SB27675,"5"""" MEDIUM SCOTCHBRITE DISC    """,9.30,5,5.31,9.30,WEST,WEST,"5"""" MEDIUM SCOTCHBRITE DISC    """
THR-SJ3550-1,"1"" BLACK DUAL LOCK FASTNER",9.03,10,4.87,9.03,WEST,WEST,"1"" BLACK DUAL LOCK FASTNER"
TID-FSK-1750-3000-0,"1-3/4""""X3"""" KIT 1-FITTING       """,913.55,0,578.58,913.55,WEST,WEST,"1-3/4""""X3"""" KIT 1-FITTING       """
TID-FSK-2000-3000-1,"2""""X3"""" KIT 2-FITTING           """,1042.49,0,660.24,1042.49,WEST,WEST,"2""""X3"""" KIT 2-FITTING           """
TID-FSK-2000-3500-1,"2""""X3-1/2"""" KIT 2-FITTING       """,1042.49,0,660.24,1042.49,WEST,WEST,"2""""X3-1/2"""" KIT 2-FITTING       """
TID-FSK-2250-3500-1,"2-1/4""""X3-1/2"""" KIT 2-FITTING   """,1116.24,0,722.49,1116.24,WEST,WEST,"2-1/4""""X3-1/2"""" KIT 2-FITTING   """
TID-FSK-2500-3500-1,"2-1/2""""X3-1/2"""" KIT 2-FITTING   """,1274.73,0,807.33,1274.73,WEST,WEST,"2-1/2""""X3-1/2"""" KIT 2-FITTING   """
TID-FSK-2500-4000-1,"2-1/2""""X4"""" KIT 2-FITTING       """,1210.86,0,766.88,1210.86,WEST,WEST,"2-1/2""""X4"""" KIT 2-FITTING       """
TID-K-1750-00,"1-3/4"""" SEAL CARRIER KIT       """,235.13,0,148.91,235.13,WEST,WEST,"1-3/4"""" SEAL CARRIER KIT       """
TID-KF-2000-01,"2"""" SEAL CARRIER KIT           """,274.26,0,180.08,274.26,WEST,WEST,"2"""" SEAL CARRIER KIT           """
TID-KF-2250-00,"2-1/4"""" SEAL CARRIER KIT       """,294.26,0,190.46,294.26,WEST,WEST,"2-1/4"""" SEAL CARRIER KIT       """
TID-KF-2500-00,"2-1/2"""" SEAL CARRIER KIT       """,345.66,0,218.92,345.66,WEST,WEST,"2-1/2"""" SEAL CARRIER KIT       """
TID-LIPSEALF2000,"2"""" LIP SEAL (9043)",72.51,0,49.80,72.51,WEST,WEST,"2"""" LIP SEAL (9043)"
TIE-81215,"BOLSTER BRACKET 10""""W/SWVL.BRKT""",35.96,0,20.37,35.96,WEST,WEST,"BOLSTER BRACKET 10""""W/SWVL.BRKT"""
TIE-86029,"ROLLER SHAFT W/NUTS 5/8""""X9-1/4""",15.70,0,8.46,15.70,WEST,WEST,"ROLLER SHAFT W/NUTS 5/8""""X9-1/4"""
TIE-86291,"PVC KEEL PAD 15""""X3.5""""         """,18.39,0,9.91,18.39,WEST,WEST,"PVC KEEL PAD 15""""X3.5""""         """
TMP-43335,"8""""DECK PLATE-BLACK            """,41.02,0,23.24,41.02,WEST,WEST,"8""""DECK PLATE-BLACK            """
TMP-44630,1317 ACCESS CAM HATCH WHITE,140.13,0,75.52,140.13,WEST,WEST,1317 ACCESS CAM HATCH WHITE
TMS-Q91130G,GALV BRUCE TYPE ANCHOR 30KG,471.11,0,267.99,471.11,WEST,WEST,GALV BRUCE TYPE ANCHOR 30KG
TOO-215,WEXFORD SKELETON CAULKING GUN,32.83,3,17.69,32.83,WEST,WEST,WEXFORD SKELETON CAULKING GUN
TRA-1206-MG,BARNACLE BUSTER CONCENTR. GAL,139.46,2,104.70,139.46,WEST,WEST,BARNACLE BUSTER CONCENTR. GAL
TRA-1206-MQ,BARNACLE BUSTER CONCENTRATE QT,50.56,2,37.97,50.56,WEST,WEST,BARNACLE BUSTER CONCENTRATE QT
TRI-121-1186,"BILGE HOSE 1-1/8"""" X 50' BLK   """,104.31,0,56.21,104.31,WEST,WEST,"BILGE HOSE 1-1/8"""" X 50' BLK   """
TRI-144-1186,"HD BILGE & LW HOSE 1-1/8"""" X 50""",208.70,0,112.47,208.70,WEST,WEST,"HD BILGE & LW HOSE 1-1/8"""" X 50"""
TRI-148-1126,"XHD SANI HOSE 1-1/2"""" X 50' WHT""",372.46,1,211.23,372.46,WEST,WEST,"XHD SANI HOSE 1-1/2"""" X 50' WHT"""
TRI-149-1-1/2,"XHD BILGE & LW HOSE 1-1/2""""    """,9.99,0,5.66,9.99,WEST,WEST,"XHD BILGE & LW HOSE 1-1/2""""    """
TRI-162-0346,"PVC RED/BLUE TRACER 3/4"""" X 50'""",157.66,0,85.95,157.66,WEST,WEST,"PVC RED/BLUE TRACER 3/4"""" X 50'"""
TRI-165-0126,"PVC REINFRCD BLUE WTR 1/2""""X50'""",125.38,1,67.57,125.38,WEST,WEST,"PVC REINFRCD BLUE WTR 1/2""""X50'"""
TRI-166-0126,"PVC REINFRCD RED WTR 1/2""""X50' """,125.38,1,67.57,125.38,WEST,WEST,"PVC REINFRCD RED WTR 1/2""""X50' """
TRI-200-4,"SOFT WALL WET EX 4"""" BLACK     """,66.93,0,28.71,66.93,WEST,WEST,"SOFT WALL WET EX 4"""" BLACK     """
TRI-250-3-1/2,"HWALL EX HOSE 3-1/2"""" BLK      """,62.32,0,30.57,62.32,WEST,WEST,"HWALL EX HOSE 3-1/2"""" BLK      """
TRI-272V6000,"BLU SILCN W/EX HUMP HS 6"""" X 8""""""",303.86,0,166.95,303.86,WEST,WEST,"BLU SILCN W/EX HUMP HS 6"""" X 8"""""""
TRI-305-0386,"FUEL OB HOSE B1 3/8""""X50' GRAY """,281.00,0,151.96,0.00,WEST,WEST,"FUEL OB HOSE B1 3/8""""X50' GRAY """
TRI-317-0586,"FUEL VENT HOSE A2 5/8""X 50'",329.93,-10,177.80,329.93,WEST,WEST,"FUEL VENT HOSE A2 5/8""X 50'"
"TRI-327-1-1/2""","FUEL HOSE TYPE A2 1-1/2""",28.81,5,15.52,28.81,WEST,WEST,"FUEL HOSE TYPE A2 1-1/2"""
TRI-327-2,"FUEL HOSE TYPE A2 2""",45.74,0,24.65,45.74,WEST,WEST,"FUEL HOSE TYPE A2 2"""
TRI-329-1-1/2,"FUEL TYPE A2 CORR 1-1/2""",47.88,0,25.80,47.88,WEST,WEST,"FUEL TYPE A2 CORR 1-1/2"""
TRI-365-0126,"FUEL HOSE TYPE A1 1/2"""" X 50'  """,338.04,0,197.23,338.04,WEST,WEST,"FUEL HOSE TYPE A1 1/2"""" X 50'  """
TRI-365-0386,"FUEL HOSE TYPE A1 3/8"""" X 50'  """,262.37,0,148.80,262.37,WEST,WEST,"FUEL HOSE TYPE A1 3/8"""" X 50'  """
TUR-21431911,ALUM 13-1/4X19 3B RH PROP,180.34,0,114.70,180.34,WEST,WEST,ALUM 13-1/4X19 3B RH PROP
TUR-500,HUB KIT YAMAHA,93.59,0,57.82,93.59,WEST,WEST,HUB KIT YAMAHA
TX9,14/1 OZ PROPANE CYLI,16.29,1,12.81,16.29,WEST,WEST,14/1 OZ PROPANE CYLI
USS-TG-2T,2 OZ.TUB ULTRA TEF-GEL,96.96,0,52.25,96.96,WEST,WEST,2 OZ.TUB ULTRA TEF-GEL
VAC-310129,548/848 BASE KIT-WHITE,709.13,0,590.94,709.13,WEST,WEST,548/848 BASE KIT-WHITE
VAC-780012,VACUUM GENERATOR-12V VG4,2500.34,0,2083.61,2500.34,WEST,WEST,VACUUM GENERATOR-12V VG4
VAL-B-31/2,FULL PORT BRASS BALL VALVE,24.37,2,13.13,24.37,WEST,WEST,FULL PORT BRASS BALL VALVE
VAL-B-31/4,FULL PORT BRASS BALL VALVE,23.68,4,12.76,23.68,WEST,WEST,FULL PORT BRASS BALL VALVE
VAL-B-33/4,FULL PORT BRASS BALL VALVE,36.24,4,19.53,36.24,WEST,WEST,FULL PORT BRASS BALL VALVE
VAL-BV1/4S/S,FULL PORT 316 SS BALL VALVE,32.58,0,17.56,32.58,WEST,WEST,FULL PORT 316 SS BALL VALVE
VER-1426060103FT,BLK 6GA 1' BATTERY CABLE,3.24,0,2.17,3.24,WEST,WEST,BLK 6GA 1' BATTERY CABLE
VER-1426060150,BLK 6GA 50' BATTERY CABLE,151.65,0,81.73,151.65,WEST,WEST,BLK 6GA 50' BATTERY CABLE
VER-1426060301FT,GRN 6GA 1' BATTERY CABLE,3.99,50,2.17,0.00,WEST,WEST,GRN 6GA 1' BATTERY CABLE
VER-1426060850,RED 6GA 50' BATTERY CABLE,151.65,1,81.73,151.65,WEST,WEST,RED 6GA 50' BATTERY CABLE
VER-1426080101,BLK 8GA 100' BATTERY CABLE,182.78,20,98.50,182.78,WEST,WEST,BLK 8GA 100' BATTERY CABLE
VER-1426080301,GRN 8GA 100' BATTERY CABLE,182.78,0,98.50,182.78,WEST,WEST,GRN 8GA 100' BATTERY CABLE
VER-1426100801,RED 10GA 100' PRIMARY WIRE,120.79,0,65.10,120.79,WEST,WEST,RED 10GA 100' PRIMARY WIRE
VER-1426120101,BLK 12GA 100' PRIMARY WIRE,77.59,1,41.81,77.59,WEST,WEST,BLK 12GA 100' PRIMARY WIRE
VER-1426140101,BLK 14GA 100' PRIMARY WIRE,51.60,0,27.81,51.60,WEST,WEST,BLK 14GA 100' PRIMARY WIRE
VER-1426500150,BLK 1/0 50' BATTERY CABLE,559.42,0,301.48,559.42,WEST,WEST,BLK 1/0 50' BATTERY CABLE
VER-1426500850,RED 1/0 50' BATTERY CABLE,559.42,0,301.48,559.42,WEST,WEST,RED 1/0 50' BATTERY CABLE
VER-1426600101,BLK 2/0 100' BATTERY CABLE,1262.49,0,680.38,1262.49,WEST,WEST,BLK 2/0 100' BATTERY CABLE
VER-1426600825,RED 2/0 25' BATTERY CABLE,343.12,0,184.91,343.12,WEST,WEST,RED 2/0 25' BATTERY CABLE
VER-1426600850,RED 2/0 50' BATTERY CABLE,670.96,0,361.59,670.96,WEST,WEST,RED 2/0 50' BATTERY CABLE
VER-1426991001FT,YEL 4/0 1' BATTERY CABLE,24.11,0,13.72,24.11,WEST,WEST,YEL 4/0 1' BATTERY CABLE
VER-208081050R,UL1426 50' DUP 8/2 AWG ROUND,231.96,0,125.01,231.96,WEST,WEST,UL1426 50' DUP 8/2 AWG ROUND
VER-210080101FT,RD/BLK 10/2 1' BOATCABLE WHT,3.11,80,1.67,3.11,WEST,WEST,RD/BLK 10/2 1' BOATCABLE WHT
VER-212081001,RD/YEL 12/2 100' BOATCABLE WHT,170.97,0,92.14,170.97,WEST,WEST,RD/YEL 12/2 100' BOATCABLE WHT
VER-214080101,RD/BLK 14/2 100' BOATCABLE WHT,120.34,0,64.85,120.34,WEST,WEST,RD/BLK 14/2 100' BOATCABLE WHT
VER-214081001,RD/YEL 14/2 100' BOATCABLE WHT,120.34,-1,64.85,120.34,WEST,WEST,RD/YEL 14/2 100' BOATCABLE WHT
VER-216080101,RD/BLK 16/2 100' BOATCABLE WHT,87.96,1,47.40,87.96,WEST,WEST,RD/BLK 16/2 100' BOATCABLE WHT
VER-216081001,RD/YEL 16/2 100' BOATCABLE WHT,87.96,1,47.40,87.96,WEST,WEST,RD/YEL 16/2 100' BOATCABLE WHT
VER-218081001,RD/YEL 18/2 100' BOATCABLE WH,62.31,0,36.77,62.31,WEST,WEST,RD/YEL 18/2 100' BOATCABLE WH
VER-81141,12-10 ADH HS RING TERM,4.29,7,0.02,0.00,WEST,WEST,12-10 ADH HS RING TERM
VER-81146,"(25)3/8"""" 12-10 TERM DBL CRMP  """,17.43,0,9.40,17.43,WEST,WEST,"(25)3/8"""" 12-10 TERM DBL CRMP  """
VER-81153,(3)#10 22-18 ADH HS RING TERM,3.69,2,2.02,0.00,WEST,WEST,(3)#10 22-18 ADH HS RING TERM
VER-81157,"(3)1/4"""" 22-18 ADH HS RING TER """,3.79,4,2.13,0.00,WEST,WEST,"(3)1/4"""" 22-18 ADH HS RING TER """
VER-81161,(3)#8 16-14 ADH HS RING TERM,3.56,4,2.02,3.56,WEST,WEST,(3)#8 16-14 ADH HS RING TERM
VER-81162,(25)#8 16-14 ADH HS RING TERM,18.84,4,10.71,18.84,WEST,WEST,(25)#8 16-14 ADH HS RING TERM
VER-81165,(3)#10 16-14AWG LINED HS RING,3.69,8,2.02,0.00,WEST,WEST,(3)#10 16-14AWG LINED HS RING
VER-81166,(25)#10 16-14AWG LINED HS RING,18.99,2,10.71,0.00,WEST,WEST,(25)#10 16-14AWG LINED HS RING
VER-81168,(100)#10 16-14AWG HS RING TERM,62.49,2,33.68,62.49,WEST,WEST,(100)#10 16-14AWG HS RING TERM
VER-81169,"(3)1/4"""" 16-14AWG HS RING TERM """,3.99,12,2.32,0.00,WEST,WEST,"(3)1/4"""" 16-14AWG HS RING TERM """
VER-81173,(3)5/16 16-14 ADH HS RING TERM,3.79,6,2.13,0.00,WEST,WEST,(3)5/16 16-14 ADH HS RING TERM
VER-81176,(100)5/16 16-14AWG HS RING TER,67.82,0,36.55,67.82,WEST,WEST,(100)5/16 16-14AWG HS RING TER
VER-81181,(3)#10 12-10 ADH HS RING TERM,4.11,6,2.21,4.11,WEST,WEST,(3)#10 12-10 ADH HS RING TERM
VER-81182,(25)#10 12-10 ADH HS RING TERM,22.49,2,12.90,0.00,WEST,WEST,(25)#10 12-10 ADH HS RING TERM
VER-81183,(50)#10 12-10 ADH HS RING TERM,43.99,3,24.16,0.00,WEST,WEST,(50)#10 12-10 ADH HS RING TERM
VER-81185,"(3)1/4"""" 12-10 ADH HS RING TERM""",4.31,6,2.32,4.31,WEST,WEST,"(3)1/4"""" 12-10 ADH HS RING TERM"""
VER-81186,(25)1/4 12-10 ADH HS RING TERM,23.99,2,13.63,0.00,WEST,WEST,(25)1/4 12-10 ADH HS RING TERM
VER-81189,(3)5/16 12-10 ADH HS RING TER,4.31,6,2.45,4.31,WEST,WEST,(3)5/16 12-10 ADH HS RING TER
VER-81193,(3)3/8 12-10 ADH HS RING TER,4.49,3,2.55,4.49,WEST,WEST,(3)3/8 12-10 ADH HS RING TER
VER-81198,(25)22-18 NYLON BUTT CONNECTOR,7.49,2,4.20,0.00,WEST,WEST,(25)22-18 NYLON BUTT CONNECTOR
VER-81200,(100)22-18 NYLON BUTT CONNECT,21.49,2,11.77,0.00,WEST,WEST,(100)22-18 NYLON BUTT CONNECT
VER-81204,(100)16-14 NYLON BUTT CONNECT,26.24,1,14.14,26.24,WEST,WEST,(100)16-14 NYLON BUTT CONNECT
VER-81209,(3)22-18AWG HS BUTT CONNECT,3.94,19,2.24,3.94,WEST,WEST,(3)22-18AWG HS BUTT CONNECT
VER-81210,(25)22-18AWG HS BUTT CONNECT,18.40,0,9.92,18.40,WEST,WEST,(25)22-18AWG HS BUTT CONNECT
VER-81213,(3)16-14AWG HS BUTT CONNECT,3.97,18,2.27,3.97,WEST,WEST,(3)16-14AWG HS BUTT CONNECT
VER-81214,(25)16-14AWG HS BUTT CONNECT,18.70,2,10.08,18.70,WEST,WEST,(25)16-14AWG HS BUTT CONNECT
VER-81215,(50)16-14AWG HS BUTT CONNECT,34.99,19,19.68,0.00,WEST,WEST,(50)16-14AWG HS BUTT CONNECT
VER-81216,(100)16-14AWG HS BUTT CONNECT,63.11,1,35.88,63.11,WEST,WEST,(100)16-14AWG HS BUTT CONNECT
VER-81217,(3)12-10AWG HS BUTT CONNECT,4.64,0,2.50,4.64,WEST,WEST,(3)12-10AWG HS BUTT CONNECT
VER-81218,(25)12-10AWG HS BUTT CONNECT,24.69,5,14.91,0.00,WEST,WEST,(25)12-10AWG HS BUTT CONNECT
VER-81248,(100)22-18AWG INS DISCON MALE,45.09,1,24.30,45.09,WEST,WEST,(100)22-18AWG INS DISCON MALE
VER-81253,(3)INSUL DISCONNECT MALE 12-10,4.25,13,2.83,0.00,WEST,WEST,(3)INSUL DISCONNECT MALE 12-10
VER-81261,(4)INSUL DISCONNECT FEM 16-14,3.99,5,2.16,3.99,WEST,WEST,(4)INSUL DISCONNECT FEM 16-14
VER-81265,(3)12-10 FEM INS DISCONNECT,3.91,5,2.11,3.91,WEST,WEST,(3)12-10 FEM INS DISCONNECT
VER-81266,(25)12-10 FEM INS DISCONNECT,15.99,2,9.31,0.00,WEST,WEST,(25)12-10 FEM INS DISCONNECT
VER-81269,"(2)4AWG 5/16"""" HEAVY DUTY LUG  """,4.53,3,2.57,4.53,WEST,WEST,"(2)4AWG 5/16"""" HEAVY DUTY LUG  """
VER-81270,"(25)4AWG 5/16"""" HEAVY DUTY LUG """,35.47,4,19.12,35.47,WEST,WEST,"(25)4AWG 5/16"""" HEAVY DUTY LUG """
VER-81273,"(2)4AWG 3/8"""" HEAVY DUTY LUG   """,5.09,2,3.04,0.00,WEST,WEST,"(2)4AWG 3/8"""" HEAVY DUTY LUG   """
VER-81278,"(25)5/16"""" 2AWG BATTERY LUG    """,46.99,1,26.72,46.99,WEST,WEST,"(25)5/16"""" 2AWG BATTERY LUG    """
VER-81281,"(2)3/8"""" 2AWG BATTERY LUG      """,5.44,0,2.93,5.44,WEST,WEST,"(2)3/8"""" 2AWG BATTERY LUG      """
VER-81285,"(2)5/16"""" 1AWG HEAVY DUTY LUG  """,5.44,0,2.93,5.44,WEST,WEST,"(2)5/16"""" 1AWG HEAVY DUTY LUG  """
VER-81286,"(25)5/16"""" 1AWG HEAVY DUTY LUG """,46.99,1,26.72,46.99,WEST,WEST,"(25)5/16"""" 1AWG HEAVY DUTY LUG """
VER-81289,"(2)1AWG 3/8"""" HEAVY DUTY LUG   """,5.49,2,3.10,0.00,WEST,WEST,"(2)1AWG 3/8"""" HEAVY DUTY LUG   """
VER-81290,"(25)3/8"""" 1AWG HEAVY DUTY LUG  """,46.99,0,25.33,46.99,WEST,WEST,"(25)3/8"""" 1AWG HEAVY DUTY LUG  """
VER-81293,"(2)1/0AWG 5/16"""" HEAVY DUTY LUG""",6.36,2,3.43,6.36,WEST,WEST,"(2)1/0AWG 5/16"""" HEAVY DUTY LUG"""
VER-81294,"(25)5/16"""" 1/0 BATTERY LUG     """,58.53,1,31.54,58.53,WEST,WEST,"(25)5/16"""" 1/0 BATTERY LUG     """
VER-81297,"(2)3/8"""" 1/0 BATTERY LUG       """,6.99,1,4.20,0.00,WEST,WEST,"(2)3/8"""" 1/0 BATTERY LUG       """
VER-81302,"(25)5/16"""" 2/0 BATTERY LUG     """,73.99,1,40.63,0.00,WEST,WEST,"(25)5/16"""" 2/0 BATTERY LUG     """
VER-81305,"(2)3/8"""" 2/0 BATTERY LUG       """,7.38,0,3.98,7.38,WEST,WEST,"(2)3/8"""" 2/0 BATTERY LUG       """
VER-81306,"(25)3/8"""" 2/0 BATTERY LUG      """,71.49,2,38.53,71.49,WEST,WEST,"(25)3/8"""" 2/0 BATTERY LUG      """
VER-81310,"(25)5/16"""" 4/0 HEAVY DUTY LUG",111.57,1,60.13,111.57,WEST,WEST,"(25)5/16"""" 4/0 HEAVY DUTY LUG"
VER-81314,"(25)3/8"""" 4/0 HEAVY DUTY LUG",111.57,0,60.13,111.57,WEST,WEST,"(25)3/8"""" 4/0 HEAVY DUTY LUG"
VER-81318,"(100)4"""" 18# NYL CABLE TIE BLK """,2.39,2,1.39,0.00,WEST,WEST,"(100)4"""" 18# NYL CABLE TIE BLK """
VER-81330,"(100)6"""" 40# NYL CABLE TIE BLK """,5.49,5,3.25,0.00,WEST,WEST,"(100)6"""" 40# NYL CABLE TIE BLK """
VER-81338,"(100)8"""" 50# NYL CABLE TIE BLK """,8.29,7,4.98,0.00,WEST,WEST,"(100)8"""" 50# NYL CABLE TIE BLK """
VER-81342,"(100)11"""" 50# NYL CABLE TIE BLK""",16.29,5,9.78,0.00,WEST,WEST,"(100)11"""" 50# NYL CABLE TIE BLK"""
VER-81346,"(100)14"""" 50# NYL CABLE TIE BLK""",28.79,3,17.44,0.00,WEST,WEST,"(100)14"""" 50# NYL CABLE TIE BLK"""
VER-81350,"(100)15""""120# NYL CABLE TIE BLK""",37.69,2,22.84,0.00,WEST,WEST,"(100)15""""120# NYL CABLE TIE BLK"""
VER-81410,(100)#10 BLK CBL TIE MT SADDLE,29.06,1,16.52,29.06,WEST,WEST,(100)#10 BLK CBL TIE MT SADDLE
VER-81418,(100)BLK CABLE TIE MOUNT ADH,37.07,1,21.08,37.07,WEST,WEST,(100)BLK CABLE TIE MOUNT ADH
VER-81431,"(10)5/8"""" S/S CUSHION CLAMP    """,18.10,4,12.05,18.10,WEST,WEST,"(10)5/8"""" S/S CUSHION CLAMP    """
VER-81433,"(10)3/4"""" S/S CUSHION CLAMP    """,24.57,0,15.27,24.57,WEST,WEST,"(10)3/4"""" S/S CUSHION CLAMP    """
VER-81437,"(10)1-1/4"""" S/S CUSHION CLAMP  """,32.15,0,17.32,32.15,WEST,WEST,"(10)1-1/4"""" S/S CUSHION CLAMP  """
VER-81457,"(6)1/4X6""""BLK DBL WALL ADH TUBE""",7.99,1,4.82,0.00,WEST,WEST,"(6)1/4X6""""BLK DBL WALL ADH TUBE"""
VER-81458,"(6)1/4X6""""RED DBL WALL ADH TUBE""",7.99,2,4.82,0.00,WEST,WEST,"(6)1/4X6""""RED DBL WALL ADH TUBE"""
VER-81461,"(6)3/8X6""""BLK DBL WALL ADH TUBE""",10.92,1,5.89,10.92,WEST,WEST,"(6)3/8X6""""BLK DBL WALL ADH TUBE"""
VER-81462,"(6)3/8X6""""RED DBL WALL ADH TUBE""",10.92,2,5.89,10.92,WEST,WEST,"(6)3/8X6""""RED DBL WALL ADH TUBE"""
VER-81465,"(6)1/2X6""""BLK DBL WALL ADH TUBE""",12.99,2,7.17,0.00,WEST,WEST,"(6)1/2X6""""BLK DBL WALL ADH TUBE"""
VER-81466,"(6)1/2X6""""RED DBL WALL ADH TUBE""",11.79,1,7.17,11.79,WEST,WEST,"(6)1/2X6""""RED DBL WALL ADH TUBE"""
VER-81468,"1/2""""X48""""RED DBL WALL ADH TUBE """,11.86,1,6.74,11.86,WEST,WEST,"1/2""""X48""""RED DBL WALL ADH TUBE """
VER-81471,"3/4""""X48""""BLK DBL WALL ADH TUBE """,16.43,0,8.86,16.43,WEST,WEST,"3/4""""X48""""BLK DBL WALL ADH TUBE """
VER-81472,"3/4""""X48""""RED DBL WALL ADH TUBE """,16.43,0,8.86,16.43,WEST,WEST,"3/4""""X48""""RED DBL WALL ADH TUBE """
VER-81479,(50)16-14 TO 22-18 CONNECTOR,67.75,1,38.52,67.75,WEST,WEST,(50)16-14 TO 22-18 CONNECTOR
VER-81481,(3)12-10 TO 16-14 CONNECTOR,7.72,2,4.16,7.72,WEST,WEST,(3)12-10 TO 16-14 CONNECTOR
VER-81485,(3)8AWG TO 12-10 CONNECTOR,11.99,1,6.61,0.00,WEST,WEST,(3)8AWG TO 12-10 CONNECTOR
VER-81489,(3)22-18 MALE HS AD INS DISCON,4.61,3,2.62,4.61,WEST,WEST,(3)22-18 MALE HS AD INS DISCON
VER-81490,(25)22-18 MALE HS INS DISCON,24.25,2,13.79,24.25,WEST,WEST,(25)22-18 MALE HS INS DISCON
VER-81493,(3)16-14 MALE HS INS DISCON,4.61,16,2.62,4.61,WEST,WEST,(3)16-14 MALE HS INS DISCON
VER-81501,(3)22-18 FEMALE HS INS DISCON,4.61,16,2.84,4.61,WEST,WEST,(3)22-18 FEMALE HS INS DISCON
VER-81505,(3)16-14 FEMALE HS INS DISCON,4.69,4,2.84,4.69,WEST,WEST,(3)16-14 FEMALE HS INS DISCON
VER-81506,(25)16-14 FEMALE HS INS DISCON,24.25,4,13.07,24.25,WEST,WEST,(25)16-14 FEMALE HS INS DISCON
VER-81593,(7)22-18AWG VINYL INS BUTT CON,2.47,0,1.33,2.47,WEST,WEST,(7)22-18AWG VINYL INS BUTT CON
VER-81597,(7)16-14AWG VINYL INS BUTT CON,2.69,3,1.64,0.00,WEST,WEST,(7)16-14AWG VINYL INS BUTT CON
VER-81712,"5/16"""" BLK 8PT POST W/INSULATOR""",31.85,2,17.16,31.85,WEST,WEST,"5/16"""" BLK 8PT POST W/INSULATOR"""
VER-81733,(25)3/8 16-14AWG HS RING TERM,20.99,2,11.78,0.00,WEST,WEST,(25)3/8 16-14AWG HS RING TERM
VER-81736,"(5)22-18 5/16"""" NY RNGTER DBLCR""",3.99,4,2.27,0.00,WEST,WEST,"(5)22-18 5/16"""" NY RNGTER DBLCR"""
VER-81742,"150' 1/4""""SELF EX SPLIT LOOM   """,97.18,0,52.37,97.18,WEST,WEST,"150' 1/4""""SELF EX SPLIT LOOM   """
VER-81746,"150' 3/8""""SELF EX SPLIT LOOM   """,97.18,0,55.25,97.18,WEST,WEST,"150' 3/8""""SELF EX SPLIT LOOM   """
VER-81749,"50' 1/2""""SELF EX SPLIT LOOM    """,47.19,2,25.43,47.19,WEST,WEST,"50' 1/2""""SELF EX SPLIT LOOM    """
VER-81757,50' 3/4 SELF EXT SPLIT LOOM,51.05,1,29.02,51.05,WEST,WEST,50' 3/4 SELF EXT SPLIT LOOM
VER-81765,"(100)8"""" MOUNTING CABLE TIE BLK""",21.59,2,11.64,21.59,WEST,WEST,"(100)8"""" MOUNTING CABLE TIE BLK"""
VER-81767,"(100)11"""" MNTING CABLE TIE BLK """,60.00,2,32.34,60.00,WEST,WEST,"(100)11"""" MNTING CABLE TIE BLK """
VER-81772,(6)#8 16-14AWG TERM DBL CRMP,4.39,3,2.42,0.00,WEST,WEST,(6)#8 16-14AWG TERM DBL CRMP
VER-81789,"(100)11""""120# NYL CABLE TIE BLK""",16.95,1,9.13,16.95,WEST,WEST,"(100)11""""120# NYL CABLE TIE BLK"""
VER-81796,"(2) 8AWG 1/4"""" HEAVY DUTY LUG  """,3.82,2,2.06,3.82,WEST,WEST,"(2) 8AWG 1/4"""" HEAVY DUTY LUG  """
VER-81800,"(2) 8AWG 5/16"""" HEAVY DUTY LUG """,3.82,0,2.06,3.82,WEST,WEST,"(2) 8AWG 5/16"""" HEAVY DUTY LUG """
VER-81804,"(2) 8AWG 3/8"""" HEAVY DUTY LUG  """,4.06,1,2.30,4.06,WEST,WEST,"(2) 8AWG 3/8"""" HEAVY DUTY LUG  """
VER-81808,"(2)6AWG 1/4"""" HEAVY DUTY LUG   """,4.49,3,2.68,0.00,WEST,WEST,"(2)6AWG 1/4"""" HEAVY DUTY LUG   """
VER-81812,"(2)6AWG 5/16"""" HEAVY DUTY LUG  """,4.06,6,2.30,4.06,WEST,WEST,"(2)6AWG 5/16"""" HEAVY DUTY LUG  """
VER-81815,"(100)6AWG 5/16"""" HEAVY DUTY LUG""",113.99,2,62.28,0.00,WEST,WEST,"(100)6AWG 5/16"""" HEAVY DUTY LUG"""
VER-81816,"(2)6AWG 3/8"""" HEAVY DUTY LUG   """,4.49,7,2.68,0.00,WEST,WEST,"(2)6AWG 3/8"""" HEAVY DUTY LUG   """
VER-81904,(3)5/16 22-18 ADH HS RING TERM,3.79,4,2.13,3.79,WEST,WEST,(3)5/16 22-18 ADH HS RING TERM
VER-81922,"(10) 8AWG 3/8"""" BATTERY LUG    """,14.49,3,8.77,0.00,WEST,WEST,"(10) 8AWG 3/8"""" BATTERY LUG    """
VER-81923,"(10) 6AWG 1/4"""" BATTERY LUG    """,13.28,3,7.15,13.28,WEST,WEST,"(10) 6AWG 1/4"""" BATTERY LUG    """
VER-81924,"(10) 6AWG 5/16"""" BATTERY LUG   """,13.28,2,10.89,13.28,WEST,WEST,"(10) 6AWG 5/16"""" BATTERY LUG   """
VER-81925,"(10) 6AWG 3/8"""" BATTERY LUG    """,13.28,1,7.15,13.28,WEST,WEST,"(10) 6AWG 3/8"""" BATTERY LUG    """
VER-81928,"(10) 4AWG 3/8"""" HEAVY DUTY LUG """,16.15,1,8.70,16.15,WEST,WEST,"(10) 4AWG 3/8"""" HEAVY DUTY LUG """
VER-81931,"(10) 2AWG 3/8"""" HEAVY DUTY LUG """,20.21,1,11.48,20.21,WEST,WEST,"(10) 2AWG 3/8"""" HEAVY DUTY LUG """
VER-81934,"(10) 1AWG 3/8"""" BATTERY LUG    """,20.21,0,10.89,20.21,WEST,WEST,"(10) 1AWG 3/8"""" BATTERY LUG    """
VER-81947,"(10) 4/0 5/16"""" BATTERY LUG    """,45.57,0,24.56,45.57,WEST,WEST,"(10) 4/0 5/16"""" BATTERY LUG    """
VER-81954,"3/8""""X48""""YEL DBL WALL ADH TUBE """,11.01,0,5.93,11.01,WEST,WEST,"3/8""""X48""""YEL DBL WALL ADH TUBE """
VER-82006,(3)3/8 22-18 ADH HS RING TERM,3.79,10,2.13,0.00,WEST,WEST,(3)3/8 22-18 ADH HS RING TERM
VER-82010,"(10)7/8"""" S/S CUSHION CLAMP    """,24.57,0,15.27,24.57,WEST,WEST,"(10)7/8"""" S/S CUSHION CLAMP    """
VER-82020,4 STD BUSBAR W/COVER 600AMP,217.12,0,117.01,217.12,WEST,WEST,4 STD BUSBAR W/COVER 600AMP
VER-82027,4-1AWG CABLE GLAND 1/2,6.16,2,3.32,6.16,WEST,WEST,4-1AWG CABLE GLAND 1/2
VER-82042,(1) 100A ANL FUSE,44.09,1,23.76,44.09,WEST,WEST,(1) 100A ANL FUSE
VER-82062,200A MRB FUSE,23.71,4,12.78,23.71,WEST,WEST,200A MRB FUSE
VER-82066,300A MRBF HOLDER SINGLE POST,30.61,6,16.50,30.61,WEST,WEST,300A MRBF HOLDER SINGLE POST
VER-82067,300A MRBF HOLDER DOUBLE POST,40.81,3,22.00,40.81,WEST,WEST,300A MRBF HOLDER DOUBLE POST
VER-82086,(2)8AWG 10# HEAVY DUTY LUG,3.82,2,2.06,3.82,WEST,WEST,(2)8AWG 10# HEAVY DUTY LUG
VER-82091,(2)6AWG #10 HEAVY DUTY LUG,4.49,6,2.68,0.00,WEST,WEST,(2)6AWG #10 HEAVY DUTY LUG
VER-82092,(10)6AWG #10 HEAVY DUTY LUG,13.28,1,7.15,13.28,WEST,WEST,(10)6AWG #10 HEAVY DUTY LUG
VER-82109,12 SCREW BUSBAR W/COVER 250AMP,95.94,2,51.70,95.94,WEST,WEST,12 SCREW BUSBAR W/COVER 250AMP
VER-82150,"(2) 8AWG 1/2"""" BATTERY LUG     """,4.53,1,2.44,4.53,WEST,WEST,"(2) 8AWG 1/2"""" BATTERY LUG     """
VER-82156,"(10) 6AWG 1/2"""" BATTERY LUG    """,16.75,0,9.03,16.75,WEST,WEST,"(10) 6AWG 1/2"""" BATTERY LUG    """
VER-82160,(2) 4AWG #10 BATTERY LUG,4.53,3,2.44,4.53,WEST,WEST,(2) 4AWG #10 BATTERY LUG
VER-82165,"(2) 4AWG 1/4"""" HEAVY DUTY LUG  """,4.53,2,2.44,4.53,WEST,WEST,"(2) 4AWG 1/4"""" HEAVY DUTY LUG  """
VER-82185,"(2) 1/0 1/4"""" BATTERY LUG      """,6.36,1,3.43,6.36,WEST,WEST,"(2) 1/0 1/4"""" BATTERY LUG      """
VER-82186,"(10) 1/0 1/4"""" BATTERY LUG     """,24.82,1,13.37,24.82,WEST,WEST,"(10) 1/0 1/4"""" BATTERY LUG     """
VER-82192,"(25) 2/0 1/4"""" BATTERY LUG     """,71.49,1,38.53,71.49,WEST,WEST,"(25) 2/0 1/4"""" BATTERY LUG     """
VER-82196,"(10) 2/0 1/2"""" BATTERY LUG     """,29.98,1,16.15,29.98,WEST,WEST,"(10) 2/0 1/2"""" BATTERY LUG     """
VER-82197,"(25) 2/0 1/2"""" BATTERY LUG     """,71.49,1,38.53,71.49,WEST,WEST,"(25) 2/0 1/2"""" BATTERY LUG     """
VER-82227,"(25) 4/0 1/2"""" HEAVY DUTY LUG",111.57,0,60.13,111.57,WEST,WEST,"(25) 4/0 1/2"""" HEAVY DUTY LUG"
VER-82315,"5/16"""" RED COMPACT POWER POST  """,10.96,2,5.90,10.96,WEST,WEST,"5/16"""" RED COMPACT POWER POST  """
VER-82316,"5/16"""" BLK COMPACT POWER POST  """,10.96,1,5.90,10.96,WEST,WEST,"5/16"""" BLK COMPACT POWER POST  """
VER-82317,"5/16"""" YEL COMPACT POWER POST  """,10.96,2,5.90,10.96,WEST,WEST,"5/16"""" YEL COMPACT POWER POST  """
VER-82530,10 SCREW BUSBAR W/COVER 150AMP,62.32,0,33.59,62.32,WEST,WEST,10 SCREW BUSBAR W/COVER 150AMP
VES-010-13270-00,311011 CORTEX H1 BLKHD FIT KIT,37.95,0,29.19,37.95,WEST,WEST,311011 CORTEX H1 BLKHD FIT KIT
Vet-Fan12,12 Volt Ceiling Fan,215.00,1,138.12,0.00,WEST,WEST,12 Volt Ceiling Fan
VIL-H051C-2003,SEAFARI MINI 550 COMPACT 110V,16682.88,0,15029.62,16682.88,WEST,WEST,SEAFARI MINI 550 COMPACT 110V
VIL-H611000004,REMOTE ASSY 80' LCD CONT.,699.14,0,559.31,699.14,WEST,WEST,REMOTE ASSY 80' LCD CONT.
VTS-BOWA0301,BWOPRO301 AC BOW THRUSTER 30KG,4337.60,0,2747.14,4337.60,WEST,WEST,BWOPRO301 AC BOW THRUSTER 30KG
VTS-FTR330/32,COOL.WATER STRAIN.11/4 PORTS,224.52,0,121.72,224.52,WEST,WEST,COOL.WATER STRAIN.11/4 PORTS
VTS-FTR3301,SET O-RING & COVER F/TYPE 330,46.51,2,31.71,46.51,WEST,WEST,SET O-RING & COVER F/TYPE 330
VTS-SET0044,24V THRUSTER SOLENOID,1427.72,0,802.48,1427.72,WEST,WEST,24V THRUSTER SOLENOID
VTS-SET0090,PROPELLER 6-BLADE 250MM,452.18,0,245.16,452.18,WEST,WEST,PROPELLER 6-BLADE 250MM
VTS-SET0148,THRUSTER ZINC,92.89,1,72.97,92.89,WEST,WEST,THRUSTER ZINC
VTS-SET0149,THRUSTER ZINC,103.37,3,56.04,103.37,WEST,WEST,THRUSTER ZINC
VTS-SET0150,THUSTER ZINC,109.91,1,61.78,109.91,WEST,WEST,THUSTER ZINC
VTS-SET0151,THRUSTER ZINC,121.69,3,68.40,121.69,WEST,WEST,THRUSTER ZINC
VTS-SET0152,THRUSTER ZINC,132.15,1,71.65,132.15,WEST,WEST,THRUSTER ZINC
VTS-SET0153,THRUSTER ZINC,92.89,3,50.36,92.89,WEST,WEST,THRUSTER ZINC
VTS-SET0221,THRUSTER ZINC,99.09,1,53.72,99.09,WEST,WEST,THRUSTER ZINC
WEX-13614M-C,"WIPER BLADE 14""""BLK. 304 S/S   """,16.82,2,9.06,16.82,WEST,WEST,"WIPER BLADE 14""""BLK. 304 S/S   """
WEX-13618M-C,"WIPER BLADE 18""""BLK. 304 S/S   """,16.82,4,9.33,16.82,WEST,WEST,"WIPER BLADE 18""""BLK. 304 S/S   """
WEX-200704DS,"RAD.WIPER ARM 14""""-18"""" BLK S/S """,64.06,0,34.52,64.06,WEST,WEST,"RAD.WIPER ARM 14""""-18"""" BLK S/S """
WEX-200712DS,"PANTO ARM 26""""-32"""".304SS NO ADP""",433.92,1,286.99,433.92,WEST,WEST,"PANTO ARM 26""""-32"""".304SS NO ADP"""
WEX-4A2.12.R80CEB,"WIPER MTR 12V 2SP 2""""SLD BLK   """,214.96,0,115.85,214.96,WEST,WEST,"WIPER MTR 12V 2SP 2""""SLD BLK   """
WEX-4R2.12R110CEB,"WIPER MTR 12V 2SP 2"""" BLK      """,186.46,0,100.48,186.46,WEST,WEST,"WIPER MTR 12V 2SP 2"""" BLK      """
WEX-SP-30260003,SLAVE PIVOT ADAPTER KIT,42.79,1,23.55,42.79,WEST,WEST,SLAVE PIVOT ADAPTER KIT
WHA-74031,120V-1500W HEATING ELEMENT,52.19,1,28.12,52.19,WEST,WEST,120V-1500W HEATING ELEMENT
WHA-BP1552,PUMP GULPER 220 12V BILGE/WAST,425.72,0,229.43,425.72,WEST,WEST,PUMP GULPER 220 12V BILGE/WAST
WHI-62616,BINOCULAR & STORAGE RACK,152.96,0,82.43,152.96,WEST,WEST,BINOCULAR & STORAGE RACK
WHI-6384,"T STRAP HINGE S/S 7 3/4""",124.15,0,66.91,124.15,WEST,WEST,"T STRAP HINGE S/S 7 3/4"""
WHI-6546,"316 SS TH W/BARB 5/8""""X3-3/4""",94.47,0,50.91,94.47,WEST,WEST,"316 SS TH W/BARB 5/8""""X3-3/4"""
WHI-6547,"316 SS TH W/BARB 3/4"" X3-3/4""",89.38,0,48.17,89.38,WEST,WEST,"316 SS TH W/BARB 3/4"" X3-3/4"""
WHI-6578X,"DUPLEX SS 90* TH W/BARB 1""",135.99,0,73.29,135.99,WEST,WEST,"DUPLEX SS 90* TH W/BARB 1"""
WHI-6579X,"DUPLEX SS 90* TH W/BARB 1-1/8""",152.72,0,82.30,152.72,WEST,WEST,"DUPLEX SS 90* TH W/BARB 1-1/8"""
WHI-6917,"316 SS 1-1/8"" THRU HULL",163.24,0,87.97,163.24,WEST,WEST,"316 SS 1-1/8"" THRU HULL"
WHI-6918,"316 SS 3/4"" THRU HULL",111.56,0,60.12,111.56,WEST,WEST,"316 SS 3/4"" THRU HULL"
WHI-6920,"316 SS 1"" THRU HULL",173.68,0,93.60,173.68,WEST,WEST,"316 SS 1"" THRU HULL"
WHI-6921,"316 SS 1-1/4"" THRU HULL",161.82,0,87.21,161.82,WEST,WEST,"316 SS 1-1/4"" THRU HULL"
WHI-6922,"316 SS 1-1/2"" THRU HULL",247.08,0,133.15,247.08,WEST,WEST,"316 SS 1-1/2"" THRU HULL"
WHI-6923,"316 SS 2"" THRU HULL",243.57,0,131.26,243.57,WEST,WEST,"316 SS 2"" THRU HULL"
WHI-G-31120SS,"316 SS GAS SPRING 28"" X120 P1F",247.68,0,133.48,247.68,WEST,WEST,"316 SS GAS SPRING 28"" X120 P1F"
WHI-S-5001,"C.P. BRASS FLAGPOLE SOCKET 3/4""",28.49,0,15.35,28.49,WEST,WEST,"C.P. BRASS FLAGPOLE SOCKET 3/4"""
WHI-S-5002,"C.P. BRASS FLAGPOLE SOCKET 1""",40.80,0,21.99,40.80,WEST,WEST,"C.P. BRASS FLAGPOLE SOCKET 1"""
WHI-S-5002B,"POLISHED BRASS FLG PL SCKT 1""",51.47,0,27.74,51.47,WEST,WEST,"POLISHED BRASS FLG PL SCKT 1"""
WHI-S-5003,C.P. BRASS FLGPOLE SOCKT 1-1/4,47.53,0,25.61,47.53,WEST,WEST,C.P. BRASS FLGPOLE SOCKT 1-1/4
WHI-S-5003B,"POLISHED BR FLG PL SCKT 1-1/4""",60.07,0,32.37,60.07,WEST,WEST,"POLISHED BR FLG PL SCKT 1-1/4"""
WHI-S-6242,304S/S BOARDING HANDLE,570.59,0,307.50,570.59,WEST,WEST,304S/S BOARDING HANDLE
WIC-10194,OFFSHORE RESCUE KNIFE RED,177.19,0,93.37,177.19,WEST,WEST,OFFSHORE RESCUE KNIFE RED
WIC-10195,OFFSHORE RESCUE KNIFE BLACK,257.48,0,135.68,257.48,WEST,WEST,OFFSHORE RESCUE KNIFE BLACK
WIC-1216,S/S CHAIN SHACKLE-15/32,130.78,0,68.91,130.78,WEST,WEST,S/S CHAIN SHACKLE-15/32
WIC-1314,SLF-LK ALLN HD PIN LNG SHACKLE,70.81,0,37.31,70.81,WEST,WEST,SLF-LK ALLN HD PIN LNG SHACKLE
WIC-1416,"S/S CHAIN SHACKLE-15/32""",173.70,0,91.53,173.70,WEST,WEST,"S/S CHAIN SHACKLE-15/32"""
WIC-20320,DECK FAIRLEAD 18MM MAXROPE 5MM,38.83,0,20.46,38.83,WEST,WEST,DECK FAIRLEAD 18MM MAXROPE 5MM
WIC-20501,STRAP CUTTER,163.48,0,86.14,163.48,WEST,WEST,STRAP CUTTER
WIC-21120,SINGLE ARTICULATED FAIRLEAD,54.24,0,28.58,54.24,WEST,WEST,SINGLE ARTICULATED FAIRLEAD
WIC-2957,QUICK RELEASE CARABINER WL:8T,3206.05,0,1689.42,3206.05,WEST,WEST,QUICK RELEASE CARABINER WL:8T
WIC-29944,"5/16"" CHAIN GRIP KIT",184.08,0,97.00,184.08,WEST,WEST,"5/16"" CHAIN GRIP KIT"
WIC-29955,"3/8"" CHAIN GRIP KIT",197.31,0,103.97,197.31,WEST,WEST,"3/8"" CHAIN GRIP KIT"
WIC-2996,CHAIN GRIP 12MM,176.05,0,92.77,176.05,WEST,WEST,CHAIN GRIP 12MM
WIC-29966,"1/2"" CHAIN GRIP KIT",270.64,0,142.61,270.64,WEST,WEST,"1/2"" CHAIN GRIP KIT"
WIC-36020,3.0 TON TEXTILE SNATCH BLOCK,853.35,0,449.67,853.35,WEST,WEST,3.0 TON TEXTILE SNATCH BLOCK
WIC-36030,4.5 TON TEXTILE SNATCH BLOCK,1264.87,0,666.52,1264.87,WEST,WEST,4.5 TON TEXTILE SNATCH BLOCK
WIC-36040,7.0 TON TEXTILE SNATCH BLOCK,1876.66,0,988.90,1876.66,WEST,WEST,7.0 TON TEXTILE SNATCH BLOCK
WIC-6525,U-BOLT,80.19,0,42.26,80.19,WEST,WEST,U-BOLT
WIC-6614,FAIRLEAD FOLDING PADEYE 6MM,151.29,0,79.72,151.29,WEST,WEST,FAIRLEAD FOLDING PADEYE 6MM
WIC-6615,FAIRLEAD FOLDING PADEYE 8MM,175.07,0,92.25,175.07,WEST,WEST,FAIRLEAD FOLDING PADEYE 8MM
WIC-6616,FAIRLEAD FOLDING PADEYE 10MM,278.77,0,146.90,278.77,WEST,WEST,FAIRLEAD FOLDING PADEYE 10MM
WIC-6635,ROUND PADEYE 57MM FIXED,90.71,0,47.80,90.71,WEST,WEST,ROUND PADEYE 57MM FIXED
WIC-6637,ROUND PADEYE DIA 76MM M10 SCRW,384.83,0,202.79,384.83,WEST,WEST,ROUND PADEYE DIA 76MM M10 SCRW
WIC-6638,ROUND PADEYE DIA 95MM M12 SCRW,716.16,0,377.38,716.16,WEST,WEST,ROUND PADEYE DIA 95MM M12 SCRW
WIC-6644,DIAMOND PADEYE ROUND L60 (M5),63.03,0,33.21,63.03,WEST,WEST,DIAMOND PADEYE ROUND L60 (M5)
WIC-6684,FOLDING PADEYE,73.68,0,38.83,73.68,WEST,WEST,FOLDING PADEYE
WIC-9605,WICHINOX CLEANER,54.38,0,28.65,54.38,WEST,WEST,WICHINOX CLEANER
WIS-3059-784,PTBL DBL DRINK HOLDR BRITE WHT,114.33,0,61.61,114.33,WEST,WEST,PTBL DBL DRINK HOLDR BRITE WHT
WIS-3126-990,HI-BACK RECL PONTOON HELM PLAT,1230.81,0,663.31,1230.81,WEST,WEST,HI-BACK RECL PONTOON HELM PLAT
WIS-3127-990,MID BACK PONTOON HELM PLATINUM,1060.82,0,571.70,1060.82,WEST,WEST,MID BACK PONTOON HELM PLATINUM
WIS-3340-784,QUANTUM SERIES BRITE WHITE,492.03,0,265.17,492.03,WEST,WEST,QUANTUM SERIES BRITE WHITE
WIS-3374-713,AEROX MID BACK SEAT GREEN,450.92,0,243.01,450.92,WEST,WEST,AEROX MID BACK SEAT GREEN
WIS-5613-246,SPORT BUCKET W/CAMO SWIVL SEAT,242.47,0,130.67,242.47,WEST,WEST,SPORT BUCKET W/CAMO SWIVL SEAT
WIS-8WD015-3-664,PILOT CHAIR W/ARMS GREY/CHARC,455.31,0,245.38,455.31,WEST,WEST,PILOT CHAIR W/ARMS GREY/CHARC
WIS-8WD1062LS-975,HIGHBACK SEAT GREY/CHAR/WHITE,162.27,0,87.45,162.27,WEST,WEST,HIGHBACK SEAT GREY/CHAR/WHITE
WIS-8WD147B,NO PINCH HINGE SET,95.39,0,51.41,95.39,WEST,WEST,NO PINCH HINGE SET
WIS-8WD1503-784,35 QT COOLER CUSHION WHT,154.29,0,83.15,154.29,WEST,WEST,35 QT COOLER CUSHION WHT
WIS-8WD1504-784,45 QT COOLER CUSHION WHT,179.78,0,96.88,179.78,WEST,WEST,45 QT COOLER CUSHION WHT
WIS-8WD1506-784,65 QT COOLER CUSHION WHT,200.72,0,108.17,200.72,WEST,WEST,65 QT COOLER CUSHION WHT
WIS-8WD7S,"7"""" SEAT SWIVEL BLACK          """,34.87,0,18.79,34.87,WEST,WEST,"7"""" SEAT SWIVEL BLACK          """
WIS-8WD7SQR,"7""""SWIVEL & QUICK RELEASE BLACK""",81.86,0,44.12,81.86,WEST,WEST,"7""""SWIVEL & QUICK RELEASE BLACK"""
WIS-BM3338-986,PREMIER BUCKET SEAT W/FLIPUP,931.13,0,501.80,931.13,WEST,WEST,PREMIER BUCKET SEAT W/FLIPUP
WON-1X10,WONDERFLEX HOSE TYPE 100EPDM,167.70,0,90.38,167.70,WEST,WEST,WONDERFLEX HOSE TYPE 100EPDM
WON-2-1/2X10,WONDERFLEX HOSE TYPE 100EPDM,361.71,1,194.93,361.71,WEST,WEST,WONDERFLEX HOSE TYPE 100EPDM
WON-2X10,WONDERFLEX HOSE TYPE 100EPDM,254.19,1,136.99,254.19,WEST,WEST,WONDERFLEX HOSE TYPE 100EPDM
WON-3/4X10,WONDERFLEX HOSE TYPE 100EPDM,152.75,0,82.32,152.75,WEST,WEST,WONDERFLEX HOSE TYPE 100EPDM
WPT-10017,"2'X 1/4"""" PTFE PACKING         """,8.60,4,5.02,8.60,WEST,WEST,"2'X 1/4"""" PTFE PACKING         """
WPT-10031,"2'X 3/16"""" TEFPACK PACKING     """,9.24,3,5.66,9.24,WEST,WEST,"2'X 3/16"""" TEFPACK PACKING     """
WPT-10273,"10LB GRAPHTEX GTU 3/4""""        """,694.37,0,374.21,694.37,WEST,WEST,"10LB GRAPHTEX GTU 3/4""""        """
WPT-20015,"1/8""""X 2""""X 25' MUFFLER WRAP    """,20.57,0,11.09,20.57,WEST,WEST,"1/8""""X 2""""X 25' MUFFLER WRAP    """
WPT-20028,"1/8""""X 3""""X 25' MUFFLER WRAP    """,29.43,2,15.86,29.43,WEST,WEST,"1/8""""X 3""""X 25' MUFFLER WRAP    """
WRE-D11621-2,S/S LOCKING DECK FILL-DIESEL,859.40,0,463.15,859.40,WEST,WEST,S/S LOCKING DECK FILL-DIESEL
WRE-P11621-1-1/2,S/S LOCKING DECK FILL-PETROL,525.95,0,283.45,525.95,WEST,WEST,S/S LOCKING DECK FILL-PETROL
WRE-P11621-2-1/2,S/S LOCKING DECK FILL-PETROL,525.95,0,283.45,525.95,WEST,WEST,S/S LOCKING DECK FILL-PETROL
WRE-W11621-1-1/2,S/S LOCKING DECK FILL-WATER,525.95,0,283.45,525.95,WEST,WEST,S/S LOCKING DECK FILL-WATER
WRE-W11621-2-1/2,S/S LOCKING DECK FILL-WATER,525.95,0,283.45,525.95,WEST,WEST,S/S LOCKING DECK FILL-WATER
WSF-WS-RO-32OZ,RUST OFF 32OZ SPRAY BOTTLE,38.99,4,23.60,0.00,WEST,WEST,RUST OFF 32OZ SPRAY BOTTLE
WSF-WS-RO-5GAL,RUST OFF 5 GALLON,338.29,0,202.57,338.29,WEST,WEST,RUST OFF 5 GALLON
X60MM,"SHAFT ZINC ANODE, STREAM- 60MM",95.63,1,27.32,95.63,WEST,WEST,"SHAFT ZINC ANODE, STREAM- 60MM"
XAN-808-0232-01,TRUECHARGE2 BATT TEMP SENSOR,67.50,0,52.93,67.50,WEST,WEST,TRUECHARGE2 BATT TEMP SENSOR
XAN-808-1840,REMOTE DISPLAY PANEL,53.39,0,40.14,53.39,WEST,WEST,REMOTE DISPLAY PANEL
XAN-808-9001-01,12V INVERTER CONROLLER,44.97,0,33.81,44.97,WEST,WEST,12V INVERTER CONROLLER
XAN-817-2040-21,FREEDOM XC-24V 2000W INVERTER,1687.40,0,1141.85,1687.40,WEST,WEST,FREEDOM XC-24V 2000W INVERTER
XAN-884-0310-12,12V 310AH LITH BATTERY INT BMS,11636.56,0,8749.29,11636.56,WEST,WEST,12V 310AH LITH BATTERY INT BMS
YBM000-QT,MICRON-CSC-CA BLUE,100.44,0,73.40,100.44,WEST,WEST,MICRON-CSC-CA BLUE
YBM010-QT,BOTTOMKOTE-CA BLUE,66.94,0,46.34,66.94,WEST,WEST,BOTTOMKOTE-CA BLUE
YBM013-GAL,BOTTOMKOTE CA BLACK,193.09,-1,141.10,193.09,WEST,WEST,BOTTOMKOTE CA BLACK
YBM013-QT,BOTTOMKOTE CA BLACK,64.36,0,48.92,64.36,WEST,WEST,BOTTOMKOTE CA BLACK
YLK000-QT,TOPLAC PLUS SNOW WHITE,89.73,0,48.36,89.73,WEST,WEST,TOPLAC PLUS SNOW WHITE
YLK195-QT,TOPLAC PLUS OYSTER WHITE,89.72,1,48.73,89.72,WEST,WEST,TOPLAC PLUS OYSTER WHITE
YLK199-QT,TOPLOAC PLUS MATTERHORN WHITE,0.00,1,48.36,89.72,WEST,WEST,TOPLOAC PLUS MATTERHORN WHITE
YMA-013,Premium Wax w/Cleaner,0.00,0,0.00,0.00,WEST,WEST,Premium Wax w/Cleaner
ZAA-FI-ZAA-005,NOFLEX DIGEST.SEWGE TREAT 475G,25.86,0,15.12,25.86,WEST,WEST,NOFLEX DIGEST.SEWGE TREAT 475G
ZIP-2011071,CABLE COVER S KIT,55.49,0,33.23,55.49,WEST,WEST,CABLE COVER S KIT
ZIP-2011145,KIT BOX 300S,3861.61,0,2312.34,3861.61,WEST,WEST,KIT BOX 300S
ZIP-2011146,KIT BOX 450S,4268.75,0,2556.14,4268.75,WEST,WEST,KIT BOX 450S
ZIP-2011147,KIT BOX 600S,5239.52,0,3137.44,5239.52,WEST,WEST,KIT BOX 600S
ZIP-2011148,KIT BOX 750S,6004.55,0,3595.54,6004.55,WEST,WEST,KIT BOX 750S
ZIP-2011230,SERVO UNIT S,878.90,0,526.29,878.90,WEST,WEST,SERVO UNIT S
ZIP-2011232,INTERCEPTOR 300S,1080.87,0,647.23,1080.87,WEST,WEST,INTERCEPTOR 300S
ZIP-2011233,INTERCEPTOR 400S,1287.12,0,770.73,1287.12,WEST,WEST,INTERCEPTOR 400S
ZIP-2011234,INTERCEPTOR 600S,1786.67,0,1069.86,1786.67,WEST,WEST,INTERCEPTOR 600S
ZIP-2011235,INTERCEPTOR 750S,2188.38,0,1310.41,2188.38,WEST,WEST,INTERCEPTOR 750S
ZIP-2011238,CONTROL PNL S W/STANDRD CBL 7M,1684.58,0,1008.73,1684.58,WEST,WEST,CONTROL PNL S W/STANDRD CBL 7M
ZIP-2011239,DISTRIBUTION UNIT S,457.21,0,273.78,457.21,WEST,WEST,DISTRIBUTION UNIT S
ZIP-2011240,EXTERNAL GPS ANTENNA,659.18,0,394.72,659.18,WEST,WEST,EXTERNAL GPS ANTENNA
ZIP-2011252,INTERCEPTOR 300S FRONT,279.66,0,167.46,279.66,WEST,WEST,INTERCEPTOR 300S FRONT
ZIP-2011253,INTERCEPTOR 450S FRONT,355.11,0,212.64,355.11,WEST,WEST,INTERCEPTOR 450S FRONT
ZIP-2011254,INTERCEPTOR 600S FRONT,470.52,0,281.75,470.52,WEST,WEST,INTERCEPTOR 600S FRONT
ZIP-2011255,INTERCEPTOR 750S FRONT,559.30,0,334.91,559.30,WEST,WEST,INTERCEPTOR 750S FRONT
ZIP-2011257,M12 STANDARD CABLE 7M,153.14,0,91.70,153.14,WEST,WEST,M12 STANDARD CABLE 7M
ZIP-2011258,M12 EXTENSION CABLE 1.5M,99.88,0,59.81,99.88,WEST,WEST,M12 EXTENSION CABLE 1.5M
ZIP-2011259,M12 EXTENSION CABLE 3M,126.50,0,75.75,126.50,WEST,WEST,M12 EXTENSION CABLE 3M
ZIP-2011260,M12 EXTENSION CABLE 5M,153.14,0,91.70,153.14,WEST,WEST,M12 EXTENSION CABLE 5M
ZIP-2011261,M12 EXTENSION CABLE 10M,253.02,0,151.51,253.02,WEST,WEST,M12 EXTENSION CABLE 10M
ZIP-2011381,CONTROL PANEL COVER WHITE,44.39,0,26.58,44.39,WEST,WEST,CONTROL PANEL COVER WHITE
ZIP-2011382,CONTROL PANEL COVER LIGHT GRAY,44.39,0,26.58,44.39,WEST,WEST,CONTROL PANEL COVER LIGHT GRAY
ZIP-2011383,CONTROL PANEL COVER MID GRAY,44.39,0,26.58,44.39,WEST,WEST,CONTROL PANEL COVER MID GRAY
ZIP-2011384,CONTROL PANEL COVER DARK GRAY,44.39,0,26.58,44.39,WEST,WEST,CONTROL PANEL COVER DARK GRAY
ZIP-2011385,CONTROL PANEL COVER BLACK,44.39,0,26.58,44.39,WEST,WEST,CONTROL PANEL COVER BLACK
ZIP-2011409,SERIES S ROLLER SET,63.48,0,38.01,63.48,WEST,WEST,SERIES S ROLLER SET
ZIP-2011410,SERIES S CAP SET,139.65,0,83.62,139.65,WEST,WEST,SERIES S CAP SET
ZIP-2011411,SERIES S SCREW SET,152.34,0,91.22,152.34,WEST,WEST,SERIES S SCREW SET
ZIP-2011482,INTERCEPTOR 450S V13,1851.03,0,1108.40,1851.03,WEST,WEST,INTERCEPTOR 450S V13
ZIP-2011483,INTERCEPTOR 450S V16,1851.03,0,1108.40,1851.03,WEST,WEST,INTERCEPTOR 450S V16
ZIP-2011484,INTERCEPTOR 450S V19,1851.03,0,1108.40,1851.03,WEST,WEST,INTERCEPTOR 450S V19
ZIP-2011485,INTERCEPTOR 450S V22,1851.03,0,1108.40,1851.03,WEST,WEST,INTERCEPTOR 450S V22
ZIP-2011515,KIT BOX INTEGRATION 300S,4538.78,0,2717.83,4538.78,WEST,WEST,KIT BOX INTEGRATION 300S
ZIP-2011516,KIT BOX INTEGRATION 450S,4495.04,0,2691.64,4495.04,WEST,WEST,KIT BOX INTEGRATION 450S
ZIP-2011517,KIT BOX INTEGRATION 600S,5916.69,0,3542.93,5916.69,WEST,WEST,KIT BOX INTEGRATION 600S
ZIP-2011518,KIT BOX INTEGRATION 750S,6681.72,0,4001.03,6681.72,WEST,WEST,KIT BOX INTEGRATION 750S
ZIP-2011519,KIT BOX INTEGRATION 300S CHINE,5061.65,0,3030.93,5061.65,WEST,WEST,KIT BOX INTEGRATION 300S CHINE
ZIP-2011520,KIT BOX INTEGRATION 450S CHINE,5530.96,0,3311.95,5530.96,WEST,WEST,KIT BOX INTEGRATION 450S CHINE
ZIP-2011585,BTS ADAPTOR PLATE 300S,177.55,0,106.32,177.55,WEST,WEST,BTS ADAPTOR PLATE 300S
ZIP-2011586,BTS ADAPTOR PLATE 450S,217.50,0,130.24,217.50,WEST,WEST,BTS ADAPTOR PLATE 450S
ZIP-2011622,GIMBAL BRACKET,102.39,0,61.31,102.39,WEST,WEST,GIMBAL BRACKET
ZIP-2011732,KIT BOX 300S CHINE,4384.48,0,2625.44,4384.48,WEST,WEST,KIT BOX 300S CHINE
ZIP-2011733,KIT BOX 450S CHINE,4853.79,0,2906.46,4853.79,WEST,WEST,KIT BOX 450S CHINE
ZIP-2011744,INTRCPTR 450S CHINE PORT FRONT,410.09,0,245.56,410.09,WEST,WEST,INTRCPTR 450S CHINE PORT FRONT
ZIP-2012011,KIT BOX 600E,11803.38,0,7067.89,11803.38,WEST,WEST,KIT BOX 600E
ZIP-2012033,DISTRIBUTION UNIT E,812.32,0,486.42,812.32,WEST,WEST,DISTRIBUTION UNIT E
ZIP-2012034,DISTRIBUTION EXPANSION UNIT E,914.43,0,547.56,914.43,WEST,WEST,DISTRIBUTION EXPANSION UNIT E
ZIP-2012035,SERVO UNIT E,852.27,0,510.34,852.27,WEST,WEST,SERVO UNIT E
ZIP-2012036,CABLE COVER EXTENSION E KIT,102.09,0,61.13,102.09,WEST,WEST,CABLE COVER EXTENSION E KIT
ZIP-2012037,M12 STANDARD CABLE 15M,319.60,0,191.38,319.60,WEST,WEST,M12 STANDARD CABLE 15M
ZIP-2012045,INTERCEPTOR 600E FRONT,978.79,0,586.10,978.79,WEST,WEST,INTERCEPTOR 600E FRONT
ZIP-2012046,INTERCEPTOR 800E FRONT,1180.76,0,707.04,1180.76,WEST,WEST,INTERCEPTOR 800E FRONT
ZIP-2012051,INTRCPTR 600E CHINE PORT FRONT,1181.36,0,707.40,1181.36,WEST,WEST,INTRCPTR 600E CHINE PORT FRONT
ZIP-2012052,INTRCPTR 600E CHINE STBD FRONT,1180.76,0,707.04,1180.76,WEST,WEST,INTRCPTR 600E CHINE STBD FRONT
ZIP-2012213,KIT BOX 400E,7845.34,0,4697.81,7845.34,WEST,WEST,KIT BOX 400E
ZIP-2012214,KIT BOX 400E CHINE,8824.68,0,5284.24,8824.68,WEST,WEST,KIT BOX 400E CHINE
ZIP-2012215,INTRCPTR 400E W/CBL 3M&CBL CVR,2665.57,0,1596.15,2665.57,WEST,WEST,INTRCPTR 400E W/CBL 3M&CBL CVR
ZIP-2012218,INTERCEPTOR 400E FRONT,812.32,0,486.42,812.32,WEST,WEST,INTERCEPTOR 400E FRONT
ZIP-2012219,INTRCPTR 400E CHINE PORT FRONT,1065.34,0,637.93,1065.34,WEST,WEST,INTRCPTR 400E CHINE PORT FRONT
ZIP-2012220,INTRCPTR 400E CHINE STBD FRONT,1065.34,0,637.93,1065.34,WEST,WEST,INTRCPTR 400E CHINE STBD FRONT
ZIP-2012235,SERVO UNIT 400E,852.27,0,510.34,852.27,WEST,WEST,SERVO UNIT 400E
ZIP-2012241,"INTGRTR MOD, EXCL STD CBL 15M """,2385.93,0,1428.70,2385.93,WEST,WEST,"INTGRTR MOD, EXCL STD CBL 15M """
ZIP-2012270,KIT BOX INTEGRATION 400E,7845.34,0,4697.81,7845.34,WEST,WEST,KIT BOX INTEGRATION 400E
ZIP-2012271,KIT BOX INTEGRATION 600E,11803.38,0,7067.89,11803.38,WEST,WEST,KIT BOX INTEGRATION 600E
ZIP-2012272,KIT BOX INTEGRATION 800E,14657.79,0,8777.12,14657.79,WEST,WEST,KIT BOX INTEGRATION 800E
ZIP-2012273,KIT BOX INTEGRATION 1000E,17505.78,0,10482.50,17505.78,WEST,WEST,KIT BOX INTEGRATION 1000E
ZIP-2012274,KIT BOX INTEGRATION 400E CHINE,8824.68,0,5284.24,8824.68,WEST,WEST,KIT BOX INTEGRATION 400E CHINE
ZIP-2012275,KIT BOX INTEGRATION 600E CHINE,12686.27,0,7596.57,12686.27,WEST,WEST,KIT BOX INTEGRATION 600E CHINE
ZIP-2012401,MINI CONTROLLER,936.62,0,560.85,936.62,WEST,WEST,MINI CONTROLLER
ZNLM589350,LEWMAR BOWTHRUSTER ANODE,16.85,0,10.42,16.85,WEST,WEST,LEWMAR BOWTHRUSTER ANODE
