Item No.,Description,Sell,On Hand,Cost,List,OEM,Category,Extended Sell
343606202,HELLA BLUE STRIP LIGHT,130.01,3,41.41,0.00,WEST,Default,HELLA BLUE STRIP LIGHT
ANC-311425,HEAT SK.RING 16-14 1/425PAK,39.06,2,21.05,39.06,WEST,Default,HEAT SK.RING 16-14 1/425PAK
anc-312625bulk,"bulk 12-1- 3/8""",1.91,25,1.16,0.00,WEST,Default,"bulk 12-1- 3/8"""
CMT-852835A,AL VOLVO 290 OUTDRIVE BAR,33.77,2,18.20,33.77,WEST,Default,AL VOLVO 290 OUTDRIVE BAR
INT-YBM010-QT,BOTTOMKOTE-CA BLUE,66.99,4,48.92,66.94,WEST,Default,BOTTOMKOTE-CA BLUE
MAR-8059,1-1/2 Barb-Barb,21.49,1,11.55,21.49,WEST,Default,1-1/2 Barb-Barb
VER-81150,(25)8 22-18 ADH HS RING TERM,21.58,2,11.63,21.58,WEST,Default,(25)8 22-18 ADH HS RING TERM
"WES-DL3/4""x25'","3/4"" x 25' Assorted Colours",101.85,0,60.99,101.85,WEST,Default,"3/4"" x 25' Assorted Colours"
WON-2XFT,WonderFlex Charged per Foot,29.74,0,16.02,29.74,WEST,Default,WonderFlex Charged per Foot
18-2832 1,GASKET @2 MERC#27-48043  1,12.11,2,5.89,12.11,WEST,SEA,GASKET @2 MERC#27-48043  1
SED136016-1,BROZ EYE SEADOG,22.20,1,9.99,0.00,WEST,SEA,BROZ EYE SEADOG
18-7824-2,OIL FILTER,12.09,5,7.52,0.00,WEST,Sierra,OIL FILTER
18-7944,Fuel/Watter separating filter,12.09,0,7.24,0.00,WEST,Sierra,Fuel/Watter separating filter
SIE-18-7824-2,OIL FILTER,15.28,5,8.26,15.28,WEST,Sierra,OIL FILTER
SIE-18-9650-2,HI-PERF.GEAR LUBE-QT,27.71,3,14.93,27.71,WEST,Sierra,HI-PERF.GEAR LUBE-QT
00117075,"BUCK-CORED PLUG, BRONZE",12.10,0,1.00,12.10,WEST,WEST,"BUCK-CORED PLUG, BRONZE"
010-02091-51,GPSMAP 8610XSV,3639.80,0,3279.10,3639.80,WEST,WEST,GPSMAP 8610XSV
012415-10,"UNION CONNECTR 1/2""CTS(3515-10",14.96,1,7.55,14.96,WEST,WEST,"UNION CONNECTR 1/2""CTS(3515-10"
02017-00,1/8 T/SEND SINGLE STATION DAT,27.86,4,7.48,27.86,WEST,WEST,1/8 T/SEND SINGLE STATION DAT
04036-PT,"CABLE MOTOR-24V,  GLENDENING",304.94,0,182.60,304.94,WEST,WEST,"CABLE MOTOR-24V,  GLENDENING"
050001199C,"CYLINDER, TRANSPARENT SPARE-8""X14""",624.82,0,374.89,624.82,WEST,WEST,"CYLINDER, TRANSPARENT SPARE-8""X14"""
07494,PRIMER BULB - 5/16 INCH,15.59,2,9.08,15.59,WEST,WEST,PRIMER BULB - 5/16 INCH
07813,PRIMER BULB- 1 1/4 INCH,15.89,2,9.83,15.89,WEST,WEST,PRIMER BULB- 1 1/4 INCH
09060,09060 32OZ Hull/Deck CLNR,48.42,0,23.28,0.00,WEST,WEST,09060 32OZ Hull/Deck CLNR
1000047,S/S ALLEN SKT KNRL CAP SCREW,36.44,0,19.64,36.44,WEST,WEST,S/S ALLEN SKT KNRL CAP SCREW
1000098,SA2 SMART ACUATOR 12V PORT,4585.70,0,2745.93,4585.70,WEST,WEST,SA2 SMART ACUATOR 12V PORT
1000101,REPAIR KIT FOR W/CR IMPELLER,233.27,0,132.70,233.27,WEST,WEST,REPAIR KIT FOR W/CR IMPELLER
1000128,K CRANK ASSEMBLY,407.60,0,219.66,407.60,WEST,WEST,K CRANK ASSEMBLY
1000136,SA2 SMART ACUATOR 12V STBD,4585.70,0,2745.93,4585.70,WEST,WEST,SA2 SMART ACUATOR 12V STBD
1000284,KIT TOILET MNTING F/M-28,78.89,0,42.52,78.89,WEST,WEST,KIT TOILET MNTING F/M-28
1000349,S/S TBKL FORK/FORK 5/8 TH WIRE,352.27,0,189.85,352.27,WEST,WEST,S/S TBKL FORK/FORK 5/8 TH WIRE
1000357,BAR LAMP 24V,155.23,0,83.65,155.23,WEST,WEST,BAR LAMP 24V
1000365,PIRANNA 1100 GPH BILGE PUMP,158.28,0,85.30,158.28,WEST,WEST,PIRANNA 1100 GPH BILGE PUMP
1000519,3/4 FOOTLESS PUMP,1554.22,0,837.60,1554.22,WEST,WEST,3/4 FOOTLESS PUMP
1000543,TRIPLE CLUTCH BLACK SIDES,726.05,0,543.45,726.05,WEST,WEST,TRIPLE CLUTCH BLACK SIDES
1000551,RIBBED TAPER STANCH POST ONLY,103.36,0,55.70,103.36,WEST,WEST,RIBBED TAPER STANCH POST ONLY
100056,2-1/8X2-1/4 CUPBOARD TURN,111.96,0,60.34,111.96,WEST,WEST,2-1/8X2-1/4 CUPBOARD TURN
1000586,STRAINER 4 FLNGD #304SS BSKT,21878.00,0,11790.54,21878.00,WEST,WEST,STRAINER 4 FLNGD #304SS BSKT
1000608,AL 3 STYLE B ROUND 1/2 HOLE,19.94,0,10.75,19.94,WEST,WEST,AL 3 STYLE B ROUND 1/2 HOLE
1000632,PUSH TO CLOSE LATCH 10LBS. BLK,16.92,0,9.12,16.92,WEST,WEST,PUSH TO CLOSE LATCH 10LBS. BLK
1000675,SWIVEL BLOCK,119.47,0,62.96,119.47,WEST,WEST,SWIVEL BLOCK
1000683,ALTERNATING CURRENT(AC)MONITOR,661.09,0,528.87,661.09,WEST,WEST,ALTERNATING CURRENT(AC)MONITOR
1000691,DIRECT CURRENT(DC)MONITOR,808.73,0,646.98,808.73,WEST,WEST,DIRECT CURRENT(DC)MONITOR
1000748,J1939 TO NMEA 2000 BRIDGE,571.31,0,457.05,571.31,WEST,WEST,J1939 TO NMEA 2000 BRIDGE
1000772,TANK LEVEL ADAPTER,408.08,0,326.46,408.08,WEST,WEST,TANK LEVEL ADAPTER
1000799,GATEWAY NMEA 2000/USB,319.05,0,255.24,319.05,WEST,WEST,GATEWAY NMEA 2000/USB
100102,REPL. DRAIN PLUG F/520050/55,8.18,0,3.68,8.18,WEST,WEST,REPL. DRAIN PLUG F/520050/55
1001132,S/S QUICK DISCONNECT,29.46,0,20.04,29.46,WEST,WEST,S/S QUICK DISCONNECT
1001167,X-PORTTACTICIANSURFACE MOUNT,276.94,0,157.54,276.94,WEST,WEST,X-PORTTACTICIANSURFACE MOUNT
1001175,X-PORTKAYAKERSURFACE/MT.BLK,230.41,0,131.07,230.41,WEST,WEST,X-PORTKAYAKERSURFACE/MT.BLK
1001183,X-PORTKAYAKERSURFACE/MT.WHT,230.41,0,131.07,230.41,WEST,WEST,X-PORTKAYAKERSURFACE/MT.WHT
1001256,STOPPER WITH INSIDE JAWS -6MM,13.86,0,7.47,13.86,WEST,WEST,STOPPER WITH INSIDE JAWS -6MM
1001264,STOPPER WITH INSIDE JAWS -8MM,21.73,0,11.71,21.73,WEST,WEST,STOPPER WITH INSIDE JAWS -8MM
1001299,CLASC BALLEND 3/16W 1/4-28T MS,76.07,0,38.72,76.07,WEST,WEST,CLASC BALLEND 3/16W 1/4-28T MS
1001302,511/911/2011 BASE BONE KIT,818.75,0,441.24,818.75,WEST,WEST,511/911/2011 BASE BONE KIT
1001396,GREAT LAKES & MARITIMES,309.46,0,247.57,309.46,WEST,WEST,GREAT LAKES & MARITIMES
1001442,INSULATOR STUD TO STUD 3/16,326.12,0,175.75,326.12,WEST,WEST,INSULATOR STUD TO STUD 3/16
100145,RIBBED TYPE OARLOCK HORN,139.60,0,75.23,139.60,WEST,WEST,RIBBED TYPE OARLOCK HORN
1001507,TRANSDUCER DIG D&HP TEMP 200W,1113.18,0,927.65,1113.18,WEST,WEST,TRANSDUCER DIG D&HP TEMP 200W
1001515,BLACK WEATHERFAX,2024.72,0,1687.27,2024.72,WEST,WEST,BLACK WEATHERFAX
1001523,XX0812 SIDEMOUNT BODY PORT,816.65,0,611.26,816.65,WEST,WEST,XX0812 SIDEMOUNT BODY PORT
100153,SIDE MOUNT ROWLOCK SOCKETS,104.91,0,56.54,104.91,WEST,WEST,SIDE MOUNT ROWLOCK SOCKETS
1001531,XX0812 SIDEMONT BODY STARBOARD,816.65,0,611.26,816.65,WEST,WEST,XX0812 SIDEMONT BODY STARBOARD
1001558,30M CABLE for FI 5001 SENSOR,201.66,0,168.05,201.66,WEST,WEST,30M CABLE for FI 5001 SENSOR
1001566,50M CABLE for FI 5001 SENSOR,283.94,0,236.62,283.94,WEST,WEST,50M CABLE for FI 5001 SENSOR
100161,GAS SPRING 20-12BALL MT,39.95,0,21.53,39.95,WEST,WEST,GAS SPRING 20-12BALL MT
1001663,LINE 7MM X 55 FURL DBL BRAID,191.85,0,143.60,191.85,WEST,WEST,LINE 7MM X 55 FURL DBL BRAID
1001671,UN.0 MKIV BOTTOM CONNECTOR,96.16,0,71.98,96.16,WEST,WEST,UN.0 MKIV BOTTOM CONNECTOR
1001698,UNIT 0 MKIV TRIM CAP SCREW,10.30,0,7.71,10.30,WEST,WEST,UNIT 0 MKIV TRIM CAP SCREW
1001736,PREMIUM HD EXHANDLE 3-6&BRUSH,97.80,0,52.70,97.80,WEST,WEST,PREMIUM HD EXHANDLE 3-6&BRUSH
1001744,SPONGE MICRO FIBER REGGAE BLUE,23.26,0,12.54,23.26,WEST,WEST,SPONGE MICRO FIBER REGGAE BLUE
1001779,FLEXIBLE HEAD SCRUBBER RED PAD,80.39,0,43.33,80.39,WEST,WEST,FLEXIBLE HEAD SCRUBBER RED PAD
1001787,ADAPTOR-SHURHOLD TO STARBRITE,21.49,0,11.58,21.49,WEST,WEST,ADAPTOR-SHURHOLD TO STARBRITE
1001876,MINI GATE HOOK 3/16W MS,100.83,0,51.32,100.83,WEST,WEST,MINI GATE HOOK 3/16W MS
1001884,BLANK PANEL COVER,6.05,0,3.26,6.05,WEST,WEST,BLANK PANEL COVER
1002015,BACK MT RACK DUAL CABLE 14,1475.80,0,795.34,1475.80,WEST,WEST,BACK MT RACK DUAL CABLE 14
1002023,STARTER MOUNTING BOLT,10.17,0,5.50,10.17,WEST,WEST,STARTER MOUNTING BOLT
1002066,1X1-1/4X4 NON-METALLIC,147.96,0,79.74,147.96,WEST,WEST,1X1-1/4X4 NON-METALLIC
1002074,DC SOCKET - 200 DOUBLE,138.46,0,74.62,138.46,WEST,WEST,DC SOCKET - 200 DOUBLE
1002082,SKI ROPE SNAP,5.34,0,2.40,5.34,WEST,WEST,SKI ROPE SNAP
1002112,3-WAY BALL VALVE,173.00,0,93.23,173.00,WEST,WEST,3-WAY BALL VALVE
1002147,160A 1-INP 2-BATT ISOL. W/CONN,464.21,0,250.17,464.21,WEST,WEST,160A 1-INP 2-BATT ISOL. W/CONN
1002163,PROPELLER 6-BLADE 110mm,189.04,0,102.49,189.04,WEST,WEST,PROPELLER 6-BLADE 110mm
1002171,102-2 ACT.4-1/4STROKE*MAILBU*,630.02,0,377.26,630.02,WEST,WEST,102-2 ACT.4-1/4STROKE*MAILBU*
1002198,SEASTAR PRO HOSE 26PR,686.04,0,457.36,686.04,WEST,WEST,SEASTAR PRO HOSE 26PR
1002201,102 XD SERIES RAM,697.56,0,417.70,697.56,WEST,WEST,102 XD SERIES RAM
1002333,WINDSHIELD HOLDER CLIPS-PR,33.25,0,17.92,33.25,WEST,WEST,WINDSHIELD HOLDER CLIPS-PR
1002368,TS-450-EF AL SOCKET END FITTNG,1692.76,0,889.91,1692.76,WEST,WEST,TS-450-EF AL SOCKET END FITTNG
1002457,HLD SWV 1 MKVI W/O SHKLS,743.03,0,556.16,743.03,WEST,WEST,HLD SWV 1 MKVI W/O SHKLS
1002465,BAYSTAR GLAND KIT COMPACT CYL,200.64,0,133.76,200.64,WEST,WEST,BAYSTAR GLAND KIT COMPACT CYL
1002511,DIAPHRM SIZE18 NITRIL8-1/16OD,217.60,0,181.33,217.60,WEST,WEST,DIAPHRM SIZE18 NITRIL8-1/16OD
1002546,PUMPKIT NITRILE SIZE18 220 SER,354.77,0,295.64,354.77,WEST,WEST,PUMPKIT NITRILE SIZE18 220 SER
1002554,SUSUKI 200HP OB CLAMP ASSEMBLY,230.39,0,124.16,230.39,WEST,WEST,SUSUKI 200HP OB CLAMP ASSEMBLY
1002716,WATER TEMP GAUGE METRIC  EURO,118.19,0,63.69,118.19,WEST,WEST,WATER TEMP GAUGE METRIC  EURO
100277,YELLOW PIGMENT 60ML,19.29,0,10.39,19.29,WEST,WEST,YELLOW PIGMENT 60ML
1004077,LOW SPD PUMP 12V,626.15,0,356.19,626.15,WEST,WEST,LOW SPD PUMP 12V
1004107,MAG SENSOR KIT,230.88,0,124.42,230.88,WEST,WEST,MAG SENSOR KIT
1004158,MOUNT FLUSH DECK SOCKT KIT/TBL,164.92,0,111.91,164.92,WEST,WEST,MOUNT FLUSH DECK SOCKT KIT/TBL
1004174,IGN SWITCH 3POS,49.82,0,26.85,49.82,WEST,WEST,IGN SWITCH 3POS
1004212,IMPELLER KIT-NEOPRENE,146.23,0,78.80,146.23,WEST,WEST,IMPELLER KIT-NEOPRENE
1004263,THREAD GATE EYE ONLY 3/8-24LH,42.17,0,21.46,42.17,WEST,WEST,THREAD GATE EYE ONLY 3/8-24LH
1004298,TWIN GAS ENGINE GPH TO 500HP,1716.74,0,1144.49,1716.74,WEST,WEST,TWIN GAS ENGINE GPH TO 500HP
1004395,57MM NARROW MASTCOLLAR BLOCK,111.06,0,83.13,111.06,WEST,WEST,57MM NARROW MASTCOLLAR BLOCK
1004468,TBKL BODY+TOGGLE 3/8-7/16PIN,152.49,0,82.18,152.49,WEST,WEST,TBKL BODY+TOGGLE 3/8-7/16PIN
1004476,HATCH 16 7/8 SQ BLK W/RNG&SCRN,870.74,0,522.44,870.74,WEST,WEST,HATCH 16 7/8 SQ BLK W/RNG&SCRN
1004484,#24 STANDARD SNAP SETTER ONLY,74.57,0,40.18,74.57,WEST,WEST,#24 STANDARD SNAP SETTER ONLY
1004565,S/S PULL-UP CLEAT 6,189.32,0,85.19,189.32,WEST,WEST,S/S PULL-UP CLEAT 6
1004581,THERMOSTAT,38.71,0,20.92,38.71,WEST,WEST,THERMOSTAT
1004778,"POWER POST 1X5/16,1X3/8STUDS",42.12,0,22.70,42.12,WEST,WEST,"POWER POST 1X5/16,1X3/8STUDS"
1004794,STAINLESS ROUND LATCH - 3 INCH,306.24,0,137.81,306.24,WEST,WEST,STAINLESS ROUND LATCH - 3 INCH
1004832,LOCK OPEN VERSION BLACK,676.58,0,506.43,676.58,WEST,WEST,LOCK OPEN VERSION BLACK
1004859,MOLDED HOSE,57.30,0,30.96,57.30,WEST,WEST,MOLDED HOSE
1004875,TERMINAL TUBER TB 1/8,46.74,0,23.79,46.74,WEST,WEST,TERMINAL TUBER TB 1/8
1004921,IMPELLER KIT-NEOPRENE,321.89,0,173.47,321.89,WEST,WEST,IMPELLER KIT-NEOPRENE
1004948,IMPELLER KIT-NEOPRENE,132.13,0,71.21,132.13,WEST,WEST,IMPELLER KIT-NEOPRENE
1004972,IMPELLER KIT-NEOPRENE,98.78,0,53.23,98.78,WEST,WEST,IMPELLER KIT-NEOPRENE
1004999,IMPELLER KIT-NITRILE,93.69,0,50.49,93.69,WEST,WEST,IMPELLER KIT-NITRILE
1005006,IMPELLER KIT-NEOPRENE,151.35,0,81.57,151.35,WEST,WEST,IMPELLER KIT-NEOPRENE
1005014,IMPELLER KIT-NEOPRENE,76.87,0,41.43,76.87,WEST,WEST,IMPELLER KIT-NEOPRENE
1005022,IMPELLER KIT-NITRILE,76.87,0,41.43,76.87,WEST,WEST,IMPELLER KIT-NITRILE
1005057,IMPELLER KIT-NITRILE,93.69,0,50.49,93.69,WEST,WEST,IMPELLER KIT-NITRILE
1005073,IMPELLER KIT-NEOPRENE,90.83,0,48.95,90.83,WEST,WEST,IMPELLER KIT-NEOPRENE
1005081,CERAMIC TILE NEWPORT DIESEL,65.32,0,42.89,65.32,WEST,WEST,CERAMIC TILE NEWPORT DIESEL
1005103,IMPELLER KIT-NEOPRENE,225.80,0,121.69,225.80,WEST,WEST,IMPELLER KIT-NEOPRENE
1005111,IMPELLER KIT,116.82,0,62.95,116.82,WEST,WEST,IMPELLER KIT
1005138,IMPELLER KIT-NEOPRENE,148.91,0,80.25,148.91,WEST,WEST,IMPELLER KIT-NEOPRENE
1005146,IMPELLER KIT-NITRILE,148.91,0,80.25,148.91,WEST,WEST,IMPELLER KIT-NITRILE
1005154,IMPELLER KIT-NITRILE,100.88,0,54.37,100.88,WEST,WEST,IMPELLER KIT-NITRILE
1005162,IMPELLER KIT-NITRILE,504.46,0,271.86,504.46,WEST,WEST,IMPELLER KIT-NITRILE
1005189,IMPELLER KIT-NEOPRENE,94.64,0,51.00,94.64,WEST,WEST,IMPELLER KIT-NEOPRENE
1005197,IMPELLER KIT-NITRILE,94.64,0,51.00,94.64,WEST,WEST,IMPELLER KIT-NITRILE
1006363,AIRHEAD ROLLINRIVER TUBE,52.84,0,28.48,52.84,WEST,WEST,AIRHEAD ROLLINRIVER TUBE
1006479,PEDESTAL PUMP 1/2FPT 11.3-GPM,1225.11,0,660.24,1225.11,WEST,WEST,PEDESTAL PUMP 1/2FPT 11.3-GPM
1006673,1-1/2 PVC FLEX HOSE CUFFS,8.27,0,4.45,8.27,WEST,WEST,1-1/2 PVC FLEX HOSE CUFFS
1006681,INVERTER 2 LABEL,4.49,0,2.69,4.49,WEST,WEST,INVERTER 2 LABEL
1006703,120/240 VOLT 60HZ,4.49,0,2.69,4.49,WEST,WEST,120/240 VOLT 60HZ
1006711,OFF LABEL,4.49,0,2.69,4.49,WEST,WEST,OFF LABEL
1006754,FENDER COVER A2,214.43,0,115.56,214.43,WEST,WEST,FENDER COVER A2
1008811,K TOILET BOWL-WHITE,426.23,0,229.71,426.23,WEST,WEST,K TOILET BOWL-WHITE
1008897,24V OIL CHANGE PUMP ONLY,844.79,0,455.27,844.79,WEST,WEST,24V OIL CHANGE PUMP ONLY
1009443,SIZE 1 GUARD FOR UNIT 1 FOIL,127.72,0,95.60,127.72,WEST,WEST,SIZE 1 GUARD FOR UNIT 1 FOIL
1014773,OIL FILTER,16.67,0,9.00,16.67,WEST,WEST,OIL FILTER
1015869,BILGE WATER/OIL SEPERATOR,280.47,0,152.06,280.47,WEST,WEST,BILGE WATER/OIL SEPERATOR
1016121,OIL SEAL,31.75,0,17.15,31.75,WEST,WEST,OIL SEAL
1021591,BUNK SLICKS,117.85,0,63.51,117.85,WEST,WEST,BUNK SLICKS
1021621,PROSAFE-2 30-AMP GALV.ISOLATOR,738.16,0,397.81,738.16,WEST,WEST,PROSAFE-2 30-AMP GALV.ISOLATOR
1021648,DECK BRUSH W/TELE.ALUM.HANDLE,106.21,0,57.24,106.21,WEST,WEST,DECK BRUSH W/TELE.ALUM.HANDLE
1021672,PRE FEEDER F/UNIT 1 CARBO FOIL,57.80,0,43.26,57.80,WEST,WEST,PRE FEEDER F/UNIT 1 CARBO FOIL
1021737,NAVIGATION ELECTRONICS LABEL,4.49,0,2.69,4.49,WEST,WEST,NAVIGATION ELECTRONICS LABEL
1021753,COMPASS LIGHT LABEL,5.33,0,3.19,5.33,WEST,WEST,COMPASS LIGHT LABEL
1021761,BATTERY 1 LABEL,5.33,0,3.19,5.33,WEST,WEST,BATTERY 1 LABEL
1021788,BATTERY 2 LABEL,5.33,0,3.19,5.33,WEST,WEST,BATTERY 2 LABEL
1021796,5/8X250PROSET+5/16X50CHAIN,1180.27,0,636.07,1180.27,WEST,WEST,5/8X250PROSET+5/16X50CHAIN
1021826,ANTI SIPHON GUARD,47.71,0,25.87,47.71,WEST,WEST,ANTI SIPHON GUARD
1021834,NAVNET3D CARRIBEAN CHART PACK,424.31,0,353.59,424.31,WEST,WEST,NAVNET3D CARRIBEAN CHART PACK
1022687,1x12SLIP STOP-BLUE,12.88,0,6.94,12.88,WEST,WEST,1x12SLIP STOP-BLUE
1022962,30PONTOON RAIL POLE & MOUNT,198.68,0,107.07,198.68,WEST,WEST,30PONTOON RAIL POLE & MOUNT
1023349,SAE 30 SYNTHETIC OIL 55-GAL,4500.82,0,2425.59,4500.82,WEST,WEST,SAE 30 SYNTHETIC OIL 55-GAL
1024159,PROP STOP COVER,61.57,0,33.18,61.57,WEST,WEST,PROP STOP COVER
1025139,NAVY ANCHOR ALUM.PAINTED 10-LB,75.82,0,34.12,75.82,WEST,WEST,NAVY ANCHOR ALUM.PAINTED 10-LB
1025147,NAVY ANCHOR ALUM.PAINTED 15-LB,117.14,0,52.71,117.14,WEST,WEST,NAVY ANCHOR ALUM.PAINTED 15-LB
1025155,NAVY ANCHOR ALUM.PAINTED 20-LB,151.60,0,68.22,151.60,WEST,WEST,NAVY ANCHOR ALUM.PAINTED 20-LB
1025163,NAVY ANCHOR ALUM.PAINTED 28-LB,205.36,0,92.41,205.36,WEST,WEST,NAVY ANCHOR ALUM.PAINTED 28-LB
1029673,S/S T ROPE EYE 7.5   26.0x15.7,40.16,0,21.64,40.16,WEST,WEST,S/S T ROPE EYE 7.5   26.0x15.7
1031279,S/S SWAGE ROPE TERM 1/8 WIRE,53.06,0,28.59,53.06,WEST,WEST,S/S SWAGE ROPE TERM 1/8 WIRE
1034138,1/2OD.X100CLEAR SPIRAL WRAP,315.88,0,170.23,315.88,WEST,WEST,1/2OD.X100CLEAR SPIRAL WRAP
1034154,3/8ID.X 25BLACK SPLIT LOOM,13.58,0,7.32,13.58,WEST,WEST,3/8ID.X 25BLACK SPLIT LOOM
1034162,1/2ID.X 25BLACK SPLIT LOOM,14.90,0,8.03,14.90,WEST,WEST,1/2ID.X 25BLACK SPLIT LOOM
1034189,3/4ID.X 25BLACK SPLIT LOOM,20.47,0,11.03,20.47,WEST,WEST,3/4ID.X 25BLACK SPLIT LOOM
1041142,MAXSEA PROFESSIONAL SOFTWARE,6916.25,0,5763.54,6916.25,WEST,WEST,MAXSEA PROFESSIONAL SOFTWARE
104353,SPRING FOR KTOILET,76.02,0,40.97,76.02,WEST,WEST,SPRING FOR KTOILET
104655,BOTTOM PAINT ROLLER,7.48,0,4.03,7.48,WEST,WEST,BOTTOM PAINT ROLLER
1047507,SNATCH BLOCK MAX 12MM ROPE,454.36,0,239.42,454.36,WEST,WEST,SNATCH BLOCK MAX 12MM ROPE
1047787,LWR TUBE 0-39CARBO RACE FOIL,87.69,0,65.64,87.69,WEST,WEST,LWR TUBE 0-39CARBO RACE FOIL
1052144,LIGHTS AFT CABIN LABEL,4.49,0,2.69,4.49,WEST,WEST,LIGHTS AFT CABIN LABEL
1053132,OIL PRESSURE GAUGE 0-80PSI,62.74,0,37.57,62.74,WEST,WEST,OIL PRESSURE GAUGE 0-80PSI
1053671,FOILKIT ONLY FOR 7000.9M,922.12,0,690.21,922.12,WEST,WEST,FOILKIT ONLY FOR 7000.9M
1056026,CARBO FOIL KIT,330.26,0,247.20,330.26,WEST,WEST,CARBO FOIL KIT
105627,BOTTOM PAINT ROLLER,9.92,0,5.35,9.92,WEST,WEST,BOTTOM PAINT ROLLER
1056301,OIL PRESSURE 0-80PSI,79.88,0,43.05,79.88,WEST,WEST,OIL PRESSURE 0-80PSI
1060481,CHAIN PAIL DISP.WHEEL SET OF 4,49.90,0,29.88,49.90,WEST,WEST,CHAIN PAIL DISP.WHEEL SET OF 4
1060503,1X12 RED RESCUE TAPE,16.77,0,9.04,16.77,WEST,WEST,1X12 RED RESCUE TAPE
1060511,1X12 WHITE RESCUE TAPE,16.77,0,9.04,16.77,WEST,WEST,1X12 WHITE RESCUE TAPE
1060538,1X12 CLEAR RESCUE TAPE,16.77,0,9.04,16.77,WEST,WEST,1X12 CLEAR RESCUE TAPE
1060546,1X12 YELLOW RESCUE TAPE,16.77,0,9.04,16.77,WEST,WEST,1X12 YELLOW RESCUE TAPE
1060554,24 ROLL ASSORTED DISPLAY,402.20,0,216.76,402.20,WEST,WEST,24 ROLL ASSORTED DISPLAY
1060767,STRNR VERT DUPLEX 2MONEL BSKT,10789.84,0,5814.88,10789.84,WEST,WEST,STRNR VERT DUPLEX 2MONEL BSKT
1060791,TFXTREME 3300 CNTRL CABLE 6,119.97,0,64.66,119.97,WEST,WEST,TFXTREME 3300 CNTRL CABLE 6
1060805,TFXTREME 3300 CNTRL CABLE 7,122.46,0,66.00,122.46,WEST,WEST,TFXTREME 3300 CNTRL CABLE 7
1060813,TFXTREME 3300 CNTRL CABLE 8,125.47,0,67.62,125.47,WEST,WEST,TFXTREME 3300 CNTRL CABLE 8
1060821,TFXTREME 3300 CNTRL CABLE 9,128.54,0,69.27,128.54,WEST,WEST,TFXTREME 3300 CNTRL CABLE 9
1060848,TFXTREME 3300 CNTRL CABLE 10,131.51,0,70.87,131.51,WEST,WEST,TFXTREME 3300 CNTRL CABLE 10
1060856,TFXTREME 3300 CNTRL CABLE 11,135.02,0,72.76,135.02,WEST,WEST,TFXTREME 3300 CNTRL CABLE 11
1060864,TFXTREME 3300 CNTRL CABLE 12,138.13,0,74.44,138.13,WEST,WEST,TFXTREME 3300 CNTRL CABLE 12
1060872,TFXTREME 3300 CNTRL CABLE 13,141.06,0,76.02,141.06,WEST,WEST,TFXTREME 3300 CNTRL CABLE 13
1060899,TFXTREME 3300 CNTRL CABLE 14,143.99,0,77.60,143.99,WEST,WEST,TFXTREME 3300 CNTRL CABLE 14
1060902,TFXTREME 3300 CNTRL CABLE 15,147.04,0,79.24,147.04,WEST,WEST,TFXTREME 3300 CNTRL CABLE 15
1060929,TFXTREME 3300 CNTRL CABLE 16,150.12,0,80.90,150.12,WEST,WEST,TFXTREME 3300 CNTRL CABLE 16
1060937,TFXTREME 3300 CNTRL CABLE 17,153.04,0,82.48,153.04,WEST,WEST,TFXTREME 3300 CNTRL CABLE 17
1060945,TFXTREME 3300 CNTRL CABLE 18,156.11,0,84.13,156.11,WEST,WEST,TFXTREME 3300 CNTRL CABLE 18
1060953,TFXTREME 3300 CNTRL CABLE 19,159.03,0,85.71,159.03,WEST,WEST,TFXTREME 3300 CNTRL CABLE 19
1060961,TFXTREME 3300 CNTRL CABLE 20,162.09,0,87.35,162.09,WEST,WEST,TFXTREME 3300 CNTRL CABLE 20
1060988,TFXTREME 3300 CNTRL CABLE 21,165.75,0,89.32,165.75,WEST,WEST,TFXTREME 3300 CNTRL CABLE 21
1060996,TFXTREME 3300 CNTRL CABLE 22,168.72,0,90.93,168.72,WEST,WEST,TFXTREME 3300 CNTRL CABLE 22
1061003,TFXTREME 3300 CNTRL CABLE 23,171.69,0,92.53,171.69,WEST,WEST,TFXTREME 3300 CNTRL CABLE 23
1061011,TFXTREME 3300 CNTRL CABLE 24,174.68,0,94.14,174.68,WEST,WEST,TFXTREME 3300 CNTRL CABLE 24
1061038,TFXTREME 3300 CNTRL CABLE 25,186.47,0,100.49,186.47,WEST,WEST,TFXTREME 3300 CNTRL CABLE 25
1061046,TFXTREME 3300 CNTRL CABLE 26,191.42,0,103.16,191.42,WEST,WEST,TFXTREME 3300 CNTRL CABLE 26
1061054,TFXTREME 3300 CNTRL CABLE 27,196.33,0,105.80,196.33,WEST,WEST,TFXTREME 3300 CNTRL CABLE 27
1061062,TFXTREME 3300 CNTRL CABLE 28,201.34,0,108.50,201.34,WEST,WEST,TFXTREME 3300 CNTRL CABLE 28
1061089,TFXTREME 3300 CNTRL CABLE 29,206.25,0,111.15,206.25,WEST,WEST,TFXTREME 3300 CNTRL CABLE 29
1061097,TFXTREME 3300 CNTRL CABLE 30,210.94,0,113.68,210.94,WEST,WEST,TFXTREME 3300 CNTRL CABLE 30
1061119,TFXTREME 4300BC CTRL CBLE 10,290.71,0,156.67,290.71,WEST,WEST,TFXTREME 4300BC CTRL CBLE 10
1061127,TFXTREME 4300BC CTRL CBLE 11,296.44,0,159.76,296.44,WEST,WEST,TFXTREME 4300BC CTRL CBLE 11
1061135,TFXTREME 4300BC CTRL CBLE 12,301.75,0,162.62,301.75,WEST,WEST,TFXTREME 4300BC CTRL CBLE 12
1061143,TFXTREME 4300BC CTRL CBLE 13,307.20,0,165.55,307.20,WEST,WEST,TFXTREME 4300BC CTRL CBLE 13
1061151,TFXTREME 4300BC CTRL CBLE 14,312.61,0,168.47,312.61,WEST,WEST,TFXTREME 4300BC CTRL CBLE 14
1061178,TFXTREME 4300BC CTRL CBLE 15,317.87,0,171.31,317.87,WEST,WEST,TFXTREME 4300BC CTRL CBLE 15
1061186,TFXTREME 4300BC CTRL CBLE 16,323.20,0,174.18,323.20,WEST,WEST,TFXTREME 4300BC CTRL CBLE 16
1061909,FENDER COVER NAVY F/F-1/G-4,71.23,0,38.38,71.23,WEST,WEST,FENDER COVER NAVY F/F-1/G-4
1061917,FENDER COVER BLACK F/F-3/G-5,88.46,0,47.67,88.46,WEST,WEST,FENDER COVER BLACK F/F-3/G-5
1061925,FENDER COVER NAVY F/F-3/G-5,88.46,0,47.67,88.46,WEST,WEST,FENDER COVER NAVY F/F-3/G-5
1061933,FENDER COVER BLACK F/HTM-2,67.69,0,36.48,67.69,WEST,WEST,FENDER COVER BLACK F/HTM-2
1061941,FENDER COVER NAVY F/HTM-2,67.69,0,36.48,67.69,WEST,WEST,FENDER COVER NAVY F/HTM-2
1061976,FENDER COVER BLACK HTM-3,146.59,0,79.00,146.59,WEST,WEST,FENDER COVER BLACK HTM-3
1061984,FENDER COVER NAVY HTM-3,146.59,0,79.00,146.59,WEST,WEST,FENDER COVER NAVY HTM-3
1061992,FENDER COVER BLACK HTM-4,172.90,0,93.18,172.90,WEST,WEST,FENDER COVER BLACK HTM-4
1062018,FENDER COVER NAVY HTM-4,172.90,0,93.18,172.90,WEST,WEST,FENDER COVER NAVY HTM-4
1062026,3/8 ALLEN HEAD SWIVEL,509.38,0,268.42,509.38,WEST,WEST,3/8 ALLEN HEAD SWIVEL
1062069,TANK MONITOR PANEL ONLY,474.51,0,255.73,474.51,WEST,WEST,TANK MONITOR PANEL ONLY
1062077,ROLLER SET FOR XX0812,100.92,0,75.54,100.92,WEST,WEST,ROLLER SET FOR XX0812
1062085,BATTERY CHARGER,5717.13,0,3081.09,5717.13,WEST,WEST,BATTERY CHARGER
1062115,EXHAUST Y 2X3TO 4GRY IRON,289.95,0,156.26,289.95,WEST,WEST,EXHAUST Y 2X3TO 4GRY IRON
1062123,MEDIUM PREFOCUS SOCKET,162.36,0,87.50,162.36,WEST,WEST,MEDIUM PREFOCUS SOCKET
1062131,CAP ASSEMBLY W/TOP SOCKET,414.06,0,223.15,414.06,WEST,WEST,CAP ASSEMBLY W/TOP SOCKET
106216,5 VHF MARINE ANTENNA,359.57,0,193.78,359.57,WEST,WEST,5 VHF MARINE ANTENNA
1062174,FST-1/4-20X.500 18-8 Fi,2.97,0,2.23,2.97,WEST,WEST,FST-1/4-20X.500 18-8 Fi
1062182,THERMOSTAT KIT,164.91,0,89.10,164.91,WEST,WEST,THERMOSTAT KIT
1062204,THERMOSTAT KIT,274.20,0,148.15,274.20,WEST,WEST,THERMOSTAT KIT
1062212,THERMOSTAT KIT,49.87,0,26.94,49.87,WEST,WEST,THERMOSTAT KIT
1062239,THERMOSTAT KIT,51.55,0,27.85,51.55,WEST,WEST,THERMOSTAT KIT
1062247,THERMOSTAT KIT,71.84,0,38.82,71.84,WEST,WEST,THERMOSTAT KIT
1062298,CLEAR 1X 20SILICONE TAPE,39.04,0,21.04,39.04,WEST,WEST,CLEAR 1X 20SILICONE TAPE
1062352,2 GA WELDING CABLE BLACK 50,485.22,0,261.49,485.22,WEST,WEST,2 GA WELDING CABLE BLACK 50
1062379,LIFE RING 24 ORANGE,149.06,0,80.33,149.06,WEST,WEST,LIFE RING 24 ORANGE
1062387,LIFE RING 30 ORANGE SOLAS,217.97,0,117.47,217.97,WEST,WEST,LIFE RING 30 ORANGE SOLAS
1062395,TBTBKL BTNEND5/16-24T1/4W MS 7,90.28,0,45.95,90.28,WEST,WEST,TBTBKL BTNEND5/16-24T1/4W MS 7
1062409,BTN TERMINAL 1/4W 7/32DIE MS,32.53,0,16.56,32.53,WEST,WEST,BTN TERMINAL 1/4W 7/32DIE MS
1062425,ALUM 14-1/2X17 4B RH PROP,252.07,0,141.13,252.07,WEST,WEST,ALUM 14-1/2X17 4B RH PROP
1062433,12V MOTOR+SOLENOID   BOW5512,3017.78,0,1636.15,3017.78,WEST,WEST,12V MOTOR+SOLENOID   BOW5512
1062549,B/B ALUM.5 SHV.DECK ORGANIZER,1705.00,0,1276.20,1705.00,WEST,WEST,B/B ALUM.5 SHV.DECK ORGANIZER
1062565,ALUM 14X19 4B RH PROP,252.07,0,141.13,252.07,WEST,WEST,ALUM 14X19 4B RH PROP
106267,BALL VLV 1/4 SS,48.23,0,25.99,48.23,WEST,WEST,BALL VLV 1/4 SS
1062786,S/S O/B MOTOR BRKT MAX 10HP,215.85,0,146.84,215.85,WEST,WEST,S/S O/B MOTOR BRKT MAX 10HP
1062816,ALUM.O/B MOTOR BRKT MAX 20HP,308.30,0,209.73,308.30,WEST,WEST,ALUM.O/B MOTOR BRKT MAX 20HP
1062824,4STRK O/B MOTOR BRKT 10TRVL,425.57,0,289.50,425.57,WEST,WEST,4STRK O/B MOTOR BRKT 10TRVL
106283,BAKELITE FUSE HOLDER W/BAR,37.58,0,16.91,37.58,WEST,WEST,BAKELITE FUSE HOLDER W/BAR
1062832,4STRK O/B MOTOR BRKT 16TRVL,552.26,0,375.69,552.26,WEST,WEST,4STRK O/B MOTOR BRKT 16TRVL
1062905,INNER FIRE PAN-KETTLE GAS GRIL,115.47,0,78.36,115.47,WEST,WEST,INNER FIRE PAN-KETTLE GAS GRIL
106291,WATER FILL/VENT BLACK,93.27,0,50.26,93.27,WEST,WEST,WATER FILL/VENT BLACK
1062921,BAT CNTRL CNTR SGL ENG REMOTE,735.99,0,396.64,735.99,WEST,WEST,BAT CNTRL CNTR SGL ENG REMOTE
1062964,SCHOONER GOLD VARNISH,85.50,0,46.08,85.50,WEST,WEST,SCHOONER GOLD VARNISH
1062999,SPINDLE,157.46,0,84.86,157.46,WEST,WEST,SPINDLE
1063006,DELRIN FLAT WASHER,0.52,0,0.39,0.52,WEST,WEST,DELRIN FLAT WASHER
1063049,CETOL NATURAL TEAK FINISH,237.09,0,127.77,237.09,WEST,WEST,CETOL NATURAL TEAK FINISH
106305,S/S LIFT HANDLE ROUND,11.64,0,5.24,11.64,WEST,WEST,S/S LIFT HANDLE ROUND
106313,COAXIAL CABLE ASSY 2FT,23.06,0,10.38,23.06,WEST,WEST,COAXIAL CABLE ASSY 2FT
1063154,SEASTAR TILT STEER KIT CLASSIC,2663.36,0,1775.57,2663.36,WEST,WEST,SEASTAR TILT STEER KIT CLASSIC
106321,COAXIAL CABLE ASSY 10FT,36.18,0,16.28,36.18,WEST,WEST,COAXIAL CABLE ASSY 10FT
1063219,REPL.SPRAY HANDLE CHR0ME,73.38,0,39.55,73.38,WEST,WEST,REPL.SPRAY HANDLE CHR0ME
1063235,WASTE CAP WITH O-RING,122.71,0,66.13,122.71,WEST,WEST,WASTE CAP WITH O-RING
1063243,HI-LOW 3PC PEDASTAL SET,322.19,0,173.64,322.19,WEST,WEST,HI-LOW 3PC PEDASTAL SET
106348,COAXIAL CABLE ASSY 20FT,45.84,0,20.63,45.84,WEST,WEST,COAXIAL CABLE ASSY 20FT
1063529,S/S RING 3/8X 2,9.90,0,4.45,9.90,WEST,WEST,S/S RING 3/8X 2
1063545,S/S RING 7/16 X 2-1/2,22.24,0,10.01,22.24,WEST,WEST,S/S RING 7/16 X 2-1/2
106356,UHF CONNECTOR FOR 8U CABLE,11.42,0,5.14,11.42,WEST,WEST,UHF CONNECTOR FOR 8U CABLE
1063561,CMP GAL.G43 ISO CHAIN,1979.65,0,1066.88,1979.65,WEST,WEST,CMP GAL.G43 ISO CHAIN
1063626,GOBEE BK STANCHN MNT WRLSHHRMT,520.56,0,280.54,520.56,WEST,WEST,GOBEE BK STANCHN MNT WRLSHHRMT
106364,UHF ADAPTOR FOR RG58/U,6.16,0,2.77,6.16,WEST,WEST,UHF ADAPTOR FOR RG58/U
106372,UHF ADAPTOR FOR RG59/U,6.16,0,2.77,6.16,WEST,WEST,UHF ADAPTOR FOR RG59/U
1063766,BI-COLOUR LIGHT,111.44,0,60.06,111.44,WEST,WEST,BI-COLOUR LIGHT
1063847,MINI MAXI CAR,3620.74,0,2710.14,3620.74,WEST,WEST,MINI MAXI CAR
1063863,PRESSURE ARM 8MM-5/16 CHAINWHL,57.02,0,38.79,57.02,WEST,WEST,PRESSURE ARM 8MM-5/16 CHAINWHL
1063871,FLANGED B VLV ADPTR 1 BRZ,104.89,0,56.53,104.89,WEST,WEST,FLANGED B VLV ADPTR 1 BRZ
106399,UHF/BNC HAND HELD RADIO ADAPT,10.52,0,4.73,10.52,WEST,WEST,UHF/BNC HAND HELD RADIO ADAPT
1064002,BIMINI LOUNGER II,248.63,0,133.99,248.63,WEST,WEST,BIMINI LOUNGER II
106402,UHF T CONNECTOR,9.20,0,4.14,9.20,WEST,WEST,UHF T CONNECTOR
1064053,AIRHEAD BOSTON-VALVE PKG(2),15.10,0,8.14,15.10,WEST,WEST,AIRHEAD BOSTON-VALVE PKG(2)
1064118,FISHBOAT OB W/HOOD 115-124,514.61,0,277.33,514.61,WEST,WEST,FISHBOAT OB W/HOOD 115-124
1064126,FISHBOAT OB W/HOOD 125-134,531.26,0,286.31,531.26,WEST,WEST,FISHBOAT OB W/HOOD 125-134
1064134,FISHBOAT OB W/HOOD 135-144,628.32,0,338.62,628.32,WEST,WEST,FISHBOAT OB W/HOOD 135-144
1064142,FISHBOAT OB W/HOOD 145-154,683.88,0,368.56,683.88,WEST,WEST,FISHBOAT OB W/HOOD 145-154
1064169,FISHBOAT OB W/HOOD 155-164,717.03,0,386.42,717.03,WEST,WEST,FISHBOAT OB W/HOOD 155-164
1064177,FISHBOAT OB W/HOOD 165-174,795.86,0,428.90,795.86,WEST,WEST,FISHBOAT OB W/HOOD 165-174
1064185,FISHBOAT OB WO HOOD 115-124,442.45,0,238.45,442.45,WEST,WEST,FISHBOAT OB WO HOOD 115-124
1064193,FISHBOAT OB WO HOOD 125-134,451.42,0,243.28,451.42,WEST,WEST,FISHBOAT OB WO HOOD 125-134
1064207,FISHBOAT OB WO HOOD 135-144,557.10,0,300.23,557.10,WEST,WEST,FISHBOAT OB WO HOOD 135-144
1064215,FISHBOAT OB WO HOOD 145-154,592.73,0,319.44,592.73,WEST,WEST,FISHBOAT OB WO HOOD 145-154
1064223,INSHORE FISHING O/B 125-134,733.98,0,395.56,733.98,WEST,WEST,INSHORE FISHING O/B 125-134
1064231,INSHORE FISHING O/B 135-144,748.04,0,403.14,748.04,WEST,WEST,INSHORE FISHING O/B 135-144
1064258,INSHORE FISHING O/B 155-164,868.20,0,467.89,868.20,WEST,WEST,INSHORE FISHING O/B 155-164
1064266,INSHORE FISHING O/B 165-174,998.99,0,538.38,998.99,WEST,WEST,INSHORE FISHING O/B 165-174
1064274,INSHORE FISHING O/B 175-184,1054.81,0,568.46,1054.81,WEST,WEST,INSHORE FISHING O/B 175-184
1064282,V-HULL CUDDY I/O 225-234,1306.12,0,703.90,1306.12,WEST,WEST,V-HULL CUDDY I/O 225-234
106429,UHF CAP AND CHAIN,10.14,0,4.56,10.14,WEST,WEST,UHF CAP AND CHAIN
1064304,INFLATABLE  85-94,453.19,0,244.23,453.19,WEST,WEST,INFLATABLE  85-94
1064312,INFLATABLE  95-104,516.13,0,278.15,516.13,WEST,WEST,INFLATABLE  95-104
1064339,INFLATABLE 105-114,556.61,0,299.97,556.61,WEST,WEST,INFLATABLE 105-114
1064347,INFLATABLE 115-124,619.74,0,333.99,619.74,WEST,WEST,INFLATABLE 115-124
1064355,INFLATABLE 125-134,660.27,0,355.83,660.27,WEST,WEST,INFLATABLE 125-134
1064363,INFLATABLE 135-144,677.45,0,365.09,677.45,WEST,WEST,INFLATABLE 135-144
106437,S/S MICROPHONE CLIP,6.26,0,2.82,6.26,WEST,WEST,S/S MICROPHONE CLIP
1064371,INFLATABLE 145-154,718.00,0,386.95,718.00,WEST,WEST,INFLATABLE 145-154
1064398,INFLATABLE 155-164,758.48,0,408.76,758.48,WEST,WEST,INFLATABLE 155-164
1064401,SKI BOAT O/B 155-164,655.66,0,353.35,655.66,WEST,WEST,SKI BOAT O/B 155-164
1064428,V-HULL RUNABOUT O/B 195-204,1089.71,0,587.27,1089.71,WEST,WEST,V-HULL RUNABOUT O/B 195-204
1064436,V-HULL RUNABOUT I/O 195-204,1002.47,0,540.25,1002.47,WEST,WEST,V-HULL RUNABOUT I/O 195-204
106445,MOUNTING BRACKT ONLY F/B51-BLK,31.41,0,17.87,31.41,WEST,WEST,MOUNTING BRACKT ONLY F/B51-BLK
1064452,V-HULL RUNABOUT I/O 205-214,1048.53,0,565.07,1048.53,WEST,WEST,V-HULL RUNABOUT I/O 205-214
1064479,V-HULL RUNABOUT I/O 215-224,949.40,0,511.65,949.40,WEST,WEST,V-HULL RUNABOUT I/O 215-224
1064487,V-HULL RUNABOUT I/O 225-234,1004.56,0,541.38,1004.56,WEST,WEST,V-HULL RUNABOUT I/O 225-234
1064495,CNTR CONSOLE O/B 176-185,921.57,0,496.66,921.57,WEST,WEST,CNTR CONSOLE O/B 176-185
1064509,CNTR CONSOLE O/B 196-205,985.13,0,530.91,985.13,WEST,WEST,CNTR CONSOLE O/B 196-205
1064517,"METAL,PLASTIC & FG POLISH 50GR",22.19,0,11.96,22.19,WEST,WEST,"METAL,PLASTIC & FG POLISH 50GR"
1064525,V-HULL RUNABOUT O/B 135-144,652.70,0,351.76,652.70,WEST,WEST,V-HULL RUNABOUT O/B 135-144
106453,TOGGLE ON-OFF 15A,12.36,0,5.56,12.36,WEST,WEST,TOGGLE ON-OFF 15A
1064533,V-HULL RUNABOUT O/B 145-154,702.07,0,378.36,702.07,WEST,WEST,V-HULL RUNABOUT O/B 145-154
1064541,V-HULL RUNABOUT O/B 155-164,830.77,0,447.72,830.77,WEST,WEST,V-HULL RUNABOUT O/B 155-164
1064568,V-HULL RUNABOUT O/B 165-174,975.46,0,525.70,975.46,WEST,WEST,V-HULL RUNABOUT O/B 165-174
1064576,V-HULL RUNABOUT O/B 185-194,1075.48,0,579.60,1075.48,WEST,WEST,V-HULL RUNABOUT O/B 185-194
1064584,V-HULL RUNABOUT I/O 165-174,791.36,0,426.48,791.36,WEST,WEST,V-HULL RUNABOUT I/O 165-174
1064592,V-HULL RUNABOUT I/O 175-184,908.16,0,489.43,908.16,WEST,WEST,V-HULL RUNABOUT I/O 175-184
1064606,V-HULL RUNABOUT I/O 185-194,929.24,0,500.79,929.24,WEST,WEST,V-HULL RUNABOUT I/O 185-194
106461,CHR.ZINC PAD EYE 3/8,11.42,0,5.14,11.42,WEST,WEST,CHR.ZINC PAD EYE 3/8
1064614,V-HULL CUDDY I/O 195-204,1113.26,0,599.96,1113.26,WEST,WEST,V-HULL CUDDY I/O 195-204
1064622,"METAL,PLASTIC &FG POLISH 150GR",48.45,0,26.11,48.45,WEST,WEST,"METAL,PLASTIC &FG POLISH 150GR"
1064649,"METAL,PLASTIC &FG POLISH 906GR",117.84,0,63.50,117.84,WEST,WEST,"METAL,PLASTIC &FG POLISH 906GR"
1064657,SS&CHR CLEANER W/DEGREAS 473ML,26.22,0,14.13,26.22,WEST,WEST,SS&CHR CLEANER W/DEGREAS 473ML
1064762,MIDSIZE 3 SHVE ASSYM DECK ORG,84.45,0,63.21,84.45,WEST,WEST,MIDSIZE 3 SHVE ASSYM DECK ORG
1064789,FLAT WASHER-1 LOWER TOGGLE,14.76,0,11.05,14.76,WEST,WEST,FLAT WASHER-1 LOWER TOGGLE
1064827,CARIBBEAN 2 BURNER GAS STOVE,2889.04,0,1896.94,2889.04,WEST,WEST,CARIBBEAN 2 BURNER GAS STOVE
1064843,MEDITERRANEAN 3 BRNR GAS STOVE,3016.50,0,1980.63,3016.50,WEST,WEST,MEDITERRANEAN 3 BRNR GAS STOVE
1064851,CARIBBEAN BUILT-IN OPTION KIT,55.57,0,36.49,55.57,WEST,WEST,CARIBBEAN BUILT-IN OPTION KIT
1064878,MEDITERRANEAN BUILT-IN OPT.KIT,55.57,0,36.49,55.57,WEST,WEST,MEDITERRANEAN BUILT-IN OPT.KIT
106488,AGC 15A PANEL MOUNT FUSE HLDR,7.24,0,3.26,7.24,WEST,WEST,AGC 15A PANEL MOUNT FUSE HLDR
1064886,CAR/MED GIMBALLED OPTION KIT,49.41,0,32.44,49.41,WEST,WEST,CAR/MED GIMBALLED OPTION KIT
1064894,REPL.CARIBBEAN CUTTING BOARD,70.65,0,46.39,70.65,WEST,WEST,REPL.CARIBBEAN CUTTING BOARD
1064908,REP.MEDITERRANEAN CUTTING BRD,70.65,0,46.39,70.65,WEST,WEST,REP.MEDITERRANEAN CUTTING BRD
1064916,SPITFIRE MARINE BBQ NEW DESIGN,597.27,0,392.17,597.27,WEST,WEST,SPITFIRE MARINE BBQ NEW DESIGN
1064932,WASHER,22.91,0,13.74,22.91,WEST,WEST,WASHER
106496,POLARIZED CONNECTOR 2-WIRE,13.02,0,5.86,13.02,WEST,WEST,POLARIZED CONNECTOR 2-WIRE
1064983,(1) LED BULB 12V WEDGE BASE,10.89,0,5.87,10.89,WEST,WEST,(1) LED BULB 12V WEDGE BASE
1065122,S/S WIDE D SHACKLE-1/4,18.56,0,8.35,18.56,WEST,WEST,S/S WIDE D SHACKLE-1/4
1065173,2530-AMP CORD DUAL CONFIG,476.17,0,340.12,476.17,WEST,WEST,2530-AMP CORD DUAL CONFIG
1065181,5030-AMP CORD-DUAL CONFIG.,645.42,0,461.02,645.42,WEST,WEST,5030-AMP CORD-DUAL CONFIG.
1065211,ACTIVE COUPLER FOR F/R RECEPT,1051.88,0,876.57,1051.88,WEST,WEST,ACTIVE COUPLER FOR F/R RECEPT
106526,1/4-28 X 3/16 S/S SET SCREW,10.40,0,4.68,10.40,WEST,WEST,1/4-28 X 3/16 S/S SET SCREW
106534,CHR/ZINC ADJUST.ANTENNA BASE,104.40,0,46.98,104.40,WEST,WEST,CHR/ZINC ADJUST.ANTENNA BASE
106542,BILGE SWITCH W/CIRCUIT BREAKER,57.82,0,26.02,57.82,WEST,WEST,BILGE SWITCH W/CIRCUIT BREAKER
1065432,SINGLE MICRO BLOCK W/SHACKLE,27.34,0,20.46,27.34,WEST,WEST,SINGLE MICRO BLOCK W/SHACKLE
1065459,DOUBLE MICRO BLOCK (226A)NO PK,48.23,0,36.10,48.23,WEST,WEST,DOUBLE MICRO BLOCK (226A)NO PK
1065505,RDRPORT BCK PL 1ID 3-3/4SQ,68.79,0,37.07,68.79,WEST,WEST,RDRPORT BCK PL 1ID 3-3/4SQ
1065661,COVER NAVY CATALINA/PARTYKETTL,182.62,0,123.92,182.62,WEST,WEST,COVER NAVY CATALINA/PARTYKETTL
106569,ROCKER SWITCH ILLUM ON-OFF-ON,20.62,0,9.28,20.62,WEST,WEST,ROCKER SWITCH ILLUM ON-OFF-ON
106585,BRONZE SWIVEL EYE BOLT 5/8,22.20,0,9.99,22.20,WEST,WEST,BRONZE SWIVEL EYE BOLT 5/8
106607,BRONZE SWIVEL EYE BOLT 7/8,22.94,0,10.32,22.94,WEST,WEST,BRONZE SWIVEL EYE BOLT 7/8
106615,BRONZE SWIVEL EYE SNAP,19.80,0,8.91,19.80,WEST,WEST,BRONZE SWIVEL EYE SNAP
1066307,REPLACEMENT ELEMENT,87.61,0,53.64,87.61,WEST,WEST,REPLACEMENT ELEMENT
106631,S/S J/J SWIVEL 1/2,130.46,0,58.71,130.46,WEST,WEST,S/S J/J SWIVEL 1/2
106666,S/S DOOR HOOK 4,25.02,0,11.26,25.02,WEST,WEST,S/S DOOR HOOK 4
106674,NYLON OPEN BASE CLEAT-4BLACK,8.78,0,3.95,8.78,WEST,WEST,NYLON OPEN BASE CLEAT-4BLACK
106682,S/S U-BOLT 5/32X1-3/8,36.74,0,16.53,36.74,WEST,WEST,S/S U-BOLT 5/32X1-3/8
106704,S/S PAD EYE 5/16      (2/CRD),10.02,0,4.51,10.02,WEST,WEST,S/S PAD EYE 5/16      (2/CRD)
106712,S/S SNAP WITH EYE 2-3/8,7.58,0,3.41,7.58,WEST,WEST,S/S SNAP WITH EYE 2-3/8
106739,(100) 22-18 #8 HEAT SK.SPADE,89.71,0,48.35,89.71,WEST,WEST,(100) 22-18 #8 HEAT SK.SPADE
106747,AGC W/P 30A INLINE FUSE HLDR,32.32,0,14.54,32.32,WEST,WEST,AGC W/P 30A INLINE FUSE HLDR
1067575,28V 04A S4S8 BASE MIN BULB,5.44,0,2.93,5.44,WEST,WEST,28V 04A S4S8 BASE MIN BULB
1067818,TANG,3.52,0,2.64,3.52,WEST,WEST,TANG
1068024,SELOC PRO-1YR UNLIMITED ACCESS,1616.49,0,871.16,1616.49,WEST,WEST,SELOC PRO-1YR UNLIMITED ACCESS
1068156,PROPANE HOSE-60,71.16,0,38.35,71.16,WEST,WEST,PROPANE HOSE-60
1068164,PROWATT SW600W INVERTER,418.67,0,314.79,418.67,WEST,WEST,PROWATT SW600W INVERTER
1068172,PROWATT SW1000W INVERTER,598.09,0,449.69,598.09,WEST,WEST,PROWATT SW1000W INVERTER
1068199,PROWATT SW2000W INVERTER,879.53,0,661.30,879.53,WEST,WEST,PROWATT SW2000W INVERTER
1068229,"KIT, HD TK SPOUT AND CAP  970",39.80,0,21.45,39.80,WEST,WEST,"KIT, HD TK SPOUT AND CAP  970"
1068261,REPLACEMENT ROD HOLDER POST,12.96,0,7.37,12.96,WEST,WEST,REPLACEMENT ROD HOLDER POST
106828,DRAIN GASKET KIT 500/1000,23.28,0,15.05,23.28,WEST,WEST,DRAIN GASKET KIT 500/1000
1068326,ENAMEL GREY 750ML,81.65,0,44.00,81.65,WEST,WEST,ENAMEL GREY 750ML
1068334,15 RADOME W/2.2KW TRANSCEIVER,3508.94,0,2924.12,3508.94,WEST,WEST,15 RADOME W/2.2KW TRANSCEIVER
1068393,BLADE 747/757 BLK WHISPER,13.04,0,7.03,13.04,WEST,WEST,BLADE 747/757 BLK WHISPER
1068407,ZN SHAFT ANODE 4-1/2,175.00,0,94.31,175.00,WEST,WEST,ZN SHAFT ANODE 4-1/2
1068415,ZN SHAFT ANODE 5,170.19,0,91.72,170.19,WEST,WEST,ZN SHAFT ANODE 5
1068423,ZN SHAFT ANODE 5-1/2,183.22,0,98.74,183.22,WEST,WEST,ZN SHAFT ANODE 5-1/2
1068431,ZN SHAFT ANODE 6,188.89,0,101.80,188.89,WEST,WEST,ZN SHAFT ANODE 6
1068466,29MM CARBO BLOCK SINGLE SWIVEL,39.21,0,29.35,39.21,WEST,WEST,29MM CARBO BLOCK SINGLE SWIVEL
1068474,SWAGE STUD LH 1/2 TH 5/16WIRE,62.27,0,33.56,62.27,WEST,WEST,SWAGE STUD LH 1/2 TH 5/16WIRE
10685,7/16 UNIT 00 CLEVIS PIN ASSY,65.05,0,48.69,65.05,WEST,WEST,7/16 UNIT 00 CLEVIS PIN ASSY
1068504,SCREW,8.15,0,6.10,8.15,WEST,WEST,SCREW
1068539,VENTED LOOP 1 NPT BRZ,587.42,0,316.57,587.42,WEST,WEST,VENTED LOOP 1 NPT BRZ
1068571,AL STREAMLINE SHAFT 3/4,12.12,0,6.53,12.12,WEST,WEST,AL STREAMLINE SHAFT 3/4
1068598,MG STREAMLINE SHAFT 3/4,22.11,0,11.92,22.11,WEST,WEST,MG STREAMLINE SHAFT 3/4
1068601,AL STREAMLINE SHAFT 7/8,12.29,0,6.62,12.29,WEST,WEST,AL STREAMLINE SHAFT 7/8
1068628,MG STREAMLINE SHAFT 7/8,22.26,0,12.00,22.26,WEST,WEST,MG STREAMLINE SHAFT 7/8
1068644,AL STREAMLINE SHAFT 1-1/8,13.71,0,7.39,13.71,WEST,WEST,AL STREAMLINE SHAFT 1-1/8
1068652,MG STREAMLINE SHAFT 1-1/8,28.37,0,15.29,28.37,WEST,WEST,MG STREAMLINE SHAFT 1-1/8
1068679,AL STREAMLINE SHAFT 1-1/4,13.94,0,7.51,13.94,WEST,WEST,AL STREAMLINE SHAFT 1-1/4
1068717,DUAL ACT. POLISHER STARTER KIT,406.34,0,218.99,406.34,WEST,WEST,DUAL ACT. POLISHER STARTER KIT
1068725,V-HULL RUNABOUT I/O 175-184,856.09,0,512.63,856.09,WEST,WEST,V-HULL RUNABOUT I/O 175-184
1068733,18GA UNIV SOCKET 1W,2.20,0,1.25,2.20,WEST,WEST,18GA UNIV SOCKET 1W
1068792,THRU HULL W/O NUT BRZ,41.13,0,22.17,41.13,WEST,WEST,THRU HULL W/O NUT BRZ
1068806,THRU HULL 1 W/O NUT BRZ,59.00,0,31.80,59.00,WEST,WEST,THRU HULL 1 W/O NUT BRZ
1068814,THRU HULL 1-1/4 /O NUT BRZ,98.33,0,52.99,98.33,WEST,WEST,THRU HULL 1-1/4 /O NUT BRZ
1068822,THRU HULL 1-1/2 W/O NUT BRZ,126.94,0,68.41,126.94,WEST,WEST,THRU HULL 1-1/2 W/O NUT BRZ
1068849,FLANGED B VLV ADPTR 3/4 BRZ,97.31,0,52.44,97.31,WEST,WEST,FLANGED B VLV ADPTR 3/4 BRZ
1068857,FLANGED B VLV ADPTR 1.25 BRZ,120.11,0,64.73,120.11,WEST,WEST,FLANGED B VLV ADPTR 1.25 BRZ
1068865,FLANGED B VLV ADPTR 1.5 BRZ,153.56,0,82.75,153.56,WEST,WEST,FLANGED B VLV ADPTR 1.5 BRZ
1068873,RC8 SHAFT ASSY 254DMC,575.20,0,391.29,575.20,WEST,WEST,RC8 SHAFT ASSY 254DMC
1068903,AL STREAMLINE SHAFT 1-3/8,17.70,0,9.54,17.70,WEST,WEST,AL STREAMLINE SHAFT 1-3/8
1068911,MG STREAMLINE SHAFT 1-3/8,42.23,0,22.76,42.23,WEST,WEST,MG STREAMLINE SHAFT 1-3/8
1068938,AL STREAMLINE SHAFT 1-1/2,18.07,0,9.74,18.07,WEST,WEST,AL STREAMLINE SHAFT 1-1/2
1068946,MG STREAMLINE SHAFT 1-1/2,38.74,0,20.88,38.74,WEST,WEST,MG STREAMLINE SHAFT 1-1/2
1068954,AL STREAMLINE SHAFT 1-3/4,33.08,0,17.83,33.08,WEST,WEST,AL STREAMLINE SHAFT 1-3/4
1068962,MG STREAMLINE SHAFT 1-3/4,60.02,0,32.35,60.02,WEST,WEST,MG STREAMLINE SHAFT 1-3/4
1068989,AL STREAMLINE SHAFT 2,30.76,0,16.58,30.76,WEST,WEST,AL STREAMLINE SHAFT 2
1068997,MG STREAMLINE SHAFT 2,66.33,0,35.75,66.33,WEST,WEST,MG STREAMLINE SHAFT 2
1069012,AL RUDDER ANODE 1-7/8,6.66,0,3.59,6.66,WEST,WEST,AL RUDDER ANODE 1-7/8
1069047,MG RUDDER ANODE 1-7/8,8.60,0,4.63,8.60,WEST,WEST,MG RUDDER ANODE 1-7/8
1069055,AL RUDDER ANODE 2-13/16,11.76,0,6.34,11.76,WEST,WEST,AL RUDDER ANODE 2-13/16
1069063,AL RUDDER ANODE 3-3/4,16.12,0,8.68,16.12,WEST,WEST,AL RUDDER ANODE 3-3/4
1069071,MG RUDDER ANODE 3-3/4,37.88,0,20.41,37.88,WEST,WEST,MG RUDDER ANODE 3-3/4
1069098,AL RUDDER ANODE 5,32.60,0,17.57,32.60,WEST,WEST,AL RUDDER ANODE 5
1069101,MG RUDDER ANODE 5,72.54,0,39.10,72.54,WEST,WEST,MG RUDDER ANODE 5
1069128,AL RUDDER ANODE 5-1/8,51.44,0,27.72,51.44,WEST,WEST,AL RUDDER ANODE 5-1/8
1069136,MG RUDDER ANODE 5-1/8,104.73,0,56.44,104.73,WEST,WEST,MG RUDDER ANODE 5-1/8
1069187,AL OMC SMALL BLOCK ANODE,12.12,0,6.53,12.12,WEST,WEST,AL OMC SMALL BLOCK ANODE
1069195,AL OMC ANODE,12.68,0,6.83,12.68,WEST,WEST,AL OMC ANODE
1069209,MG OMC ANODE,12.76,0,6.88,12.76,WEST,WEST,MG OMC ANODE
1069217,AL OMC WAFFLE BAR,14.01,0,7.55,14.01,WEST,WEST,AL OMC WAFFLE BAR
1069225,MG OMC WAFFLE BAR,21.03,0,11.33,21.03,WEST,WEST,MG OMC WAFFLE BAR
1069233,AL OMC ANODE,13.94,0,7.51,13.94,WEST,WEST,AL OMC ANODE
1069241,MG OMC ANODE,17.79,0,9.58,17.79,WEST,WEST,MG OMC ANODE
1069268,AL OMC ANODE,15.65,0,8.43,15.65,WEST,WEST,AL OMC ANODE
1069276,MG OMC ANODE,21.21,0,11.43,21.21,WEST,WEST,MG OMC ANODE
1069284,AL OMC DONUT,17.25,0,9.30,17.25,WEST,WEST,AL OMC DONUT
1069292,MG OMC DONUT,26.59,0,14.33,26.59,WEST,WEST,MG OMC DONUT
1069306,AL OMC CURVED BLOCK,16.90,0,9.11,16.90,WEST,WEST,AL OMC CURVED BLOCK
1069314,MG OMC CURVED BLOCK,19.47,0,10.49,19.47,WEST,WEST,MG OMC CURVED BLOCK
1069322,AL OMC HORSESHOE  ANODE,28.37,0,15.29,28.37,WEST,WEST,AL OMC HORSESHOE  ANODE
1069349,MG OMC HORSESHOE  ANODE,34.42,0,18.55,34.42,WEST,WEST,MG OMC HORSESHOE  ANODE
1069357,AL OMC BLOCK ANODE,35.79,0,19.29,35.79,WEST,WEST,AL OMC BLOCK ANODE
1069365,MG OMC BLOCK ANODE,38.08,0,20.52,38.08,WEST,WEST,MG OMC BLOCK ANODE
1069373,ZN MERC ALPHA GENII ANODE KIT,102.91,0,55.46,102.91,WEST,WEST,ZN MERC ALPHA GENII ANODE KIT
1069381,ZN MERCRUISER BRAVO 1 KIT,91.42,0,49.27,91.42,WEST,WEST,ZN MERCRUISER BRAVO 1 KIT
1069403,ZN MERCURY BRAVO 2/3 KIT,86.11,0,46.40,86.11,WEST,WEST,ZN MERCURY BRAVO 2/3 KIT
1069446,ZN MERC 04+ BRAVO 3 KIT,97.06,0,52.31,97.06,WEST,WEST,ZN MERC 04+ BRAVO 3 KIT
1069454,AL YAMAHA  225-250HP SKEG,35.44,0,19.10,35.44,WEST,WEST,AL YAMAHA  225-250HP SKEG
1069489,SPIN-LOK REPL. MOUNTING RING,27.69,0,16.58,27.69,WEST,WEST,SPIN-LOK REPL. MOUNTING RING
1069535,NYLON 5-SWITCH PANEL W/SOCKET,107.72,0,48.47,107.72,WEST,WEST,NYLON 5-SWITCH PANEL W/SOCKET
1069543,BUFF MAGIC COMPOUNDING PAD-2PK,45.99,0,24.79,45.99,WEST,WEST,BUFF MAGIC COMPOUNDING PAD-2PK
1069551,PRO POLISH PAD 6-1/2 2-PK,47.61,0,25.66,47.61,WEST,WEST,PRO POLISH PAD 6-1/2 2-PK
1069608,DELTA HOOK 13/32,63.24,0,33.33,63.24,WEST,WEST,DELTA HOOK 13/32
1069624,60X3/8 FEM. FLARE END HOSE,367.48,0,198.04,367.48,WEST,WEST,60X3/8 FEM. FLARE END HOSE
1069659,TELESCOPING DECK BRUSH KIT BLU,127.15,0,68.53,127.15,WEST,WEST,TELESCOPING DECK BRUSH KIT BLU
1069667,EXTEND-A-BRUSH 12-PC DISPLAY,1525.38,0,822.06,1525.38,WEST,WEST,EXTEND-A-BRUSH 12-PC DISPLAY
1069713,MG YAMAHA  225-250HP SKEG,51.47,0,27.74,51.47,WEST,WEST,MG YAMAHA  225-250HP SKEG
1069721,AL YAMAHA SKEG 1995-98,27.07,0,14.59,27.07,WEST,WEST,AL YAMAHA SKEG 1995-98
1069748,AL HONDA/YAMAHA 41107-ZV5-000,12.99,0,7.00,12.99,WEST,WEST,AL HONDA/YAMAHA 41107-ZV5-000
106976,UNIT 0 LOWER TOGGLE 3/8,296.17,0,221.69,296.17,WEST,WEST,UNIT 0 LOWER TOGGLE 3/8
1069764,AL YAMAHA BUTTON,11.26,0,6.07,11.26,WEST,WEST,AL YAMAHA BUTTON
1069772,MG YAMAHA BUTTON,13.24,0,7.14,13.24,WEST,WEST,MG YAMAHA BUTTON
1069861,AL YAMAHA TRIM TAB ANODE,23.31,0,12.56,23.31,WEST,WEST,AL YAMAHA TRIM TAB ANODE
1069888,AL YAMAHA SMALL BLOCK ANODE,14.20,0,7.65,14.20,WEST,WEST,AL YAMAHA SMALL BLOCK ANODE
1069896,MG YAMAHA SMALL BLOCK ANODE,16.83,0,9.07,16.83,WEST,WEST,MG YAMAHA SMALL BLOCK ANODE
1069926,AL YAMAHA  SMALL BLOCK,14.78,0,7.96,14.78,WEST,WEST,AL YAMAHA  SMALL BLOCK
1069934,MG YAMAHA  SMALL BLOCK,19.04,0,10.26,19.04,WEST,WEST,MG YAMAHA  SMALL BLOCK
1069969,AL YAMAHA  SKEG ANODE,22.31,0,12.02,22.31,WEST,WEST,AL YAMAHA  SKEG ANODE
1069977,MG YAMAHA  SKEG ANODE,48.46,0,26.12,48.46,WEST,WEST,MG YAMAHA  SKEG ANODE
1069985,AL YAMAHA  HANDLEBAR,23.05,0,12.42,23.05,WEST,WEST,AL YAMAHA  HANDLEBAR
1069993,MG YAMAHA  HANDLEBAR,49.08,0,26.45,49.08,WEST,WEST,MG YAMAHA  HANDLEBAR
1070002,AL YAMAHA BAR ANODE,16.93,0,9.13,16.93,WEST,WEST,AL YAMAHA BAR ANODE
1070029,MG YAMAHA BAR ANODE,27.49,0,14.81,27.49,WEST,WEST,MG YAMAHA BAR ANODE
1070037,AL YAMAHA SKEG ANODE,32.21,0,17.36,32.21,WEST,WEST,AL YAMAHA SKEG ANODE
1070045,AL YAMAHA  C/R SKEG ANOD,22.31,0,12.02,22.31,WEST,WEST,AL YAMAHA  C/R SKEG ANOD
1070053,MG YAMAHA  C/R SKEG ANOD,32.10,0,17.30,32.10,WEST,WEST,MG YAMAHA  C/R SKEG ANOD
1070061,AL YAMAHA  C/R ANODE,32.21,0,17.36,32.21,WEST,WEST,AL YAMAHA  C/R ANODE
1070088,MG YAMAHA  C/R ANODE,35.42,0,19.09,35.42,WEST,WEST,MG YAMAHA  C/R ANODE
1070096,AL YAM. 150HP COUNTER ROT KIT,54.02,0,29.11,54.02,WEST,WEST,AL YAM. 150HP COUNTER ROT KIT
1070118,AL YAMAHA 200/250 HP KIT,55.13,0,29.71,55.13,WEST,WEST,AL YAMAHA 200/250 HP KIT
1070126,AL YAMAHA 150HP KIT,52.87,0,28.49,52.87,WEST,WEST,AL YAMAHA 150HP KIT
1070142,AL YAMAHA 200-300HP PERF KIT,54.89,0,29.58,54.89,WEST,WEST,AL YAMAHA 200-300HP PERF KIT
107026,COVER FOR #2702,29.49,0,15.89,29.49,WEST,WEST,COVER FOR #2702
1070711,CHARGE MATE 2502,672.83,0,498.39,672.83,WEST,WEST,CHARGE MATE 2502
1070754,VIPER 3 SPOKE STEERING WHEEL,371.78,0,200.36,371.78,WEST,WEST,VIPER 3 SPOKE STEERING WHEEL
1070762,MOUNT DUAL VRT EXTD SQ RAIL2.5,197.12,0,133.76,197.12,WEST,WEST,MOUNT DUAL VRT EXTD SQ RAIL2.5
1070789,MOUNT DUAL VRT EXTD SQ RAIL4.5,197.12,0,133.76,197.12,WEST,WEST,MOUNT DUAL VRT EXTD SQ RAIL4.5
1070835,BKT-57MM CARBO,3.61,0,2.70,3.61,WEST,WEST,BKT-57MM CARBO
1070843,CLEVIS PIN-3/16in MED (HSB22),4.19,0,3.14,4.19,WEST,WEST,CLEVIS PIN-3/16in MED (HSB22)
1070916,DISPLAY MOUNTING KNOB-NEED 2,25.72,0,21.43,25.72,WEST,WEST,DISPLAY MOUNTING KNOB-NEED 2
1070967,LOW FREEBOARD FENDER RED,77.22,0,41.62,77.22,WEST,WEST,LOW FREEBOARD FENDER RED
1071017,BIMINI ULTRA 6x42 73-78W,1538.87,0,829.33,1538.87,WEST,WEST,BIMINI ULTRA 6x42 73-78W
1071106,S/S CLEVIS PIN 16 X 34MM,31.51,0,16.98,31.51,WEST,WEST,S/S CLEVIS PIN 16 X 34MM
1071114,SB112 LAMINTNG.EPOXY 1.5QT KIT,199.57,0,113.52,199.57,WEST,WEST,SB112 LAMINTNG.EPOXY 1.5QT KIT
1072196,PADEYE BASE RND MED ROMEVABLE,2471.07,0,1849.60,2471.07,WEST,WEST,PADEYE BASE RND MED ROMEVABLE
1072218,AWLGRIP TOREADOR RED,969.99,0,521.50,969.99,WEST,WEST,AWLGRIP TOREADOR RED
1072269,12V DASH SOCKET ONLY,22.09,0,11.91,22.09,WEST,WEST,12V DASH SOCKET ONLY
1072277,12V EXTENSION PLUG & SOCKET,57.21,0,30.83,57.21,WEST,WEST,12V EXTENSION PLUG & SOCKET
1072285,SOCKET MOUNTING BRACKET,14.48,0,7.80,14.48,WEST,WEST,SOCKET MOUNTING BRACKET
1072293,12V PLUG & DASH SOCKET KIT,40.98,0,22.09,40.98,WEST,WEST,12V PLUG & DASH SOCKET KIT
10723,GRN STANDARD FAIRLEAD MP-1920,11.04,0,8.26,11.04,WEST,WEST,GRN STANDARD FAIRLEAD MP-1920
1072307,POWER POST 2X3/8 STUDS,42.12,0,22.70,42.12,WEST,WEST,POWER POST 2X3/8 STUDS
1072315,FUSEBLOCK TERM DBL 30-300AMP,82.06,0,44.23,82.06,WEST,WEST,FUSEBLOCK TERM DBL 30-300AMP
1072323,TERMINAL FUSE 40-AMP,30.41,0,16.39,30.41,WEST,WEST,TERMINAL FUSE 40-AMP
1072331,TERMINAL FUSE 60-AMP,33.05,0,17.81,33.05,WEST,WEST,TERMINAL FUSE 60-AMP
1072358,TERMINAL FUSE 75-AMP,33.05,0,17.81,33.05,WEST,WEST,TERMINAL FUSE 75-AMP
1072366,36 LED Anchor/Masthead Light,257.38,0,138.71,257.38,WEST,WEST,36 LED Anchor/Masthead Light
1072374,TERMINAL FUSE 90-AMP,33.05,0,17.81,33.05,WEST,WEST,TERMINAL FUSE 90-AMP
1072382,TERMINAL FUSE 150-AMP,33.05,0,17.81,33.05,WEST,WEST,TERMINAL FUSE 150-AMP
107239,LVRD VENT 2X153/8 BK VENTURI,59.60,0,32.12,59.60,WEST,WEST,LVRD VENT 2X153/8 BK VENTURI
1072412,PUSH BUTTON BREAKER 20A,107.38,0,57.87,107.38,WEST,WEST,PUSH BUTTON BREAKER 20A
1072439,PUSH BUTTON BREAKER 30A,107.38,0,57.87,107.38,WEST,WEST,PUSH BUTTON BREAKER 30A
1072447,PUSH BUTTON BREAKER 40A,107.38,0,57.87,107.38,WEST,WEST,PUSH BUTTON BREAKER 40A
1072498,TFXTREME 3300 CNTRL CABLE 32,257.91,0,139.00,257.91,WEST,WEST,TFXTREME 3300 CNTRL CABLE 32
1072528,25W40 SYN BLEND OIL 55-GAL,4332.76,0,2335.02,4332.76,WEST,WEST,25W40 SYN BLEND OIL 55-GAL
1072625,ZN 30MM BENETEAU ZINC ONLY,37.09,0,19.99,37.09,WEST,WEST,ZN 30MM BENETEAU ZINC ONLY
1072633,TFXTREME OMC CNTRL CABLE 11,145.16,0,78.23,145.16,WEST,WEST,TFXTREME OMC CNTRL CABLE 11
1072676,PADEYE TOP REMOVABLE-GLASBLAST,1471.45,0,1101.39,1471.45,WEST,WEST,PADEYE TOP REMOVABLE-GLASBLAST
1072684,DECKCUP REMOVABLE-GLASSBLAST,1006.14,0,753.10,1006.14,WEST,WEST,DECKCUP REMOVABLE-GLASSBLAST
1072749,MID CBL.DBL-END CORDSET-4M BLU,81.63,0,65.30,81.63,WEST,WEST,MID CBL.DBL-END CORDSET-4M BLU
1072757,MID CBL.DBL-END CORDSET-8M BLU,103.88,0,83.10,103.88,WEST,WEST,MID CBL.DBL-END CORDSET-8M BLU
1072765,GASOLINE TANK LEVEL MONITOR,408.08,0,326.46,408.08,WEST,WEST,GASOLINE TANK LEVEL MONITOR
1072773,V-HULL RUNABOUT I/O 235-244,1190.63,0,641.65,1190.63,WEST,WEST,V-HULL RUNABOUT I/O 235-244
1072803,SAFE-T QC SGL TILT DASH MODULE,609.97,0,328.72,609.97,WEST,WEST,SAFE-T QC SGL TILT DASH MODULE
1072811,"ORING,ARG-2500-S",12.17,0,6.56,12.17,WEST,WEST,"ORING,ARG-2500-S"
1072838,SIGHT GLASS SD-2500 8X12.5,1185.78,0,639.04,1185.78,WEST,WEST,SIGHT GLASS SD-2500 8X12.5
1072897,ASSY/RADOME UPPER 1623 FORMER,359.77,0,299.81,359.77,WEST,WEST,ASSY/RADOME UPPER 1623 FORMER
1072919,NO DAMP ULTRA DOME 24OZ,45.98,0,24.78,45.98,WEST,WEST,NO DAMP ULTRA DOME 24OZ
1072927,"KIT, BASE 4806 PLUGIN COMP.24V",2195.67,0,1183.29,2195.67,WEST,WEST,"KIT, BASE 4806 PLUGIN COMP.24V"
10731,RED STANDARD FAIRLEAD MP-1922,11.04,0,8.26,11.04,WEST,WEST,RED STANDARD FAIRLEAD MP-1922
1073109,SPARE AMBER LENS,60.70,0,32.71,60.70,WEST,WEST,SPARE AMBER LENS
1073133,TLM-10 OPERATOR PANEL ASSY,1153.85,0,621.84,1153.85,WEST,WEST,TLM-10 OPERATOR PANEL ASSY
1073168,FAUCET MIXING BRIDGE,158.48,0,85.41,158.48,WEST,WEST,FAUCET MIXING BRIDGE
1073176,20 AMP 24V BATTERY CHARGER,3305.88,0,1781.61,3305.88,WEST,WEST,20 AMP 24V BATTERY CHARGER
1073206,GAS SPRING 12.04-8.46BALL MT,27.16,0,18.30,27.16,WEST,WEST,GAS SPRING 12.04-8.46BALL MT
1073338,GAS SPRING 20-12BLADE MT,36.46,0,19.65,36.46,WEST,WEST,GAS SPRING 20-12BLADE MT
1073362,LCC-1 COLLAR MACH & ANOD,340.85,0,179.19,340.85,WEST,WEST,LCC-1 COLLAR MACH & ANOD
1073397,H/W MARINE EXHAUST/WATER HOSE,15.00,0,8.08,15.00,WEST,WEST,H/W MARINE EXHAUST/WATER HOSE
1073419,H/W MARINE EXHAUST/WATER HOSE,15.63,0,8.42,15.63,WEST,WEST,H/W MARINE EXHAUST/WATER HOSE
1073427,CLAMP FOR 476 ANTENNA,339.54,0,182.99,339.54,WEST,WEST,CLAMP FOR 476 ANTENNA
1073516,RSO-250-EF STRUT END O/B,330.79,0,173.90,330.79,WEST,WEST,RSO-250-EF STRUT END O/B
1073559,EDL16C LOW PROFILE 230V,5327.77,0,3751.95,5327.77,WEST,WEST,EDL16C LOW PROFILE 230V
1073605,2-SP ST WINCH ALUM/COMP.CB/DRM,16464.56,0,12323.78,16464.56,WEST,WEST,2-SP ST WINCH ALUM/COMP.CB/DRM
1073729,ALUM.RADIAL 1-SPD ST WINCH,585.97,0,523.19,585.97,WEST,WEST,ALUM.RADIAL 1-SPD ST WINCH
1073737,CHROME RADIAL 1-SPD ST WINCH,708.09,0,632.23,708.09,WEST,WEST,CHROME RADIAL 1-SPD ST WINCH
1073745,ALUM.RADIAL 2-SPD ST WINCH,1053.40,0,940.54,1053.40,WEST,WEST,ALUM.RADIAL 2-SPD ST WINCH
1073753,BLACK PUSH BUTTON HANDLE,148.36,0,79.96,148.36,WEST,WEST,BLACK PUSH BUTTON HANDLE
1073761,CHROME RADIAL 2-SPD ST WINCH,1167.84,0,1042.71,1167.84,WEST,WEST,CHROME RADIAL 2-SPD ST WINCH
1073788,CHROME RADIAL 2-SPD ST WINCH,1281.91,0,1144.56,1281.91,WEST,WEST,CHROME RADIAL 2-SPD ST WINCH
1073796,ALUM.RADIAL 2-SPD ST WINCH,1724.95,0,1540.14,1724.95,WEST,WEST,ALUM.RADIAL 2-SPD ST WINCH
1073818,CHROME RADIAL 2-SPD ST WINCH,1971.52,0,1760.29,1971.52,WEST,WEST,CHROME RADIAL 2-SPD ST WINCH
1073826,ALUM.RADIAL 2-SPD ST WINCH,2569.31,0,2294.03,2569.31,WEST,WEST,ALUM.RADIAL 2-SPD ST WINCH
1073834,CHROME RADIAL 2-SPD ST WINCHRM,2970.13,0,2651.90,2970.13,WEST,WEST,CHROME RADIAL 2-SPD ST WINCHRM
1073842,ALUM.RADIAL 2-SPD ST WINCH,4542.79,0,4056.06,4542.79,WEST,WEST,ALUM.RADIAL 2-SPD ST WINCH
1073869,CHROME RADIAL 2-SPD ST WINCH,4916.27,0,4389.53,4916.27,WEST,WEST,CHROME RADIAL 2-SPD ST WINCH
1073893,ALUM.RADIAL 2-SPD ST WINCH,6485.00,0,5790.18,6485.00,WEST,WEST,ALUM.RADIAL 2-SPD ST WINCH
1073907,CHROME RADIAL 2-SPD ST WINCH,6879.39,0,6142.31,6879.39,WEST,WEST,CHROME RADIAL 2-SPD ST WINCH
1073915,ALUM.RADIAL 3-SPD ST WINCH,7571.33,0,6760.11,7571.33,WEST,WEST,ALUM.RADIAL 3-SPD ST WINCH
1073923,CHROME RADIAL 3-SPD ST WINCH,7986.80,0,7131.08,7986.80,WEST,WEST,CHROME RADIAL 3-SPD ST WINCH
1073931,2-SPD ST WINCH ALUM/COMPOSITE,15448.74,0,11563.43,15448.74,WEST,WEST,2-SPD ST WINCH ALUM/COMPOSITE
1073966,3-SPD ST WINCH ALUM/COMPOSITE,17274.51,0,12930.03,17274.51,WEST,WEST,3-SPD ST WINCH ALUM/COMPOSITE
1073974,3-SP ST WINCH ALUM/COMP.CB/DRM,18325.80,0,13716.91,18325.80,WEST,WEST,3-SP ST WINCH ALUM/COMP.CB/DRM
1074016,MAGNETIC DRAIN PLUG,30.64,0,16.56,30.64,WEST,WEST,MAGNETIC DRAIN PLUG
1074032,AIR CONDITIONER LABEL,5.33,0,3.19,5.33,WEST,WEST,AIR CONDITIONER LABEL
1074059,AIR CONDIT PUMP LABEL,5.33,0,3.19,5.33,WEST,WEST,AIR CONDIT PUMP LABEL
1074067,ANCHOR LIGHT LABEL,5.33,0,3.19,5.33,WEST,WEST,ANCHOR LIGHT LABEL
107409,SPLIT BRACKETS,29.76,0,16.04,29.76,WEST,WEST,SPLIT BRACKETS
1074091,BOW THRUSTER LABEL,5.33,0,3.19,5.33,WEST,WEST,BOW THRUSTER LABEL
1074105,DECK LIGHTS LABEL,5.33,0,3.19,5.33,WEST,WEST,DECK LIGHTS LABEL
1074113,ENTERTAINMENT CENTER LABEL,5.33,0,3.19,5.33,WEST,WEST,ENTERTAINMENT CENTER LABEL
1074121,HEAD LABEL,5.33,0,3.19,5.33,WEST,WEST,HEAD LABEL
1074156,LIGHTS LABEL,5.33,0,3.19,5.33,WEST,WEST,LIGHTS LABEL
1074164,NAV ELECTRONICS LABEL,5.33,0,3.19,5.33,WEST,WEST,NAV ELECTRONICS LABEL
1074237,TRI-COLOR LIGHT LABEL,5.33,0,3.19,5.33,WEST,WEST,TRI-COLOR LIGHT LABEL
1074253,WATER HEATER LABEL,5.33,0,3.19,5.33,WEST,WEST,WATER HEATER LABEL
1076043,OMC COIL                   DSO,108.57,0,58.66,108.57,WEST,WEST,OMC COIL                   DSO
1076086,OMC COIL                   DSO,65.00,0,35.12,65.00,WEST,WEST,OMC COIL                   DSO
1076124,OMC COIL                   DSO,81.38,0,43.97,81.38,WEST,WEST,OMC COIL                   DSO
1076973,SYNTH.TC-W3 2-CYCLE OIL-GAL,127.45,0,68.69,127.45,WEST,WEST,SYNTH.TC-W3 2-CYCLE OIL-GAL
1077201,OIL FILTER WRENCH,33.30,0,17.95,33.30,WEST,WEST,OIL FILTER WRENCH
1077643,SPECTRA WAKEBOARD ROPE,165.61,0,89.25,165.61,WEST,WEST,SPECTRA WAKEBOARD ROPE
1081667,BIG B ROPE LOCK (3/PK),36.59,0,19.72,36.59,WEST,WEST,BIG B ROPE LOCK (3/PK)
1081705,3/8 X72 BRAIDED ROPE BLK PR,40.66,0,21.91,40.66,WEST,WEST,3/8 X72 BRAIDED ROPE BLK PR
1084267,ZINC QUICK DISCONNECT,12.82,0,8.72,12.82,WEST,WEST,ZINC QUICK DISCONNECT
1084879,OIL EXTRACTION,938.92,0,507.30,938.92,WEST,WEST,OIL EXTRACTION
1086111,OIL FILTER,14.68,0,7.93,14.68,WEST,WEST,OIL FILTER
1090402,CHAFE GUARD-0 CARBO RACE FOIL,101.84,0,76.23,101.84,WEST,WEST,CHAFE GUARD-0 CARBO RACE FOIL
1096028,4709 TOILET LVR STD 12V WHITE,3381.56,0,2254.37,3381.56,WEST,WEST,4709 TOILET LVR STD 12V WHITE
1096044,4707 TOILET LVR STD 24V WHITE,3381.56,0,2254.37,3381.56,WEST,WEST,4707 TOILET LVR STD 24V WHITE
1096885,FOIL ONLY FOR 7001.12M,1054.77,0,789.50,1054.77,WEST,WEST,FOIL ONLY FOR 7001.12M
1098063,IMMERSION TEMP PROBE,200.34,0,160.27,200.34,WEST,WEST,IMMERSION TEMP PROBE
1098071,KEY FLOAT-WHITE,5.68,0,3.06,5.68,WEST,WEST,KEY FLOAT-WHITE
1098144,1/4 XLE PERFORMER - SIL/2RED,0.78,0,0.43,0.78,WEST,WEST,1/4 XLE PERFORMER - SIL/2RED
1098152,5/16 XLE PERFORMER - SIL/2RED,0.97,0,0.53,0.97,WEST,WEST,5/16 XLE PERFORMER - SIL/2RED
1098179,3/8 XLE PERFORMER - SIL/2RED,1.29,0,0.70,1.29,WEST,WEST,3/8 XLE PERFORMER - SIL/2RED
1098187,7/16 XLE PERFORMER - SIL/2RED,1.50,0,0.82,1.50,WEST,WEST,7/16 XLE PERFORMER - SIL/2RED
1098225,AMSTEEL GRY SK-78 DYNEEMA,1.97,0,1.06,1.97,WEST,WEST,AMSTEEL GRY SK-78 DYNEEMA
1098233,IMPELLER REPAIR KIT,111.06,0,60.00,111.06,WEST,WEST,IMPELLER REPAIR KIT
1098241,ULTRA SHRINK JET HEAT GUN,213.73,0,115.18,213.73,WEST,WEST,ULTRA SHRINK JET HEAT GUN
1098276,BOOMKICKER 25-27,860.38,0,489.44,860.38,WEST,WEST,BOOMKICKER 25-27
1098284,3/8-24 RHx5-1/2 XL STUD1/4W MS,99.43,0,50.61,99.43,WEST,WEST,3/8-24 RHx5-1/2 XL STUD1/4W MS
1098314,TFXTREME 4300BC CTRL CBLE 25,385.09,0,207.53,385.09,WEST,WEST,TFXTREME 4300BC CTRL CBLE 25
1098322,STOPPER KNOB,26.39,0,19.75,26.39,WEST,WEST,STOPPER KNOB
1098349,CHAIN GRIPPER PLATE,98.08,0,44.14,98.08,WEST,WEST,CHAIN GRIPPER PLATE
1098365,VOLTMETER MICRO ACO-250,88.18,0,47.52,88.18,WEST,WEST,VOLTMETER MICRO ACO-250
1098373,3S/S FLUE PIPE RAIN LID,37.65,0,24.72,37.65,WEST,WEST,3S/S FLUE PIPE RAIN LID
1098381,VERNATONE 6I/OVRTOVL9W15H42.5L,2583.37,0,1392.24,2583.37,WEST,WEST,VERNATONE 6I/OVRTOVL9W15H42.5L
109843,SEAT SLIDE,372.33,0,200.65,372.33,WEST,WEST,SEAT SLIDE
1098535,SPRING,39.82,0,27.09,39.82,WEST,WEST,SPRING
1098551,DISC SPRING,107.12,0,72.87,107.12,WEST,WEST,DISC SPRING
1098608,FUEL VALVE 6 PORT L FLOW,410.47,0,221.21,410.47,WEST,WEST,FUEL VALVE 6 PORT L FLOW
1098659,S/S NEAT CLEAT 8,281.56,0,151.74,281.56,WEST,WEST,S/S NEAT CLEAT 8
1098691,GAS SPRING 28-16.5BALL MT,52.09,0,28.07,52.09,WEST,WEST,GAS SPRING 28-16.5BALL MT
1098705,TILLER EXTENSION BASE 1-3/4,15.26,0,11.43,15.26,WEST,WEST,TILLER EXTENSION BASE 1-3/4
1098713,DKTGL SMTH L TBKL1/4-28T3/161W,85.24,0,43.38,85.24,WEST,WEST,DKTGL SMTH L TBKL1/4-28T3/161W
1098721,DECKO DKTGL TBKL 1/4P 3/16W MS,74.68,0,38.01,74.68,WEST,WEST,DECKO DKTGL TBKL 1/4P 3/16W MS
1098756,AWLGRIP-ATTESSA IV WHITE,629.07,0,338.21,629.07,WEST,WEST,AWLGRIP-ATTESSA IV WHITE
1098764,TFXTREME 6400BC CABLE  7,448.80,0,241.87,448.80,WEST,WEST,TFXTREME 6400BC CABLE  7
1098837,P/BOX 7/8SHAFT1-3/4HOS,258.63,0,139.38,258.63,WEST,WEST,P/BOX 7/8SHAFT1-3/4HOS
1098845,CPLNG FLANGE 4X7/8SHFT SLD HUB,262.09,0,141.25,262.09,WEST,WEST,CPLNG FLANGE 4X7/8SHFT SLD HUB
109886,4 HANGER PEGS        (25),33.07,0,18.81,33.07,WEST,WEST,4 HANGER PEGS        (25)
1098888,5/850/50 GOLD/WHITE DB NYLON,2778.05,0,1497.15,2778.05,WEST,WEST,5/850/50 GOLD/WHITE DB NYLON
1098934,DIS HULL TANK ADAPTER 1.5NPT,96.45,0,77.16,96.45,WEST,WEST,DIS HULL TANK ADAPTER 1.5NPT
109894,6 HANGER PEGS        (25),48.60,0,27.64,48.60,WEST,WEST,6 HANGER PEGS        (25)
1098942,GATEEYE5/16-24X2-1/2 RHSTUD MS,58.67,0,29.86,58.67,WEST,WEST,GATEEYE5/16-24X2-1/2 RHSTUD MS
1098977,ELBOW 1.75 45*,119.34,0,64.31,119.34,WEST,WEST,ELBOW 1.75 45*
1099051,SUPPORT BRKTO/B PVT CYL NOTPRO,161.99,0,107.99,161.99,WEST,WEST,SUPPORT BRKTO/B PVT CYL NOTPRO
1099078,12 SS  FOLDING LED MAST LIGHT,279.47,0,150.61,279.47,WEST,WEST,12 SS  FOLDING LED MAST LIGHT
109908,5X 22 S.S.STOVE PIPE,75.56,0,49.61,75.56,WEST,WEST,5X 22 S.S.STOVE PIPE
1099094,13 SNAP LOCK PEDESTAL,91.18,0,49.14,91.18,WEST,WEST,13 SNAP LOCK PEDESTAL
1099108,RUDDER REF UNIT NAVPILOT,627.59,0,522.99,627.59,WEST,WEST,RUDDER REF UNIT NAVPILOT
1099124,BLK WATERPROOF CAP *BULK,11.49,0,6.19,11.49,WEST,WEST,BLK WATERPROOF CAP *BULK
1099159,2-1/2 X 2-1/2 BLK FUSH LCKBULK,109.69,0,59.11,109.69,WEST,WEST,2-1/2 X 2-1/2 BLK FUSH LCKBULK
109916,S.S. LOCK NUT UNF,563.19,0,303.52,563.19,WEST,WEST,S.S. LOCK NUT UNF
1099175,1-1/2 X 1-1/2 OFFSET HINGEBULK,48.33,0,26.05,48.33,WEST,WEST,1-1/2 X 1-1/2 OFFSET HINGEBULK
1099264,1-1/4 BLACK DUAL WALL SHRINK,43.64,0,23.52,43.64,WEST,WEST,1-1/4 BLACK DUAL WALL SHRINK
1099299,(50)CLRSEAL 16-14g RING TERMIN,42.00,0,22.63,42.00,WEST,WEST,(50)CLRSEAL 16-14g RING TERMIN
1099302,(50)CLRSEAL 16-14g RING TERMIN,42.00,0,22.63,42.00,WEST,WEST,(50)CLRSEAL 16-14g RING TERMIN
1099329,(50)CLRSEAL 16-14g RING TERMIN,43.94,0,23.68,43.94,WEST,WEST,(50)CLRSEAL 16-14g RING TERMIN
1099337,(50)CLRSEAL 16-14g RING TERMIN,40.11,0,21.62,40.11,WEST,WEST,(50)CLRSEAL 16-14g RING TERMIN
1099361,(25)CLRSEAL 12-10G RING #8STUD,24.75,0,13.34,24.75,WEST,WEST,(25)CLRSEAL 12-10G RING #8STUD
1099388,(25)CLRSEAL 12-10G RNG #10STUD,24.75,0,13.34,24.75,WEST,WEST,(25)CLRSEAL 12-10G RNG #10STUD
1099396,(25)CLRSEAL 12-10G RNG 1/4STUD,27.00,0,14.55,27.00,WEST,WEST,(25)CLRSEAL 12-10G RNG 1/4STUD
1099434,(25)CLRSEAL 12-10G RNG 3/8STUD,27.00,0,14.55,27.00,WEST,WEST,(25)CLRSEAL 12-10G RNG 3/8STUD
1099442,(25)CLRSEAL 12-10G RNG 1/2STUD,31.85,0,17.16,31.85,WEST,WEST,(25)CLRSEAL 12-10G RNG 1/2STUD
1099469,(25)CLRSEAL 8GA RING #10 STUD,61.42,0,33.10,61.42,WEST,WEST,(25)CLRSEAL 8GA RING #10 STUD
1099477,(25)CLRSEAL 12-10G RNG5/16STUD,25.37,0,13.67,25.37,WEST,WEST,(25)CLRSEAL 12-10G RNG5/16STUD
1099493,(25)16-14 S/D BUTT SPLICE,78.94,0,42.54,78.94,WEST,WEST,(25)16-14 S/D BUTT SPLICE
1099507,(25)12-10 S/D BUTT SPLICE,99.73,0,53.75,99.73,WEST,WEST,(25)12-10 S/D BUTT SPLICE
1099515,(50)CLRSEAL 22-18g BUTT SPLICE,126.29,0,68.06,126.29,WEST,WEST,(50)CLRSEAL 22-18g BUTT SPLICE
1099523,(25)CLEAR SEAL 8G BUTT SPLICE,64.35,0,34.68,64.35,WEST,WEST,(25)CLEAR SEAL 8G BUTT SPLICE
1099566,1/8EXP ID CLEAR 48LENGTH,3.07,0,1.66,3.07,WEST,WEST,1/8EXP ID CLEAR 48LENGTH
109959,10DELUXE EXTENDING HANDLE,102.57,0,55.28,102.57,WEST,WEST,10DELUXE EXTENDING HANDLE
1099639,3/4EXP ID CLEAR 48LENGTH,10.25,0,5.53,10.25,WEST,WEST,3/4EXP ID CLEAR 48LENGTH
1099647,1EXP ID CLEAR 48LENGTH,11.64,0,6.27,11.64,WEST,WEST,1EXP ID CLEAR 48LENGTH
1099655,1ID.X 25BLACK SPLIT LOOM,25.27,0,13.62,25.27,WEST,WEST,1ID.X 25BLACK SPLIT LOOM
1099663,1ID.X 15BLACK SPLIT LOOM,39.96,0,21.54,39.96,WEST,WEST,1ID.X 15BLACK SPLIT LOOM
109967,MEDIUM WASH BRUSH,97.51,0,52.55,97.51,WEST,WEST,MEDIUM WASH BRUSH
1099698,FURL FOILSET-0 MKIV BOX2/2 BLK,791.81,0,592.68,791.81,WEST,WEST,FURL FOILSET-0 MKIV BOX2/2 BLK
1099779,ELECTRONIC BALLAST F/F32T8,36.89,0,19.88,36.89,WEST,WEST,ELECTRONIC BALLAST F/F32T8
109983,HELMSMAN STEEL BOAT BRKT.MOUNT,1583.76,0,900.94,1583.76,WEST,WEST,HELMSMAN STEEL BOAT BRKT.MOUNT
1099876,T-CONNECTION,18.27,0,9.85,18.27,WEST,WEST,T-CONNECTION
1099949,LOCTITE RED 271 .50ML TUBE,16.53,0,12.38,16.53,WEST,WEST,LOCTITE RED 271 .50ML TUBE
1099957,TFXTREME 6400CC CNT CABLE 10,444.92,0,239.78,444.92,WEST,WEST,TFXTREME 6400CC CNT CABLE 10
1099965,TFXTREME 6400CC CNT CABLE 14,479.92,0,258.64,479.92,WEST,WEST,TFXTREME 6400CC CNT CABLE 14
1099973,DUCKBILL TOGGLE ON/OFF SPST,16.52,0,8.90,16.52,WEST,WEST,DUCKBILL TOGGLE ON/OFF SPST
110-1146,HOSE,15.41,0,8.31,15.41,WEST,WEST,HOSE
110-CAULKGUN,CAULK GUN,0.00,1,41.29,0.00,WEST,WEST,CAULK GUN
1100211,OETIKER CLAMP KIT 9/16(10PKG),34.07,0,18.36,34.07,WEST,WEST,OETIKER CLAMP KIT 9/16(10PKG)
1100262,DIAPHRAGM & CUP ASSEMBLY,43.12,0,23.30,43.12,WEST,WEST,DIAPHRAGM & CUP ASSEMBLY
1100289,MICRO ALUM.CAM II W/FAIRLEAD,64.16,0,48.03,64.16,WEST,WEST,MICRO ALUM.CAM II W/FAIRLEAD
1100343,SPOOL 1/2 ASSBLY UNIT2 MKIII,119.15,0,89.19,119.15,WEST,WEST,SPOOL 1/2 ASSBLY UNIT2 MKIII
1103229,4748 TOILET N/S STD 12V WHITE,3381.56,0,2254.37,3381.56,WEST,WEST,4748 TOILET N/S STD 12V WHITE
1104594,UPPER TUBE-0 5CARBO RACE FOIL,16.25,0,12.16,16.25,WEST,WEST,UPPER TUBE-0 5CARBO RACE FOIL
110515,2TURN COIL-PAC-ADR-BER H20,140.56,0,92.29,140.56,WEST,WEST,2TURN COIL-PAC-ADR-BER H20
1113674,TOILET SEAT HINGES,65.73,0,35.42,65.73,WEST,WEST,TOILET SEAT HINGES
1119745,2000LB TOWROPE 60,36.21,0,19.51,36.21,WEST,WEST,2000LB TOWROPE 60
1119753,4000LB TOWROPE 60,51.92,0,27.98,51.92,WEST,WEST,4000LB TOWROPE 60
1120034,BIG B ROPE LOCK (36/BOX),354.26,0,190.92,354.26,WEST,WEST,BIG B ROPE LOCK (36/BOX)
1126288,30POLY RING WHITE W/WHT ROPE,343.69,0,185.22,343.69,WEST,WEST,30POLY RING WHITE W/WHT ROPE
1134582,TOW ROPE,62.04,0,33.43,62.04,WEST,WEST,TOW ROPE
1141961,GALV.WIRE ROPE CLIP-3/16,0.84,0,0.38,0.84,WEST,WEST,GALV.WIRE ROPE CLIP-3/16
114588,1/2BARB X1/2NPT FEM. ELBOW,6.23,1,3.36,6.23,WEST,WEST,1/2BARB X1/2NPT FEM. ELBOW
1164449,TRANSDUCER THRU HULL M/S 7STM,798.59,0,665.49,798.59,WEST,WEST,TRANSDUCER THRU HULL M/S 7STM
1189581,HEAT SK.RING 22-18 #10 100PAK,79.99,100,43.11,79.99,WEST,WEST,HEAT SK.RING 22-18 #10 100PAK
120855,FEMALE SWVL.ELBOW 15MMx1/2NPS,15.00,2,8.08,15.00,WEST,WEST,FEMALE SWVL.ELBOW 15MMx1/2NPS
1218182,STEAMING LIGHTS LABEL,5.33,0,3.19,5.33,WEST,WEST,STEAMING LIGHTS LABEL
1218239,SPREADER LIGHTS MIZZEN LABEL,5.33,0,3.19,5.33,WEST,WEST,SPREADER LIGHTS MIZZEN LABEL
1218816,TRIM CYLINDER ANCHOR KIT,187.56,0,101.34,187.56,WEST,WEST,TRIM CYLINDER ANCHOR KIT
1225235,PAINT STIR STICKS,0.00,0,0.00,0.00,WEST,WEST,PAINT STIR STICKS
1238558,12V 5GPM AQUAKING II SUPREME,827.32,0,445.86,827.32,WEST,WEST,12V 5GPM AQUAKING II SUPREME
1240307,TOILET PUMP ASSEMBLY,1101.18,0,593.45,1101.18,WEST,WEST,TOILET PUMP ASSEMBLY
1246313,#8 KIT DANFORTH ANCHOR,411.89,0,221.98,411.89,WEST,WEST,#8 KIT DANFORTH ANCHOR
1249711,ZINC PLTD.4-WAY LOCKING SWIVEL,183.32,0,98.79,183.32,WEST,WEST,ZINC PLTD.4-WAY LOCKING SWIVEL
1254871,LED 2-NM L/P HORIZ.SIDELIGHTS,478.92,0,258.10,478.92,WEST,WEST,LED 2-NM L/P HORIZ.SIDELIGHTS
1257153,PSR REMOTE PLUMBING KIT,550.33,0,296.59,550.33,WEST,WEST,PSR REMOTE PLUMBING KIT
1262726,FRX 10 RING (9MM ID),34.64,0,18.25,34.64,WEST,WEST,FRX 10 RING (9MM ID)
1271032,TOILET SPCE SVR PASPRT 8L GRY,165.28,0,89.07,165.28,WEST,WEST,TOILET SPCE SVR PASPRT 8L GRY
1271598,INSTRUMENT LIGHTS LABEL,5.33,0,3.19,5.33,WEST,WEST,INSTRUMENT LIGHTS LABEL
1280287,FORWARD CABIN LIGHTS LABEL,5.33,0,3.19,5.33,WEST,WEST,FORWARD CABIN LIGHTS LABEL
1286323,ANCHOR HANDLE LID LOCK BLK/CHR,108.15,0,58.28,108.15,WEST,WEST,ANCHOR HANDLE LID LOCK BLK/CHR
1293389,FLOOR/WALL ANCHOR W/HARDWARE,102.49,0,55.23,102.49,WEST,WEST,FLOOR/WALL ANCHOR W/HARDWARE
1309862,12V MOTOR F/ANCHORMAX (SP2142),589.23,0,400.84,589.23,WEST,WEST,12V MOTOR F/ANCHORMAX (SP2142)
1314289,ROCNA GALVANIZED ANCHOR,253.90,0,190.43,253.90,WEST,WEST,ROCNA GALVANIZED ANCHOR
1314297,ROCNA GALV.FISHERMANS ANCHOR,253.90,0,190.43,253.90,WEST,WEST,ROCNA GALV.FISHERMANS ANCHOR
1314319,ROCNA GALVANIZED ANCHOR,368.00,0,276.01,368.00,WEST,WEST,ROCNA GALVANIZED ANCHOR
1314327,ROCNA GALV.FISHERMANS ANCHOR,368.00,0,276.01,368.00,WEST,WEST,ROCNA GALV.FISHERMANS ANCHOR
1314335,ROCNA GALVANIZED ANCHOR,473.59,0,355.20,473.59,WEST,WEST,ROCNA GALVANIZED ANCHOR
1314343,ROCNA GALVANIZED ANCHOR,603.38,0,452.55,603.38,WEST,WEST,ROCNA GALVANIZED ANCHOR
1314351,ROCNA GALVANIZED ANCHOR,770.27,0,577.72,770.27,WEST,WEST,ROCNA GALVANIZED ANCHOR
1314378,ROCNA GALVANIZED ANCHOR,1048.44,0,786.35,1048.44,WEST,WEST,ROCNA GALVANIZED ANCHOR
1314386,ROCNA GALVANIZED ANCHOR,1504.92,0,1128.72,1504.92,WEST,WEST,ROCNA GALVANIZED ANCHOR
1314394,ROCNA GALVANIZED ANCHOR,2098.29,0,1573.76,2098.29,WEST,WEST,ROCNA GALVANIZED ANCHOR
1314408,ROCNA GALVANIZED ANCHOR,3115.36,0,2336.58,3115.36,WEST,WEST,ROCNA GALVANIZED ANCHOR
1314416,ROCNA GALVANIZED ANCHOR,4373.52,0,3280.22,4373.52,WEST,WEST,ROCNA GALVANIZED ANCHOR
1314424,ROCNA GALVANIZED ANCHOR,7523.16,0,5642.51,7523.16,WEST,WEST,ROCNA GALVANIZED ANCHOR
1314432,ROCNA STAINLESS ANCHOR,872.99,0,654.76,872.99,WEST,WEST,ROCNA STAINLESS ANCHOR
1314467,ROCNA STAINLESS ANCHOR,1266.67,0,950.03,1266.67,WEST,WEST,ROCNA STAINLESS ANCHOR
1314483,ROCNA STAINLESS ANCHOR,2098.29,0,1573.76,2098.29,WEST,WEST,ROCNA STAINLESS ANCHOR
1314505,ROCNA STAINLESS ANCHOR,2938.50,0,2203.93,2938.50,WEST,WEST,ROCNA STAINLESS ANCHOR
1314513,ROCNA STAINLESS ANCHOR,3804.38,0,2853.36,3804.38,WEST,WEST,ROCNA STAINLESS ANCHOR
1314521,ROCNA STAINLESS ANCHOR,4635.99,0,3477.08,4635.99,WEST,WEST,ROCNA STAINLESS ANCHOR
1314548,ROCNA STAINLESS ANCHOR,5247.94,0,3936.05,5247.94,WEST,WEST,ROCNA STAINLESS ANCHOR
1314556,ROCNA STAINLESS ANCHOR,6342.04,0,4756.65,6342.04,WEST,WEST,ROCNA STAINLESS ANCHOR
1314564,ROCNA STAINLESS ANCHOR,8396.14,0,6297.26,8396.14,WEST,WEST,ROCNA STAINLESS ANCHOR
1315331,1-1/8 HT GALV. ANCHOR SHACKLE,94.52,0,50.94,94.52,WEST,WEST,1-1/8 HT GALV. ANCHOR SHACKLE
1315358,1-1/4 HT GALV. ANCHOR SHACKLED,128.31,0,69.15,128.31,WEST,WEST,1-1/4 HT GALV. ANCHOR SHACKLED
1315366,1-3/8 HT GALV. ANCHOR SHACKLE,165.41,0,89.14,165.41,WEST,WEST,1-3/8 HT GALV. ANCHOR SHACKLE
132-0586,HD HEATER HOSE 5/8X50 SOLD PER FOOT,4.20,36,2.01,4.20,WEST,WEST,HD HEATER HOSE 5/8X50 SOLD PER FOOT
13234,AQUAGUARD ANCHOR SET,379.64,0,227.33,379.64,WEST,WEST,AQUAGUARD ANCHOR SET
1329626,LIGHTS MASTER CABIN LABEL,5.33,0,3.19,5.33,WEST,WEST,LIGHTS MASTER CABIN LABEL
1330101,ANCHORSHADE III - BLUE,474.80,0,255.88,474.80,WEST,WEST,ANCHORSHADE III - BLUE
1337696,MAXSET ANCHOR 6KG,309.07,0,210.25,309.07,WEST,WEST,MAXSET ANCHOR 6KG
1343785,RUST CONVERTR PAINT PRIMR 340G,29.28,0,15.78,29.28,WEST,WEST,RUST CONVERTR PAINT PRIMR 340G
1345699,HI-TENSILE 5# ANCHOR(94019),475.97,0,256.51,475.97,WEST,WEST,HI-TENSILE 5# ANCHOR(94019)
1346431,WATERLINE PAINT BLK 250ML,29.29,0,15.79,29.29,WEST,WEST,WATERLINE PAINT BLK 250ML
1346458,WATERLNE PAINT BRITE RED 250ML,29.29,0,15.79,29.29,WEST,WEST,WATERLNE PAINT BRITE RED 250ML
1346466,WATERLINE PAINT DRK BLU 250ML,29.29,0,15.79,29.29,WEST,WEST,WATERLINE PAINT DRK BLU 250ML
1346474,WATERLINE PAINT WHT 250ML,29.29,0,15.79,29.29,WEST,WEST,WATERLINE PAINT WHT 250ML
1347187,ANCHOR BUNGEE FOR BOATS,82.68,0,44.56,82.68,WEST,WEST,ANCHOR BUNGEE FOR BOATS
1347195,ANCHOR BUNGEE FOR PWCS,50.10,0,27.00,50.10,WEST,WEST,ANCHOR BUNGEE FOR PWCS
1348272,HEAT SK.RING 22-18 1/4100PAK,75.75,100,40.82,75.75,WEST,WEST,HEAT SK.RING 22-18 1/4100PAK
1348477,ANCHOR KIT 50W/2.5KG SML CRFT,53.47,0,28.82,53.47,WEST,WEST,ANCHOR KIT 50W/2.5KG SML CRFT
1355465,ANCHOR BUDDY-YELLOW,77.66,0,44.17,77.66,WEST,WEST,ANCHOR BUDDY-YELLOW
1355473,ANCHOR BUDDY-ORANGE,77.66,0,44.17,77.66,WEST,WEST,ANCHOR BUDDY-ORANGE
1356135,20KG VULCAN GALVANIZED ANCHOR,1053.03,0,789.79,1053.03,WEST,WEST,20KG VULCAN GALVANIZED ANCHOR
1356348,4KG VULCAN GALVANIZED ANCHOR,350.66,0,263.00,350.66,WEST,WEST,4KG VULCAN GALVANIZED ANCHOR
1356356,6KG VULCAN GALVANIZED ANCHOR,504.65,0,378.50,504.65,WEST,WEST,6KG VULCAN GALVANIZED ANCHOR
1356364,9KG VULCAN GALVANIZED ANCHOR,613.92,0,460.45,613.92,WEST,WEST,9KG VULCAN GALVANIZED ANCHOR
1356399,12KG VULCAN GALVANIZED ANCHOR,724.21,0,543.17,724.21,WEST,WEST,12KG VULCAN GALVANIZED ANCHOR
1356402,15KG VULCAN GALVANIZED ANCHOR,833.47,0,625.12,833.47,WEST,WEST,15KG VULCAN GALVANIZED ANCHOR
1356429,25KG VULCAN GALVANIZED ANCHOR,1425.55,0,1069.19,1425.55,WEST,WEST,25KG VULCAN GALVANIZED ANCHOR
1356437,33KG VULCAN GALVANIZED ANCHOR,2038.43,0,1528.86,2038.43,WEST,WEST,33KG VULCAN GALVANIZED ANCHOR
1356445,40KG VULCAN GALVANIZED ANCHOR,2894.81,0,2171.16,2894.81,WEST,WEST,40KG VULCAN GALVANIZED ANCHOR
1356453,55KG VULCAN GALVANIZED ANCHOR,4232.95,0,3174.79,4232.95,WEST,WEST,55KG VULCAN GALVANIZED ANCHOR
1356461,4KG VULCAN STAINLESS ANCHOR,1484.58,0,1218.37,1484.58,WEST,WEST,4KG VULCAN STAINLESS ANCHOR
1356488,6KG VULCAN STAINLESS ANCHOR,1855.29,0,1522.60,1855.29,WEST,WEST,6KG VULCAN STAINLESS ANCHOR
1356496,9KG VULCAN STAINLESS ANCHOR,2411.80,0,1979.32,2411.80,WEST,WEST,9KG VULCAN STAINLESS ANCHOR
1356518,12KG VULCAN STAINLESS ANCHOR,2784.26,0,2284.99,2784.26,WEST,WEST,12KG VULCAN STAINLESS ANCHOR
1356526,15KG VULCAN STAINLESS ANCHOR,3525.97,0,2893.46,3525.97,WEST,WEST,15KG VULCAN STAINLESS ANCHOR
1356534,20KG VULCAN STAINLESS ANCHOR,4455.02,0,3655.85,4455.02,WEST,WEST,20KG VULCAN STAINLESS ANCHOR
1356542,25KG VULCAN STAINLESS ANCHOR,5382.31,0,4416.80,5382.31,WEST,WEST,25KG VULCAN STAINLESS ANCHOR
1356569,33KG VULCAN STAINLESS ANCHOR,6123.28,0,5025.26,6123.28,WEST,WEST,33KG VULCAN STAINLESS ANCHOR
1356577,40KG VULCAN STAINLESS ANCHOR,7237.17,0,5939.41,7237.17,WEST,WEST,40KG VULCAN STAINLESS ANCHOR
1356585,55KG VULCAN STAINLESS ANCHOR,9650.74,0,7920.18,9650.74,WEST,WEST,55KG VULCAN STAINLESS ANCHOR
1359207,REGULATORY BUOY-NO ANCHORING,1543.75,0,831.96,1543.75,WEST,WEST,REGULATORY BUOY-NO ANCHORING
1359819,ROLLER SLING 3 FT,327.99,0,196.40,327.99,WEST,WEST,ROLLER SLING 3 FT
1360736,ROCNA STAINLESS ANCHOR,10102.19,0,7576.83,10102.19,WEST,WEST,ROCNA STAINLESS ANCHOR
1363387,16 ANCHOR,55.69,0,30.01,55.69,WEST,WEST,16 ANCHOR
1363395,20 ANCHOR,70.64,0,38.07,70.64,WEST,WEST,20 ANCHOR
1363409,22 ANCHOR,88.29,0,47.58,88.29,WEST,WEST,22 ANCHOR
1365231,ROCNA GALVANIZED ANCHOR,9737.02,0,7302.95,9737.02,WEST,WEST,ROCNA GALVANIZED ANCHOR
1365258,ROCNA GALVANIZED ANCHOR,13594.17,0,10195.88,13594.17,WEST,WEST,ROCNA GALVANIZED ANCHOR
13673-0001-P,IMPELLER,120.24,0,64.80,120.24,WEST,WEST,IMPELLER
1369326,BALL CONNECTION 4MM ANCHOR,72.63,0,39.14,72.63,WEST,WEST,BALL CONNECTION 4MM ANCHOR
1385313,HEAT RK.RING 8AWG 1/4 25PAK,59.25,25,31.93,59.25,WEST,WEST,HEAT RK.RING 8AWG 1/4 25PAK
1385321,HEAT SK.RING 8AWG 5/163PAK,9.13,0,4.92,9.13,WEST,WEST,HEAT SK.RING 8AWG 5/163PAK
1385348,HEAT SK.RING 8AWG 5/1625PAK,59.25,25,31.93,59.25,WEST,WEST,HEAT SK.RING 8AWG 5/1625PAK
1387413,ROCNA GALVANIZED ANCHOR,18368.54,0,13776.75,18368.54,WEST,WEST,ROCNA GALVANIZED ANCHOR
1387421,ROCNA STAINLESS ANCHOR,15745.30,0,11809.27,15745.30,WEST,WEST,ROCNA STAINLESS ANCHOR
1387448,ROCNA STAINLESS ANCHOR,21123.05,0,15842.68,21123.05,WEST,WEST,ROCNA STAINLESS ANCHOR
1387456,ROCNA STAINLESS ANCHOR,29389.40,0,22042.60,29389.40,WEST,WEST,ROCNA STAINLESS ANCHOR
1387464,ROCNA STAINLESS ANCHOR,42247.53,0,31686.44,42247.53,WEST,WEST,ROCNA STAINLESS ANCHOR
1390309,20FOLD DOWN ANCHOR/MAST LIGHT,167.55,0,90.30,167.55,WEST,WEST,20FOLD DOWN ANCHOR/MAST LIGHT
1390317,12FOLD DOWN ANCHOR/MAST LIGHT,142.73,0,76.92,142.73,WEST,WEST,12FOLD DOWN ANCHOR/MAST LIGHT
1396072,10 PAINTED NAVY ANCHOR SILVER,71.19,0,38.37,71.19,WEST,WEST,10 PAINTED NAVY ANCHOR SILVER
1403524,HEAD LIGHTS LABEL,5.33,0,3.19,5.33,WEST,WEST,HEAD LIGHTS LABEL
1418025,200H SERIES ALL INCL SYSTEM,1405.52,0,757.47,1405.52,WEST,WEST,200H SERIES ALL INCL SYSTEM
1418033,300H MRINE HTR 3 OUTLT ALL INC,1824.49,0,983.26,1824.49,WEST,WEST,300H MRINE HTR 3 OUTLT ALL INC
1420-0017,17$ VERT LPG CYLNDER FBRGLAS,472.94,0,254.88,472.94,WEST,WEST,17$ VERT LPG CYLNDER FBRGLAS
1423339,BLK MARINE DECK CAULK SAUSAGE,70.14,0,37.80,70.14,WEST,WEST,BLK MARINE DECK CAULK SAUSAGE
142689,PJR REMOTE PLUMBING KIT,842.21,0,453.89,842.21,WEST,WEST,PJR REMOTE PLUMBING KIT
143782,1/2 SWIVEL CONNECTOR,7.01,2,3.78,7.01,WEST,WEST,1/2 SWIVEL CONNECTOR
1444859,WATERLNE PAINT BRITE BLU 250ML,29.29,0,15.79,29.29,WEST,WEST,WATERLNE PAINT BRITE BLU 250ML
1444867,WATERLINE PAINT JADE GRN 250ML,29.29,0,15.79,29.29,WEST,WEST,WATERLINE PAINT JADE GRN 250ML
1448277,2X6HD.RATCHET TRANSM.TIEDOWN,65.55,0,35.32,65.55,WEST,WEST,2X6HD.RATCHET TRANSM.TIEDOWN
145653,GROUP 24 80AH LIFELINE BATTERY,620.91,0,471.89,620.91,WEST,WEST,GROUP 24 80AH LIFELINE BATTERY
1459198,GASKET-PASSAGE SER PORTLIGHTS,57.00,0,34.20,57.00,WEST,WEST,GASKET-PASSAGE SER PORTLIGHTS
1468618,DBLDRW190SS FRG ACDC1224 4SID,4292.28,0,3136.66,4292.28,WEST,WEST,DBLDRW190SS FRG ACDC1224 4SID
1475223,TOILET ONLY M-28 TRAVELER WHT,939.14,0,506.12,939.14,WEST,WEST,TOILET ONLY M-28 TRAVELER WHT
1475231,TOILET ONLY M-28 TRAVELER BONE,939.14,0,506.12,939.14,WEST,WEST,TOILET ONLY M-28 TRAVELER BONE
1499238,TOILET BUCKET,58.12,0,31.32,58.12,WEST,WEST,TOILET BUCKET
1499246,TOILET WASTE BAGS (10/BOX),55.49,0,29.91,55.49,WEST,WEST,TOILET WASTE BAGS (10/BOX)
1516922,STRNR 2SLD LID BISO,1620.17,0,873.14,1620.17,WEST,WEST,STRNR 2SLD LID BISO
1536974,FLOOD LIGHTS LABEL,5.33,0,3.19,5.33,WEST,WEST,FLOOD LIGHTS LABEL
1538799,RED 4/0 100 BATTERY CABLE,2383.87,0,1284.72,2383.87,WEST,WEST,RED 4/0 100 BATTERY CABLE
1544012,YEL 6GA 1 BATTERY CABLE,4.02,0,1.84,4.02,WEST,WEST,YEL 6GA 1 BATTERY CABLE
1552112,MAXSET ANCHOR 10KG,439.47,0,298.96,439.47,WEST,WEST,MAXSET ANCHOR 10KG
1555847,NAVY TYPE ANCHOR 20LB (BLUE),158.43,0,85.38,158.43,WEST,WEST,NAVY TYPE ANCHOR 20LB (BLUE)
1555928,ANCHOR BUDDY-PURPLE,77.66,0,44.17,77.66,WEST,WEST,ANCHOR BUDDY-PURPLE
1556282,GALV.FOLDING ANCHOR 1.5 LBS,25.30,0,11.38,25.30,WEST,WEST,GALV.FOLDING ANCHOR 1.5 LBS
1556576,1/2SOLID HUNTR GREEN DB NYLON,1.77,0,0.96,1.77,WEST,WEST,1/2SOLID HUNTR GREEN DB NYLON
1557521,STEALTH LED.2NM SIDE LIGHTS,407.06,0,219.37,407.06,WEST,WEST,STEALTH LED.2NM SIDE LIGHTS
1572245,3/8X48BLK DBL WALL ADH TUBE,13.31,0,7.17,13.31,WEST,WEST,3/8X48BLK DBL WALL ADH TUBE
1572253,3/8X48RED DBL WALL ADH TUBE,13.31,0,7.17,13.31,WEST,WEST,3/8X48RED DBL WALL ADH TUBE
1572261,1/2X48BLK DBL WALL ADH TUBE,14.35,0,7.73,14.35,WEST,WEST,1/2X48BLK DBL WALL ADH TUBE
1575813,1/2X48YEL DBL WALL ADH TUBE,14.35,0,7.73,14.35,WEST,WEST,1/2X48YEL DBL WALL ADH TUBE
1578073,GOLD-BRAID ANCHOR LINE 1/2X300,971.92,0,523.79,971.92,WEST,WEST,GOLD-BRAID ANCHOR LINE 1/2X300
1578081,GOLD-BRAID ANCHOR LINE 5/8X300,1555.07,0,838.06,1555.07,WEST,WEST,GOLD-BRAID ANCHOR LINE 5/8X300
1578227,GOLD-BRAID ANCHOR LINE 1/2X150,466.55,0,251.43,466.55,WEST,WEST,GOLD-BRAID ANCHOR LINE 1/2X150
1578243,GOLD-BRAID ANCHOR LINE 1/2X200,583.16,0,314.28,583.16,WEST,WEST,GOLD-BRAID ANCHOR LINE 1/2X200
15822,MASTHEAD/ANCHOR LT.BASE MNT,544.42,0,293.40,544.42,WEST,WEST,MASTHEAD/ANCHOR LT.BASE MNT
1585886,3/4X48 YEL DBL WALL ADH TUBE,19.87,0,10.71,19.87,WEST,WEST,3/4X48 YEL DBL WALL ADH TUBE
1590103,1PAINTERS TAPE DELICATE SURF.,17.20,0,9.27,17.20,WEST,WEST,1PAINTERS TAPE DELICATE SURF.
1594788,TOILET VISA 18L GREY,238.66,0,128.62,238.66,WEST,WEST,TOILET VISA 18L GREY
1594796,TOILET VISA 24L GREY,275.40,0,148.42,275.40,WEST,WEST,TOILET VISA 24L GREY
1594826,TOILET VISA MSD 18L GREY,232.23,0,125.15,232.23,WEST,WEST,TOILET VISA MSD 18L GREY
1602888,2PAINTERS TAPE DELICATE SURF.,33.42,0,18.01,33.42,WEST,WEST,2PAINTERS TAPE DELICATE SURF.
1605615,TEAK STEERING WHL PRO 19 1/2,1202.64,0,652.03,1202.64,WEST,WEST,TEAK STEERING WHL PRO 19 1/2
1609262,4 PAINT FINISHING PAD KIT (4),78.64,0,42.38,78.64,WEST,WEST,4 PAINT FINISHING PAD KIT (4)
1612719,LIGHTSPEED 15ML KIT,56.09,0,44.87,56.09,WEST,WEST,LIGHTSPEED 15ML KIT
1615386,ANTIFOULING PAINT REMOVER 1GAL,121.87,0,87.05,121.87,WEST,WEST,ANTIFOULING PAINT REMOVER 1GAL
1615394,ANTIFOULING PAINT REMOVER 5GAL,562.49,0,401.78,562.49,WEST,WEST,ANTIFOULING PAINT REMOVER 5GAL
1617958,GOLD-BRAID ANCHOR LINE 5/8X250,1321.84,0,712.37,1321.84,WEST,WEST,GOLD-BRAID ANCHOR LINE 5/8X250
1618288,X30 EXHAUST KIT,1147.07,0,997.45,1147.07,WEST,WEST,X30 EXHAUST KIT
1621688,7/16GALV ANCHOR SHCKL WLL1.5,4.36,0,2.35,4.36,WEST,WEST,7/16GALV ANCHOR SHCKL WLL1.5
1625985,ZN SHAFT ZINC 110MM,171.14,0,92.23,171.14,WEST,WEST,ZN SHAFT ZINC 110MM
1626485,EXTERIOR LIGHTS LABEL,4.49,0,2.69,4.49,WEST,WEST,EXTERIOR LIGHTS LABEL
1627643,PAINT & COATING REMOVER 1GAL,80.63,0,57.59,80.63,WEST,WEST,PAINT & COATING REMOVER 1GAL
1627651,PAINT & COATING REMOVER 5GAL,374.99,0,267.85,374.99,WEST,WEST,PAINT & COATING REMOVER 5GAL
1637908,ANCHOR-20/50MM CROSSBW JIB SYS,22.95,0,17.18,22.95,WEST,WEST,ANCHOR-20/50MM CROSSBW JIB SYS
1638068,TOILET VISA MD 8L GREY,182.26,0,98.23,182.26,WEST,WEST,TOILET VISA MD 8L GREY
1651536,DOOR GSKT RFU90 82 83 R58 F58,32.77,0,23.95,32.77,WEST,WEST,DOOR GSKT RFU90 82 83 R58 F58
1653342,ANCHOR LIFT SYSTEM,118.27,0,63.74,118.27,WEST,WEST,ANCHOR LIFT SYSTEM
1673637,ZN YAMAHA ZINC ANODE,10.70,0,5.77,10.70,WEST,WEST,ZN YAMAHA ZINC ANODE
1673661,TOILET TYPE WCS 24V STANDARD,3762.81,0,2040.07,3762.81,WEST,WEST,TOILET TYPE WCS 24V STANDARD
1678965,ANCHORSHADE III - WHITE,474.80,0,255.88,474.80,WEST,WEST,ANCHORSHADE III - WHITE
1679945,TRIP LINE & ANCHOR MARKER BUOY,214.33,0,115.51,214.33,WEST,WEST,TRIP LINE & ANCHOR MARKER BUOY
1683802,S/S ANCHOR CHOCKS - BULK,153.54,0,69.09,153.54,WEST,WEST,S/S ANCHOR CHOCKS - BULK
1683853,TOILET DF17V 12V W/P SC,2714.40,0,1462.85,2714.40,WEST,WEST,TOILET DF17V 12V W/P SC
169315,ANCHOR SHKLE SCW PIN 1/4 SS316,7.52,0,4.05,7.52,WEST,WEST,ANCHOR SHKLE SCW PIN 1/4 SS316
1698974,QUICKSET PLOUGH ANCHOR 35-LB,1524.64,0,867.31,1524.64,WEST,WEST,QUICKSET PLOUGH ANCHOR 35-LB
170151,BRASS BAITWELL PLUG 5/8(2/CD),13.30,1,5.98,13.30,WEST,WEST,BRASS BAITWELL PLUG 5/8(2/CD)
170445,ZINC PLTD.CLAMP-ON OARLOCKS,43.14,0,23.25,43.14,WEST,WEST,ZINC PLTD.CLAMP-ON OARLOCKS
170879,PAINTD.NAVY ANCHOR-10#,67.85,0,36.57,67.85,WEST,WEST,PAINTD.NAVY ANCHOR-10#
1712144,GASKET FOR 7501,32.77,0,23.95,32.77,WEST,WEST,GASKET FOR 7501
1721259,FUEL HOSE TYPE A1 3/8,7.53,75,4.06,7.53,WEST,WEST,FUEL HOSE TYPE A1 3/8
1723057,50LB PLOW ANCHOR-MIRROR FINISH,2595.55,0,1476.51,2595.55,WEST,WEST,50LB PLOW ANCHOR-MIRROR FINISH
1725467,GALV.18-LB. FOLDING ANCHOR,228.76,0,102.94,228.76,WEST,WEST,GALV.18-LB. FOLDING ANCHOR
1731548,STEERING WHEEL PRO 400MM TEAK,1136.00,0,615.91,1136.00,WEST,WEST,STEERING WHEEL PRO 400MM TEAK
1731998,INTELLIGENT TYPE APPRVD MLTIPX,603.75,0,483.00,603.75,WEST,WEST,INTELLIGENT TYPE APPRVD MLTIPX
1732889,MASTHEAD/ANCHOR LT.BASE MNT WT,530.16,0,285.71,530.16,WEST,WEST,MASTHEAD/ANCHOR LT.BASE MNT WT
1733761,TOILET DF17A 12V W/S SC,2332.96,0,1257.28,2332.96,WEST,WEST,TOILET DF17A 12V W/S SC
1733826,TOILET DF14V 12V W/S SC,2467.64,0,1329.87,2467.64,WEST,WEST,TOILET DF14V 12V W/S SC
1737759,PROF NMEA MLTIPX 8-INP 6-OUTP,1047.59,0,838.07,1047.59,WEST,WEST,PROF NMEA MLTIPX 8-INP 6-OUTP
1739751,RED PUCK LIGHTS W/SS TRIM,89.86,0,48.43,89.86,WEST,WEST,RED PUCK LIGHTS W/SS TRIM
1740873,E-VLV AUTO SEACOCK 3/412V,3206.17,0,1727.87,3206.17,WEST,WEST,E-VLV AUTO SEACOCK 3/412V
1742493,BILGE PAINT GREY 750ML,69.72,0,37.57,69.72,WEST,WEST,BILGE PAINT GREY 750ML
1742507,BILGE PAINT WHT 750ML,69.72,0,37.57,69.72,WEST,WEST,BILGE PAINT WHT 750ML
1743848,ELEC MNT W/MASTHEAD ANCHOR LED,3026.51,0,1631.05,3026.51,WEST,WEST,ELEC MNT W/MASTHEAD ANCHOR LED
17485,S/S ANCHOR SHACKLE-1/4,7.42,0,3.34,7.42,WEST,WEST,S/S ANCHOR SHACKLE-1/4
17493,S/S ANCHOR SHACKLE-3/8,17.08,0,7.69,17.08,WEST,WEST,S/S ANCHOR SHACKLE-3/8
1751603,BLACK TEXT.SWIVEL JACK DELUXE,217.47,0,117.20,217.47,WEST,WEST,BLACK TEXT.SWIVEL JACK DELUXE
1754513,4KG GALV MKII ROCNA ANCHOR,586.95,0,440.22,586.95,WEST,WEST,4KG GALV MKII ROCNA ANCHOR
1754521,6KG GALV MKII ROCNA ANCHOR,732.42,0,549.33,732.42,WEST,WEST,6KG GALV MKII ROCNA ANCHOR
1754548,9KG GALV MKII ROCNA ANCHOR,971.84,0,728.90,971.84,WEST,WEST,9KG GALV MKII ROCNA ANCHOR
1754556,12KG GALV MKII ROCNA ANCHOR,1215.32,0,911.51,1215.32,WEST,WEST,12KG GALV MKII ROCNA ANCHOR
1754564,15KG GALV MKII ROCNA ANCHOR,1458.78,0,1094.11,1458.78,WEST,WEST,15KG GALV MKII ROCNA ANCHOR
1754572,20KG GALV MKII ROCNA ANCHOR,1987.14,0,1490.39,1987.14,WEST,WEST,20KG GALV MKII ROCNA ANCHOR
1754599,25KG GALV MKII ROCNA ANCHOR,2326.58,0,1744.98,2326.58,WEST,WEST,25KG GALV MKII ROCNA ANCHOR
1754645,33KG GALV MKII ROCNA ANCHOR,2898.38,0,2173.84,2898.38,WEST,WEST,33KG GALV MKII ROCNA ANCHOR
1754653,40KG GALV MKII ROCNA ANCHOR,3486.34,0,2614.82,3486.34,WEST,WEST,40KG GALV MKII ROCNA ANCHOR
1755161,4KG S/S MKII ROCNA ANCHOR,2610.80,0,1958.15,2610.80,WEST,WEST,4KG S/S MKII ROCNA ANCHOR
1755196,6KG S/S MKII ROCNA ANCHOR,3252.51,0,2439.44,3252.51,WEST,WEST,6KG S/S MKII ROCNA ANCHOR
1755218,9KG S/S MKII ROCNA ANCHOR,4313.29,0,3235.05,4313.29,WEST,WEST,9KG S/S MKII ROCNA ANCHOR
1755226,12KG S/S MKII ROCNA ANCHOR,4498.51,0,3373.97,4498.51,WEST,WEST,12KG S/S MKII ROCNA ANCHOR
1755242,15KG S/S MKII ROCNA ANCHOR,5237.51,0,3928.23,5237.51,WEST,WEST,15KG S/S MKII ROCNA ANCHOR
1755269,20KG S/S MKII ROCNA ANCHOR,7256.19,0,5442.28,7256.19,WEST,WEST,20KG S/S MKII ROCNA ANCHOR
1755277,25KG S/S MKII ROCNA ANCHOR,10339.39,0,7754.74,10339.39,WEST,WEST,25KG S/S MKII ROCNA ANCHOR
1755285,33KG S/S MKII ROCNA ANCHOR,10735.08,0,8051.51,10735.08,WEST,WEST,33KG S/S MKII ROCNA ANCHOR
1755293,40KG S/S MKII ROCNA ANCHOR,12913.72,0,9685.53,12913.72,WEST,WEST,40KG S/S MKII ROCNA ANCHOR
1755471,PAINT/WORK MED COVERALLS GRAY,116.32,0,62.68,116.32,WEST,WEST,PAINT/WORK MED COVERALLS GRAY
1755498,PAINT/WORK LRG COVERALLS GRAY,116.32,0,62.68,116.32,WEST,WEST,PAINT/WORK LRG COVERALLS GRAY
1755501,PAINT/WORK XL COVERALLS GRAY,116.32,0,62.68,116.32,WEST,WEST,PAINT/WORK XL COVERALLS GRAY
1755528,PAINT/WORK XXL COVERALLS GRAY,116.32,0,62.68,116.32,WEST,WEST,PAINT/WORK XXL COVERALLS GRAY
1755544,PAINT/WORK XXXL COVERALLS GRAY,116.32,0,62.68,116.32,WEST,WEST,PAINT/WORK XXXL COVERALLS GRAY
1757121,YAMAHA ANODE ZINC,13.13,0,7.07,13.13,WEST,WEST,YAMAHA ANODE ZINC
1757148,YAMAHA ANODE ZINC,8.68,0,4.68,8.68,WEST,WEST,YAMAHA ANODE ZINC
1759752,ZINC PHOSPHATE GREEN,36.89,0,19.88,36.89,WEST,WEST,ZINC PHOSPHATE GREEN
1761706,ZINC PHOSPHATE YELLOW,36.89,0,19.88,36.89,WEST,WEST,ZINC PHOSPHATE YELLOW
1763555,1/2-3/4 FLOOR ANCHOR SS316,33.74,0,21.26,33.74,WEST,WEST,1/2-3/4 FLOOR ANCHOR SS316
1767488,PROF NMEA BUFFR 1-INP 6-OUTP,382.54,0,306.03,382.54,WEST,WEST,PROF NMEA BUFFR 1-INP 6-OUTP
1771302,QUICKSET PLOW ANCHOR MIRROR,1072.07,0,609.86,1072.07,WEST,WEST,QUICKSET PLOW ANCHOR MIRROR
1783327,PAINT THNR/CLRNR(NEW VOC)946ML,21.38,0,11.52,21.38,WEST,WEST,PAINT THNR/CLRNR(NEW VOC)946ML
1783335,PAINT THINR/CLNR(NEW VOC)3.78L,47.53,0,25.61,47.53,WEST,WEST,PAINT THINR/CLNR(NEW VOC)3.78L
1791192,ANCHOR BAIL,55.95,0,31.82,55.95,WEST,WEST,ANCHOR BAIL
1799835,14 DAY BLUE PAINTERS TAPE 3/4,8.22,0,4.43,8.22,WEST,WEST,14 DAY BLUE PAINTERS TAPE 3/4
1799878,14 DAY BLUE PAINTERS TAPE 1,10.92,0,5.89,10.92,WEST,WEST,14 DAY BLUE PAINTERS TAPE 1
1799886,14 DAY BLUE PAINTERS TAPE 1.5,16.40,0,8.84,16.40,WEST,WEST,14 DAY BLUE PAINTERS TAPE 1.5
1799894,14 DAY BLUE PAINTERS TAPE 2,21.81,0,11.75,21.81,WEST,WEST,14 DAY BLUE PAINTERS TAPE 2
18-0549,CAP,15.00,2,1.00,15.00,WEST,WEST,CAP
18-2949-9,GASKET GRAPHTED ASB,48.16,0,26.02,48.16,WEST,WEST,GASKET GRAPHTED ASB
18-3016-1,IMPELLER,45.00,1,1.00,45.00,WEST,WEST,IMPELLER
18-3077,"IMPELLER KIT- JSN 09-1028B, ITT 17937-0001",94.22,1,1.00,94.22,WEST,WEST,"IMPELLER KIT- JSN 09-1028B, ITT 17937-0001"
18-3150,WATER PUMP KIT,171.18,1,92.49,171.18,WEST,WEST,WATER PUMP KIT
18-3205,WATER PUMP KIT,78.00,1,1.00,78.00,WEST,WEST,WATER PUMP KIT
18-3380,WATER PUMP KIT,87.00,1,1.00,87.00,WEST,WEST,WATER PUMP KIT
18-3390,WATER PUMP KIT,77.00,1,1.00,77.00,WEST,WEST,WATER PUMP KIT
18-3575,WATER PUMP KIT,86.00,1,1.00,86.00,WEST,WEST,WATER PUMP KIT
18-48317,WATER PUMP KIT,86.00,1,1.00,86.00,WEST,WEST,WATER PUMP KIT
18-5433,728432,0.00,0,0.00,0.00,WEST,WEST,728432
18-5882,ALTERNATOR,255.00,1,1.00,255.00,WEST,WEST,ALTERNATOR
18-5908,STARTER,255.00,1,1.00,255.00,WEST,WEST,STARTER
18-5920,STARTER,266.00,0,1.00,266.00,WEST,WEST,STARTER
18-9400-2,25W40 4 sroke oil quart,21.74,1,11.12,21.74,WEST,WEST,25W40 4 sroke oil quart
1800175,PRO MUX 0183/N2K,689.63,0,551.70,689.63,WEST,WEST,PRO MUX 0183/N2K
1807145,PAINT MIXER-SMALL,10.50,0,5.66,10.50,WEST,WEST,PAINT MIXER-SMALL
1807153,PAINT MIXER-LARGE,22.34,0,12.04,22.34,WEST,WEST,PAINT MIXER-LARGE
1813749,EXTERIOR LIGHTS LABEL,5.33,0,3.19,5.33,WEST,WEST,EXTERIOR LIGHTS LABEL
1814311,TOILET-7220 WHITE 12V,1139.36,0,648.14,1139.36,WEST,WEST,TOILET-7220 WHITE 12V
1815857,STREAMLINED HULL ANODES,143.79,0,77.49,143.79,WEST,WEST,STREAMLINED HULL ANODES
1817027,INSTALLATION ST BOWPRO BOOSTED,372.02,0,235.61,372.02,WEST,WEST,INSTALLATION ST BOWPRO BOOSTED
1821733,INSTALLATION SET BOWPRO A,522.83,0,331.12,522.83,WEST,WEST,INSTALLATION SET BOWPRO A
1822373,TRV 310 TLL WHT GRAV RV TOILET,704.16,0,400.57,704.16,WEST,WEST,TRV 310 TLL WHT GRAV RV TOILET
1825305,SIDE LIGHTS PR SS,284.40,0,153.27,284.40,WEST,WEST,SIDE LIGHTS PR SS
1826379,"TOILET, MF7225 WHT 12V",1061.94,0,672.56,1061.94,WEST,WEST,"TOILET, MF7225 WHT 12V"
1836951,LED COMB SIDE LIGHTS 12V S.S.,88.44,0,39.80,88.44,WEST,WEST,LED COMB SIDE LIGHTS 12V S.S.
1836978,LED COMB SIDE LIGHTS 12V BLACK,88.44,0,39.80,88.44,WEST,WEST,LED COMB SIDE LIGHTS 12V BLACK
1837524,TOILET TISSUE HOLDER,50.50,0,27.22,50.50,WEST,WEST,TOILET TISSUE HOLDER
1838571,ROYAL FLSH ESPRESSO WHT TOILET,6383.66,0,3822.55,6383.66,WEST,WEST,ROYAL FLSH ESPRESSO WHT TOILET
1846132,OSP-1 6 PAINT REMVL DISC 50PK,105.04,0,62.90,105.04,WEST,WEST,OSP-1 6 PAINT REMVL DISC 50PK
1847953,FOULFREE MULTI-SURFC SML 60ML,234.71,0,187.77,234.71,WEST,WEST,FOULFREE MULTI-SURFC SML 60ML
1847961,FOULFREE MULTI-SURFC MED 240ML,704.75,0,563.80,704.75,WEST,WEST,FOULFREE MULTI-SURFC MED 240ML
185612,TOILET SERVICE KIT,178.97,0,96.45,178.97,WEST,WEST,TOILET SERVICE KIT
18742,ALTERNATOR,250.00,0,1.00,250.00,WEST,WEST,ALTERNATOR
1877K--2222E,1/2 ELBOW FITTING 90DEG-2P/G,11.62,2,5.85,11.62,WEST,WEST,1/2 ELBOW FITTING 90DEG-2P/G
1877K-2342E,1/2 ELBOW NPS,12.97,1,6.45,12.97,WEST,WEST,1/2 ELBOW NPS
188727,W/P DECK CONNECT CHR ZINC,86.91,0,46.84,86.91,WEST,WEST,W/P DECK CONNECT CHR ZINC
198366,ZINC PLTD.ANCHOR LIFT & LOCK,28.86,0,12.99,28.86,WEST,WEST,ZINC PLTD.ANCHOR LIFT & LOCK
20015,"1/8""X""X25' MUFFLER WRAP",22.99,3,12.57,0.00,WEST,WEST,"1/8""X""X25' MUFFLER WRAP"
201782,DOOR GASKET F/R3800PS,32.77,0,23.95,32.77,WEST,WEST,DOOR GASKET F/R3800PS
201944,BRZ.ROUND STRAINER 5,98.53,1,53.10,98.53,WEST,WEST,BRZ.ROUND STRAINER 5
202v10000-36,"BLUE SILICONE W/EX 10"" X 3'",993.40,0,535.36,993.40,WEST,WEST,"BLUE SILICONE W/EX 10"" X 3'"
207179,233PLUS 1/2PAINT MASKING TAPE,11.06,0,5.96,11.06,WEST,WEST,233PLUS 1/2PAINT MASKING TAPE
207187,233PLUS 3/4PAINT MASKING TAPE,14.63,0,7.88,14.63,WEST,WEST,233PLUS 3/4PAINT MASKING TAPE
207195,233PLUS 1 PAINT MASKING TAPE,19.42,0,10.47,19.42,WEST,WEST,233PLUS 1 PAINT MASKING TAPE
207217,233PLUS 1-1/2PAINT MASK. TAPE,27.76,0,14.96,27.76,WEST,WEST,233PLUS 1-1/2PAINT MASK. TAPE
207233,233PLUS  2 PAINT MASKING TAPE,36.62,0,19.74,36.62,WEST,WEST,233PLUS  2 PAINT MASKING TAPE
215-CAULKGUN,CAULK GUN,0.00,1,17.69,0.00,WEST,WEST,CAULK GUN
218235,RING NYLON 12-10 1/4 100PK,55.73,100,30.03,55.73,WEST,WEST,RING NYLON 12-10 1/4 100PK
22772,GALLEY LIGHTS LABEL,4.49,0,2.69,4.49,WEST,WEST,GALLEY LIGHTS LABEL
22829,ENGINE ROOM LIGHTS LABEL,4.49,0,2.69,4.49,WEST,WEST,ENGINE ROOM LIGHTS LABEL
229963,"GASKET, WATER OUTLET",4.86,4,2.73,4.86,WEST,WEST,"GASKET, WATER OUTLET"
23006,Critical glass protection kit,36.07,4,0.00,0.00,WEST,WEST,Critical glass protection kit
23123,3IN MINI ROLLER SLEEVE- 3/8 PILE,7.65,10,4.26,7.65,WEST,WEST,3IN MINI ROLLER SLEEVE- 3/8 PILE
237183,TOILET MOTOR COVER,70.82,0,38.17,70.82,WEST,WEST,TOILET MOTOR COVER
239542,LOCKER LIGHTS LABEL,4.49,0,2.69,4.49,WEST,WEST,LOCKER LIGHTS LABEL
247812,FEMALE SWVL.ELBOW 15MMx3/4NPS,23.90,2,12.88,23.90,WEST,WEST,FEMALE SWVL.ELBOW 15MMx3/4NPS
24M-1000,"MAGNACHARGE 24 SERIES, 950CA",134.42,0,100.00,134.42,WEST,WEST,"MAGNACHARGE 24 SERIES, 950CA"
25-742-WT-TR-KIT,COMBO-PROPANE/CO ALARM,176.99,1,95.38,176.99,WEST,WEST,COMBO-PROPANE/CO ALARM
250-2,HARDWALL EXHAUST HOSE 2IN @ PER FT,31.83,3,17.15,31.83,WEST,WEST,HARDWALL EXHAUST HOSE 2IN @ PER FT
2570-1557,15MM FLEXPIPE MOUNTING CLIP,2.05,0,1.04,2.05,WEST,WEST,15MM FLEXPIPE MOUNTING CLIP
272957,INSTRUMENT LIGHTS LABEL,4.49,0,2.69,4.49,WEST,WEST,INSTRUMENT LIGHTS LABEL
290000195,REPL CONTROL LPS 60-75 R410A,87.80,1,61.83,87.80,WEST,WEST,REPL CONTROL LPS 60-75 R410A
290000197,REPL CONTROL HPS 575PSI R410A,87.80,0,61.83,87.80,WEST,WEST,REPL CONTROL HPS 575PSI R410A
29602,HEAT SK.RING 16-14 #10 100PAK,79.99,100,43.11,79.99,WEST,WEST,HEAT SK.RING 16-14 #10 100PAK
298646,FLYBRIDGE LIGHTS LABEL,4.49,0,2.69,4.49,WEST,WEST,FLYBRIDGE LIGHTS LABEL
302106006BK-1,"SEADOG FENDER LINE 1/4""X6' BLACK",9.99,2,5.84,0.00,WEST,WEST,"SEADOG FENDER LINE 1/4""X6' BLACK"
302106006BL-1,"SEADOG FENDER LINES 1/4""X6' BLUE",9.99,2,5.99,0.00,WEST,WEST,"SEADOG FENDER LINES 1/4""X6' BLUE"
302106006G/W-1,"SEADOG FENDER LINES 1/4""X6' GOLD BRAID",9.99,2,5.99,0.00,WEST,WEST,"SEADOG FENDER LINES 1/4""X6' GOLD BRAID"
302110010BL-1,"SEADOG DOCK LINE 3/8""X10' BLUE",16.49,1,9.75,0.00,WEST,WEST,"SEADOG DOCK LINE 3/8""X10' BLUE"
302110010G/W-1,"SEADOG DOCK LINE 3/8"" X 10' GOLD BRAID",16.49,1,9.75,0.00,WEST,WEST,"SEADOG DOCK LINE 3/8"" X 10' GOLD BRAID"
302110015BL-1,"SEADOG DOCK LINE 3/8""X15' BLUE",21.49,1,12.85,0.00,WEST,WEST,"SEADOG DOCK LINE 3/8""X15' BLUE"
302110015G/W-1,"SEADOG DOCK LINES 3/8""X15' GOLD BRAID",21.49,1,12.85,0.00,WEST,WEST,"SEADOG DOCK LINES 3/8""X15' GOLD BRAID"
302110020BL-1,"SEADOG DOCK LINE 3/8""X20' BLUE",26.99,1,16.19,0.00,WEST,WEST,"SEADOG DOCK LINE 3/8""X20' BLUE"
302110020G/W-1,"SEADOG DOCK LINE 3/8""X20' GOLD BRAID",26.99,1,16.19,0.00,WEST,WEST,"SEADOG DOCK LINE 3/8""X20' GOLD BRAID"
302112010G/W-1,"SEADOG DOCK LINE 1/2""X10' GOLD BRAID",22.99,1,13.92,0.00,WEST,WEST,"SEADOG DOCK LINE 1/2""X10' GOLD BRAID"
302112010NV-1,"SEADOG DOCK LINE 1/2""X10' NAVY",22.99,1,13.92,0.00,WEST,WEST,"SEADOG DOCK LINE 1/2""X10' NAVY"
302112015G/W-1,"SEADOG DOCK LINE 1/2""X15' GOLD BRAID",30.79,1,18.48,0.00,WEST,WEST,"SEADOG DOCK LINE 1/2""X15' GOLD BRAID"
302112015NV-1,"SEADOG DOCK LINE 1/2""X15' NAVY",30.79,1,18.48,0.00,WEST,WEST,"SEADOG DOCK LINE 1/2""X15' NAVY"
302116015G/W-1,"SEADOG DOCK LINE 5/8""X15' GOLD BRAID",50.49,1,30.49,0.00,WEST,WEST,"SEADOG DOCK LINE 5/8""X15' GOLD BRAID"
302116015NV-1,"SEADOG DOCK LINE 5/8""X15' NAVY",50.49,1,30.49,0.00,WEST,WEST,"SEADOG DOCK LINE 5/8""X15' NAVY"
302116020G/W-1,"SEADOG DOCK LINE 5/8""X20' GOLD BRAID",73.99,1,44.60,0.00,WEST,WEST,"SEADOG DOCK LINE 5/8""X20' GOLD BRAID"
302116020NV-1,"SEADOG DOCK LINE 5/8""X20' NAVY",73.99,1,44.60,0.00,WEST,WEST,"SEADOG DOCK LINE 5/8""X20' NAVY"
303-130207,MULTI CLEAN SPRAY 946ML,21.01,3,12.58,21.01,WEST,WEST,MULTI CLEAN SPRAY 946ML
303-130210,MARINE SPEED DETAILER 946ML,14.93,0,8.94,14.93,WEST,WEST,MARINE SPEED DETAILER 946ML
303-130313,PROTECT SPRAY 946ML,35.34,0,21.16,35.34,WEST,WEST,PROTECT SPRAY 946ML
303-130340,PROTECT SPRAY 473ML,22.51,2,13.48,22.51,WEST,WEST,PROTECT SPRAY 473ML
303-130370,PROTECT REFILL 3.79L,109.08,0,65.32,109.08,WEST,WEST,PROTECT REFILL 3.79L
303-130371,TOUCHLESS SEALANT 946ML,35.34,-1,21.16,35.34,WEST,WEST,TOUCHLESS SEALANT 946ML
303-130553,MOLD/MILDEW CLEAN/BLOCK 946ML,29.44,0,17.63,29.44,WEST,WEST,MOLD/MILDEW CLEAN/BLOCK 946ML
303-130606,FABRIC GARD SPRAY 946ML,57.48,2,34.42,57.48,WEST,WEST,FABRIC GARD SPRAY 946ML
303-130616,FABRIC GARD SPRAY 473ML,35.20,1,21.08,35.20,WEST,WEST,FABRIC GARD SPRAY 473ML
303-130674,FABRIC GUARD REFILL 3.79L,205.58,0,123.10,205.58,WEST,WEST,FABRIC GUARD REFILL 3.79L
303-330390,WINDSHIELD WASHER TABS 5PK,7.03,0,4.21,7.03,WEST,WEST,WINDSHIELD WASHER TABS 5PK
305-0386,FUEL OB HOSE B1 3/8 X 50 GRAY,245.86,1,144.29,245.86,WEST,WEST,FUEL OB HOSE B1 3/8 X 50 GRAY
311004,VENT FILTER KIT,260.40,0,140.34,260.40,WEST,WEST,VENT FILTER KIT
317-5/8,"FUEL VENT HOSE A2 5/8""",8.32,50,4.48,8.32,WEST,WEST,"FUEL VENT HOSE A2 5/8"""
326534,PREVAL PAINT SPRAYER CMPLT,40.51,0,21.83,40.51,WEST,WEST,PREVAL PAINT SPRAYER CMPLT
326577,PREVAL PAINT SPRAYER CONTAINR,11.57,0,6.24,11.57,WEST,WEST,PREVAL PAINT SPRAYER CONTAINR
327611,ERGO-GRIP PAINT SCRAPER 9HND,19.57,0,10.55,19.57,WEST,WEST,ERGO-GRIP PAINT SCRAPER 9HND
327638,ERGO-GRIP PAINT SCRAPER 14HND,23.40,0,12.61,23.40,WEST,WEST,ERGO-GRIP PAINT SCRAPER 14HND
33004,METAL POLISH,28.65,7,0.00,28.65,WEST,WEST,METAL POLISH
334K-D,100-230 D/S TEMP SENDER,53.77,0,21.51,53.77,WEST,WEST,100-230 D/S TEMP SENDER
34481157755,"CAR 3/4"" STRAIN RELIEF THREAD",13.77,0,10.59,13.77,WEST,WEST,"CAR 3/4"" STRAIN RELIEF THREAD"
350516,,0.00,0,0.00,0.00,WEST,WEST,
355143,VERNALIFT 6 SIDE -> TOP,1868.30,1,1006.87,1868.30,WEST,WEST,VERNALIFT 6 SIDE -> TOP
35688,HEAT SK.RING 12-10 #10 100PAK,110.24,100,59.41,110.24,WEST,WEST,HEAT SK.RING 12-10 #10 100PAK
364L-F,PRESSWITCH 6#,61.83,0,24.95,61.83,WEST,WEST,PRESSWITCH 6#
365-0566,"FUEL HOSE TYPE A1 5/16""  X 50'",262.37,70,130.87,262.37,WEST,WEST,"FUEL HOSE TYPE A1 5/16""  X 50'"
38288,RING NYLON 1/4 25PK,42.13,25,22.71,42.13,WEST,WEST,RING NYLON 1/4 25PK
3MR-05844,SPREADER KIT   3/PKG,19.77,0,10.66,19.77,WEST,WEST,SPREADER KIT   3/PKG
3MR-420C946ML,BONDO FIBREGLASS RESIN 1/2PINT,38.43,0,20.71,38.43,WEST,WEST,BONDO FIBREGLASS RESIN 1/2PINT
3MR-46005,862ML 3M MARINE PREMIUM FILLER,125.35,1,67.55,125.35,WEST,WEST,862ML 3M MARINE PREMIUM FILLER
3MR-46006,3.54kg. MARINE PREMIUM FILLER,352.69,0,190.07,352.69,WEST,WEST,3.54kg. MARINE PREMIUM FILLER
3MR-46013,862ML 3M BLISTER/REPAIR FILLER,166.83,2,89.91,166.83,WEST,WEST,862ML 3M BLISTER/REPAIR FILLER
40193,HEAT SK.RING 12-10 1/4100PAK,110.24,100,59.41,110.24,WEST,WEST,HEAT SK.RING 12-10 1/4100PAK
40568,1X1-1/4X4 (Blackfish),197.23,1,106.29,197.23,WEST,WEST,1X1-1/4X4 (Blackfish)
4064300,INSIKERATOR HOT WATER DISPENSER HVIEWC-SS,789.00,0,653.92,789.00,WEST,WEST,INSIKERATOR HOT WATER DISPENSER HVIEWC-SS
409006,SPARE GLOBE GREEN/309,168.00,0,90.54,168.00,WEST,WEST,SPARE GLOBE GREEN/309
4156-0000,WEAR PLATE,35.89,0,0.01,35.89,WEST,WEST,WEAR PLATE
4200-PR,4GA SOLID BARREL LUG,4.83,0,1.00,4.83,WEST,WEST,4GA SOLID BARREL LUG
426733,FLOOD LIGHTS LABEL,4.49,0,2.69,4.49,WEST,WEST,FLOOD LIGHTS LABEL
427314,LIGHTS 3 LABEL,4.49,0,2.69,4.49,WEST,WEST,LIGHTS 3 LABEL
434604,TOILET TISSUE 2-PLY (4/PK),18.69,0,10.07,18.69,WEST,WEST,TOILET TISSUE 2-PLY (4/PK)
443573,ZINC PLTD.PROP WRENCH,24.38,0,10.97,24.38,WEST,WEST,ZINC PLTD.PROP WRENCH
455555,LIGHTS LABEL,4.49,0,2.69,4.49,WEST,WEST,LIGHTS LABEL
46388,HEAT SK.RING 16-14 1/425PAK,39.06,25,21.05,39.06,WEST,WEST,HEAT SK.RING 16-14 1/425PAK
46396,HEAT SK.RING 12-10 #8 100PAK,110.24,100,59.41,110.24,WEST,WEST,HEAT SK.RING 12-10 #8 100PAK
476048,12V CAPSTAN WINCH (P9510005),2054.09,0,1397.34,2054.09,WEST,WEST,12V CAPSTAN WINCH (P9510005)
476412,INTERLUX PAINTERS GUIDE,0.00,0,0.00,0.00,WEST,WEST,INTERLUX PAINTERS GUIDE
488089,CHROME FLEXIBLE HOSE 5,70.12,1,37.79,70.12,WEST,WEST,CHROME FLEXIBLE HOSE 5
4a1.12.r80ce8,"wiper mir 12v 2sp 1""sld blk",211.71,0,114.09,211.71,WEST,WEST,"wiper mir 12v 2sp 1""sld blk"
501751,TOILET TISSUE 1-PLY 4/PKG,6.75,0,3.64,6.75,WEST,WEST,TOILET TISSUE 1-PLY 4/PKG
501794,TOILET TISSUE 2-PLY 4/PKG,12.53,0,6.75,12.53,WEST,WEST,TOILET TISSUE 2-PLY 4/PKG
50500A2000,"SHAFT COUPLING, MARINE SPLIT-2IN BW/VD",746.20,0,525.00,746.20,WEST,WEST,"SHAFT COUPLING, MARINE SPLIT-2IN BW/VD"
512303,H-BARB T-HULL CF-253-S-3/4,35.20,0,18.97,35.20,WEST,WEST,H-BARB T-HULL CF-253-S-3/4
547077,HEAT SK.RING 22-18 #8 100PAK,79.99,100,43.11,79.99,WEST,WEST,HEAT SK.RING 22-18 #8 100PAK
553701,EK1 200 KNOT END BRU,29.36,1,25.76,29.36,WEST,WEST,EK1 200 KNOT END BRU
557412,PAINT MIXER (CARDED),6.33,0,3.41,6.33,WEST,WEST,PAINT MIXER (CARDED)
559822,ZINC OARLOCK HORN ROUND,33.84,0,15.23,33.84,WEST,WEST,ZINC OARLOCK HORN ROUND
572128,LIGHTS AFT LABEL,4.49,0,2.69,4.49,WEST,WEST,LIGHTS AFT LABEL
572454,LIGHTS FWD LABEL,4.49,0,2.69,4.49,WEST,WEST,LIGHTS FWD LABEL
583731,"KIT, 320MTL.BWL WHITE PAINT",186.35,0,120.43,186.35,WEST,WEST,"KIT, 320MTL.BWL WHITE PAINT"
5871,THR REFL TAPE,3.99,0,0.00,3.99,WEST,WEST,THR REFL TAPE
591wht-300ML,591 sealant crtrg 300ml wht,21.54,0,10.20,21.54,WEST,WEST,591 sealant crtrg 300ml wht
596361,3-1/2 S/S PAINTERS TOOL,10.54,0,5.68,10.54,WEST,WEST,3-1/2 S/S PAINTERS TOOL
60302,FBS PAINT WORK LRG COVERALL GRAY,105.46,4,53.99,105.46,WEST,WEST,FBS PAINT WORK LRG COVERALL GRAY
60303,PAINT/WORK XL COVERALLS GRAY,105.46,5,53.99,105.46,WEST,WEST,PAINT/WORK XL COVERALLS GRAY
610895,ZINC PLATED STEEL SAFETY CHAIN,45.42,0,20.44,45.42,WEST,WEST,ZINC PLATED STEEL SAFETY CHAIN
616346,HYDRAULIC CYLINDER,188.73,1,128.39,188.73,WEST,WEST,HYDRAULIC CYLINDER
62-542-WT-MARINE-TR,CO DETECTOR-12V-FLUSH MT WHT,142.57,1,76.83,142.57,WEST,WEST,CO DETECTOR-12V-FLUSH MT WHT
64157,ZN RUDDER ANODE 3-3/4,27.17,18,14.64,27.17,WEST,WEST,ZN RUDDER ANODE 3-3/4
644706,RICHTER ANCHOR 14LB(BLK),207.33,0,111.73,207.33,WEST,WEST,RICHTER ANCHOR 14LB(BLK)
647276,PLATFORM ANCHOR ROLLER,186.09,0,126.27,186.09,WEST,WEST,PLATFORM ANCHOR ROLLER
647284,PLATFORM ANCHOR ROLLER,224.57,0,152.39,224.57,WEST,WEST,PLATFORM ANCHOR ROLLER
647292,FAIRLEAD ANCHOR ROLLER,218.37,0,148.18,218.37,WEST,WEST,FAIRLEAD ANCHOR ROLLER
647306,PLOW ANCHOR ROLLER/MT,559.62,0,379.74,559.62,WEST,WEST,PLOW ANCHOR ROLLER/MT
647322,RAIL MT.ANCHOR BRACKET,143.40,0,97.31,143.40,WEST,WEST,RAIL MT.ANCHOR BRACKET
647349,STANCH.MT.ANCHOR BRKT,141.93,0,96.31,141.93,WEST,WEST,STANCH.MT.ANCHOR BRKT
647365,UNIV.ANCHOR ROLLER/MT,841.69,0,571.15,841.69,WEST,WEST,UNIV.ANCHOR ROLLER/MT
647373,SM.ANCHOR ROLLER/MOUNT,290.29,0,196.98,290.29,WEST,WEST,SM.ANCHOR ROLLER/MOUNT
647381,LG.ANCHOR ROLLER/MOUNT,589.01,0,399.68,589.01,WEST,WEST,LG.ANCHOR ROLLER/MOUNT
647403,MED.ANCHOR ROLLR/MOUNT,476.92,0,323.63,476.92,WEST,WEST,MED.ANCHOR ROLLR/MOUNT
647454,HVY.DUTY ANCHOR-TITE,177.87,0,120.70,177.87,WEST,WEST,HVY.DUTY ANCHOR-TITE
654248,BRUCE ANCHOR ROLLER/MT,394.45,0,267.66,394.45,WEST,WEST,BRUCE ANCHOR ROLLER/MT
654256,BRUCE ANCHOR ROLLER/MT,941.42,0,638.82,941.42,WEST,WEST,BRUCE ANCHOR ROLLER/MT
654264,BRUCE ANCHOR ROLLER/MT,785.51,0,533.03,785.51,WEST,WEST,BRUCE ANCHOR ROLLER/MT
655-8,G/FLEX EPOXY,44.99,1,1.00,44.99,WEST,WEST,G/FLEX EPOXY
656771,PAINT CONTAINERS-QUART,0.00,0,0.00,0.00,WEST,WEST,PAINT CONTAINERS-QUART
656933,PAINT CONTAINERS-GALLON,0.00,0,0.00,0.00,WEST,WEST,PAINT CONTAINERS-GALLON
658502,#4 SUPER HOOKER ANCHOR 4-LB,64.08,0,34.53,64.08,WEST,WEST,#4 SUPER HOOKER ANCHOR 4-LB
658529,#8 SUPER HOOKER ANCHOR 9-LB,89.24,0,48.10,89.24,WEST,WEST,#8 SUPER HOOKER ANCHOR 9-LB
658537,#13 SUPER HOOKER ANCHOR 14-LB,146.46,0,78.93,146.46,WEST,WEST,#13 SUPER HOOKER ANCHOR 14-LB
658545,#18 SUPER HOOKER ANCHOR 18-LB,183.08,0,98.67,183.08,WEST,WEST,#18 SUPER HOOKER ANCHOR 18-LB
658553,#22 SUPER HOOKER ANCHOR 25-LB,242.57,0,130.72,242.57,WEST,WEST,#22 SUPER HOOKER ANCHOR 25-LB
658561,HI-TENSILE 12# ANCHOR(94020),567.48,0,305.83,567.48,WEST,WEST,HI-TENSILE 12# ANCHOR(94020)
658588,HI-TENSILE 20# ANCHOR(94021),1116.68,0,601.80,1116.68,WEST,WEST,HI-TENSILE 20# ANCHOR(94021)
658596,HI-TENSILE 35# ANCHOR(94022),1647.56,0,887.90,1647.56,WEST,WEST,HI-TENSILE 35# ANCHOR(94022)
658618,HI-TENSILE 60# ANCHOR(94023),2013.67,0,1085.21,2013.67,WEST,WEST,HI-TENSILE 60# ANCHOR(94023)
662496,YELLOW KEY FLOAT ANCHOR,5.68,0,3.06,5.68,WEST,WEST,YELLOW KEY FLOAT ANCHOR
668311,STANDARD 5-LB ANCHOR,77.81,0,41.93,77.81,WEST,WEST,STANDARD 5-LB ANCHOR
668338,STANDARD 9-LB ANCHOR,100.70,0,54.27,100.70,WEST,WEST,STANDARD 9-LB ANCHOR
668346,STANDARD 14-LB ANCHOR,160.19,0,86.33,160.19,WEST,WEST,STANDARD 14-LB ANCHOR
668354,STANDARD 16-LB ANCHOR,210.54,0,113.46,210.54,WEST,WEST,STANDARD 16-LB ANCHOR
668362,STANDARD 25-LB ANCHOR,283.75,0,152.92,283.75,WEST,WEST,STANDARD 25-LB ANCHOR
668389,STANDARD 43-LB ANCHOR,631.56,0,340.36,631.56,WEST,WEST,STANDARD 43-LB ANCHOR
668397,STANDARD 70-LB ANCHOR,1052.60,0,567.27,1052.60,WEST,WEST,STANDARD 70-LB ANCHOR
668419,STANDARD 100-LB ANCHOR,1235.67,0,665.93,1235.67,WEST,WEST,STANDARD 100-LB ANCHOR
669644,TOILET MOTOR COVER KIT,77.74,0,41.89,77.74,WEST,WEST,TOILET MOTOR COVER KIT
670472,HOSE ADAPT 2316SS,107.11,0,57.73,107.11,WEST,WEST,HOSE ADAPT 2316SS
671088,5148 TOILET-WHITE,1344.06,0,896.04,1344.06,WEST,WEST,5148 TOILET-WHITE
671509,5006 TOILET-WHITE,1344.06,0,896.04,1344.06,WEST,WEST,5006 TOILET-WHITE
675024,316 S/S PIPE NIPPLE *,23.10,1,12.45,23.10,WEST,WEST,316 S/S PIPE NIPPLE *
694622,FORTRESS ANCHOR 4-LB,371.82,0,247.88,371.82,WEST,WEST,FORTRESS ANCHOR 4-LB
694657,FORTRESS ANCHOR 7-LB,498.42,0,332.28,498.42,WEST,WEST,FORTRESS ANCHOR 7-LB
694665,FORTRESS ANCHOR 10-LB,786.59,0,524.39,786.59,WEST,WEST,FORTRESS ANCHOR 10-LB
694673,FORTRESS ANCHOR 15-LB,1248.93,0,832.62,1248.93,WEST,WEST,FORTRESS ANCHOR 15-LB
694681,FORTRESS ANCHOR 21-LB,2014.17,0,1342.78,2014.17,WEST,WEST,FORTRESS ANCHOR 21-LB
694703,FORTRESS ANCHOR 32-LB,2945.13,0,1963.42,2945.13,WEST,WEST,FORTRESS ANCHOR 32-LB
694711,FORTRESS ANCHOR 47-LB,4518.51,0,3012.34,4518.51,WEST,WEST,FORTRESS ANCHOR 47-LB
694738,FORTRESS ANCHOR 69-LB,6620.84,0,4413.89,6620.84,WEST,WEST,FORTRESS ANCHOR 69-LB
694746,GUARDIAN ANCHOR 3-LB,160.95,0,96.38,160.95,WEST,WEST,GUARDIAN ANCHOR 3-LB
694754,GUARDIAN ANCHOR 4-LB,206.58,0,123.70,206.58,WEST,WEST,GUARDIAN ANCHOR 4-LB
694762,GUARDIAN ANCHOR 6-LB,254.61,0,169.74,254.61,WEST,WEST,GUARDIAN ANCHOR 6-LB
694789,GUARDIAN ANCHOR 7-LB,410.79,0,245.98,410.79,WEST,WEST,GUARDIAN ANCHOR 7-LB
694797,GUARDIAN ANCHOR 13-LB,648.59,0,388.38,648.59,WEST,WEST,GUARDIAN ANCHOR 13-LB
694819,GUARDIAN ANCHOR 18-LB,1017.28,0,609.15,1017.28,WEST,WEST,GUARDIAN ANCHOR 18-LB
694827,GUARDIAN ANCHOR 29-LB,1502.55,0,899.73,1502.55,WEST,WEST,GUARDIAN ANCHOR 29-LB
694835,GUARDIAN ANCHOR 42-LB,2302.43,0,1378.70,2302.43,WEST,WEST,GUARDIAN ANCHOR 42-LB
694843,GUARDIAN ANCHOR 65-LB,3412.19,0,2043.23,3412.19,WEST,WEST,GUARDIAN ANCHOR 65-LB
6BT-50070-52-00,"sTANDARD tRIM pLANE aSSEMBLY - 42"" X 12""",316.00,1,237.00,316.00,WEST,WEST,"sTANDARD tRIM pLANE aSSEMBLY - 42"" X 12"""
703567,3-PC.GASKET SET  (SSSP-SP#2),100.65,0,54.24,100.65,WEST,WEST,3-PC.GASKET SET  (SSSP-SP#2)
70STBC675L,"CLAMP, T-BOLT-S/S",12.85,4,1.00,12.85,WEST,WEST,"CLAMP, T-BOLT-S/S"
72036,ZINC PLTD.RECIEVER PIN 5/8,12.14,0,5.46,12.14,WEST,WEST,ZINC PLTD.RECIEVER PIN 5/8
725595,ELEMENT FOR 320RRAC02,64.17,0,39.28,64.17,WEST,WEST,ELEMENT FOR 320RRAC02
740063,10.5OZ PAINT BUSTER HANDCLNR,65.05,0,35.05,65.05,WEST,WEST,10.5OZ PAINT BUSTER HANDCLNR
747661,SURF/MT BREAKER 50A,184.42,0,99.39,184.42,WEST,WEST,SURF/MT BREAKER 50A
755583,TOILET INLET STRAINER-3/4HOSE,64.78,0,34.91,64.78,WEST,WEST,TOILET INLET STRAINER-3/4HOSE
782807,PAINTD.NAVY ANCHOR-15#,96.53,0,52.02,96.53,WEST,WEST,PAINTD.NAVY ANCHOR-15#
782815,PAINTD.NAVY ANCHOR-20#,131.66,0,70.96,131.66,WEST,WEST,PAINTD.NAVY ANCHOR-20#
799858,RING NYLON 22-18 #8 100PK,34.90,100,18.81,34.90,WEST,WEST,RING NYLON 22-18 #8 100PK
799866,RING NYLON 22-18 #10 100PK,34.90,100,18.81,34.90,WEST,WEST,RING NYLON 22-18 #10 100PK
799882,RING NYLON 16-14 #8 100PK,34.90,100,18.81,34.90,WEST,WEST,RING NYLON 16-14 #8 100PK
799904,RING NYLON 16-14 #10 100PK,34.90,100,18.81,34.90,WEST,WEST,RING NYLON 16-14 #10 100PK
799912,RING NYLON 16-14 1/4 100PK,44.26,100,23.85,44.26,WEST,WEST,RING NYLON 16-14 1/4 100PK
799939,RING NYLON 16-14 5/16 100PK,44.26,100,23.85,44.26,WEST,WEST,RING NYLON 16-14 5/16 100PK
799947,RING NYLON 16-14 3/8 100PK,44.26,100,23.85,44.26,WEST,WEST,RING NYLON 16-14 3/8 100PK
799955,RING NYLON 12-10 #8 100PK,48.11,100,25.93,48.11,WEST,WEST,RING NYLON 12-10 #8 100PK
799963,RING NYLON 12-10 #10 100PK,48.11,100,25.93,48.11,WEST,WEST,RING NYLON 12-10 #10 100PK
799971,RING NYLON 12-10 5/16 100PK,55.73,100,30.03,55.73,WEST,WEST,RING NYLON 12-10 5/16 100PK
799998,RING NYLON 12-10 3/8 100PK,55.73,100,30.03,55.73,WEST,WEST,RING NYLON 12-10 3/8 100PK
804592,TOILET TREATMENT-LEMON 16OZ,29.23,0,15.75,29.23,WEST,WEST,TOILET TREATMENT-LEMON 16OZ
81888,12-10 AWG DISCONNECT MALE,3.91,7,1.86,3.91,WEST,WEST,12-10 AWG DISCONNECT MALE
825085,HEAT SK.RING 16-14 3/825PAK,39.06,25,21.05,39.06,WEST,WEST,HEAT SK.RING 16-14 3/825PAK
827932,HEAT SK.RING 16-14 #8 100PAK,79.99,100,43.11,79.99,WEST,WEST,HEAT SK.RING 16-14 #8 100PAK
829714,RING NYLON #8-#10 25PK,41.90,25,22.58,41.90,WEST,WEST,RING NYLON #8-#10 25PK
85294,FIXED C.B.MOBILE RADIO,120.09,0,83.98,120.09,WEST,WEST,FIXED C.B.MOBILE RADIO
85932c,NON-SKID DECK CLEANER,36.00,0,1.00,36.00,WEST,WEST,NON-SKID DECK CLEANER
884049,ZINC ONLY REPLACEMENT,47.38,0,25.53,47.38,WEST,WEST,ZINC ONLY REPLACEMENT
9005255,THRU HULL 2IN BARB,29.62,0,15.64,29.62,WEST,WEST,THRU HULL 2IN BARB
905569,STD.LOWER MNT.BRACKET(#119),26.59,4,15.92,26.59,WEST,WEST,STD.LOWER MNT.BRACKET(#119)
917613,BOTTOM PAINT ROLLER,9.37,0,5.05,9.37,WEST,WEST,BOTTOM PAINT ROLLER
923389,TRANSDUCER THRU HULL BRZ D/T,1072.85,0,894.04,1072.85,WEST,WEST,TRANSDUCER THRU HULL BRZ D/T
934267,ZINC PLTD BALL MT.BRACKET L/H,13.23,0,7.13,13.23,WEST,WEST,ZINC PLTD BALL MT.BRACKET L/H
934275,ZINC PLTD BALL MT.BRACKET R/H,13.29,0,7.16,13.29,WEST,WEST,ZINC PLTD BALL MT.BRACKET R/H
941182,LIGHTS PILOT HOUSE LABEL,4.49,0,2.69,4.49,WEST,WEST,LIGHTS PILOT HOUSE LABEL
941212,HEAD LIGHTS LABEL,4.49,0,2.69,4.49,WEST,WEST,HEAD LIGHTS LABEL
941271,LIGHTS MSTR CABIN LABEL,4.49,0,2.69,4.49,WEST,WEST,LIGHTS MSTR CABIN LABEL
943983,SPREADER LIGHTS LABEL,4.49,0,2.69,4.49,WEST,WEST,SPREADER LIGHTS LABEL
955329,MULTIDUCER THRU HULL BRZ 200W,790.52,0,658.77,790.52,WEST,WEST,MULTIDUCER THRU HULL BRZ 200W
961876,LIGHTS PORT LABEL,4.49,0,2.69,4.49,WEST,WEST,LIGHTS PORT LABEL
961884,LIGHTS STBD LABEL,4.49,0,2.69,4.49,WEST,WEST,LIGHTS STBD LABEL
966509,LIGHTS 2 LABEL,4.49,0,2.69,4.49,WEST,WEST,LIGHTS 2 LABEL
971901,TOILET PAPER ROLLER,23.71,0,12.78,23.71,WEST,WEST,TOILET PAPER ROLLER
976326,AL MERCURY TRIM TAB FLATE,18.19,2,9.80,18.19,WEST,WEST,AL MERCURY TRIM TAB FLATE
976911,31 SERIES START BATTERY,782.45,2,594.66,782.45,WEST,WEST,31 SERIES START BATTERY
980960301,"2nm whte allrnd fold 12"" blk",301.25,0,162.35,301.25,WEST,WEST,"2nm whte allrnd fold 12"" blk"
990795,FUEL FILTER 10Mic SHORT,14.55,0,7.86,14.55,WEST,WEST,FUEL FILTER 10Mic SHORT
998532,TOILET REPAIR KIT EB MASTER,832.44,0,448.62,832.44,WEST,WEST,TOILET REPAIR KIT EB MASTER
A/B-64940,GRODIE LAMP HOUSING ONLY,45.69,0,27.36,45.69,WEST,WEST,GRODIE LAMP HOUSING ONLY
AAL-10231,WTR FLOW DETECT 2,238.74,0,128.66,238.74,WEST,WEST,WTR FLOW DETECT 2
AAL-10233,WTR FLOW DETECT 1,220.37,0,118.76,220.37,WEST,WEST,WTR FLOW DETECT 1
AAL-10235,WTR FLOW DETECT 3/ 12-32V PDL,160.69,0,86.60,160.69,WEST,WEST,WTR FLOW DETECT 3/ 12-32V PDL
AAL-10271,WTR FLOW DETECT 1-1/2,220.37,0,118.76,220.37,WEST,WEST,WTR FLOW DETECT 1-1/2
AAL-10331,WTR FLW DETECT 2 12-32V PDL,238.74,0,128.66,238.74,WEST,WEST,WTR FLW DETECT 2 12-32V PDL
AAL-10333,WTR FLW DETECT 112-32V PDL,220.37,0,118.76,220.37,WEST,WEST,WTR FLW DETECT 112-32V PDL
AAL-10334,WTR FLW DETECT1-1/412-32V PDL,220.37,0,118.76,220.37,WEST,WEST,WTR FLW DETECT1-1/412-32V PDL
AAL-10371,WTR FLW DETECT1-1/212-32V PDL,220.37,0,118.76,220.37,WEST,WEST,WTR FLW DETECT1-1/212-32V PDL
AAL-13110,WTR FLW DETECT 2-1/2,194.66,0,104.90,194.66,WEST,WEST,WTR FLW DETECT 2-1/2
AAL-13111,WTR FLW DETECT 3,194.66,0,104.90,194.66,WEST,WEST,WTR FLW DETECT 3
AAL-13114,WTR FLW DETECT 3-1/2,194.66,0,104.90,194.66,WEST,WEST,WTR FLW DETECT 3-1/2
AAL-13117,WTR FLW DETECT 4-1/2,194.66,0,104.90,194.66,WEST,WEST,WTR FLW DETECT 4-1/2
AAL-13209,WTR FLW DETECT LO FLO3/4-1-1/2,220.37,0,118.76,220.37,WEST,WEST,WTR FLW DETECT LO FLO3/4-1-1/2
AAL-20001,SYS MONITOR KIT 12V W/BELL,659.25,0,355.28,659.25,WEST,WEST,SYS MONITOR KIT 12V W/BELL
AAL-20003,SYS MONITOR KIT 12V TWN ENG,1099.96,0,592.79,1099.96,WEST,WEST,SYS MONITOR KIT 12V TWN ENG
AAL-20007,SYS MONITOR KIT 12V W/O BELL,255.24,0,137.56,255.24,WEST,WEST,SYS MONITOR KIT 12V W/O BELL
AAL-20008,SYS MONITOR KIT DUAL ENG BASIC,549.08,0,295.91,549.08,WEST,WEST,SYS MONITOR KIT DUAL ENG BASIC
AAL-20009,SYS MONITOR KIT 32V,273.61,0,147.46,273.61,WEST,WEST,SYS MONITOR KIT 32V
AAL-20011,LAST WATCH II ALARM DGTL 12V,428.86,0,231.12,428.86,WEST,WEST,LAST WATCH II ALARM DGTL 12V
AAL-20020,CNTRL BOARD PRNTD CIRC 12V,212.94,0,114.76,212.94,WEST,WEST,CNTRL BOARD PRNTD CIRC 12V
AAL-20021,CNTRL BOARD PRNTD CIRC 24V,222.13,0,119.71,222.13,WEST,WEST,CNTRL BOARD PRNTD CIRC 24V
AAL-20022,CNTRL BOARD PRNTD CIRC 32V,222.13,0,119.71,222.13,WEST,WEST,CNTRL BOARD PRNTD CIRC 32V
AAL-20030,INDICATOR PANEL SGL ENG,79.39,0,42.79,79.39,WEST,WEST,INDICATOR PANEL SGL ENG
AAL-20031,INDICATOR PANEL DUAL ENG,143.47,0,77.32,143.47,WEST,WEST,INDICATOR PANEL DUAL ENG
AAL-20032,SMRT SWTCH-12V,97.34,0,52.46,97.34,WEST,WEST,SMRT SWTCH-12V
AAL-20035,SMRT SWCH AUTO BLG SYS12V-208A,189.38,0,102.06,189.38,WEST,WEST,SMRT SWCH AUTO BLG SYS12V-208A
AAL-20036,SMRT SWCH AUTO BLG SYS24V-208A,189.38,0,102.06,189.38,WEST,WEST,SMRT SWCH AUTO BLG SYS24V-208A
AAL-20038,SS-209 SMRT BLG PUMP 12V,233.22,0,125.68,233.22,WEST,WEST,SS-209 SMRT BLG PUMP 12V
AAL-20039,SS-209 SMRT BLG PUMP 24V,238.74,0,128.66,238.74,WEST,WEST,SS-209 SMRT BLG PUMP 24V
AAL-20043,BILGE PMP MONITR 12V,288.31,0,155.38,288.31,WEST,WEST,BILGE PMP MONITR 12V
AAL-20045,BILGE PMP CNTER 12-32V,146.84,0,79.14,146.84,WEST,WEST,BILGE PMP CNTER 12-32V
AAL-20045-SM,BILGE PMP CNT SUR MNT 12-32V,139.58,0,75.22,139.58,WEST,WEST,BILGE PMP CNT SUR MNT 12-32V
AAL-20050,BAIT TANK ALRM 3/4/1-1/2 FPT,238.74,0,128.66,238.74,WEST,WEST,BAIT TANK ALRM 3/4/1-1/2 FPT
AAL-20063,SAVE YOUR ENG KIT 2,247.91,0,133.60,247.91,WEST,WEST,SAVE YOUR ENG KIT 2
AAL-20064,SAVE YOUR ENG KIT 1/2/1-1/2,238.74,0,128.66,238.74,WEST,WEST,SAVE YOUR ENG KIT 1/2/1-1/2
AAL-20068,SAVE YOUR GENERATR KIT 1FPT,238.74,0,128.66,238.74,WEST,WEST,SAVE YOUR GENERATR KIT 1FPT
AAL-20072,FIRE SPRVISR MNITR PANEL,407.68,0,219.71,407.68,WEST,WEST,FIRE SPRVISR MNITR PANEL
AAL-20090,PUMP SWITCH HD 12V 30A,122.44,0,65.99,122.44,WEST,WEST,PUMP SWITCH HD 12V 30A
AAL-20100,RED WARN BELL-12V,137.74,0,74.23,137.74,WEST,WEST,RED WARN BELL-12V
AAL-20101,RED WARN BELL-24V,146.91,0,79.17,146.91,WEST,WEST,RED WARN BELL-24V
AAL-20102,RED WARN BELL-32V,146.91,0,79.17,146.91,WEST,WEST,RED WARN BELL-32V
AAL-20106,ALARM BUZZER 85DB 12-32V,53.27,0,28.71,53.27,WEST,WEST,ALARM BUZZER 85DB 12-32V
AAL-20107,IND/OUTD ALARM SIREN 12V,102.84,0,55.42,102.84,WEST,WEST,IND/OUTD ALARM SIREN 12V
AAL-20111,LO OIL PRESS DETECTOR 12V,55.11,0,29.70,55.11,WEST,WEST,LO OIL PRESS DETECTOR 12V
AAL-20112,RMT FIRE DETECT 12V NEW,121.21,0,65.32,121.21,WEST,WEST,RMT FIRE DETECT 12V NEW
AAL-20116,OVRHT DETECT200F12-32V BOLT-ON,62.44,0,33.65,62.44,WEST,WEST,OVRHT DETECT200F12-32V BOLT-ON
AAL-20118,OVRHT DETECT200F12-32V 1/2MPT,73.40,0,39.55,73.40,WEST,WEST,OVRHT DETECT200F12-32V 1/2MPT
AAL-20120,BILGE LEVEL DETECT 12/32V,86.31,0,46.51,86.31,WEST,WEST,BILGE LEVEL DETECT 12/32V
AAL-20131,BILGE WARN SYS 12V W/BELL,205.68,0,110.84,205.68,WEST,WEST,BILGE WARN SYS 12V W/BELL
AAL-20133,BILGE WARN SYS 32V W/BELL,211.19,0,113.81,211.19,WEST,WEST,BILGE WARN SYS 32V W/BELL
AAL-20140,WTRPRF BACK BOX-RBA BELL,56.93,0,30.68,56.93,WEST,WEST,WTRPRF BACK BOX-RBA BELL
AAL-20143,TIMER CIRCUIT-BILGE ALARM,55.11,0,29.70,55.11,WEST,WEST,TIMER CIRCUIT-BILGE ALARM
AAL-20210,ENG TEMP MNITR W/BLT-ON DETECT,134.05,0,72.24,134.05,WEST,WEST,ENG TEMP MNITR W/BLT-ON DETECT
AAL-20219,ENG TEMP MNTR DUAL 12V2XBLT-ON,170.77,0,92.03,170.77,WEST,WEST,ENG TEMP MNTR DUAL 12V2XBLT-ON
AAL-20220,LO OILPRES MNTR BLK1/8NPT DET,134.05,0,72.24,134.05,WEST,WEST,LO OILPRES MNTR BLK1/8NPT DET
AAL-20227,FIRE WARN PNL 12V BLK,82.65,0,44.54,82.65,WEST,WEST,FIRE WARN PNL 12V BLK
AAL-20230,FIRE WARN W/135F DETECT12V BLK,181.81,0,97.98,181.81,WEST,WEST,FIRE WARN W/135F DETECT12V BLK
AAL-20234,FIRE WARN W/194F DETECT12V BLK,181.81,0,97.98,181.81,WEST,WEST,FIRE WARN W/194F DETECT12V BLK
AAL-20240,HI WTR WRN PLNL&FLT SWCH12V BK,163.44,0,88.08,163.44,WEST,WEST,HI WTR WRN PLNL&FLT SWCH12V BK
AAL-20243,EXHST OVRHT ALRM KIT 24V W/20,143.24,0,77.19,143.24,WEST,WEST,EXHST OVRHT ALRM KIT 24V W/20
AAL-20245,EXHST OVRHT ALRM KIT 12V,146.84,0,79.14,146.84,WEST,WEST,EXHST OVRHT ALRM KIT 12V
AAL-20248,EXHST OVRHT ALRM KIT DUAL 12V,229.54,0,123.70,229.54,WEST,WEST,EXHST OVRHT ALRM KIT DUAL 12V
AAL-20250,EXHST OVRHT DETECT 200F 12-32V,100.93,0,54.40,100.93,WEST,WEST,EXHST OVRHT DETECT 200F 12-32V
AAL-20252,EXHST OVRHT WARN PNL WHT,64.28,0,34.64,64.28,WEST,WEST,EXHST OVRHT WARN PNL WHT
AAL-20254,BLG HI WTR PANEL 12V BLK,66.23,0,35.69,66.23,WEST,WEST,BLG HI WTR PANEL 12V BLK
AAL-20260,ASM VISUAL IND PNL SNGL ENG,156.09,0,84.12,156.09,WEST,WEST,ASM VISUAL IND PNL SNGL ENG
AAL-20260-24V,24V PANEL W/MUTE,131.31,0,74.70,131.31,WEST,WEST,24V PANEL W/MUTE
AAL-20262,ASM VISUAL IND PNL DUAL ENG,229.54,0,123.70,229.54,WEST,WEST,ASM VISUAL IND PNL DUAL ENG
AAL-20271,SMOKE DETECT HRD WIRE 12/24,229.54,0,123.70,229.54,WEST,WEST,SMOKE DETECT HRD WIRE 12/24
AAL-20275,SMOKE WARN PNL 12V,58.85,0,31.72,58.85,WEST,WEST,SMOKE WARN PNL 12V
AAL-20278,FIRE/SMOKE PNL 12V,107.13,0,57.73,107.13,WEST,WEST,FIRE/SMOKE PNL 12V
AAL-20286,BLUE STROBE/SIREN 105DB 12V,108.35,0,58.39,108.35,WEST,WEST,BLUE STROBE/SIREN 105DB 12V
AAL-20295,AUTO SYS MNTR6W DETCTRS12V SGL,677.62,0,365.18,677.62,WEST,WEST,AUTO SYS MNTR6W DETCTRS12V SGL
AAL-20303,AUTOSYS MNTR5W DETCTRS12V DUAL,1099.96,0,592.79,1099.96,WEST,WEST,AUTOSYS MNTR5W DETCTRS12V DUAL
AAL-20315,SINGLE ENGINE MONITOR 24V,123.01,0,69.98,123.01,WEST,WEST,SINGLE ENGINE MONITOR 24V
AAL-20320,ENG MONITER-2 PROBE SGL 12V,181.81,0,97.98,181.81,WEST,WEST,ENG MONITER-2 PROBE SGL 12V
AAL-20343,"SMART BILGE MONITOR, 12V      """,262.31,0,141.36,262.31,WEST,WEST,"SMART BILGE MONITOR, 12V      """
AAL-20346,SMART BILGE ALARM 12V,155.98,0,84.06,155.98,WEST,WEST,SMART BILGE ALARM 12V
AAL-20352,COOL WTRFLO ALARM PNL 12V SNGL,78.97,0,42.56,78.97,WEST,WEST,COOL WTRFLO ALARM PNL 12V SNGL
AAL-20353,ENG RAW WATER FLOW WARN PANEL,89.98,0,48.49,89.98,WEST,WEST,ENG RAW WATER FLOW WARN PANEL
AAL-20355,COOL WTRFLO ALARM PNL 12V DUAL,93.67,0,50.48,93.67,WEST,WEST,COOL WTRFLO ALARM PNL 12V DUAL
AAL-20356,ENG RAW WTRFLO WARN PANEL DUAL,104.68,0,56.41,104.68,WEST,WEST,ENG RAW WTRFLO WARN PANEL DUAL
AAL-20358,COOL WTRFLO/EXHST TEMP PNL SGL,101.00,0,54.43,101.00,WEST,WEST,COOL WTRFLO/EXHST TEMP PNL SGL
AAL-20359,COOL WTRFLO/EXHST TMP PNL DUAL,119.37,0,64.33,119.37,WEST,WEST,COOL WTRFLO/EXHST TMP PNL DUAL
AAL-20360,BILGE WARN PNL 2 COMPART,116.68,0,62.88,116.68,WEST,WEST,BILGE WARN PNL 2 COMPART
AAL-20363,BILGE WARN PNL 5 COMPART,133.90,0,72.16,133.90,WEST,WEST,BILGE WARN PNL 5 COMPART
AAL-20364,BILGE WARN PANEL 6 COMPART,139.65,0,75.26,139.65,WEST,WEST,BILGE WARN PANEL 6 COMPART
AAL-20374,BLG SWCH HD W/3-WAY PNL 12V30A,145.37,0,78.34,145.37,WEST,WEST,BLG SWCH HD W/3-WAY PNL 12V30A
AAL-20385,BLG EXCESV PUMPNG ALERT PNL12V,163.44,0,88.08,163.44,WEST,WEST,BLG EXCESV PUMPNG ALERT PNL12V
ABA-13511,11 SS 304 MINI CLAMP,4.94,5,2.66,4.94,WEST,WEST,11 SS 304 MINI CLAMP
ABA-13512,12 304SS MINI HOSECLAMP,4.98,2,2.68,4.98,WEST,WEST,12 304SS MINI HOSECLAMP
ABA-13513,13 SS 304 MINI CLAMP,4.98,0,2.68,4.98,WEST,WEST,13 SS 304 MINI CLAMP
ABA-13514,14 SS MINI HSECLP 34/64-38/64,4.99,0,2.69,4.99,WEST,WEST,14 SS MINI HSECLP 34/64-38/64
ABA-13516,16 SS 304 MINI CLAMP,5.03,0,2.71,5.03,WEST,WEST,16 SS 304 MINI CLAMP
ABA-13517,17 SS MINI HOSECLP 5/8-45/84,5.04,-10,2.72,5.04,WEST,WEST,17 SS MINI HOSECLP 5/8-45/84
ABA-13614,3 SS MINI HOSECLAMP 5/16-9/16,8.20,5,4.42,8.20,WEST,WEST,3 SS MINI HOSECLAMP 5/16-9/16
ABA-13617,4 SS MINI HOSECLMP 7/16-11/16,8.20,11,4.42,8.20,WEST,WEST,4 SS MINI HOSECLMP 7/16-11/16
ABA-13620,6 SS MINI HOSECLAMP 1/2-13/16,8.62,35,4.64,8.62,WEST,WEST,6 SS MINI HOSECLAMP 1/2-13/16
ABA-13624,8 SS HOSE CLAMP 5/8-1,9.10,19,4.90,9.10,WEST,WEST,8 SS HOSE CLAMP 5/8-1
ABA-13628,10 SS HOSE CLAMP 3/4-1-1/8,9.54,10,5.14,9.54,WEST,WEST,10 SS HOSE CLAMP 3/4-1-1/8
ABA-13632,12 SS HOSE CLAMP 7/8-1-1/4,9.54,38,5.14,9.54,WEST,WEST,12 SS HOSE CLAMP 7/8-1-1/4
ABA-13638,16 SS HOSE CLAMP 1-1/16-1-1/2,9.95,19,5.36,9.95,WEST,WEST,16 SS HOSE CLAMP 1-1/16-1-1/2
ABA-13644,20 SS HOSE CLAMP 1-1/4-1-3/4,10.34,-2,5.57,10.34,WEST,WEST,20 SS HOSE CLAMP 1-1/4-1-3/4
ABA-13650,24 SS HOSE CLAMP 1-1/2-2,10.75,7,5.80,10.75,WEST,WEST,24 SS HOSE CLAMP 1-1/2-2
ABA-13657,28 SS HOSE CLAMP 1-1/4-2-1/4,10.75,2,5.80,10.75,WEST,WEST,28 SS HOSE CLAMP 1-1/4-2-1/4
ABA-13664,32 SS HOSE CLAMP 1-1/2-2-1/2,11.81,20,6.36,11.81,WEST,WEST,32 SS HOSE CLAMP 1-1/2-2-1/2
ABA-13670,36 SS HOSE CLAMP 1-3/4-2-3/4,12.14,22,6.54,12.14,WEST,WEST,36 SS HOSE CLAMP 1-3/4-2-3/4
ABA-13676,40 SS HOSE CLAMP 2-3,12.56,17,6.77,12.56,WEST,WEST,40 SS HOSE CLAMP 2-3
ABA-13683,44 SS HOSE CLAMP 2-1/4-3-1/4,13.34,0,7.19,13.34,WEST,WEST,44 SS HOSE CLAMP 2-1/4-3-1/4
ABA-13689,48 SS HOSE CLAMP 2-1/2-3-1/2,13.78,0,7.42,13.78,WEST,WEST,48 SS HOSE CLAMP 2-1/2-3-1/2
ABA-13694,52 SS HOSE CLAMP 2-3/4-3-3/4,14.03,0,7.56,14.03,WEST,WEST,52 SS HOSE CLAMP 2-3/4-3-3/4
ABA-13696,56 SS HOSE CLAMP 3-4,14.96,11,8.06,14.96,WEST,WEST,56 SS HOSE CLAMP 3-4
ABA-13697,60 SS HOSE CLAMP 3-1/4-4-1/4,16.22,14,8.74,16.22,WEST,WEST,60 SS HOSE CLAMP 3-1/4-4-1/4
ABA-13698,64 SS HOSE CLAMP 3-1/2-4-1/2,17.32,5,9.33,17.32,WEST,WEST,64 SS HOSE CLAMP 3-1/2-4-1/2
ABA-13699,72 SS HOSE CLAMP 3-1/2-5,18.24,15,9.83,18.24,WEST,WEST,72 SS HOSE CLAMP 3-1/2-5
ABA-31604,DSPLY RACK 244 W/316SS HCLAMPS,1165.41,0,628.06,1165.41,WEST,WEST,DSPLY RACK 244 W/316SS HCLAMPS
ABA-60002,7MM FLEXIBLE CLAMP DRIVER 10,56.20,0,30.28,56.20,WEST,WEST,7MM FLEXIBLE CLAMP DRIVER 10
ABA-66140,80 SS HOSE CLAMP 4-5-1/2,18.20,-8,9.81,18.20,WEST,WEST,80 SS HOSE CLAMP 4-5-1/2
ABA-66152,88 SS HOSE CLAMP 4-1/2-6,20.46,0,11.02,20.46,WEST,WEST,88 SS HOSE CLAMP 4-1/2-6
ABA-66165,96 SS HOSE CLAMP 5-6-1/2,21.21,0,11.43,21.21,WEST,WEST,96 SS HOSE CLAMP 5-6-1/2
ABA-66178,104 SS HOSE CLAMP 5-1/2-7,22.88,0,12.33,22.88,WEST,WEST,104 SS HOSE CLAMP 5-1/2-7
ABA-66191,112 SS HOSE CLAMP 6-7-1/2,24.32,0,13.10,24.32,WEST,WEST,112 SS HOSE CLAMP 6-7-1/2
ABA-66203,120 SS HOSE CLAMP 6-1/2-8,24.53,0,13.22,24.53,WEST,WEST,120 SS HOSE CLAMP 6-1/2-8
ABA-66216,128 SS HOSE CLAMP 7-8-1/2,25.97,0,13.99,25.97,WEST,WEST,128 SS HOSE CLAMP 7-8-1/2
ABA-66232,138 SS HOSE CLAMP 7-5/8-9-1/8,26.34,0,14.19,26.34,WEST,WEST,138 SS HOSE CLAMP 7-5/8-9-1/8
ABA-66257,154 SS HOSECLAMP 8-5/8-10-1/8,28.42,0,15.32,28.42,WEST,WEST,154 SS HOSECLAMP 8-5/8-10-1/8
ABA-66283,170 SS HOSECLAMP 9-5/8-11-1/8,30.19,0,16.27,30.19,WEST,WEST,170 SS HOSECLAMP 9-5/8-11-1/8
ABA-66308,186 SS HOSECLAMP 105/8-12-1/8,31.25,0,16.84,31.25,WEST,WEST,186 SS HOSECLAMP 105/8-12-1/8
ACR-1958,WH RCL-95 REMOTE CONT.SRCHLHT,1087.95,0,1025.61,1087.95,WEST,WEST,WH RCL-95 REMOTE CONT.SRCHLHT
ACR-2827,SURVIVAL RADIO SR203,1554.09,0,930.59,1554.09,WEST,WEST,SURVIVAL RADIO SR203
ACR-3971.3,FIREFLY PRO LED WTRBUG CRD,216.03,0,116.42,216.03,WEST,WEST,FIREFLY PRO LED WTRBUG CRD
ACR-9368,REPLACEMENT ANTENNA,127.89,0,68.92,127.89,WEST,WEST,REPLACEMENT ANTENNA
ACT-PRO-BUF-1,INTELLIGENT BUFFER,832.75,0,666.20,832.75,WEST,WEST,INTELLIGENT BUFFER
ACT-PRO-BUF-2,INTELLIGENT TYPE APPRVD BUFFER,1000.73,0,800.58,1000.73,WEST,WEST,INTELLIGENT TYPE APPRVD BUFFER
ACT-PRO-MUX-2,PROF NMEA MLTIPX 8-INP 6-OUTP,1047.59,0,838.07,1047.59,WEST,WEST,PROF NMEA MLTIPX 8-INP 6-OUTP
ACT-PRO-NBF-1,PROF NMEA BUFFR 1-INP 6-OUTP,382.54,0,306.03,382.54,WEST,WEST,PROF NMEA BUFFR 1-INP 6-OUTP
ACT-PRO-NDC-1E,INTELLIGENT TYPE APPRVD MLTIPX,603.75,0,483.00,603.75,WEST,WEST,INTELLIGENT TYPE APPRVD MLTIPX
AIR-10000-02-102,CHILD LIFE VEST CLOWNFISH,43.05,0,23.98,43.05,WEST,WEST,CHILD LIFE VEST CLOWNFISH
AIR-10000-02-103,CHILD LIFE VEST RACE CAR,43.05,0,23.98,43.05,WEST,WEST,CHILD LIFE VEST RACE CAR
AIR-10000-02-104,CHILD LIFE VEST UNICORN,43.05,0,23.98,43.05,WEST,WEST,CHILD LIFE VEST UNICORN
AIR-10000-02-201,CHILD LIFE VEST FROG,47.28,0,26.33,47.28,WEST,WEST,CHILD LIFE VEST FROG
AIR-10000-02-202,CHILD LIFE VEST SEAHORSE,47.28,0,26.33,47.28,WEST,WEST,CHILD LIFE VEST SEAHORSE
AIR-10000-02-203,CHILD LIFE VEST SHARK,47.28,0,26.33,47.28,WEST,WEST,CHILD LIFE VEST SHARK
AIR-10000-02-204,CHILD LIFE VEST BEACH PRINCESS,47.28,0,26.33,47.28,WEST,WEST,CHILD LIFE VEST BEACH PRINCESS
AIR-10000-02-301,CHILD LIFE VEST SCUBA,57.68,0,32.12,57.68,WEST,WEST,CHILD LIFE VEST SCUBA
AIR-10000-02-302,CHILD LIFE VEST TIE DYE,57.68,0,32.12,57.68,WEST,WEST,CHILD LIFE VEST TIE DYE
AIR-10000-02-303,CHILD LIFE VEST TREASURE II,57.68,0,32.12,57.68,WEST,WEST,CHILD LIFE VEST TREASURE II
AIR-10000-02-304,CHILD LIFE VEST MERMAID,57.68,0,32.12,57.68,WEST,WEST,CHILD LIFE VEST MERMAID
AIR-A-1,PWC SAND ANCHOR W/BUOY,45.19,0,24.35,45.19,WEST,WEST,PWC SAND ANCHOR W/BUOY
AIR-AHSR-4,75WATER SKI ROPE 4-SECTION,72.34,0,38.99,72.34,WEST,WEST,75WATER SKI ROPE 4-SECTION
AIR-AHSR-8,75WATER SKI ROPE 8-SECTION,79.21,1,42.69,79.21,WEST,WEST,75WATER SKI ROPE 8-SECTION
AIR-BKS-6,KILL SWITCH KEYS W/LANYARD,29.81,1,16.06,29.81,WEST,WEST,KILL SWITCH KEYS W/LANYARD
AIR-LL-1,50FT.LIFELINE W/THROWING BAG,48.56,0,26.17,48.56,WEST,WEST,50FT.LIFELINE W/THROWING BAG
AIR-LL-2,LIFELINE BOAT SAFETY KIT,32.57,0,17.55,32.57,WEST,WEST,LIFELINE BOAT SAFETY KIT
air31-665-2-02,ARIMAR B744 50/200KHZ W/FB GARMIN 6PN,863.20,0,719.33,863.20,WEST,WEST,ARIMAR B744 50/200KHZ W/FB GARMIN 6PN
AMB-130-0000-CP,TOILET PAPER ROLLER,23.71,0,12.78,23.71,WEST,WEST,TOILET PAPER ROLLER
AMB-135-0000-CP,CHR SHWR & SLIDE BAR,598.04,0,322.30,598.04,WEST,WEST,CHR SHWR & SLIDE BAR
AMB-135-0132-CP,CHR SNG.HNDL.SHWR MIXER,313.61,0,177.70,313.61,WEST,WEST,CHR SNG.HNDL.SHWR MIXER
AMB-S00-1102-BP-R,"DRAIN, 95 2 BRUSHED",62.76,0,33.82,62.76,WEST,WEST,"DRAIN, 95 2 BRUSHED"
ANC-104810,14GA TIN.PRM.WIRE RED 100,62.29,0,33.57,62.29,WEST,WEST,14GA TIN.PRM.WIRE RED 100
ANC-108110,10GA TIN.PRM.WIRE BLU 100,131.73,0,70.99,131.73,WEST,WEST,10GA TIN.PRM.WIRE BLU 100
ANC-108202,BRN 10GA 25' TIN.PRM.WIRE,42.72,0,23.02,42.72,WEST,WEST,BRN 10GA 25' TIN.PRM.WIRE
ANC-108210,BRN 10GA 100' TIN.PRM.WIRE,97.58,-1,52.59,97.58,WEST,WEST,BRN 10GA 100' TIN.PRM.WIRE
ANC-108225,BRN 10GA 250' TIN.PRM.WIRE,238.96,0,128.78,238.96,WEST,WEST,BRN 10GA 250' TIN.PRM.WIRE
ANC-108250,BRN 10GA 500' TIN.PRM.WIRE,462.17,0,249.07,462.17,WEST,WEST,BRN 10GA 500' TIN.PRM.WIRE
ANC-108302,GRN 10GA 25' TIN.PRM.WIRE,42.72,0,23.02,42.72,WEST,WEST,GRN 10GA 25' TIN.PRM.WIRE
ANC-108310,10GA TIN.PRM.WIRE GRN 100,139.61,0,75.24,139.61,WEST,WEST,10GA TIN.PRM.WIRE GRN 100
ANC-108350,GRN 10GA 500 TIN.PRM.WIRE,687.62,0,370.57,687.62,WEST,WEST,GRN 10GA 500 TIN.PRM.WIRE
ANC-108502,ORG 10GA 25' TIN.PRM.WIRE,42.72,0,23.02,42.72,WEST,WEST,ORG 10GA 25' TIN.PRM.WIRE
ANC-109010,10GA TIN.PRM.WIRE YEL 100,139.61,0,75.24,139.61,WEST,WEST,10GA TIN.PRM.WIRE YEL 100
ANC-111510,8GA TIN.BAT.CBL RED 100,216.48,1,116.67,216.48,WEST,WEST,8GA TIN.BAT.CBL RED 100
ANC-120905,8/2 TIN.BOATCBL WHT50RD/BLK,263.08,1,141.78,263.08,WEST,WEST,8/2 TIN.BOATCBL WHT50RD/BLK
ANC-121710,16/2 TIN.BOATCBL WHT100RD/BLK,114.33,1,61.61,114.33,WEST,WEST,16/2 TIN.BOATCBL WHT100RD/BLK
ANC-121910,18/2 TIN.BOATCBL WHT100RD/BLK,90.81,0,48.94,90.81,WEST,WEST,18/2 TIN.BOATCBL WHT100RD/BLK
ANC-124510,14/2 100TIN.SAFE.BOATCBL RDYL,145.72,0,78.53,145.72,WEST,WEST,14/2 100TIN.SAFE.BOATCBL RDYL
ANC-131110,10/3 100WHT TINBTCBL WT/GR/BK,435.67,0,234.79,435.67,WEST,WEST,10/3 100WHT TINBTCBL WT/GR/BK
ANC-131310,12/3 100WHT TINBOATCBL W/G/BK,301.12,0,162.28,301.12,WEST,WEST,12/3 100WHT TINBOATCBL W/G/BK
ANC-131510,14/3 100WHT TINBTCBL WT/GR/BK,217.55,0,117.24,217.55,WEST,WEST,14/3 100WHT TINBTCBL WT/GR/BK
ANC-184003,14GA TIN.PRM.WIRE BLK 18',17.49,1,7.52,0.00,WEST,WEST,14GA TIN.PRM.WIRE BLK 18'
ANC-184303,14GA TIN.PRM.WIRE GRN 18',17.49,2,7.52,0.00,WEST,WEST,14GA TIN.PRM.WIRE GRN 18'
ANC-184403,14GA TIN.PRM.WIRE GRY 18',17.49,4,7.52,0.00,WEST,WEST,14GA TIN.PRM.WIRE GRY 18'
ANC-184503,ORG 14GA 18' TIN.PRIM.WIRE,17.99,2,7.52,0.00,WEST,WEST,ORG 14GA 18' TIN.PRIM.WIRE
ANC-184703,14GA TIN.PRM.WIRE PUR 18',17.49,1,7.52,0.00,WEST,WEST,14GA TIN.PRM.WIRE PUR 18'
ANC-184903,14GA TIN.PRM.WIRE WHT 18',17.49,3,7.52,0.00,WEST,WEST,14GA TIN.PRM.WIRE WHT 18'
ANC-199230,(25) 14 50LB MOUNT.NAT.TIE,13.08,1,7.05,13.08,WEST,WEST,(25) 14 50LB MOUNT.NAT.TIE
ANC-199232,CABLE TIE SCREW MNT 8 100PK,31.25,1,16.84,31.25,WEST,WEST,CABLE TIE SCREW MNT 8 100PK
ANC-199257,CABLE TIE MNT14BLK.UV50LB25PK,14.38,0,7.75,14.38,WEST,WEST,CABLE TIE MNT14BLK.UV50LB25PK
ANC-210215,RING NYLON 16-14 5/16 25PK,21.59,1,11.64,21.59,WEST,WEST,RING NYLON 16-14 5/16 25PK
ANC-210223,RING NYLON 12-10 10 25PK,23.51,2,12.67,23.51,WEST,WEST,RING NYLON 12-10 10 25PK
ANC-210226,RING NYLON 12-10 3/8 25PK,27.25,2,14.69,27.25,WEST,WEST,RING NYLON 12-10 3/8 25PK
ANC-210233,RING NYLON 8-10 25PK,41.90,0,22.58,41.90,WEST,WEST,RING NYLON 8-10 25PK
ANC-230215,RING NYLON 16-14 5/16 5PK,5.63,3,3.03,5.63,WEST,WEST,RING NYLON 16-14 5/16 5PK
ANC-230216,RING NYLON 16-14 3/8 5PK,5.63,2,3.03,5.63,WEST,WEST,RING NYLON 16-14 3/8 5PK
ANC-230226,RING NYLON 12-10 3/8 4PK,6.21,0,3.35,6.21,WEST,WEST,RING NYLON 12-10 3/8 4PK
ANC-230828,(4) 12-10 FEMALE DISCONNEC,5.98,5,3.22,5.98,WEST,WEST,(4) 12-10 FEMALE DISCONNEC
ANC-242275,TINNED LUG 1GA 5/16 25PK,98.41,0,53.04,98.41,WEST,WEST,TINNED LUG 1GA 5/16 25PK
ANC-252130,TIN.BUTT CONNECTOR 8GA 2PK,6.35,3,3.42,6.35,WEST,WEST,TIN.BUTT CONNECTOR 8GA 2PK
ANC-252140,TIN.BUTT CONNECTOR 2PK,7.55,2,4.07,7.55,WEST,WEST,TIN.BUTT CONNECTOR 2PK
ANC-252160,TIN.BUTT CONNECTOR 2GA 2PK,12.58,1,6.78,12.58,WEST,WEST,TIN.BUTT CONNECTOR 2GA 2PK
ANC-252180,TIN.BUTT CONNECTOR 1/0 2PK,16.45,1,8.86,16.45,WEST,WEST,TIN.BUTT CONNECTOR 1/0 2PK
ANC-252190,TIN.BUTT CONNECTOR 2/ 2PK,17.67,1,9.52,17.67,WEST,WEST,TIN.BUTT CONNECTOR 2/ 2PK
ANC-252235,(2) 8GA 5/16 TINNED LUG,5.04,2,2.72,5.04,WEST,WEST,(2) 8GA 5/16 TINNED LUG
ANC-252275,TINNED LUG 1GA 5/16 2PK,10.09,0,5.44,10.09,WEST,WEST,TINNED LUG 1GA 5/16 2PK
ANC-262295,(2)2/0 5/16 90 TINNED LUG,17.00,1,9.16,17.00,WEST,WEST,(2)2/0 5/16 90 TINNED LUG
ANC-262726,(2)4/0 3/8 90 TINNED LUG,25.45,0,13.72,25.45,WEST,WEST,(2)4/0 3/8 90 TINNED LUG
ANC-304103,HEAT SHRINK BLK 3/8X33PK,8.38,2,4.52,8.38,WEST,WEST,HEAT SHRINK BLK 3/8X33PK
ANC-304603,RED HEAT SHRNK RED 3/8X3 3PK,8.38,3,4.52,8.38,WEST,WEST,RED HEAT SHRNK RED 3/8X3 3PK
ANC-309099,HEAT SHRINK BUTT 22-18 100PCS.,81.48,0,43.91,81.48,WEST,WEST,HEAT SHRINK BUTT 22-18 100PCS.
ANC-309225,HEAT SHRINK BUTT 12-10 25PK,55.03,1,29.65,55.03,WEST,WEST,HEAT SHRINK BUTT 12-10 25PK
ANC-311203,HEAT SK.RING 16-14 8 3PAK,6.56,2,3.54,6.56,WEST,WEST,HEAT SK.RING 16-14 8 3PAK
ANC-311525,HEAT SK.RING 16-14 5/1625PAK,39.06,2,21.05,39.06,WEST,WEST,HEAT SK.RING 16-14 5/1625PAK
ANC-311599,HEAT SK.RING 16-14 5/16100PAK,79.99,1,43.11,79.99,WEST,WEST,HEAT SK.RING 16-14 5/16100PAK
ANC-311603,HEAT SK.RING 16-14 3/83PAK,6.56,3,3.54,6.56,WEST,WEST,HEAT SK.RING 16-14 3/83PAK
ANC-312203,HEAT SK.RING 12-10 8 3PAK,8.28,1,4.46,8.28,WEST,WEST,HEAT SK.RING 12-10 8 3PAK
ANC-312525,HEAT SK.RING 12-10 5/1625PAK,53.91,3,29.05,53.91,WEST,WEST,HEAT SK.RING 12-10 5/1625PAK
ANC-312625,HEAT SK.RING 12-10 3/825PAK,53.91,2,29.05,53.91,WEST,WEST,HEAT SK.RING 12-10 3/825PAK
ANC-321325,HEAT SK.RING 8AWG 10 25PAK,59.25,1,31.93,59.25,WEST,WEST,HEAT SK.RING 8AWG 10 25PAK
ANC-321503,HEAT SK.RING 8AWG 5/163PAK,4.57,0,2.46,4.57,WEST,WEST,HEAT SK.RING 8AWG 5/163PAK
ANC-401255,CLAMP NATURAL 1/4100PAK,21.59,0,11.64,21.59,WEST,WEST,CLAMP NATURAL 1/4100PAK
ANC-401312,CLAMP NATURAL 5/1625PAK,7.67,0,4.13,7.67,WEST,WEST,CLAMP NATURAL 5/1625PAK
ANC-401375,CLAMP NATURAL 3/8100PAK,23.91,1,12.89,23.91,WEST,WEST,CLAMP NATURAL 3/8100PAK
ANC-401622,CLAMP NATURAL 5/825PAK,10.77,3,5.80,10.77,WEST,WEST,CLAMP NATURAL 5/825PAK
ANC-402252,CLAMP BLACK1/425PAK,8.70,0,4.69,8.70,WEST,WEST,CLAMP BLACK1/425PAK
ANC-403182,CUSH. CLAMP SS 3/16 10 PAK,21.63,2,11.65,21.63,WEST,WEST,CUSH. CLAMP SS 3/16 10 PAK
ANC-403902,CUSH. CLAMP SS 1-1/4 10 PAK,37.59,1,20.26,37.59,WEST,WEST,CUSH. CLAMP SS 1-1/4 10 PAK
ANC-404152,CUSH. CLAMP SS 1-1/2 10 PAK,38.81,0,20.92,38.81,WEST,WEST,CUSH. CLAMP SS 1-1/2 10 PAK
ANC-404172,CUSH. CLAMP SS 1-3/4 10 PAK,42.60,0,22.96,42.60,WEST,WEST,CUSH. CLAMP SS 1-3/4 10 PAK
ANC-404202,CUSH. CLAMP SS 2 10 PAK,44.56,7,24.01,44.56,WEST,WEST,CUSH. CLAMP SS 2 10 PAK
ANC-404252,CUSH. CLAMP SS 2-1/2 10 PAK,52.55,0,28.32,52.55,WEST,WEST,CUSH. CLAMP SS 2-1/2 10 PAK
ANC-404302,CUSH. CLAMP SS 3,55.89,1,30.12,55.89,WEST,WEST,CUSH. CLAMP SS 3
ANC-529102,(2) 12V .80 AMP 8-CP BULB,5.59,2,3.01,5.59,WEST,WEST,(2) 12V .80 AMP 8-CP BULB
ANC-529340,(1) 12V 25W NAVIGATION BULB,27.76,0,14.96,27.76,WEST,WEST,(1) 12V 25W NAVIGATION BULB
ANC-700115,DIELECTRIC SIL.COMPOUND 1/3OZ.,13.54,2,8.11,13.54,WEST,WEST,DIELECTRIC SIL.COMPOUND 1/3OZ.
ANC-750000,GROMMET KIT ASSORTED 45PCS.,33.43,0,18.02,33.43,WEST,WEST,GROMMET KIT ASSORTED 45PCS.
AQL20210,AQUALARM ENG TEMP MNITR W/BLT-ON DETECT,128.09,1,69.03,128.09,WEST,WEST,AQUALARM ENG TEMP MNITR W/BLT-ON DETECT
AQL20352,AQUALARM COOL WTRFLO ALARM PNL 12V SNGL,75.47,0,40.67,0.00,WEST,WEST,AQUALARM COOL WTRFLO ALARM PNL 12V SNGL
AQS-40100-7,BI-COLOUR LIGHT 25W BLK,205.88,1,117.12,205.88,WEST,WEST,BI-COLOUR LIGHT 25W BLK
AQS-86204-7,DOCKING LIGHTS LED PAIR S/S,296.22,0,168.51,296.22,WEST,WEST,DOCKING LIGHTS LED PAIR S/S
AQU-51000,FLUSH N FLOW 1L,45.03,0,28.50,45.03,WEST,WEST,FLUSH N FLOW 1L
AQU-51150,DINGHY/FENDER CLEANER 750ML,22.03,1,13.94,22.03,WEST,WEST,DINGHY/FENDER CLEANER 750ML
AQU-52010,DECK & BOAT WASH 1L,22.03,0,13.94,22.03,WEST,WEST,DECK & BOAT WASH 1L
AQU-52011,DECK & BOAT WASH 4L,74.73,0,47.30,74.73,WEST,WEST,DECK & BOAT WASH 4L
AQU-52012,DECK & BOAT WASH 20L,281.43,0,178.12,281.43,WEST,WEST,DECK & BOAT WASH 20L
AQU-52019,EASY CLEAN MARINE 120ML,4.96,0,3.14,4.96,WEST,WEST,EASY CLEAN MARINE 120ML
AQU-52025,EASY CLEAN MARINE 750ML,18.96,0,12.00,18.96,WEST,WEST,EASY CLEAN MARINE 750ML
AQU-52026,EASY CLEAN MARINE 4L,64.08,0,40.56,64.08,WEST,WEST,EASY CLEAN MARINE 4L
AQU-52027,EASY CLEAN MARINE 20L,248.33,0,157.17,248.33,WEST,WEST,EASY CLEAN MARINE 20L
AT235-B/04,AMERCOAT 235 CURE,36.50,0,33.90,36.50,WEST,WEST,AMERCOAT 235 CURE
ATT-1731-4,"IN-LINE BLOWER 3"""" 12V         """,57.83,0,31.17,57.83,WEST,WEST,"IN-LINE BLOWER 3"""" 12V         """
ATT-1747-4,"IN-LINE BLOWER 4"""" 12V         """,31.99,1,17.24,31.99,WEST,WEST,"IN-LINE BLOWER 4"""" 12V         """
ATT-1749-4,IN-LINE BLWR 4 12V W/R,84.12,-1,45.33,84.12,WEST,WEST,IN-LINE BLWR 4 12V W/R
ATT-3838-1,S/S VERTICAL SIDELIGHTS,166.42,0,89.68,166.42,WEST,WEST,S/S VERTICAL SIDELIGHTS
ATT-4143-4,SHWR SUMP SYS12V,303.24,0,163.42,303.24,WEST,WEST,SHWR SUMP SYS12V
ATT-4202-7,AUTO.FLOAT SWITCH,69.71,0,37.57,69.71,WEST,WEST,AUTO.FLOAT SWITCH
ATT-4760-4,HD2000 BLG PMP-12V,320.42,0,172.68,320.42,WEST,WEST,HD2000 BLG PMP-12V
ATT-5110-30-7,"ALRND LT W/COLR-30""""           """,58.22,0,31.37,58.22,WEST,WEST,"ALRND LT W/COLR-30""""           """
ATT-5508-7,SAHARA MK2 800 BLG PMP-12V,231.96,0,125.01,231.96,WEST,WEST,SAHARA MK2 800 BLG PMP-12V
ATT-5512-7,SAHARA MK2 1200 BLG PMP-12V,272.31,0,146.75,272.31,WEST,WEST,SAHARA MK2 1200 BLG PMP-12V
ATT-5608-7,TSUNAMI MK2 800G BILGE PUMP,116.90,2,63.00,116.90,WEST,WEST,TSUNAMI MK2 800G BILGE PUMP
ATT-6100-AT-7,WHITE ANTENNA POWERBASE,1144.60,0,616.85,1144.60,WEST,WEST,WHITE ANTENNA POWERBASE
ATT-6342SS1,1.5 CRTESY WM WHITE,66.45,0,35.81,66.45,WEST,WEST,1.5 CRTESY WM WHITE
ATT-6356-D7,STERN LIGHT 12V SS,52.87,0,28.49,52.87,WEST,WEST,STERN LIGHT 12V SS
ATT-6375-D6,BI-COLOUR LIGHT 12V,49.99,4,15.99,0.00,WEST,WEST,BI-COLOUR LIGHT 12V
ATT-68554-1,THHUL 3/4 COMPOSITE,23.13,1,12.46,23.13,WEST,WEST,THHUL 3/4 COMPOSITE
ATT-68555-1,THHUL 5/8 COMPOSITE,16.27,2,8.77,16.27,WEST,WEST,THHUL 5/8 COMPOSITE
ATT-68556-1,THHUL 1 COMPOSITE,23.13,1,12.46,23.13,WEST,WEST,THHUL 1 COMPOSITE
ATT-68557-1,THHUL 1-1/8 COMPOSITE,24.33,3,13.11,24.33,WEST,WEST,THHUL 1-1/8 COMPOSITE
ATT-6857-1,"1"" 90 DEGREE BEND THRU HULL COMPOSITE CHROME CAP",28.29,1,17.05,0.00,WEST,WEST,"1"" 90 DEGREE BEND THRU HULL COMPOSITE CHROME CAP"
ATT-68577-1,THR-HUL 3/4X90 COMPOSITE,25.18,1,13.57,25.18,WEST,WEST,THR-HUL 3/4X90 COMPOSITE
ATT-68578-1,THR-HUL 1X90 COMPOSITE,31.65,2,17.05,31.65,WEST,WEST,THR-HUL 1X90 COMPOSITE
ATT-68579-1,THR-HUL 1-1/8X90 COMPOSITE,38.26,0,20.62,38.26,WEST,WEST,THR-HUL 1-1/8X90 COMPOSITE
ATT-68581-1,THR-HUL 1-1/2X90 COMPOSITE,43.55,0,23.47,43.55,WEST,WEST,THR-HUL 1-1/2X90 COMPOSITE
ATT-9065-1,BAT BOX PWR GRD 24,23.50,0,12.66,23.50,WEST,WEST,BAT BOX PWR GRD 24
ATT-9067-1,BATT BOX PWR GRD 27,32.30,2,17.41,32.30,WEST,WEST,BATT BOX PWR GRD 27
ATT-9090-5,BATT TRAY 24-SERIES,18.95,1,10.21,18.95,WEST,WEST,BATT TRAY 24-SERIES
ATT-9146-3,ZINC PLTD.CLAMP-ON OARLOCKS,43.14,0,23.25,43.14,WEST,WEST,ZINC PLTD.CLAMP-ON OARLOCKS
ATT-9933-1,PAINTD.NAVY ANCHOR-10,67.85,0,36.57,67.85,WEST,WEST,PAINTD.NAVY ANCHOR-10
ATT-9934-1,PAINTD.NAVY ANCHOR-15,96.53,0,52.02,96.53,WEST,WEST,PAINTD.NAVY ANCHOR-15
ATT-9935-1,PAINTD.NAVY ANCHOR-20,131.66,0,70.96,131.66,WEST,WEST,PAINTD.NAVY ANCHOR-20
ATT-SL-44-P3-1,ZINC PLTD BALL MT.BRACKET L/H,13.23,0,7.13,13.23,WEST,WEST,ZINC PLTD BALL MT.BRACKET L/H
ATT-SL-48-P3-1,ZINC PLTD BALL MT.BRACKET R/H,13.29,0,7.16,13.29,WEST,WEST,ZINC PLTD BALL MT.BRACKET R/H
ATT-SL-50SS-P3-7,S/S BALL MT.BRACKET,21.11,2,11.38,21.11,WEST,WEST,S/S BALL MT.BRACKET
ATT-SL3-60#-5,GAS SPRING 20-12BLADE MT,39.95,0,21.53,39.95,WEST,WEST,GAS SPRING 20-12BLADE MT
ATT-SL34-30#-5,GAS SPRING 20-12BALL MT,39.95,1,21.53,39.95,WEST,WEST,GAS SPRING 20-12BALL MT
ATT-SL34-40#-5,GAS SPRING 20-12BALL MT,39.95,0,21.53,39.95,WEST,WEST,GAS SPRING 20-12BALL MT
ATT-SL34-80#-5,GAS SPRING 20-12BALL MT,39.95,1,21.53,39.95,WEST,WEST,GAS SPRING 20-12BALL MT
ATT-SL36-90#-5,GAS SPRING 17.2-10.2BALL MT,39.95,0,21.53,39.95,WEST,WEST,GAS SPRING 17.2-10.2BALL MT
ATT-ST34-20#-5,S/S GAS SPRING 20-12BALL MT,93.94,0,50.62,93.94,WEST,WEST,S/S GAS SPRING 20-12BALL MT
AWL-73012-QT,GRIPTEX FINE NON-SKID 1,99.79,0,53.65,99.79,WEST,WEST,GRIPTEX FINE NON-SKID 1
AWL-73240-HG,AWLCARE PROTECTIVE POLY.SEALER,144.02,0,77.43,144.02,WEST,WEST,AWLCARE PROTECTIVE POLY.SEALER
AWL-73240-PT,AWLCARE PROTECTIVE POLY.SEALER,48.04,5,24.85,48.04,WEST,WEST,AWLCARE PROTECTIVE POLY.SEALER
AWL-CC2500,PAINT CONTAINERS-QUART,0.00,0,0.00,0.00,WEST,WEST,PAINT CONTAINERS-QUART
AWL-CC3400,PAINT CONTAINERS-GALLON,0.00,0,0.00,0.00,WEST,WEST,PAINT CONTAINERS-GALLON
AWL-H3002-HG,AWL-CAT 3 BRUSHING CONVERTER,512.88,0,275.74,512.88,WEST,WEST,AWL-CAT 3 BRUSHING CONVERTER
AWL-H3002-PT,AWL-CAT 3 BRUSHING CONVERTER,171.29,0,92.09,171.29,WEST,WEST,AWL-CAT 3 BRUSHING CONVERTER
AWL-H8087-QT,AWLGRIP-FLEET WHITE,213.10,0,114.57,213.10,WEST,WEST,AWLGRIP-FLEET WHITE
AWL-J3810-QT,AWLWOOD MA CLEAR MATTE,205.70,-1,110.59,205.70,WEST,WEST,AWLWOOD MA CLEAR MATTE
AWL-J4000-QT,AWLWOOD MULTI-CLIMATE GLOSS,219.68,0,118.11,219.68,WEST,WEST,AWLWOOD MULTI-CLIMATE GLOSS
AWL-T0006-GAL,STD.REDUCER FOR EPOXY PRIMERS,150.05,1,80.67,150.05,WEST,WEST,STD.REDUCER FOR EPOXY PRIMERS
AWL-T0031-GAL,SLOW DRYING REDUCER FOR BRUSH,202.76,0,109.01,202.76,WEST,WEST,SLOW DRYING REDUCER FOR BRUSH
AWL-T0031-QT,SLOW DRYING REDUCER FOR BRUSH,67.54,0,36.31,67.54,WEST,WEST,SLOW DRYING REDUCER FOR BRUSH
AWL-T0200-QT,AWLWOOD MA BRUSH CLEANER,106.52,0,57.27,106.52,WEST,WEST,AWLWOOD MA BRUSH CLEANER
AWL-T0201-QT,AWLWOOD MA BRUSHING REDUCER,82.81,0,44.52,82.81,WEST,WEST,AWLWOOD MA BRUSHING REDUCER
BAH-6154,54THREADED HARDWOOD HDL,9.47,0,5.10,9.47,WEST,WEST,54THREADED HARDWOOD HDL
BAH-744,WIRE BRUSH,5.24,0,2.83,5.24,WEST,WEST,WIRE BRUSH
BAH-852BL,BLUE DECK BRUSH PVC BRISTLE,18.90,1,10.19,18.90,WEST,WEST,BLUE DECK BRUSH PVC BRISTLE
BAH-852BR,PLASTIC DECK BRUSH (BROWN),17.12,-1,9.22,17.12,WEST,WEST,PLASTIC DECK BRUSH (BROWN)
BAH-852T,DECK BRUSH NATURAL BRISTLE,19.22,0,10.36,19.22,WEST,WEST,DECK BRUSH NATURAL BRISTLE
BAH-852Y,DECK BRUSH YELLOW BRISTLE,16.68,1,8.99,16.68,WEST,WEST,DECK BRUSH YELLOW BRISTLE
BAH-C822,9 SCRUB BRUSH,5.71,0,3.08,5.71,WEST,WEST,9 SCRUB BRUSH
BBS-FLATTOP-27,"ORANGE 27-1/2""""FLAT TOP ONLY   """,230.21,0,135.68,230.21,WEST,WEST,"ORANGE 27-1/2""""FLAT TOP ONLY   """
BBS-MB-0BASE,PWRBOATSTND 41-58BASE ONLY,276.00,0,148.74,276.00,WEST,WEST,PWRBOATSTND 41-58BASE ONLY
BBS-MB-1BASE,PWRBOATSTND 33-50BASE ONLY,249.88,0,134.67,249.88,WEST,WEST,PWRBOATSTND 33-50BASE ONLY
BEC-HH-8,VHF RADIO HLDR WHITE,58.42,0,31.48,58.42,WEST,WEST,VHF RADIO HLDR WHITE
BEC-HH-81,RADIO/GPS HLDR SM WHITE,52.82,0,28.47,52.82,WEST,WEST,RADIO/GPS HLDR SM WHITE
BEC-HH-81B,RADIO/GPS HLDR SM BLACK,46.91,0,25.28,46.91,WEST,WEST,RADIO/GPS HLDR SM BLACK
BEC-HH-81SC,SM RADIO/GPS HLDR WHITE,53.97,0,29.09,53.97,WEST,WEST,SM RADIO/GPS HLDR WHITE
BEC-HH-8B,BLACK PVC VHF RADIO HOLDER,55.11,0,29.70,55.11,WEST,WEST,BLACK PVC VHF RADIO HOLDER
BEC-HH-8SC,VHF RADIO HLDR WHITE,59.23,0,31.92,59.23,WEST,WEST,VHF RADIO HLDR WHITE
BEC-MM401,LOG BOOK RADIO,51.35,0,27.67,51.35,WEST,WEST,LOG BOOK RADIO
BEN-A-1101A,HYDRAULIC CYLINDER,153.73,0,121.97,153.73,WEST,WEST,HYDRAULIC CYLINDER
BEN-AR-512,AUTO TAB RETRACTOR-12V,124.22,1,103.79,124.22,WEST,WEST,AUTO TAB RETRACTOR-12V
BEN-ES-2000,EURO-STYLE W/P ROCKER SWITCH,142.84,0,97.17,142.84,WEST,WEST,EURO-STYLE W/P ROCKER SWITCH
BEN-H-1171-3,"BRASS NIPPLE 1/8""""X 3""""         """,4.31,0,2.49,4.31,WEST,WEST,"BRASS NIPPLE 1/8""""X 3""""         """
BEN-H-1172,"ELBOW 1/8""""NPT/1/4""""TUBE        """,8.11,0,4.29,8.11,WEST,WEST,"ELBOW 1/8""""NPT/1/4""""TUBE        """
BEN-V351HPU1,HYD.POWER UNIT-12V  (V351HPU1),516.31,0,440.27,516.31,WEST,WEST,HYD.POWER UNIT-12V  (V351HPU1)
BEP-1101-BK,SWTICH 10A ON-OFF BLK CNTR1100,43.20,0,23.28,43.20,WEST,WEST,SWTICH 10A ON-OFF BLK CNTR1100
BEP-702B,DISTRIB STUD 10MM SGL BULK,61.72,0,33.26,61.72,WEST,WEST,DISTRIB STUD 10MM SGL BULK
BEP-710-140A,DIG VOLT SENS RELAY 12/24V,287.59,1,154.99,287.59,WEST,WEST,DIG VOLT SENS RELAY 12/24V
BEP-720,BAT SWITCH 2POS 600A HD,201.27,1,108.47,201.27,WEST,WEST,BAT SWITCH 2POS 600A HD
BEP-721,BAT SWITCH 3POS 350A HD,152.34,0,82.10,152.34,WEST,WEST,BAT SWITCH 3POS 350A HD
BEP-770-EZ-B,BAT SWTCH ONOFF400A EZMNT SRFC,113.28,0,61.05,113.28,WEST,WEST,BAT SWTCH ONOFF400A EZMNT SRFC
BEP-777-Z10W-200-B,BUSBAR Z 10 WAY 200A BULK,78.89,0,42.52,78.89,WEST,WEST,BUSBAR Z 10 WAY 200A BULK
BEP-777-Z18W-200-B,BUSBAR Z 18 WAY 200A BULK,123.46,0,66.54,123.46,WEST,WEST,BUSBAR Z 18 WAY 200A BULK
BEP-IST-10MM-1S-B,STUD SGL 10MM BULK INSULATED,31.01,0,16.71,31.01,WEST,WEST,STUD SGL 10MM BULK INSULATED
BEP-IST-8MM-1S-B,STUD SGL 8MM BULK INSULATED,30.61,0,16.50,30.61,WEST,WEST,STUD SGL 8MM BULK INSULATED
BLU-500503G,S/S SWAGE TOG 3MM WIRE LIFELNE,37.31,0,20.11,37.31,WEST,WEST,S/S SWAGE TOG 3MM WIRE LIFELNE
BLU-500504G,S/S SWAGE TOG 5/32 WIRE LIFELN,40.11,0,21.62,40.11,WEST,WEST,S/S SWAGE TOG 5/32 WIRE LIFELN
BLU-500532G,S/S SWAGE TOG 1/8 WIRE LIFELIN,29.84,0,16.08,29.84,WEST,WEST,S/S SWAGE TOG 1/8 WIRE LIFELIN
BLU-506304G,S/S SWAGE TOG 5/32 WIRE LIFELN,33.10,0,17.84,33.10,WEST,WEST,S/S SWAGE TOG 5/32 WIRE LIFELN
BLU-506305G,S/S SWAGE TOG 3/16 WIRE LIFELN,37.41,0,20.16,37.41,WEST,WEST,S/S SWAGE TOG 3/16 WIRE LIFELN
BLU2715,BLUE SEAS COVER FOR #2301/2302,7.99,3,4.44,0.00,WEST,WEST,BLUE SEAS COVER FOR #2301/2302
BOA-1030,LIFE CALK WHITE 83ML,33.08,0,17.83,33.08,WEST,WEST,LIFE CALK WHITE 83ML
BOA-1031,LIFE CALK BLACK 83ML,33.08,0,17.83,33.08,WEST,WEST,LIFE CALK BLACK 83ML
BOA-1032,LIFE CALK MAHOG 83ML,33.08,2,17.83,33.08,WEST,WEST,LIFE CALK MAHOG 83ML
BOA-1033,LIFE CALK WHITE 315ML,62.84,0,33.87,62.84,WEST,WEST,LIFE CALK WHITE 315ML
BOA-1034,LIFE CALK BLACK  315ML,62.84,0,33.87,62.84,WEST,WEST,LIFE CALK BLACK  315ML
BOA-1035,LIFE CALK MAHOGANY 315ML,62.84,0,33.87,62.84,WEST,WEST,LIFE CALK MAHOGANY 315ML
BOA-1036,LIFE CALK TEAK BROWN 315ML,62.84,0,33.87,62.84,WEST,WEST,LIFE CALK TEAK BROWN 315ML
BOA-1037,LIFE CALK TEAK BROWN 83ML,33.08,0,17.83,33.08,WEST,WEST,LIFE CALK TEAK BROWN 83ML
BOA-1059,LIFE CALK PRIMER 8OZ,52.29,0,28.18,52.29,WEST,WEST,LIFE CALK PRIMER 8OZ
BOA-1085,TEAK BRITE CLEANER 32OZ,41.97,3,22.62,41.97,WEST,WEST,TEAK BRITE CLEANER 32OZ
BOA-1109,LIFE SEAL CLEAR 1OZ,20.46,0,11.02,20.46,WEST,WEST,LIFE SEAL CLEAR 1OZ
BOA-1123,VINYL LIFE PINT,47.73,0,25.72,47.73,WEST,WEST,VINYL LIFE PINT
BOA-1130,LIFE WAX,40.16,0,21.64,40.16,WEST,WEST,LIFE WAX
BOA-1159,LIFE SEAL CLEAR CART 148ML,61.97,0,33.40,61.97,WEST,WEST,LIFE SEAL CLEAR CART 148ML
BOA-1160,LIFE SEAL CLEAR 83ML,28.79,0,15.52,28.79,WEST,WEST,LIFE SEAL CLEAR 83ML
BOA-1161,LIFE SEAL-WHITE 83ML,28.79,0,15.52,28.79,WEST,WEST,LIFE SEAL-WHITE 83ML
BOA-1162,LIFE SEAL-BLACK 83ML,28.79,0,15.52,28.79,WEST,WEST,LIFE SEAL-BLACK 83ML
BOA-1169,LIFE SEAL-CLEAR 315ML,53.64,0,28.91,53.64,WEST,WEST,LIFE SEAL-CLEAR 315ML
BOA-1170,LIFE SEAL-WHITE 315ML,53.64,0,28.91,53.64,WEST,WEST,LIFE SEAL-WHITE 315ML
BOA-1171,LIFE SEAL-BLACK 315ML,53.64,0,28.91,53.64,WEST,WEST,LIFE SEAL-BLACK 315ML
BOA-1172,LIFE SEAL-ALUM 315ML,53.64,0,28.91,53.64,WEST,WEST,LIFE SEAL-ALUM 315ML
BOA-1305,LIFE CALK WHT 30ML/1OZ TUBE,20.49,0,11.04,20.49,WEST,WEST,LIFE CALK WHT 30ML/1OZ TUBE
BOA-1372,LIFE CALK 5.2 OZ.CART(WHT),39.43,0,21.25,39.43,WEST,WEST,LIFE CALK 5.2 OZ.CART(WHT)
BOA-CATALOG,BOATLIFE CATALOGUE ONLINE,0.00,0,0.00,0.00,WEST,WEST,BOATLIFE CATALOGUE ONLINE
BOM-HX-PORTGASKET,GASKET-PASSAGE SER PORTLIGHTS,45.38,0,27.22,45.38,WEST,WEST,GASKET-PASSAGE SER PORTLIGHTS
BOM-S616-MB-SCREEN,SCREEN F/616MBSS PORT,76.43,0,45.85,76.43,WEST,WEST,SCREEN F/616MBSS PORT
BOM-S616-MB-SS,PRT 5 3/4X15 3/4RECT SS TRMRNG,1268.16,0,760.90,1268.16,WEST,WEST,PRT 5 3/4X15 3/4RECT SS TRMRNG
BRU-6148,"48"" WOODEN DECK BRUSH HANDLE",7.49,2,4.40,0.00,WEST,WEST,"48"" WOODEN DECK BRUSH HANDLE"
BRU-6154,"54"" WOODEN BRUSH HANDLE THREADED",8.49,2,5.10,0.00,WEST,WEST,"54"" WOODEN BRUSH HANDLE THREADED"
BSS-1001,W/P INLET-.31 CABLE,44.24,2,23.84,44.24,WEST,WEST,W/P INLET-.31 CABLE
BSS-1015,12V PLUG & DASH SOCKET KIT,40.98,0,22.09,40.98,WEST,WEST,12V PLUG & DASH SOCKET KIT
BSS-1016,12VDC SCKT DUAL USB OUTPUT 2.1,51.44,1,27.72,51.44,WEST,WEST,12VDC SCKT DUAL USB OUTPUT 2.1
BSS-1045,12/24V 4.8A 2USB SOCKET CHARG,97.18,0,52.37,97.18,WEST,WEST,12/24V 4.8A 2USB SOCKET CHARG
BSS-1830,MONITOR M2 OLED DC SOC,649.61,1,350.09,649.61,WEST,WEST,MONITOR M2 OLED DC SOC
BSS-1838,MONITOR M2 OLED AC MULTIMETER,686.52,1,369.98,686.52,WEST,WEST,MONITOR M2 OLED AC MULTIMETER
BSS-1990,POWERBAR1000 8x3/8STUD W/CVR,345.22,1,186.05,345.22,WEST,WEST,POWERBAR1000 8x3/8STUD W/CVR
BSS-1991,POWERBAR1000 12x3/8STUD W/CVR,431.63,1,232.61,431.63,WEST,WEST,POWERBAR1000 12x3/8STUD W/CVR
BSS-2003,POWER POST 3/8LUGS,25.60,2,13.80,25.60,WEST,WEST,POWER POST 3/8LUGS
BSS-2011,POWER POST 1/4LUGS,17.05,2,9.19,17.05,WEST,WEST,POWER POST 1/4LUGS
BSS-2104,MAXIBAR 4 3/8 STUD TERMINALS,230.44,0,124.19,230.44,WEST,WEST,MAXIBAR 4 3/8 STUD TERMINALS
BSS-2129,PUSH BUTTON CIRC. BREAKER 3A,15.11,0,8.14,15.11,WEST,WEST,PUSH BUTTON CIRC. BREAKER 3A
BSS-2130,PUSH BUTTON CIRC. BREAKER 5A,15.11,2,8.14,15.11,WEST,WEST,PUSH BUTTON CIRC. BREAKER 5A
BSS-2132,PUSH BUTTON CIRC. BREAKER 10A,15.11,1,8.14,15.11,WEST,WEST,PUSH BUTTON CIRC. BREAKER 10A
BSS-2142,PUSH BUTTON BREAKER 50A,107.38,2,57.87,107.38,WEST,WEST,PUSH BUTTON BREAKER 50A
BSS-2301,10-GANG BUSBAR,33.05,0,17.81,33.05,WEST,WEST,10-GANG BUSBAR
BSS-2302,20-GANG BUSBAR,51.39,2,27.69,51.39,WEST,WEST,20-GANG BUSBAR
BSS-2304,MINIBUS 5/8-32 SCREW,24.77,0,13.35,24.77,WEST,WEST,MINIBUS 5/8-32 SCREW
BSS-2307,4-GANG BUSBAR 1/4STUD W/COVER,50.62,4,27.28,50.62,WEST,WEST,4-GANG BUSBAR 1/4STUD W/COVER
BSS-2504,TERMINAL BLOCK 30A/4G,13.54,2,7.30,13.54,WEST,WEST,TERMINAL BLOCK 30A/4G
BSS-2508,TERMINAL BLOCK 30A/8G,21.93,0,11.82,21.93,WEST,WEST,TERMINAL BLOCK 30A/8G
BSS-2510,TERMINAL BLOCK 30A/10G,24.90,0,13.42,24.90,WEST,WEST,TERMINAL BLOCK 30A/10G
BSS-2604,TERMINAL BLOCK 65A/4G,26.52,1,14.29,26.52,WEST,WEST,TERMINAL BLOCK 65A/4G
BSS-2610,TERMINAL BLOCK 65A/10G,57.80,1,31.15,57.80,WEST,WEST,TERMINAL BLOCK 65A/10G
BSS-2708,COVER FOR 2104,49.82,4,26.85,49.82,WEST,WEST,COVER FOR 2104
BSS-2709,COVER FOR 2101,28.86,3,15.55,28.86,WEST,WEST,COVER FOR 2101
BSS-2710,COVER FOR 2702,29.49,1,15.89,29.49,WEST,WEST,COVER FOR 2702
BSS-2713,COVER FOR 2304/2305,8.13,2,4.38,8.13,WEST,WEST,COVER FOR 2304/2305
BSS-2715,COVER FOR 2301/2303,8.23,3,4.44,8.23,WEST,WEST,COVER FOR 2301/2303
BSS-2716,COVER FOR 2302,12.74,2,6.87,12.74,WEST,WEST,COVER FOR 2302
BSS-4135,CLEAR WATERPROOF BOOT (2/PKG),9.27,6,4.99,9.27,WEST,WEST,CLEAR WATERPROOF BOOT (2/PKG)
BSS-4137,W/P PUSH BUTTON CB BOOT(2/PKG),9.27,1,4.99,9.27,WEST,WEST,W/P PUSH BUTTON CB BOOT(2/PKG)
BSS-4155,WD SWITCH DPDT ON/OFF/ON,58.07,0,31.29,58.07,WEST,WEST,WD SWITCH DPDT ON/OFF/ON
BSS-4376,W/R DC PANEL 6POS GRY,265.63,0,143.15,265.63,WEST,WEST,W/R DC PANEL 6POS GRY
BSS-5005,ANL FUSE BLOCK 300A W/COVER,60.62,2,32.67,60.62,WEST,WEST,ANL FUSE BLOCK 300A W/COVER
BSS-5015,AGC FUSE BLOCK 6-CIR.W/GROUND,97.51,0,52.55,97.51,WEST,WEST,AGC FUSE BLOCK 6-CIR.W/GROUND
BSS-5022,PANEL MOUNT CAP FUSE HOLDER,10.87,8,5.86,10.87,WEST,WEST,PANEL MOUNT CAP FUSE HOLDER
BSS-5025,ATO FUSE BLOCK 6-CIR.W/GROUND,86.77,1,46.76,86.77,WEST,WEST,ATO FUSE BLOCK 6-CIR.W/GROUND
BSS-5026,ATO FUSE BLOCK 12-CIR.W/GROUND,108.60,0,58.53,108.60,WEST,WEST,ATO FUSE BLOCK 12-CIR.W/GROUND
BSS-5028,ATO FUSE BLOCK 6-CIRCUIT,75.92,4,40.91,75.92,WEST,WEST,ATO FUSE BLOCK 6-CIRCUIT
BSS-5037,FUSE BLOCK STBLADE 6CIRC IND,85.72,1,46.20,85.72,WEST,WEST,FUSE BLOCK STBLADE 6CIRC IND
BSS-5045,FUSEBLK COMPACT ST BLADE 4CIRC,55.53,0,29.92,55.53,WEST,WEST,FUSEBLK COMPACT ST BLADE 4CIRC
BSS-5052,CIRC BREAK BLOCK 6CIRC W/GRND,137.86,1,74.29,137.86,WEST,WEST,CIRC BREAK BLOCK 6CIRC W/GRND
BSS-5061,SWITCH,22.20,0,1.00,22.20,WEST,WEST,SWITCH
BSS-5063,FUSE HOLDER INLINE AGC/MDL,9.94,6,5.35,9.94,WEST,WEST,FUSE HOLDER INLINE AGC/MDL
BSS-5064,FUSE HOLDER INLINE ATO/ATC,9.30,0,5.01,9.30,WEST,WEST,FUSE HOLDER INLINE ATO/ATC
BSS-5065,W/P FUSE HOLDER ATO/ATC,15.71,2,8.47,15.71,WEST,WEST,W/P FUSE HOLDER ATO/ATC
BSS-5068,FUSE HOLDER MAXI 30-80A INLINE,54.76,4,29.51,54.76,WEST,WEST,FUSE HOLDER MAXI 30-80A INLINE
BSS-5105,MEGA-FUSE 200-AMP VDC,18.65,0,10.05,18.65,WEST,WEST,MEGA-FUSE 200-AMP VDC
BSS-5114,CLASS T FUSE 150-AMP,116.98,1,63.04,116.98,WEST,WEST,CLASS T FUSE 150-AMP
BSS-5118,CLASS T FUSE 250-AMP,127.62,1,68.78,127.62,WEST,WEST,CLASS T FUSE 250-AMP
BSS-5121,CLASS T FUSE 400-AMP,127.62,1,68.78,127.62,WEST,WEST,CLASS T FUSE 400-AMP
BSS-5129,ANL FUSE 200-AMP VDC,54.24,0,29.23,54.24,WEST,WEST,ANL FUSE 200-AMP VDC
BSS-5133,ANL FUSE 300-AMP VDC,66.35,0,35.76,66.35,WEST,WEST,ANL FUSE 300-AMP VDC
BSS-5137,ANL FUSE 500-AMP VDC,66.35,0,35.76,66.35,WEST,WEST,ANL FUSE 500-AMP VDC
BSS-5139,MAXI FUSE 40-AMP,10.75,0,5.80,10.75,WEST,WEST,MAXI FUSE 40-AMP
BSS-5140,MAXI FUSE 50-AMP,10.75,5,5.80,10.75,WEST,WEST,MAXI FUSE 50-AMP
BSS-5165,FUSE ANL 40-AMP,54.24,1,29.23,54.24,WEST,WEST,FUSE ANL 40-AMP
BSS-5181,TERMINAL FUSE 80AMP,33.05,0,17.81,33.05,WEST,WEST,TERMINAL FUSE 80AMP
BSS-5185,TERMINAL FUSE 150-AMP,33.05,2,17.81,33.05,WEST,WEST,TERMINAL FUSE 150-AMP
BSS-5187,TERMINAL FUSE 200-AMP,33.05,11,17.81,33.05,WEST,WEST,TERMINAL FUSE 200-AMP
BSS-5201,AGC FUSE 0.25A (5PK),6.85,3,1.76,0.00,WEST,WEST,AGC FUSE 0.25A (5PK)
BSS-5202,AGC FUSE 0.50A (5PK),7.15,4,3.85,7.15,WEST,WEST,AGC FUSE 0.50A (5PK)
BSS-5204,AGC FUSE 1A (5PK),7.15,2,3.85,7.15,WEST,WEST,AGC FUSE 1A (5PK)
BSS-5205,AGC FUSE 1.50A (5PK),7.15,5,3.85,7.15,WEST,WEST,AGC FUSE 1.50A (5PK)
BSS-5206,AGC FUSE 2A (5PK),7.15,4,3.85,7.15,WEST,WEST,AGC FUSE 2A (5PK)
BSS-5208,AGC FUSE 3A (5 PACK),7.15,4,3.85,7.15,WEST,WEST,AGC FUSE 3A (5 PACK)
BSS-5208100,AGC FUSE 3A (25 PACK),22.33,1,12.03,22.33,WEST,WEST,AGC FUSE 3A (25 PACK)
BSS-5213,AGC FUSE 7.50A (5PK),7.15,6,3.85,7.15,WEST,WEST,AGC FUSE 7.50A (5PK)
BSS-5215,AGC FUSE 10A (5PK),7.15,5,3.85,7.15,WEST,WEST,AGC FUSE 10A (5PK)
BSS-5217,AGC FUSE 15A (5PK),7.15,6,3.85,7.15,WEST,WEST,AGC FUSE 15A (5PK)
BSS-5219,AGC FUSE 25A (5PK),7.15,3,3.85,7.15,WEST,WEST,AGC FUSE 25A (5PK)
BSS-5220,AGC FUSE 30A (5PK),7.35,5,3.96,7.35,WEST,WEST,AGC FUSE 30A (5PK)
BSS-5235,ATO/ATC FUSE 1AMP,6.00,5,3.23,6.00,WEST,WEST,ATO/ATC FUSE 1AMP
BSS-5236,ATO/ATC FUSE 2AMP,5.08,5,2.74,5.08,WEST,WEST,ATO/ATC FUSE 2AMP
BSS-5238,ATO/ATC FUSE 4AMP,5.08,2,2.74,5.08,WEST,WEST,ATO/ATC FUSE 4AMP
BSS-5239,ATO/ATC FUSE 5AMP,5.08,4,2.74,5.08,WEST,WEST,ATO/ATC FUSE 5AMP
BSS-5241,ATO/ATC FUSE 10AMP,5.08,0,2.74,5.08,WEST,WEST,ATO/ATC FUSE 10AMP
BSS-5242,ATO/ATC FUSE 15AMP,5.08,0,2.74,5.08,WEST,WEST,ATO/ATC FUSE 15AMP
BSS-5243,ATO/ATC FUSE 20AMP,5.08,0,2.74,5.08,WEST,WEST,ATO/ATC FUSE 20AMP
BSS-5244,ATO/ATC FUSE 25AMP,5.08,2,2.74,5.08,WEST,WEST,ATO/ATC FUSE 25AMP
BSS-5245,ATO/ATC FUSE 30AMP,5.08,0,2.74,5.08,WEST,WEST,ATO/ATC FUSE 30AMP
BSS-5255,MIDI FUSE 80-AMP (2/PKG),13.84,3,7.46,13.84,WEST,WEST,MIDI FUSE 80-AMP (2/PKG)
BSS-5256,MIDI FUSE 100-AMP (2/PKG),13.84,3,7.46,13.84,WEST,WEST,MIDI FUSE 100-AMP (2/PKG)
BSS-5502,CLASSTFUSE BLOCK 225-400AMP,101.52,0,54.71,101.52,WEST,WEST,CLASSTFUSE BLOCK 225-400AMP
BSS-6004,BAT SWTCH M-SER 2POS LOCK 30A,63.61,1,34.28,63.61,WEST,WEST,BAT SWTCH M-SER 2POS LOCK 30A
BSS-6007,BAT SWITCH 4POS 300A,77.66,1,41.85,77.66,WEST,WEST,BAT SWITCH 4POS 300A
BSS-6520-0022,AFT CABIN LIGHTS LABEL,5.33,0,3.19,5.33,WEST,WEST,AFT CABIN LIGHTS LABEL
BSS-6520-0060,BILGE LIGHTS LABEL,5.33,0,3.19,5.33,WEST,WEST,BILGE LIGHTS LABEL
BSS-6520-0086,CABIN LIGHTS LABEL,5.33,0,3.19,5.33,WEST,WEST,CABIN LIGHTS LABEL
BSS-6520-0124,DECK LIGHTS LABEL,5.33,0,3.19,5.33,WEST,WEST,DECK LIGHTS LABEL
BSS-6520-0125,DECK LIGHTS AFT LABEL,5.33,0,3.19,5.33,WEST,WEST,DECK LIGHTS AFT LABEL
BSS-6520-0126,DECK LIGHTS FWD LABEL,5.33,0,3.19,5.33,WEST,WEST,DECK LIGHTS FWD LABEL
BSS-6520-0127,DECK LIGHTS PORT LABEL,5.33,0,3.19,5.33,WEST,WEST,DECK LIGHTS PORT LABEL
BSS-6520-0143,DOCKING LIGHTS LABEL,5.33,0,3.19,5.33,WEST,WEST,DOCKING LIGHTS LABEL
BSS-6520-0190,FLOOD LIGHTS LABEL,5.33,0,3.19,5.33,WEST,WEST,FLOOD LIGHTS LABEL
BSS-6520-0217,FORWARD CABIN LIGHTS LABEL,5.33,0,3.19,5.33,WEST,WEST,FORWARD CABIN LIGHTS LABEL
BSS-6520-0237,HALLWAY LIGHTS LABEL,5.33,0,3.19,5.33,WEST,WEST,HALLWAY LIGHTS LABEL
BSS-6520-0251,HEAD LIGHTS LABEL,5.33,0,3.19,5.33,WEST,WEST,HEAD LIGHTS LABEL
BSS-6520-0279,INSTRUMENT LIGHTS LABEL,5.33,0,3.19,5.33,WEST,WEST,INSTRUMENT LIGHTS LABEL
BSS-6520-0284,INTERIOR LIGHTS LABEL,5.33,0,3.19,5.33,WEST,WEST,INTERIOR LIGHTS LABEL
BSS-6520-0292,LIGHTS LABEL,5.33,0,3.19,5.33,WEST,WEST,LIGHTS LABEL
BSS-6520-0316,MAST LIGHTS LABEL,5.33,0,3.19,5.33,WEST,WEST,MAST LIGHTS LABEL
BSS-6520-0328,NIGHT LIGHTS LABEL,5.33,0,3.19,5.33,WEST,WEST,NIGHT LIGHTS LABEL
BSS-6520-0362,RUNNING LIGHTS LABEL,5.33,0,3.19,5.33,WEST,WEST,RUNNING LIGHTS LABEL
BSS-6520-0391,SPREADER LIGHTS LABEL,5.33,0,3.19,5.33,WEST,WEST,SPREADER LIGHTS LABEL
BSS-6520-0392,SPREADER LIGHTS MIZZEN LABEL,5.33,0,3.19,5.33,WEST,WEST,SPREADER LIGHTS MIZZEN LABEL
BSS-6520-0401,STEAMING LIGHTS LABEL,5.33,0,3.19,5.33,WEST,WEST,STEAMING LIGHTS LABEL
BSS-6520-493,LIGHTS MASTER CABIN LABEL,5.23,0,3.13,5.23,WEST,WEST,LIGHTS MASTER CABIN LABEL
BSS-7054,PUSH-BUTTON BREAKER 10A,10.75,0,5.80,10.75,WEST,WEST,PUSH-BUTTON BREAKER 10A
BSS-7056,PUSH-BUTTON BREAKER 15A,10.75,2,5.80,10.75,WEST,WEST,PUSH-BUTTON BREAKER 15A
BSS-7057,PUSH-BUTTON BREAKER 20A,11.51,2,6.20,11.51,WEST,WEST,PUSH-BUTTON BREAKER 20A
BSS-7059,PUSH-BUTTON BREAKER 30A,12.27,2,6.61,12.27,WEST,WEST,PUSH-BUTTON BREAKER 30A
BSS-7135,SURF/MT BREAKER 25A,184.42,0,99.39,184.42,WEST,WEST,SURF/MT BREAKER 25A
BSS-7136,SURF/MT BREAKER 30A,184.42,2,99.39,184.42,WEST,WEST,SURF/MT BREAKER 30A
BSS-7140,SURF/MT BREAKER 60A,184.42,0,99.39,184.42,WEST,WEST,SURF/MT BREAKER 60A
BSS-7142,SURF/MT BREAKER 80A,184.42,1,99.39,184.42,WEST,WEST,SURF/MT BREAKER 80A
BSS-7148,SURF/MT BREAKER 150A,184.42,0,99.39,184.42,WEST,WEST,SURF/MT BREAKER 150A
BSS-7149,SURF/MT BREAKER 200A,241.72,1,130.27,241.72,WEST,WEST,SURF/MT BREAKER 200A
BSS-7200,TOGGLE BREAKER SP 5A BLK,44.64,0,24.06,44.64,WEST,WEST,TOGGLE BREAKER SP 5A BLK
BSS-7206,TOGGLE BREAKER SP 10A WHT,41.75,0,22.50,41.75,WEST,WEST,TOGGLE BREAKER SP 10A WHT
BSS-7210,TOGGLE BREAKER SP 15A WHT,41.75,1,22.50,41.75,WEST,WEST,TOGGLE BREAKER SP 15A WHT
BSS-7214,TOGGLE BREAKER SP 20A WHT,41.75,-1,22.50,41.75,WEST,WEST,TOGGLE BREAKER SP 20A WHT
BSS-7230,TOGGLE BREAKER SP 50A WHT,41.75,0,22.50,41.75,WEST,WEST,TOGGLE BREAKER SP 50A WHT
BSS-7237,TOGGLE BREAKER DP 30A BLK,96.38,0,51.94,96.38,WEST,WEST,TOGGLE BREAKER DP 30A BLK
BSS-7242,TOGGLE BREAKER DP 50A WHT,96.38,1,51.94,96.38,WEST,WEST,TOGGLE BREAKER DP 50A WHT
BSS-7246,TOGGLE BREAKER SP 60A WHT,104.07,0,56.09,104.07,WEST,WEST,TOGGLE BREAKER SP 60A WHT
BSS-7365,TOGGLE BREAKER DP 30A WHT,250.37,1,134.93,250.37,WEST,WEST,TOGGLE BREAKER DP 30A WHT
BSS-7404,ROCKER BREAKER SP 20A BLK,52.66,0,28.38,52.66,WEST,WEST,ROCKER BREAKER SP 20A BLK
BSS-7414,CIRCUIT BREAKER FLAT ROCKR 30A,103.32,2,55.68,103.32,WEST,WEST,CIRCUIT BREAKER FLAT ROCKR 30A
BSS-7417,CIRCUIT BREAKER FLATROCKER 50A,123.98,1,66.82,123.98,WEST,WEST,CIRCUIT BREAKER FLATROCKER 50A
BSS-7508,25-AMP 12V DIGITAL DIMMER W/SW,170.14,2,91.69,170.14,WEST,WEST,25-AMP 12V DIGITAL DIMMER W/SW
BSS-7532,CHARGER 12V 40A3BK,1478.02,0,1055.73,1478.02,WEST,WEST,CHARGER 12V 40A3BK
BSS-7549,ROCKER BREAKER SP 100A BLK,88.69,1,47.80,88.69,WEST,WEST,ROCKER BREAKER SP 100A BLK
BSS-7611,SOLENOID BATTERYLINK 120A ACR,213.36,0,114.98,213.36,WEST,WEST,SOLENOID BATTERYLINK 120A ACR
BSS-7622,SOLENOID ML 500A 12V ACR W/MC,593.13,0,319.65,593.13,WEST,WEST,SOLENOID ML 500A 12V ACR W/MC
BSS-7700,12V ML-SER.SOLENOID W/MAN.CTRL,460.10,3,247.96,460.10,WEST,WEST,12V ML-SER.SOLENOID W/MAN.CTRL
BSS-7929,SWITCH SPST OFF-ON BLK W/RED,32.80,6,17.68,32.80,WEST,WEST,SWITCH SPST OFF-ON BLK W/RED
BSS-7931,CONTURA 2 SWTCH SPDT ON/OFF/ON,35.32,4,19.03,35.32,WEST,WEST,CONTURA 2 SWTCH SPDT ON/OFF/ON
BSS-7935,SWITCH CONTURA2 DPST OFF-(ON),35.54,1,19.15,35.54,WEST,WEST,SWITCH CONTURA2 DPST OFF-(ON)
BSS-7936,SWITCH CONT2 DPDT ON-OFF-ON BK,45.07,0,24.29,45.07,WEST,WEST,SWITCH CONT2 DPDT ON-OFF-ON BK
BSS-7937,SWTCH CONTURA2 DPDT(ON)-OFF-ON,43.64,1,23.52,43.64,WEST,WEST,SWTCH CONTURA2 DPDT(ON)-OFF-ON
BSS-8030,DC BASIC LABEL SET (30),18.10,1,9.76,18.10,WEST,WEST,DC BASIC LABEL SET (30)
BSS-8033,LED IND.LIGHT AMBER 11/6412V,6.30,2,3.39,6.30,WEST,WEST,LED IND.LIGHT AMBER 11/6412V
BSS-8059,AC PANEL 8POS C/W 5 BREAKERS,484.03,0,260.86,484.03,WEST,WEST,AC PANEL 8POS C/W 5 BREAKERS
BSS-8063-0040,ARCH LIGHTS LABEL,4.49,0,2.69,4.49,WEST,WEST,ARCH LIGHTS LABEL
BSS-8063-0060,BILGE LIGHTS LABEL,4.49,0,2.69,4.49,WEST,WEST,BILGE LIGHTS LABEL
BSS-8063-0072,BRIDGE LIGHTS LABEL,4.49,0,2.69,4.49,WEST,WEST,BRIDGE LIGHTS LABEL
BSS-8063-0086,CABIN LIGHTS LABEL,4.49,0,2.69,4.49,WEST,WEST,CABIN LIGHTS LABEL
BSS-8063-0100,COCKPIT LIGHTS LABEL,4.49,0,2.69,4.49,WEST,WEST,COCKPIT LIGHTS LABEL
BSS-8063-0135,DINING AREA LIGHTS LABEL,4.49,0,2.69,4.49,WEST,WEST,DINING AREA LIGHTS LABEL
BSS-8063-0155,ENGINE ROOM LIGHTS LABEL,4.49,0,2.69,4.49,WEST,WEST,ENGINE ROOM LIGHTS LABEL
BSS-8063-0178,EXTERIOR LIGHTS LABEL,4.49,0,2.69,4.49,WEST,WEST,EXTERIOR LIGHTS LABEL
BSS-8063-0190,FLOOD LIGHTS LABEL,4.49,0,2.69,4.49,WEST,WEST,FLOOD LIGHTS LABEL
BSS-8063-0194,FLYBRIDGE LIGHTS LABEL,4.49,0,2.69,4.49,WEST,WEST,FLYBRIDGE LIGHTS LABEL
BSS-8063-0223,GALLEY LIGHTS LABEL,4.49,0,2.69,4.49,WEST,WEST,GALLEY LIGHTS LABEL
BSS-8063-0239,HAM RADIO LABEL,4.49,0,2.69,4.49,WEST,WEST,HAM RADIO LABEL
BSS-8063-0251,HEAD LIGHTS LABEL,4.49,0,2.69,4.49,WEST,WEST,HEAD LIGHTS LABEL
BSS-8063-0279,INSTRUMENT LIGHTS LABEL,4.49,0,2.69,4.49,WEST,WEST,INSTRUMENT LIGHTS LABEL
BSS-8063-0292,LIGHTS LABEL,4.49,0,2.69,4.49,WEST,WEST,LIGHTS LABEL
BSS-8063-0293,LIGHTS 2 LABEL,4.49,0,2.69,4.49,WEST,WEST,LIGHTS 2 LABEL
BSS-8063-0294,LIGHTS 3 LABEL,4.49,0,2.69,4.49,WEST,WEST,LIGHTS 3 LABEL
BSS-8063-0296,LIGHTS AFT LABEL,4.49,0,2.69,4.49,WEST,WEST,LIGHTS AFT LABEL
BSS-8063-0297,LIGHTS FWD LABEL,4.49,0,2.69,4.49,WEST,WEST,LIGHTS FWD LABEL
BSS-8063-0298,LIGHTS PORT LABEL,4.49,0,2.69,4.49,WEST,WEST,LIGHTS PORT LABEL
BSS-8063-0299,LIGHTS STBD LABEL,4.49,0,2.69,4.49,WEST,WEST,LIGHTS STBD LABEL
BSS-8063-0303,LOCKER LIGHTS LABEL,4.49,0,2.69,4.49,WEST,WEST,LOCKER LIGHTS LABEL
BSS-8063-0351,RADIO LABEL,4.49,0,2.69,4.49,WEST,WEST,RADIO LABEL
BSS-8063-0391,SPREADER LIGHTS LABEL,4.49,0,2.69,4.49,WEST,WEST,SPREADER LIGHTS LABEL
BSS-8063-0424,TV ANTENNA LABEL,4.49,0,2.69,4.49,WEST,WEST,TV ANTENNA LABEL
BSS-8063-0458,LIGHTS LABEL,4.49,0,2.69,4.49,WEST,WEST,LIGHTS LABEL
BSS-8063-0492,LIGHTS PILOT HOUSE LABEL,4.49,0,2.69,4.49,WEST,WEST,LIGHTS PILOT HOUSE LABEL
BSS-8063-0493,LIGHTS MSTR CABIN LABEL,4.49,0,2.69,4.49,WEST,WEST,LIGHTS MSTR CABIN LABEL
BSS-8063-0494,LIGHTS AFT CABIN LABEL,4.49,0,2.69,4.49,WEST,WEST,LIGHTS AFT CABIN LABEL
BSS-8086,20/AC-20/DC CIRCUIT PANEL,3449.80,0,1859.17,3449.80,WEST,WEST,20/AC-20/DC CIRCUIT PANEL
BSS-8166,LED IND.LIGHT RED 11/64230V,8.67,4,4.67,8.67,WEST,WEST,LED IND.LIGHT RED 11/64230V
BSS-8171,LED IND.LIGHT RED 11/6412V,6.30,3,3.39,6.30,WEST,WEST,LED IND.LIGHT RED 11/6412V
BSS-8172,LED IND.LIGHT GREEN 11/6412V,6.30,7,3.39,6.30,WEST,WEST,LED IND.LIGHT GREEN 11/6412V
BSS-8214,DC WATERPROOF LABEL KIT,18.30,0,9.86,18.30,WEST,WEST,DC WATERPROOF LABEL KIT
BSS-8256,DIGITAL AC AMMETER COIL,54.53,0,29.38,54.53,WEST,WEST,DIGITAL AC AMMETER COIL
BSS-8260,CONTURA 6 POS MNTING PANEL BLA,14.36,0,7.74,14.36,WEST,WEST,CONTURA 6 POS MNTING PANEL BLA
BSS-8263,W/P DC BILGE SWITCH PANEL BLK,111.92,1,60.32,111.92,WEST,WEST,W/P DC BILGE SWITCH PANEL BLK
BSS-8266,CONTURA SWITCH C.MOUNT PANEL,12.66,4,6.82,12.66,WEST,WEST,CONTURA SWITCH C.MOUNT PANEL
BSS-8267,V-SERIES END BRACKET BLACK,12.66,4,6.82,12.66,WEST,WEST,V-SERIES END BRACKET BLACK
BSS-8268,CONTURA SINGLE MNTING BRKT,13.36,0,7.20,13.36,WEST,WEST,CONTURA SINGLE MNTING BRKT
BSS-8278,CONTURA SWITCH PLUG BLK,6.68,0,3.60,6.68,WEST,WEST,CONTURA SWITCH PLUG BLK
BSS-8282,SWITCH SPST OFF-ON BLK,30.16,1,16.25,30.16,WEST,WEST,SWITCH SPST OFF-ON BLK
BSS-8285,SWITCH SPDT ON-OFF-ON BLK,34.80,1,18.76,34.80,WEST,WEST,SWITCH SPDT ON-OFF-ON BLK
BSS-8286,SWITCH DPDT ON-OFF-ON BLK,42.38,1,22.84,42.38,WEST,WEST,SWITCH DPDT ON-OFF-ON BLK
BSS-8289,SWITCH DPDT (ON)-OFF-ON BLK,45.07,1,24.29,45.07,WEST,WEST,SWITCH DPDT (ON)-OFF-ON BLK
BSS-8292,SWITCH SPST OFF-(ON) BLK,27.20,1,14.66,27.20,WEST,WEST,SWITCH SPST OFF-(ON) BLK
BSS-8294,CONTURA ACTUATOR BLACK,10.44,1,5.62,10.44,WEST,WEST,CONTURA ACTUATOR BLACK
BSS-8296,"CONTURA ACTUATOR,BLACK NO LENS",10.44,2,5.62,10.44,WEST,WEST,"CONTURA ACTUATOR,BLACK NO LENS"
BSS-9001E,BAT SWITCH 4POS 350A,93.40,1,50.34,93.40,WEST,WEST,BAT SWITCH 4POS 350A
BSS-9003E,BAT SWITCH 2POS 350A,87.34,1,47.07,87.34,WEST,WEST,BAT SWITCH 2POS 350A
BSS-9012,"SOLENOID SWITCH, L-SERIES",541.81,0,292.00,541.81,WEST,WEST,"SOLENOID SWITCH, L-SERIES"
BSS-9160,LINK BUS-ML,33.50,0,18.05,33.50,WEST,WEST,LINK BUS-ML
BSS-9217,JUMPER TERMINAL 2500-SER(5/PK),7.68,1,4.14,7.68,WEST,WEST,JUMPER TERMINAL 2500-SER(5/PK)
BSS-9218,JUMPER TERMINAL 2400-SER(5/PK),7.68,2,4.14,7.68,WEST,WEST,JUMPER TERMINAL 2400-SER(5/PK)
BUC-70TBC1000SS,S/S T-BOLT CLAMP(9.80-10.08),26.95,0,14.53,26.95,WEST,WEST,S/S T-BOLT CLAMP(9.80-10.08)
BUC-70TBC1088SS,S/S T-BOLT CLAMP(10.43-11.00),27.64,6,14.89,27.64,WEST,WEST,S/S T-BOLT CLAMP(10.43-11.00)
BUC-70TBC700SS,S/S T-BOLT CLAMP(6.80-7.08),18.32,3,9.87,18.32,WEST,WEST,S/S T-BOLT CLAMP(6.80-7.08)
BUC-70TBC750SS,S/S T-BOLT CLAMP(7.30-7.58),18.50,5,9.97,18.50,WEST,WEST,S/S T-BOLT CLAMP(7.30-7.58)
BUC-BBV-100LP,BALL VLV 1 BRZ,106.28,4,57.28,106.28,WEST,WEST,BALL VLV 1 BRZ
BUC-BBV-125LP,BALL VLV 1-1/4 BRZ,176.49,1,95.11,176.49,WEST,WEST,BALL VLV 1-1/4 BRZ
BUC-BBV-25FSS,BALL VLV 1/4 SS,48.23,2,25.99,48.23,WEST,WEST,BALL VLV 1/4 SS
BUC-BBV-75LP,BALL VLV 3/4 BRZ,81.41,5,43.87,81.41,WEST,WEST,BALL VLV 3/4 BRZ
BUC-HN-100,PIPE/HOSE ADAPT 1 BRZ,18.72,4,10.09,18.72,WEST,WEST,PIPE/HOSE ADAPT 1 BRZ
BUC-HN-125,PIPE/HOSE ADAPT 1-1/4 BRZ,37.59,-2,20.26,37.59,WEST,WEST,PIPE/HOSE ADAPT 1-1/4 BRZ
BUC-HN-200,PIPE/HOSE ADAPT 2 BRZ,68.99,2,37.18,68.99,WEST,WEST,PIPE/HOSE ADAPT 2 BRZ
BUC-HN-200-E,PIPE-HOS ADAPTR 2 90,274.77,2,148.08,274.77,WEST,WEST,PIPE-HOS ADAPTR 2 90
BUC-HN-250,PIPE/HOSE ADAPT 2-1/2 BRZ,165.90,2,89.41,165.90,WEST,WEST,PIPE/HOSE ADAPT 2-1/2 BRZ
BUC-HN-250-E,PIPE/HOSE ADAPT 2-1/2 90BRZ,357.81,2,192.83,357.81,WEST,WEST,PIPE/HOSE ADAPT 2-1/2 90BRZ
BUC-HN-75,PIPE/HOSE ADAPT 3/4 BRZ,13.38,4,7.21,13.38,WEST,WEST,PIPE/HOSE ADAPT 3/4 BRZ
BUC-HN-75-E,PIPE-HOSE ADAP 3/4 90BRZ,61.52,4,33.16,61.52,WEST,WEST,PIPE-HOSE ADAP 3/4 90BRZ
BUC-HN-75100,PIPE/HOS ADAPTR 3/4X1,52.57,6,28.33,52.57,WEST,WEST,PIPE/HOS ADAPTR 3/4X1
BUC-PSK200,2 PROP SHAFT KIT,244.55,2,131.80,244.55,WEST,WEST,2 PROP SHAFT KIT
BUC-SS-1100,SCOOP STRNR 11X7-1/2 SS,405.83,0,218.71,405.83,WEST,WEST,SCOOP STRNR 11X7-1/2 SS
BUC-TH-100,T-HULL 1 BRZ,59.97,1,32.32,59.97,WEST,WEST,T-HULL 1 BRZ
BUC-TH-100-XL,T-HULL 1 LONG BRZ,158.73,0,85.54,158.73,WEST,WEST,T-HULL 1 LONG BRZ
BUC-TH-125,T-HULL 1-1/4 BRZ,96.59,0,52.06,96.59,WEST,WEST,T-HULL 1-1/4 BRZ
BUC-TH-125-XL,T-HULL 1-1/4 LONG BRZ,245.37,1,132.24,245.37,WEST,WEST,T-HULL 1-1/4 LONG BRZ
BUC-TH-75-XL,T-HULL 3/4 X-LONG BRZ,93.59,2,50.44,93.59,WEST,WEST,T-HULL 3/4 X-LONG BRZ
BUC-THH150,T-HULL W/HOSBRB 1-1/2,192.28,0,103.63,192.28,WEST,WEST,T-HULL W/HOSBRB 1-1/2
BUC-VL-75,VENTD LOOP 3/4 BRZ,107.48,0,57.92,107.48,WEST,WEST,VENTD LOOP 3/4 BRZ
BXTS010,Trial Pak,0.99,0,0.00,0.00,WEST,WEST,Trial Pak
CAF-9303,MINI HEAT/DEFRST 12V8.3ACIGPLG,63.96,0,34.47,63.96,WEST,WEST,MINI HEAT/DEFRST 12V8.3ACIGPLG
CAF-9406,STOR-DRY 120V70W256BTU AIRDRYR,214.88,2,115.80,214.88,WEST,WEST,STOR-DRY 120V70W256BTU AIRDRYR
CAL-1123-30,ROUGHNECK SS LIFERING 30,615.63,0,331.78,615.63,WEST,WEST,ROUGHNECK SS LIFERING 30
CAL-5070-O,LIFERING STATION 30,1388.12,0,748.09,1388.12,WEST,WEST,LIFERING STATION 30
CAM-40274,TOILET TISSUE 2-PLY 4/PKG,12.53,10,6.75,12.53,WEST,WEST,TOILET TISSUE 2-PLY 4/PKG
CAM-40276,TOILET TISSUE 1-PLY 4/PKG,6.75,3,3.64,6.75,WEST,WEST,TOILET TISSUE 1-PLY 4/PKG
CAM-41548,TOILET WASTE BAGS (10/BOX),55.49,0,29.91,55.49,WEST,WEST,TOILET WASTE BAGS (10/BOX)
CAM-41549,TOILET BUCKET,58.12,0,31.32,58.12,WEST,WEST,TOILET BUCKET
CAM-41920,BRUSH HEAD SUPER SOFT,65.91,0,35.52,65.91,WEST,WEST,BRUSH HEAD SUPER SOFT
CAM-41922,BRUSH ATTACHMENT-SOFT,49.80,0,26.84,49.80,WEST,WEST,BRUSH ATTACHMENT-SOFT
CAM-41924,BRUSH ATTACHMENT-MEDIUM,49.00,0,26.41,49.00,WEST,WEST,BRUSH ATTACHMENT-MEDIUM
CAM-41926,BRUSH ATTACHMENT-STIFF,44.07,0,23.75,44.07,WEST,WEST,BRUSH ATTACHMENT-STIFF
CAM-61086,WASH BRUSH DISPLAY W/PRODUCT,1265.79,0,682.16,1265.79,WEST,WEST,WASH BRUSH DISPLAY W/PRODUCT
CAR-60000,ADJ.2-IN-1 BOAT CVR SUPRT.POLE,59.77,0,34.00,59.77,WEST,WEST,ADJ.2-IN-1 BOAT CVR SUPRT.POLE
CCI-SAL-5/16N,33-FT. SEA ANCHOR LINE W/HTSHR,62.39,0,37.36,62.39,WEST,WEST,33-FT. SEA ANCHOR LINE W/HTSHR
CDI-123-9898-P,OMC SHIFT ASSIST MODULE,260.30,0,163.37,260.30,WEST,WEST,OMC SHIFT ASSIST MODULE
CEN-1020200,2.0 GEN-SEPARATOR,1132.73,0,610.45,1132.73,WEST,WEST,2.0 GEN-SEPARATOR
CEN-1020250,2.5 GEN-SEPARATOR,1282.74,0,691.30,1282.74,WEST,WEST,2.5 GEN-SEPARATOR
CEN-1100502,FIBERGLASS EXHAUST TUBING 3,67.43,0,36.34,67.43,WEST,WEST,FIBERGLASS EXHAUST TUBING 3
CEN-1100507,FIBERGLASS EXHAUST TUBING 6,130.48,0,70.32,130.48,WEST,WEST,FIBERGLASS EXHAUST TUBING 6
CEN-1200109,45FIBERGLASS ELBOW 3,157.68,2,84.98,157.68,WEST,WEST,45FIBERGLASS ELBOW 3
CEN-1200111,45FIBERGLASS ELBOW 3.5,180.69,0,97.38,180.69,WEST,WEST,45FIBERGLASS ELBOW 3.5
CEN-1200112,45FIBERGLASS ELBOW 4,199.45,0,107.49,199.45,WEST,WEST,45FIBERGLASS ELBOW 4
CEN-1200197,90FIBERGLASS ELBOW 8,1113.97,0,600.34,1113.97,WEST,WEST,90FIBERGLASS ELBOW 8
CEN-1200202,90FIBERGLASS ELBOW 1.5,142.33,0,76.71,142.33,WEST,WEST,90FIBERGLASS ELBOW 1.5
CEN-1200214,45FIBERGLASS ELBOW 1.63,116.77,1,62.93,116.77,WEST,WEST,45FIBERGLASS ELBOW 1.63
CEN-1200222,3.5X 4OD.FIBERGLAS COUPLING,193.47,1,104.26,193.47,WEST,WEST,3.5X 4OD.FIBERGLAS COUPLING
CEN-1200349,ELBOW 1.75 45,119.34,3,64.31,119.34,WEST,WEST,ELBOW 1.75 45
CEN-1200410,1.5X 2OD.FIBERGLAS COUPLING,95.47,0,51.45,95.47,WEST,WEST,1.5X 2OD.FIBERGLAS COUPLING
CEN-1200420,REDUCER ELBOW 4>3.5 45,190.08,0,102.44,190.08,WEST,WEST,REDUCER ELBOW 4>3.5 45
CEN-1200586,6 CRUSH SLEEVE,301.33,0,162.40,301.33,WEST,WEST,6 CRUSH SLEEVE
CEN-1200588,10 CRUSH SLEEVE,469.44,2,252.99,469.44,WEST,WEST,10 CRUSH SLEEVE
CEN-1500027,VERNALIFT 2.0 SIDE -> TOP,674.18,0,363.33,674.18,WEST,WEST,VERNALIFT 2.0 SIDE -> TOP
CEN-1500071,VERNALIFT 1.5 SIDE -> TOP,601.73,0,324.29,601.73,WEST,WEST,VERNALIFT 1.5 SIDE -> TOP
CET-IVA300-QT,CETOL MARINE FINISH,76.30,0,41.12,76.30,WEST,WEST,CETOL MARINE FINISH
CET-IVA315-QT,CETOL GLOSS FINISH,83.00,0,44.73,83.00,WEST,WEST,CETOL GLOSS FINISH
CET-IVA316-QT,CETOL NATURAL TEAK FINISH,76.30,0,41.12,76.30,WEST,WEST,CETOL NATURAL TEAK FINISH
CHN-CMG41/4,CMP GAL.G43 ISO CHAIN 1/4,5.64,0,3.04,5.64,WEST,WEST,CMP GAL.G43 ISO CHAIN 1/4
CHN-CMG43/8,CMP GAL.G43 ISO CHAIN 3/8,9.84,0,5.30,9.84,WEST,WEST,CMP GAL.G43 ISO CHAIN 3/8
CHN-CMG43/8X400,CMP GAL.G43 ISO CHAIN,3592.12,0,1935.87,3592.12,WEST,WEST,CMP GAL.G43 ISO CHAIN
CHN-CMG45/16X275,CMP GAL.G43 ISO CHAIN,1979.65,0,1066.88,1979.65,WEST,WEST,CMP GAL.G43 ISO CHAIN
CHN-TITAN10MMSS,"10MM(3/8"""")G50 316SS CHAIN     """,54.31,0,32.52,54.31,WEST,WEST,"10MM(3/8"""")G50 316SS CHAIN     """
CMP-4865,OSBORNE MARINE RESIDUE REMOVER,24.71,0,18.17,24.71,WEST,WEST,OSBORNE MARINE RESIDUE REMOVER
CMP-5207,FLUID FILM BRUSH CAN 8OZ(237ML,35.89,0,19.34,35.89,WEST,WEST,FLUID FILM BRUSH CAN 8OZ(237ML
CMP-73013,RUST CONVERTR PAINT PRIMR 340G,29.28,0,15.78,29.28,WEST,WEST,RUST CONVERTR PAINT PRIMR 340G
CMP-73016,RUST CONVERTR PAINT PRIMR 236G,37.39,0,20.15,37.39,WEST,WEST,RUST CONVERTR PAINT PRIMR 236G
CMP-CDL1220NY,1/2X20 NVY DB DOCKLINE,74.72,1,33.13,74.72,WEST,WEST,1/2X20 NVY DB DOCKLINE
CMP-CDL3810BK,3/8X10 BLK DB DOCKLINE,38.69,3,17.15,38.69,WEST,WEST,3/8X10 BLK DB DOCKLINE
CMP-CDL3820BK,3/8X20 BLK DB DOCKLINE,50.87,2,22.55,50.87,WEST,WEST,3/8X20 BLK DB DOCKLINE
CMP-CDL3825BK,3/8X25 BLK DB DOCKLINE,55.66,1,24.68,55.66,WEST,WEST,3/8X25 BLK DB DOCKLINE
CMP-CDL5820BK,5/8X20 BLK DB DOCKLINE,105.09,1,46.59,105.09,WEST,WEST,5/8X20 BLK DB DOCKLINE
CMP-CDL5830BK,5/8X30 BLK DB DOCKLINE,126.39,0,56.03,126.39,WEST,WEST,5/8X30 BLK DB DOCKLINE
CMP-FH0316,HUMOUT DIESEL FUEL BIOCIDE16OZ,43.40,3,26.56,43.40,WEST,WEST,HUMOUT DIESEL FUEL BIOCIDE16OZ
CMP-T90004,BOESHIELD PROTECTOR 4-OZ SPRAY,17.97,0,9.68,17.97,WEST,WEST,BOESHIELD PROTECTOR 4-OZ SPRAY
CMP-T90012,BOESHIELD METAL PROTECTR 12-OZ,37.69,0,20.31,37.69,WEST,WEST,BOESHIELD METAL PROTECTR 12-OZ
CMT-290DPKITA,AL VOLVO 290HP DUAL PROP KIT,43.60,2,23.50,43.60,WEST,WEST,AL VOLVO 290HP DUAL PROP KIT
CMT-3588745Z,ZN VOLVO SXA/DPS TRANSOMBAR,39.71,2,21.40,39.71,WEST,WEST,ZN VOLVO SXA/DPS TRANSOMBAR
CMT-3593881Z,VOLVO IPS INTAKE ZINC,51.27,0,27.63,51.27,WEST,WEST,VOLVO IPS INTAKE ZINC
CMT-367Z,ZN OMC WAFFLE BAR,24.78,2,13.36,24.78,WEST,WEST,ZN OMC WAFFLE BAR
CMT-3841427Z,ZN VOLVO SXZ/DPS TR/SHIELD,25.62,4,13.81,25.62,WEST,WEST,ZN VOLVO SXZ/DPS TR/SHIELD
CMT-3852970Z,ZN VOLVO PENTA ANODE 4X1.1,14.14,1,7.62,14.14,WEST,WEST,ZN VOLVO PENTA ANODE 4X1.1
CMT-3854130A,AL VOLVO SX GIMBAL PLATE,37.27,7,20.09,37.27,WEST,WEST,AL VOLVO SX GIMBAL PLATE
CMT-3854130Z,ZN VOLVO SX GIMBAL PLATE,46.71,7,25.17,46.71,WEST,WEST,ZN VOLVO SX GIMBAL PLATE
CMT-3855411A,AL VOLVO SX TRANSOM PLATE,34.25,1,18.46,34.25,WEST,WEST,AL VOLVO SX TRANSOM PLATE
CMT-3855411Z,ZN VOLVO SX TRANSOM PLATE,60.02,7,32.35,60.02,WEST,WEST,ZN VOLVO SX TRANSOM PLATE
CMT-3863206Z,ZN VOLVO DPS CAVITATION PLATE,31.66,0,17.06,31.66,WEST,WEST,ZN VOLVO DPS CAVITATION PLATE
CMT-3883728A,AL VOLVO SXA/DPS UPPER GEAR,25.02,3,13.48,25.02,WEST,WEST,AL VOLVO SXA/DPS UPPER GEAR
CMT-393023Z,ZN OMC BLOCK ANODE,16.93,4,9.13,16.93,WEST,WEST,ZN OMC BLOCK ANODE
CMT-41100276Z,VOLVO PENTA SMALL PLATE ZN,34.65,1,18.67,34.65,WEST,WEST,VOLVO PENTA SMALL PLATE ZN
CMT-431708Z,ZN OMC CURVED BLOCK ANODE,19.69,4,10.61,19.69,WEST,WEST,ZN OMC CURVED BLOCK ANODE
CMT-433580Z,ZN OMC LONG BAR TRIM/TILT,27.44,1,14.79,27.44,WEST,WEST,ZN OMC LONG BAR TRIM/TILT
CMT-43994Z,ZN MERCURY BLOCK ANODE,40.40,2,21.77,40.40,WEST,WEST,ZN MERCURY BLOCK ANODE
CMT-55989Z,ZN MERCURY BUTTON ANODE,7.52,3,4.05,7.52,WEST,WEST,ZN MERCURY BUTTON ANODE
CMT-589150Z,ZN LEWMAR 140TT ANODE D25/38,14.08,1,7.59,14.08,WEST,WEST,ZN LEWMAR 140TT ANODE D25/38
CMT-589350Z,ZN LEWMAR 185TT THRUSTER ANODE,15.25,0,8.22,15.25,WEST,WEST,ZN LEWMAR 185TT THRUSTER ANODE
CMT-61A4537100Z,ZN YAMAHA  225-250HP SKEG,58.10,1,31.31,58.10,WEST,WEST,ZN YAMAHA  225-250HP SKEG
CMT-63P1132511Z,YAMAHA ANODE ZINC,13.13,0,7.07,13.13,WEST,WEST,YAMAHA ANODE ZINC
CMT-6E54537101A,AL YAMAHA  SKEG ANODE,22.31,0,12.02,22.31,WEST,WEST,AL YAMAHA  SKEG ANODE
CMT-6G14525103Z,ZN YAMAHA ZINC ANODE,10.70,0,5.77,10.70,WEST,WEST,ZN YAMAHA ZINC ANODE
CMT-6G54525101A,AL YAMAHA  HANDLEBAR,23.05,0,12.42,23.05,WEST,WEST,AL YAMAHA  HANDLEBAR
CMT-6G54525101Z,ZN YAMAHA  HANDLEBAR,82.98,3,44.72,82.98,WEST,WEST,ZN YAMAHA  HANDLEBAR
CMT-762144Z,ZN MERCURY TRIM TAB FLATE,17.27,5,9.31,17.27,WEST,WEST,ZN MERCURY TRIM TAB FLATE
CMT-762145Z,ZN MERCURY (OLD 76214),18.59,3,10.02,18.59,WEST,WEST,ZN MERCURY (OLD 76214)
CMT-806105A,AL MERCURY ALPHA 1,14.20,18,7.65,14.20,WEST,WEST,AL MERCURY ALPHA 1
CMT-806105Z,ZN MERCURY ALPHA 1,16.98,13,9.15,16.98,WEST,WEST,ZN MERCURY ALPHA 1
CMT-806188A,AL MERCURY BRAVO 1,26.59,0,14.33,26.59,WEST,WEST,AL MERCURY BRAVO 1
CMT-806188Z,ZN MERCURY BRAVO 1,35.89,10,19.34,35.89,WEST,WEST,ZN MERCURY BRAVO 1
CMT-806189A,AL MERCURY GEN 2 HORSESHOE,6.78,2,3.65,6.78,WEST,WEST,AL MERCURY GEN 2 HORSESHOE
CMT-806190A,AL MERCURY GEN 2 HORSESHOE,16.67,4,8.98,16.67,WEST,WEST,AL MERCURY GEN 2 HORSESHOE
CMT-806190Z,ZN MERCURY GEN 2 HORSESHOE,40.51,4,21.83,40.51,WEST,WEST,ZN MERCURY GEN 2 HORSESHOE
CMT-821631Z,ZN MERCURY ANODE KIT,43.70,5,23.55,43.70,WEST,WEST,ZN MERCURY ANODE KIT
CMT-832598Z,ZN VOLVO DOGBONE ANODE,37.26,2,20.08,37.26,WEST,WEST,ZN VOLVO DOGBONE ANODE
CMT-838929Z,ZN VOLVO M8-D16X30-M7/16W,11.34,3,6.11,11.34,WEST,WEST,ZN VOLVO M8-D16X30-M7/16W
CMT-852835Z,ZN VOLVO 290 OUTDRIVE BAR,43.27,4,23.32,43.27,WEST,WEST,ZN VOLVO 290 OUTDRIVE BAR
CMT-865182CA,AL MERC. PROPNUT  BRAVO3 04+,26.10,0,14.07,26.10,WEST,WEST,AL MERC. PROPNUT  BRAVO3 04+
CMT-865182CZ,ZN MERC. PROPNUT  BRAVO3 04+,12.76,10,6.88,12.76,WEST,WEST,ZN MERC. PROPNUT  BRAVO3 04+
CMT-872793Z,"ZN VOLVO 290, 290DP, SX & DPX",18.80,0,10.13,18.80,WEST,WEST,"ZN VOLVO 290, 290DP, SX & DPX"
CMT-873395A,AL VOLVO SXA & DPX,13.91,4,7.50,13.91,WEST,WEST,AL VOLVO SXA & DPX
CMT-875821Z,ZN VOLVO DUO-PROP RING,39.70,2,21.39,39.70,WEST,WEST,ZN VOLVO DUO-PROP RING
CMT-880653Z,ZN MERC. VERADO 6 MANIFOLD,29.98,4,16.15,29.98,WEST,WEST,ZN MERC. VERADO 6 MANIFOLD
CMT-892227Z,ZN MERC. VERADO 6 TRIM CYLINDR,15.93,12,8.59,15.93,WEST,WEST,ZN MERC. VERADO 6 TRIM CYLINDR
CMT-89949,MARTYR ZN MERCURY BRACKET ANODE,64.99,2,34.96,0.00,WEST,WEST,MARTYR ZN MERCURY BRACKET ANODE
CMT-8M0116590KITA,AL VERADO PRO SERIES ANODE KIT,112.04,4,60.38,112.04,WEST,WEST,AL VERADO PRO SERIES ANODE KIT
CMT-984547Z,ZN OMC BLOCK ANODE,74.53,5,40.17,74.53,WEST,WEST,ZN OMC BLOCK ANODE
CMT-AN235,ZINC ONLY REPLACEMENT,47.38,0,25.53,47.38,WEST,WEST,ZINC ONLY REPLACEMENT
CMT-AN235A,AL 35MM BENETEAU PROP NUT REPL,25.99,0,14.00,25.99,WEST,WEST,AL 35MM BENETEAU PROP NUT REPL
CMT-BNT1AKITA,AL BENNETT TRIM TAB ANODE,38.78,3,20.90,38.78,WEST,WEST,AL BENNETT TRIM TAB ANODE
CMT-BNT1AKITZ,ZN BENN.TRIM TAB KIT (2) 3.78,60.64,2,32.68,60.64,WEST,WEST,ZN BENN.TRIM TAB KIT (2) 3.78
CMT-BRAVO23KITA,AL MERC BRAVO 2&3 KIT,76.77,1,41.37,76.77,WEST,WEST,AL MERC BRAVO 2&3 KIT
CMT-BRAVO3KITZ,ZN MERC 04+ BRAVO 3 KIT,97.06,3,52.31,97.06,WEST,WEST,ZN MERC 04+ BRAVO 3 KIT
CMT-C02,ZN DONUT 7/8 ID X 1X2-1/8,18.72,5,10.09,18.72,WEST,WEST,ZN DONUT 7/8 ID X 1X2-1/8
CMT-C06,ZN DONUT 1-3/8 ID X 1-1/4X3,32.67,5,17.60,32.67,WEST,WEST,ZN DONUT 1-3/8 ID X 1-1/4X3
CMT-C07,ZN DONUT 1-1/2 ID X 1-1/4X3,32.18,7,17.34,32.18,WEST,WEST,ZN DONUT 1-1/2 ID X 1-1/4X3
CMT-C07AL,AL DONUT 1-1/2 ID X 1-1/4X3,28.74,3,15.49,28.74,WEST,WEST,AL DONUT 1-1/2 ID X 1-1/4X3
CMT-C13,ZN DONUT 3 ID X 1-1/2X5,80.41,2,43.33,80.41,WEST,WEST,ZN DONUT 3 ID X 1-1/2X5
CMT-C30,ZN DONUT 30MM,29.98,1,16.15,29.98,WEST,WEST,ZN DONUT 30MM
CMT-DIVERA,AL DIVERSDREAM 1/2X12X6,63.34,6,34.14,63.34,WEST,WEST,AL DIVERSDREAM 1/2X12X6
CMT-DIVERHA,AL HD-DIVERSDREAM 1X12X6,112.09,-1,60.41,112.09,WEST,WEST,AL HD-DIVERSDREAM 1X12X6
CMT-DIVERHZ,ZN HD-DIVERSDREAM 1X12X6,205.39,4,110.69,205.39,WEST,WEST,ZN HD-DIVERSDREAM 1X12X6
CMT-DIVERMINI,ZN DIVERSDREAM 1/2X4X6,41.50,2,22.36,41.50,WEST,WEST,ZN DIVERSDREAM 1/2X4X6
CMT-DIVERMINIA,AL DIVERSDREAM 1/2X4X6,32.95,3,17.76,32.95,WEST,WEST,AL DIVERSDREAM 1/2X4X6
CMT-DIVERMINIHZ,DIVER MINI HD ZINC,72.70,0,39.18,72.70,WEST,WEST,DIVER MINI HD ZINC
CMT-DIVERZ,ZN DIVERSDREAM 1/2X12X6,99.08,5,53.40,99.08,WEST,WEST,ZN DIVERSDREAM 1/2X12X6
CMT-DPHKITA,AL VOLVO KIT DPH/DPR DRIVES,66.23,2,35.69,66.23,WEST,WEST,AL VOLVO KIT DPH/DPR DRIVES
CMT-DPHKITZ,ZN VOLVO KIT DPH/DPR DRIVES,68.10,2,36.70,68.10,WEST,WEST,ZN VOLVO KIT DPH/DPR DRIVES
CMT-E0,ZN PENCIL 1/4NPT 3/8 X 1-3/4,9.47,0,5.10,9.47,WEST,WEST,ZN PENCIL 1/4NPT 3/8 X 1-3/4
CMT-E00,ZN PENCIL 1/8 NPT X 1/4 X 2,9.13,9,4.92,9.13,WEST,WEST,ZN PENCIL 1/8 NPT X 1/4 X 2
CMT-E1,ZN PENCIL 3/8 NPT X 1/2 X 2,11.26,10,6.07,11.26,WEST,WEST,ZN PENCIL 3/8 NPT X 1/2 X 2
CMT-E1G,ZN PENCIL 3/8 NPT X 1/2 X 1,11.07,1,5.97,11.07,WEST,WEST,ZN PENCIL 3/8 NPT X 1/2 X 1
CMT-E1H,ZN PENCIL 3/8 NPT X 1/2 X 2,10.40,0,5.61,10.40,WEST,WEST,ZN PENCIL 3/8 NPT X 1/2 X 2
CMT-E2,ZN PENCIL 1/2 NPT X 5/8 X 2,15.83,0,8.53,15.83,WEST,WEST,ZN PENCIL 1/2 NPT X 5/8 X 2
CMT-E4,ZN PENCIL 3/4NPT X3/4 X 3-3/8,28.12,6,15.16,28.12,WEST,WEST,ZN PENCIL 3/4NPT X3/4 X 3-3/8
CMT-EZ0,ZN ANODE ONLY FOR E0 5/16 UNC,4.33,11,2.33,4.33,WEST,WEST,ZN ANODE ONLY FOR E0 5/16 UNC
CMT-EZ00,ZN ANODE ONLY FOR E00 1/4 UNC,5.46,47,2.94,5.46,WEST,WEST,ZN ANODE ONLY FOR E00 1/4 UNC
CMT-EZ1,ZN ANODE ONLY FOR E1 3/8 UNC,5.49,9,2.96,5.49,WEST,WEST,ZN ANODE ONLY FOR E1 3/8 UNC
CMT-EZ1E,ZN ANODE ONLY FOR 1E 3/8 UNC,5.38,0,2.90,5.38,WEST,WEST,ZN ANODE ONLY FOR 1E 3/8 UNC
CMT-EZ1H,ZN ANODE ONLY FOR E1H 3/8 UNC,4.78,8,2.57,4.78,WEST,WEST,ZN ANODE ONLY FOR E1H 3/8 UNC
CMT-EZ2,ZN ANODE ONLY FOR E2 7/16 UNC,7.06,4,3.81,7.06,WEST,WEST,ZN ANODE ONLY FOR E2 7/16 UNC
CMT-EZ3,ZN ANODE ONLY FOR E3 1/2 UNC,8.73,7,4.71,8.73,WEST,WEST,ZN ANODE ONLY FOR E3 1/2 UNC
CMT-EZ4,ZN ANODE ONLY FOR E4 1/2 UNC,11.97,7,6.45,11.97,WEST,WEST,ZN ANODE ONLY FOR E4 1/2 UNC
CMT-F140Z,ZN EURO STYLE RUDDER 140MM,68.07,0,36.68,68.07,WEST,WEST,ZN EURO STYLE RUDDER 140MM
CMT-GROUPER,ZN HANGING ANODE 11 CABLE,149.25,3,80.43,149.25,WEST,WEST,ZN HANGING ANODE 11 CABLE
CMT-GROUPERA,AL HANGING ANODE 11 CABLE,95.69,2,51.57,95.69,WEST,WEST,AL HANGING ANODE 11 CABLE
CMT-H2B2375GZ,ZN 2 STYLE B ROUND 1/2 HOLE,17.74,0,9.56,17.74,WEST,WEST,ZN 2 STYLE B ROUND 1/2 HOLE
CMT-H2B25GZ,ZN 2 STYLE B ROUND 3/8 HOLE,17.74,1,9.56,17.74,WEST,WEST,ZN 2 STYLE B ROUND 3/8 HOLE
CMT-H2B3375GZ,ZN 3 STYLE B ROUND 1/2 HOLE,30.13,4,16.24,30.13,WEST,WEST,ZN 3 STYLE B ROUND 1/2 HOLE
CMT-H2B4375GA,AL 4 STYLE B ROUND 1/2 HOLE,35.92,2,19.36,35.92,WEST,WEST,AL 4 STYLE B ROUND 1/2 HOLE
CMT-H2B4375GZ,ZN 4 STYLE B ROUND 1/2 HOLE,40.13,2,21.63,40.13,WEST,WEST,ZN 4 STYLE B ROUND 1/2 HOLE
CMT-H2B5375GZ,ZN 5 STYLE B ROUND 1/2 HOLE,72.83,0,39.25,72.83,WEST,WEST,ZN 5 STYLE B ROUND 1/2 HOLE
CMT-JPROP60A,AL J-PROP 60,14.23,0,7.67,14.23,WEST,WEST,AL J-PROP 60
CMT-JPROP60M,MG J-PROP 60,23.48,0,12.65,23.48,WEST,WEST,MG J-PROP 60
CMT-JPROP60Z,ZN J-PROP 60,16.42,0,8.85,16.42,WEST,WEST,ZN J-PROP 60
CMT-JPROP80Z,ZN J-PROP DS80,20.57,0,11.09,20.57,WEST,WEST,ZN J-PROP DS80
CMT-JPROP90Z,ZN J-PROP 90,37.46,0,20.19,37.46,WEST,WEST,ZN J-PROP 90
CMT-M25,ZN HULL ANODE 9-1/4 X 3-3/8,45.34,0,24.43,45.34,WEST,WEST,ZN HULL ANODE 9-1/4 X 3-3/8
CMT-MP63RA,AL MAX PROP 63MM 3/4 TO 1-1/8,15.75,0,8.49,15.75,WEST,WEST,AL MAX PROP 63MM 3/4 TO 1-1/8
CMT-P05612Z,ZN PLATE 1/2 X 6 X 12,106.08,0,57.17,106.08,WEST,WEST,ZN PLATE 1/2 X 6 X 12
CMT-P075612Z,ZN PLATE 3/4X 6 X 12,151.27,1,81.52,151.27,WEST,WEST,ZN PLATE 3/4X 6 X 12
CMT-PNAZC13,ZN PROPNUT A 1/2NC13 COMPLET,45.91,1,24.74,45.91,WEST,WEST,ZN PROPNUT A 1/2NC13 COMPLET
CMT-PNCZC10,ZN PROPNUT C 3/4NC10 COMPLET,117.74,0,63.45,117.74,WEST,WEST,ZN PROPNUT C 3/4NC10 COMPLET
CMT-PNDAF14,AL PROPNUT D 7/8NF14 COMPETE,79.68,1,42.94,79.68,WEST,WEST,AL PROPNUT D 7/8NF14 COMPETE
CMT-PNHZC06,ZN PROPNUT H 1-1/2NC6 COMPLET,220.06,0,118.59,220.06,WEST,WEST,ZN PROPNUT H 1-1/2NC6 COMPLET
CMT-PNZA,ZN PROPNUT A REPLACEMENT,12.21,1,6.58,12.21,WEST,WEST,ZN PROPNUT A REPLACEMENT
CMT-PNZB,ZN PROPNUT B REPLACEMENT,17.40,2,9.38,17.40,WEST,WEST,ZN PROPNUT B REPLACEMENT
CMT-PNZC,ZN PROPNUT C REPLACEMENT,24.87,6,13.40,24.87,WEST,WEST,ZN PROPNUT C REPLACEMENT
CMT-PNZF,ZN PROPNUT F REPLACEMENT,36.47,2,19.66,36.47,WEST,WEST,ZN PROPNUT F REPLACEMENT
CMT-PNZH,ZN PROPNUT H REPLACEMENT,75.35,1,40.61,75.35,WEST,WEST,ZN PROPNUT H REPLACEMENT
CMT-R01,ZN RUDDER ANODE 1-7/8,9.19,8,4.95,9.19,WEST,WEST,ZN RUDDER ANODE 1-7/8
CMT-R02,ZN RUDDER ANODE 2-13/16,18.04,21,9.72,18.04,WEST,WEST,ZN RUDDER ANODE 2-13/16
CMT-R02AL,AL RUDDER ANODE 2-13/16,11.76,5,6.34,11.76,WEST,WEST,AL RUDDER ANODE 2-13/16
CMT-R03,ZN RUDDER ANODE 3-3/4,27.17,4,14.64,27.17,WEST,WEST,ZN RUDDER ANODE 3-3/4
CMT-R03AL,AL RUDDER ANODE 3-3/4,16.12,6,8.68,16.12,WEST,WEST,AL RUDDER ANODE 3-3/4
CMT-R04,ZN RUDDER ANODE 5,46.81,4,25.23,46.81,WEST,WEST,ZN RUDDER ANODE 5
CMT-R04AL,AL RUDDER ANODE 5,32.60,6,17.57,32.60,WEST,WEST,AL RUDDER ANODE 5
CMT-R05,ZN RUDDER ANODE 5 1/8,72.28,6,38.95,72.28,WEST,WEST,ZN RUDDER ANODE 5 1/8
CMT-RP4A,AL BOLT-ON ROUND PLATE 4 X 1,52.92,7,28.52,52.92,WEST,WEST,AL BOLT-ON ROUND PLATE 4 X 1
CMT-RP4Z,ZN BOLT-ON ROUND PLATE 4 X 1,57.97,4,31.24,57.97,WEST,WEST,ZN BOLT-ON ROUND PLATE 4 X 1
CMT-SGMSPRAY500Z,SEAGUARD ZINCSPRAY 650G/500ML,54.51,4,32.71,54.51,WEST,WEST,SEAGUARD ZINCSPRAY 650G/500ML
CMT-SGSL565A,AL SIDE POWER 71190A,11.82,2,6.37,11.82,WEST,WEST,AL SIDE POWER 71190A
CMT-SGSL565Z,ZN SIDE POWER 71190A,13.19,10,7.11,13.19,WEST,WEST,ZN SIDE POWER 71190A
CMT-SGSP31180A,SIDE POWER 31180 PROP AL ANODE,8.00,2,4.31,8.00,WEST,WEST,SIDE POWER 31180 PROP AL ANODE
CMT-SGSP626A,AL SIDE POWER PROP 201180,19.17,8,10.33,19.17,WEST,WEST,AL SIDE POWER PROP 201180
CMT-SGSP626Z,ZN SIDE POWER PROP 201180,22.09,11,11.91,22.09,WEST,WEST,ZN SIDE POWER PROP 201180
CMT-SXAKITA,AL VOLVO KIT SX-A & DPS DRIVES,57.78,0,31.14,57.78,WEST,WEST,AL VOLVO KIT SX-A & DPS DRIVES
CMT-SXKITA,AL VOLVO KIT SX DRIVE,82.25,2,44.32,82.25,WEST,WEST,AL VOLVO KIT SX DRIVE
CMT-T20,ZN TEAR DROP 3-1/2 X 1-3/4,10.34,2,5.57,10.34,WEST,WEST,ZN TEAR DROP 3-1/2 X 1-3/4
CMT-T20A,AL TEAR DROP 3-1/2 X 1-3/4,5.96,12,3.21,5.96,WEST,WEST,AL TEAR DROP 3-1/2 X 1-3/4
CMT-X01,ZN STREAMLINE SHAFT 3/4,19.79,6,10.66,19.79,WEST,WEST,ZN STREAMLINE SHAFT 3/4
CMT-X01AL,AL STREAMLINE SHAFT 3/4,12.12,5,6.53,12.12,WEST,WEST,AL STREAMLINE SHAFT 3/4
CMT-X02,ZN STREAMLINE SHAFT 7/8,21.19,15,11.42,21.19,WEST,WEST,ZN STREAMLINE SHAFT 7/8
CMT-X03,ZN STREAMLINE SHAFT 1,19.22,8,10.36,19.22,WEST,WEST,ZN STREAMLINE SHAFT 1
CMT-X03AL,AL STREAMLINE SHAFT 1,12.36,6,6.66,12.36,WEST,WEST,AL STREAMLINE SHAFT 1
CMT-X04,ZN STREAMLINE SHAFT 1-1/8,22.49,9,12.12,22.49,WEST,WEST,ZN STREAMLINE SHAFT 1-1/8
CMT-X04AL,AL STREAMLINE SHAFT 1-1/8,13.71,6,7.39,13.71,WEST,WEST,AL STREAMLINE SHAFT 1-1/8
CMT-X05,ZN STREAMLINE SHAFT 1-1/4,26.90,6,14.50,26.90,WEST,WEST,ZN STREAMLINE SHAFT 1-1/4
CMT-X06,ZN STREAMLINE SHAFT 1-3/8,26.85,9,14.47,26.85,WEST,WEST,ZN STREAMLINE SHAFT 1-3/8
CMT-X07,ZN STREAMLINE SHAFT 1-1/2,27.30,7,14.71,27.30,WEST,WEST,ZN STREAMLINE SHAFT 1-1/2
CMT-X08,ZN STREAMLINE SHAFT 1-3/4,43.32,8,23.35,43.32,WEST,WEST,ZN STREAMLINE SHAFT 1-3/4
CMT-X08AL,AL STREAMLINE SHAFT 1-3/4,33.08,2,17.83,33.08,WEST,WEST,AL STREAMLINE SHAFT 1-3/4
CMT-X09,ZN STREAMLINE SHAFT 2,4.51,6,2.43,4.51,WEST,WEST,ZN STREAMLINE SHAFT 2
CMT-X10,ZN STREAMLINE SHAFT 2-1/4,95.61,4,51.52,95.61,WEST,WEST,ZN STREAMLINE SHAFT 2-1/4
CMT-X11,ZN STREAMLINE SHAFT 2-1/2,89.46,4,48.21,89.46,WEST,WEST,ZN STREAMLINE SHAFT 2-1/2
CMT-X110,ZN SHAFT ZINC 110MM,171.14,0,92.23,171.14,WEST,WEST,ZN SHAFT ZINC 110MM
CMT-X12,ZN STREAMLINE SHAFT 2-3/4,126.27,8,68.05,126.27,WEST,WEST,ZN STREAMLINE SHAFT 2-3/4
CMT-X13,ZN STREAMLINE SHAFT 3,108.78,4,58.63,108.78,WEST,WEST,ZN STREAMLINE SHAFT 3
CMT-X15,ZN STREAMLINE SHAFT 3-1/2,150.43,2,81.07,150.43,WEST,WEST,ZN STREAMLINE SHAFT 3-1/2
CMT-X17,ZN SHAFT ANODE 4,158.48,3,85.41,158.48,WEST,WEST,ZN SHAFT ANODE 4
CMT-X25,ZN STREAMLINE SHAFT 25MM,21.74,1,11.72,21.74,WEST,WEST,ZN STREAMLINE SHAFT 25MM
CMT-X30,ZN STREAMLINE SHAFT 30MM,26.04,3,14.03,26.04,WEST,WEST,ZN STREAMLINE SHAFT 30MM
CMT-X35,ZN STREAMLINE SHAFT 35MM,31.80,0,17.14,31.80,WEST,WEST,ZN STREAMLINE SHAFT 35MM
CMT-X40,ZN STREAMLINE SHAFT 40MM,50.20,4,27.05,50.20,WEST,WEST,ZN STREAMLINE SHAFT 40MM
CMT-X50,ZN STREAMLINE SHAFT 50MM,50.27,0,27.09,50.27,WEST,WEST,ZN STREAMLINE SHAFT 50MM
CMT-X60,ZN STREAMLINE SHAFT 60MM,111.86,3,60.28,111.86,WEST,WEST,ZN STREAMLINE SHAFT 60MM
CMT-Y150KITA,AL YAMAHA 150HP KIT,52.87,2,28.49,52.87,WEST,WEST,AL YAMAHA 150HP KIT
CMT-Z01BSZ,ZN HULL ANODE 12X 6 X 1-1/4,117.33,0,63.23,117.33,WEST,WEST,ZN HULL ANODE 12X 6 X 1-1/4
CMT-Z02SZ,ZN HULL 2ST/STRAP 12X6 X 1-1/4,251.62,0,135.60,251.62,WEST,WEST,ZN HULL 2ST/STRAP 12X6 X 1-1/4
CMT-Z03AA,AL HULL AL/STRAP 12X3 X 1-1/4,71.28,1,38.41,71.28,WEST,WEST,AL HULL AL/STRAP 12X3 X 1-1/4
CMT-Z03SZ,ZN HULL ST/STRAP 12X3 X 1-1/4,105.51,3,56.86,105.51,WEST,WEST,ZN HULL ST/STRAP 12X3 X 1-1/4
CMT-Z04AA,AL HULL AL/STRAP 6X3-1/2 X 1,40.80,2,21.99,40.80,WEST,WEST,AL HULL AL/STRAP 6X3-1/2 X 1
CMT-Z04AZ,ZN HULL AL/STRAP 6X3-1/2 X 1,58.02,2,31.27,58.02,WEST,WEST,ZN HULL AL/STRAP 6X3-1/2 X 1
CMT-Z04SZ,ZN HULL ST/STRAP 6X3-1/2 X 1,56.33,4,30.36,56.33,WEST,WEST,ZN HULL ST/STRAP 6X3-1/2 X 1
CMT-Z06AA,AL HULL AL/STRAP 5 X 2-1/4 X 1,31.91,2,17.20,31.91,WEST,WEST,AL HULL AL/STRAP 5 X 2-1/4 X 1
CMT-Z06AZ,ZN HULL AL/STRAP 5 X 2-1/4 X 1,38.74,1,20.88,38.74,WEST,WEST,ZN HULL AL/STRAP 5 X 2-1/4 X 1
CMT-Z06SA,AL HULL ST/STRAP 5 X 2-1/4 X 1,31.91,4,17.20,31.91,WEST,WEST,AL HULL ST/STRAP 5 X 2-1/4 X 1
CMT-Z06SZ,ZN HULL ST/STRAP 5 X 2-1/4 X 1,38.88,4,20.95,38.88,WEST,WEST,ZN HULL ST/STRAP 5 X 2-1/4 X 1
CMT-ZHC2AA,AL HULL ANODE ZHC-2,7.21,4,3.88,7.21,WEST,WEST,AL HULL ANODE ZHC-2
CMT-ZHC2AZ,ZN HULL ANODE 4-5/8 X 2-1/2,59.77,2,32.21,59.77,WEST,WEST,ZN HULL ANODE 4-5/8 X 2-1/2
CMT-ZHC3AZ,ZN HULL ANODE 6-1/4 X 2-3/4,57.46,0,30.97,57.46,WEST,WEST,ZN HULL ANODE 6-1/4 X 2-3/4
CMT-ZTSAZ,ZN TEARDROP AL/STRAP 9 X 3,63.23,4,34.07,63.23,WEST,WEST,ZN TEARDROP AL/STRAP 9 X 3
CMT-ZTSZ,ZN TEARDROP ST/STRAP 9 X 3,60.10,0,32.39,60.10,WEST,WEST,ZN TEARDROP ST/STRAP 9 X 3
COH-24063,SOLNOID CONTDTY12V58ASPST INSL,110.17,0,59.37,110.17,WEST,WEST,SOLNOID CONTDTY12V58ASPST INSL
COH-75601-14,WIPER SW 12V 4POS NO PARK DUAL,423.98,0,228.49,423.98,WEST,WEST,WIPER SW 12V 4POS NO PARK DUAL
COH-M-427,TERM BLCK 6GANG8/32STUD20ACIRC,28.29,4,15.25,28.29,WEST,WEST,TERM BLCK 6GANG8/32STUD20ACIRC
COM-1205,LIFEBUOY LIGHT W/BRK.L90 SOLAS,146.60,0,87.96,146.60,WEST,WEST,LIFEBUOY LIGHT W/BRK.L90 SOLAS
COM-1228-6,2-STAR SKY-LITE (6/PKG),209.61,2,125.77,209.61,WEST,WEST,2-STAR SKY-LITE (6/PKG)
COM-1520,GPK HAND FLARE (6PK),172.61,0,103.56,172.61,WEST,WEST,GPK HAND FLARE (6PK)
COM-F-PACK,FLARE PK.4/1228-2/1628,187.29,0,112.37,187.29,WEST,WEST,FLARE PK.4/1228-2/1628
CORE-35,Core Deposit $35,35.00,0,35.00,35.00,WEST,WEST,Core Deposit $35
COVCG1036DP,COVER GUARD,916.53,0,1.33,916.53,WEST,WEST,COVER GUARD
CRS-297000048,A-205 HI PRESS SWITCH SMX UNIT,86.78,0,61.11,86.78,WEST,WEST,A-205 HI PRESS SWITCH SMX UNIT
CRS-298001896,RETRO Q-LGC>U-CTRL DX/CW BOARD,738.95,0,520.39,738.95,WEST,WEST,RETRO Q-LGC>U-CTRL DX/CW BOARD
DAL-15080,SEA-FIN TEAK OIL 1 PT,55.04,0,29.66,55.04,WEST,WEST,SEA-FIN TEAK OIL 1 PT
DEX-81103,REVERSE LOCKOUT SOLENOID KIT,223.28,0,120.33,223.28,WEST,WEST,REVERSE LOCKOUT SOLENOID KIT
DEX-81170,LUG BOLTS 1/2  (5/SET),26.05,4,14.04,26.05,WEST,WEST,LUG BOLTS 1/2  (5/SET)
DIC-06-025,TWO TURN COIL-LOFOTEN H2O,131.28,0,86.20,131.28,WEST,WEST,TWO TURN COIL-LOFOTEN H2O
DIN-1459,AIR-DRYR 500,136.37,1,73.49,136.37,WEST,WEST,AIR-DRYR 500
DIN-3160,ANTENNA WIND VANE,90.23,0,48.63,90.23,WEST,WEST,ANTENNA WIND VANE
DIN-3300,"""""MEGA-LIGHT""""UTILITY LIGHT     """,82.08,0,35.99,82.08,WEST,WEST,"""""MEGA-LIGHT""""UTILITY LIGHT     """
DIN-7656,WIRELESS OMNI ANTENNA,677.07,0,364.89,677.07,WEST,WEST,WIRELESS OMNI ANTENNA
DIN-7660,WIRELESS YAGI ANTENNA,677.07,0,364.89,677.07,WEST,WEST,WIRELESS YAGI ANTENNA
DIN-790,FSR STAIN REMOVER 16OZ,36.11,3,19.46,36.11,WEST,WEST,FSR STAIN REMOVER 16OZ
DIN-792,FSRBIG JOB2-L.STAIN REMOVER,81.23,0,43.78,81.23,WEST,WEST,FSRBIG JOB2-L.STAIN REMOVER
DL-GW-3/8X25,GOLD-BRAID DOCK LINE,46.53,2,18.70,46.53,WEST,WEST,GOLD-BRAID DOCK LINE
DOC-3400-F,DOCK MOORING WHIP 12,801.08,1,431.72,801.08,WEST,WEST,DOCK MOORING WHIP 12
DOC-55-123-F,LIFE RING 20ORANGE,121.11,0,65.27,121.11,WEST,WEST,LIFE RING 20ORANGE
DOC-90-036-F,J HOOK LIFERING HLDR SS,13.81,0,7.44,13.81,WEST,WEST,J HOOK LIFERING HLDR SS
DOC-DEF248101,TOILET VISA 18L GREY,238.66,0,128.62,238.66,WEST,WEST,TOILET VISA 18L GREY
DOC-DEF308,TOILET VISA MD 8L GREY,182.26,0,98.23,182.26,WEST,WEST,TOILET VISA MD 8L GREY
DOC-DEF319,TOILET VISA MSD 18L GREY,232.23,0,125.15,232.23,WEST,WEST,TOILET VISA MSD 18L GREY
DOC-F008002,TOILET SPCE SVR PASPRT 8L GRY,165.28,0,89.07,165.28,WEST,WEST,TOILET SPCE SVR PASPRT 8L GRY
DOM-210,GALV.OPEN BASE CLEAT-10(HEX),21.52,0,9.68,21.52,WEST,WEST,GALV.OPEN BASE CLEAT-10(HEX)
DP105TSH,"BRONZE HULL PLUG, T HANDLE",25.85,0,0.01,25.85,WEST,WEST,"BRONZE HULL PLUG, T HANDLE"
DR-7-EA,"SPARK PLUG, #7839",7.45,4,1.00,7.45,WEST,WEST,"SPARK PLUG, #7839"
DRI-DZA-160,DRI-Z-AIR REFILL JUG 4.54KG,39.53,0,21.30,39.53,WEST,WEST,DRI-Z-AIR REFILL JUG 4.54KG
DRI-DZA-60,DRI-Z-AIR REFILL 60 OZ,16.90,0,9.11,16.90,WEST,WEST,DRI-Z-AIR REFILL 60 OZ
DRI-DZA-REFILL,DRI Z AIR 13OZ.CRYSTAL,4.38,2,2.36,4.38,WEST,WEST,DRI Z AIR 13OZ.CRYSTAL
DRI-DZA-UNIT,DRI Z UNIT C/W CRYSTAL,22.03,3,11.87,22.03,WEST,WEST,DRI Z UNIT C/W CRYSTAL
DUB-1501,2/PKG ANTENNA FLAG CLIPS,15.01,0,8.09,15.01,WEST,WEST,2/PKG ANTENNA FLAG CLIPS
ECO-5134,UNIQUE TEAK CLNR 2X 900ML KIT,48.03,0,25.88,48.03,WEST,WEST,UNIQUE TEAK CLNR 2X 900ML KIT
EDS-535-5-125,ANTENNA STANDOFF 5SS1-1/4ANT,285.23,0,237.69,285.23,WEST,WEST,ANTENNA STANDOFF 5SS1-1/4ANT
EDS-535-7-125,ANTENNA STANDOFF 7SS1-1/4ANT,312.19,0,260.16,312.19,WEST,WEST,ANTENNA STANDOFF 7SS1-1/4ANT
ELE-HDSB,SHAFT BRUSH LARGE,247.25,0,164.83,247.25,WEST,WEST,SHAFT BRUSH LARGE
ELE-MR-1,REFERENCE ANODE,53.15,0,35.43,53.15,WEST,WEST,REFERENCE ANODE
ELE-RE-200,ELECTRODE REPLACEMENT,113.22,0,75.48,113.22,WEST,WEST,ELECTRODE REPLACEMENT
ELE-SB6,STANDARD SHAFT BRUSH,194.43,0,129.62,194.43,WEST,WEST,STANDARD SHAFT BRUSH
ELE-SB6B,SHAFT BRUSH STANDARD,198.71,0,132.47,198.71,WEST,WEST,SHAFT BRUSH STANDARD
ELE-WM1,SHAFT BRUSH MNT BRACKET,60.06,0,40.04,60.06,WEST,WEST,SHAFT BRUSH MNT BRACKET
EMP-46-03638,WATER PUMP KIT W/HOUSING,78.22,1,42.26,78.22,WEST,WEST,WATER PUMP KIT W/HOUSING
EMP-50-13294,STARTER,346.04,0,186.97,346.04,WEST,WEST,STARTER
EMT-304-0055,GPS ANTENNA (GPS 100),94.39,0,67.42,94.39,WEST,WEST,GPS ANTENNA (GPS 100)
EMT-S300,VHF ANTENNA SPLITTER,505.05,0,331.26,505.05,WEST,WEST,VHF ANTENNA SPLITTER
EMZ-46400,SPORT SIGNAL HORN LGE 5.5-OZ.,23.60,0,12.72,23.60,WEST,WEST,SPORT SIGNAL HORN LGE 5.5-OZ.
EMZ-46500,SPORT SIGNAL HORN MINI 1-OZ.,10.89,2,5.87,10.89,WEST,WEST,SPORT SIGNAL HORN MINI 1-OZ.
EPC-R15S,1X15RATCHET STRAP-S/S HRDWRE,64.16,2,34.58,64.16,WEST,WEST,1X15RATCHET STRAP-S/S HRDWRE
EPI-BF-50MM,ELLIPTICAL BRUSH,60.05,0,32.36,60.05,WEST,WEST,ELLIPTICAL BRUSH
EPI-BF-55MM,ELLIPTICAL BRUSH,73.88,0,39.82,73.88,WEST,WEST,ELLIPTICAL BRUSH
EPI-BF-60MM,ELLIPTICAL BRUSH,84.84,0,45.72,84.84,WEST,WEST,ELLIPTICAL BRUSH
EPI-BF-65MM,ELLIPTICAL BRUSH,98.15,0,52.89,98.15,WEST,WEST,ELLIPTICAL BRUSH
EPI-BO-50MM,OVAL BRUSH,103.02,0,55.52,103.02,WEST,WEST,OVAL BRUSH
EPI-BPG.750,BILGE PAINT GREY 750ML,69.72,0,37.57,69.72,WEST,WEST,BILGE PAINT GREY 750ML
EPI-BPW.750,BILGE PAINT WHT 750ML,69.72,0,37.57,69.72,WEST,WEST,BILGE PAINT WHT 750ML
EPI-BR-10MM,ROUND BRUSH,26.62,0,14.35,26.62,WEST,WEST,ROUND BRUSH
EPI-BR-14MM,ROUND BRUSH,36.91,0,20.99,36.91,WEST,WEST,ROUND BRUSH
EPI-BR-18MM,ROUND BRUSH,51.92,0,29.54,51.92,WEST,WEST,ROUND BRUSH
EPI-CV-1000ML,CLEAR VARNISH 1L,91.78,0,49.46,91.78,WEST,WEST,CLEAR VARNISH 1L
EPI-CV-250ML,CLEAR VARNISH 250ML,32.01,0,17.25,32.01,WEST,WEST,CLEAR VARNISH 250ML
EPI-CV-500ML,CLEAR VARNISH 500ML,49.55,4,26.70,49.55,WEST,WEST,CLEAR VARNISH 500ML
EPI-PUTB-1000ML,POLYURETHAN THNR BRUSH 1L,59.15,0,31.88,59.15,WEST,WEST,POLYURETHAN THNR BRUSH 1L
EPI-PUTB-500ML,POLYURETH THINNER BRUSH 500ML,38.59,0,20.80,38.59,WEST,WEST,POLYURETH THINNER BRUSH 500ML
EPI-RCC-750,RAPIDCLR SEMIGLS VARNISH 750ML,84.79,1,45.69,84.79,WEST,WEST,RAPIDCLR SEMIGLS VARNISH 750ML
EPI-RCCMM-750,"""""RAPIDCLEAR"""" MATTE FINISH     """,70.41,0,43.93,70.41,WEST,WEST,"""""RAPIDCLEAR"""" MATTE FINISH     """
EPI-RE-500ML,RUUBED EFFECT VARNISH 500ML,55.64,4,29.99,55.64,WEST,WEST,RUUBED EFFECT VARNISH 500ML
EPI-TPPX-1000ML,THINNER PPVARNISH XTR BRUSH 1L,61.27,0,33.02,61.27,WEST,WEST,THINNER PPVARNISH XTR BRUSH 1L
EPI-TPVB-1000ML,THINNER BRUSH 1L,32.30,2,17.41,32.30,WEST,WEST,THINNER BRUSH 1L
EPI-TPVB-500ML,THINNER BRUSH 5ML,24.97,0,13.45,24.97,WEST,WEST,THINNER BRUSH 5ML
EPI-WFG-1000ML,WOOD FINISH GLOSS 1L,99.03,1,53.37,99.03,WEST,WEST,WOOD FINISH GLOSS 1L
EPI-WLP007.250,WATERLNE PAINT BRITE BLU 250ML,29.29,0,15.79,29.29,WEST,WEST,WATERLNE PAINT BRITE BLU 250ML
EPI-WLP008.250,WATERLINE PAINT DRK BLU 250ML,29.29,0,15.79,29.29,WEST,WEST,WATERLINE PAINT DRK BLU 250ML
EPI-WLP016.250,WATERLNE PAINT BRITE RED 250ML,29.29,0,15.79,29.29,WEST,WEST,WATERLNE PAINT BRITE RED 250ML
EPI-WLP019.250,WATERLINE PAINT BLK 250ML,29.29,0,15.79,29.29,WEST,WEST,WATERLINE PAINT BLK 250ML
EPI-WLP218.250,WATERLINE PAINT JADE GRN 250ML,29.29,0,15.79,29.29,WEST,WEST,WATERLINE PAINT JADE GRN 250ML
EPI-WLPW.250,WATERLINE PAINT WHT 250ML,29.29,0,15.79,29.29,WEST,WEST,WATERLINE PAINT WHT 250ML
EVM-1212WA1200N-P,AL W/DW ASSY 1/2M/F 12RIGID,27.82,1,14.99,27.82,WEST,WEST,AL W/DW ASSY 1/2M/F 12RIGID
EVM-3814WA2400N-P,AL W/DRAW ASSY,23.01,3,12.40,23.01,WEST,WEST,AL W/DRAW ASSY
EVM-HB-1414,AL HSE BARB 1/4NPTF X1/4HSE,4.06,0,2.19,4.06,WEST,WEST,AL HSE BARB 1/4NPTF X1/4HSE
EVM-PP-3800-SS,SS PIPE PLUG 3/8NPTF X11/16HSE,6.58,0,3.55,6.58,WEST,WEST,SS PIPE PLUG 3/8NPTF X11/16HSE
EVM-SE-3814,AL 90STR ELBO 3/8NTPF X1/4HSE,6.05,0,3.26,6.05,WEST,WEST,AL 90STR ELBO 3/8NTPF X1/4HSE
FAR-12801,FUEL LEVEL GAUGE          EURO,76.95,1,41.47,76.95,WEST,WEST,FUEL LEVEL GAUGE          EURO
FAR-12803,OIL PRESSURE 0-80PSI      EURO,76.64,0,41.30,76.64,WEST,WEST,OIL PRESSURE 0-80PSI      EURO
FAR-12812,WATER TEMP.GAUGE          EURO,74.40,2,40.09,74.40,WEST,WEST,WATER TEMP.GAUGE          EURO
FAR-12821,VOLTMETER 10-16VOLTS      EURO,76.64,2,41.30,76.64,WEST,WEST,VOLTMETER 10-16VOLTS      EURO
FAR-12825,ANALOG QUARTZ CLOCK     EURO,464.39,0,250.27,464.39,WEST,WEST,ANALOG QUARTZ CLOCK     EURO
FAR-12833,RUDDER ANGLE INDICATOR    EURO,129.41,1,69.74,129.41,WEST,WEST,RUDDER ANGLE INDICATOR    EURO
FAR-12901,FUEL LEVEL GAUGE   EURO/W,78.11,0,42.09,78.11,WEST,WEST,FUEL LEVEL GAUGE   EURO/W
FAR-13004,WATER TEMP.GAUGE     CORAL,85.47,0,46.06,85.47,WEST,WEST,WATER TEMP.GAUGE     CORAL
FAR-13701,FUEL LEVEL GAUGE    CHES/SS/BL,102.12,4,55.03,102.12,WEST,WEST,FUEL LEVEL GAUGE    CHES/SS/BL
FAR-13804,WATER TEMP.GAUGE     CHES/SS/W,150.43,1,81.07,150.43,WEST,WEST,WATER TEMP.GAUGE     CHES/SS/W
FAR-19003,2WATER TEMP.GA 100-250 KRONOS,161.91,1,87.25,161.91,WEST,WEST,2WATER TEMP.GA 100-250 KRONOS
FAR-32804,TACHOMETER 0-6000RPM    EURO,233.78,2,125.99,233.78,WEST,WEST,TACHOMETER 0-6000RPM    EURO
FAR-33004,TACHOMETER 0-6000RPM   CORAL,359.78,0,193.90,359.78,WEST,WEST,TACHOMETER 0-6000RPM   CORAL
FAR-33807,TACHOMETER 6000RPM   CHES/SS/W,295.31,1,159.15,295.31,WEST,WEST,TACHOMETER 6000RPM   CHES/SS/W
FAR-90402,1/4NPTF TEMPERATURE SENDER,50.43,4,27.18,50.43,WEST,WEST,1/4NPTF TEMPERATURE SENDER
FAR-90403,3/8NPTF WATER/OIL TEMP.SENDER,71.83,2,38.71,71.83,WEST,WEST,3/8NPTF WATER/OIL TEMP.SENDER
FAR-90406,1/8 DUAL WATER TEMP.SENDER,54.46,2,29.35,54.46,WEST,WEST,1/8 DUAL WATER TEMP.SENDER
FAR-90511,80PSI OIL PRES.SENDER DUAL ST,142.08,3,76.57,142.08,WEST,WEST,80PSI OIL PRES.SENDER DUAL ST
FAR-90512,80PSI SGL STD OIL PRESS SENDER,110.77,0,59.70,110.77,WEST,WEST,80PSI SGL STD OIL PRESS SENDER
FAS-BC-1/4X1,S/S CARRIAGE BOLT,34.08,100,18.37,34.08,WEST,WEST,S/S CARRIAGE BOLT
FAS-BC-1/4X1-1/2,S/S CARRIAGE BOLT,42.62,100,22.97,42.62,WEST,WEST,S/S CARRIAGE BOLT
FAS-BC-1/4X1-1/4,S/S CARRIAGE BOLT,35.04,100,18.88,35.04,WEST,WEST,S/S CARRIAGE BOLT
FAS-BC-1/4X2,S/S CARRIAGE BOLT,46.38,100,24.99,46.38,WEST,WEST,S/S CARRIAGE BOLT
FAS-BC-5/16X1-1/2,S/S CARRIAGE BOLT,72.71,50,39.19,72.71,WEST,WEST,S/S CARRIAGE BOLT
FAS-BC-5/16X2,S/S CARRIAGE BOLT,79.39,50,42.79,79.39,WEST,WEST,S/S CARRIAGE BOLT
FAS-BC-5/16X2-1/2,S/S CARRIAGE BOLT,97.16,25,52.36,97.16,WEST,WEST,S/S CARRIAGE BOLT
FAS-BC-5/16X3,S/S CARRIAGE BOLT,120.19,50,64.77,120.19,WEST,WEST,S/S CARRIAGE BOLT
FAS-BH316-1/4X1,316SS HEX HEAD CAP SCREW,42.32,100,22.81,42.32,WEST,WEST,316SS HEX HEAD CAP SCREW
FAS-BH316-1/4X1-1/2,316SS HEX HEAD CAP SCREW,58.30,1,20.42,58.30,WEST,WEST,316SS HEX HEAD CAP SCREW
FAS-BH316-1/4X2,316SS HEX HEAD CAP SCREW,79.84,100,43.03,79.84,WEST,WEST,316SS HEX HEAD CAP SCREW
FAS-BH316-1/4X3,316SS HEX HEAD CAP SCREW,114.19,25,61.54,114.19,WEST,WEST,316SS HEX HEAD CAP SCREW
FAS-BH316-1/4X3/4,316SS HEX HEAD CAP SCREW,41.28,100,22.25,41.28,WEST,WEST,316SS HEX HEAD CAP SCREW
FAS-BH316-3/8X1,316SS HEX HEAD CAP SCREW,96.24,100,51.87,96.24,WEST,WEST,316SS HEX HEAD CAP SCREW
FAS-BH316-3/8X4,316SS HEX HEAD CAP SCREW,412.46,25,222.28,412.46,WEST,WEST,316SS HEX HEAD CAP SCREW
FAS-BH316-3/8X4-1/2,316SS HEX HEAD CAP SCREW,322.21,20,173.65,322.21,WEST,WEST,316SS HEX HEAD CAP SCREW
FAS-BH316-5/16X1-1/,316SS HEX HEAD CAP SCREW,0.83,100,0.29,0.00,WEST,WEST,316SS HEX HEAD CAP SCREW
FAS-BH316-5/16X2,316SS HEX HEAD CAP SCREW,99.85,100,53.81,99.85,WEST,WEST,316SS HEX HEAD CAP SCREW
FAS-BH316-5/16X2-1/,316SS HEX HEAD CAP SCREW,1.39,100,0.49,0.00,WEST,WEST,316SS HEX HEAD CAP SCREW
FAS-BH316-5/16X3,316SS HEX HEAD CAP SCREW,170.89,25,92.10,170.89,WEST,WEST,316SS HEX HEAD CAP SCREW
FAS-BH316-5/16X3-1/,316SS HEX HEAD CAP SCREW,1.90,25,0.67,0.00,WEST,WEST,316SS HEX HEAD CAP SCREW
FAS-BH316-5/16X3/4,316SS HEX HEAD CAP SCREW,48.65,100,26.22,48.65,WEST,WEST,316SS HEX HEAD CAP SCREW
FAS-BH3165/16X1-1/2,316SS HEX HEAD CAP SCREW,1.11,100,0.39,0.00,WEST,WEST,316SS HEX HEAD CAP SCREW
FAS-MFP-1/4X1,FH PHILIPS SS MACH.SCREW,35.92,100,19.36,35.92,WEST,WEST,FH PHILIPS SS MACH.SCREW
FAS-MFP-1/4X1-1/2,FH PHILIPS SS MACH.SCREW,49.80,100,26.84,49.80,WEST,WEST,FH PHILIPS SS MACH.SCREW
FAS-MFP-1/4X2-1/2,FH PHILIPS SS MACH.SCREW,66.80,100,36.00,66.80,WEST,WEST,FH PHILIPS SS MACH.SCREW
FAS-MFP-10-24X1,FH PHILIPS SS MACH.SCREW,21.26,100,11.46,21.26,WEST,WEST,FH PHILIPS SS MACH.SCREW
FAS-MFP-10-24X1-1/2,FH PHILIPS SS MACH.SCREW,26.67,100,14.37,26.67,WEST,WEST,FH PHILIPS SS MACH.SCREW
FAS-MFP-10-24X1-1/4,FH PHILIPS SS MACH.SCREW,37.34,100,20.12,37.34,WEST,WEST,FH PHILIPS SS MACH.SCREW
FAS-MFP-10-24X1-3/4,FH PHILIPS SS MACH.SCREW,25.45,100,13.72,25.45,WEST,WEST,FH PHILIPS SS MACH.SCREW
FAS-MFP-10-24X2-1/2,FH PHILIPS SS MACH.SCREW,68.57,100,36.95,68.57,WEST,WEST,FH PHILIPS SS MACH.SCREW
FAS-MFP-10-24X3/4,FH PHILIPS SS MACH.SCREW,20.04,100,10.80,20.04,WEST,WEST,FH PHILIPS SS MACH.SCREW
FAS-MFP-5/16X1-1/2,FH PHILIPS SS MACH.SCREW,163.59,50,88.16,163.59,WEST,WEST,FH PHILIPS SS MACH.SCREW
FAS-MFP-5/16X2,FH PHILIPS SS MACH.SCREW,229.63,25,123.75,229.63,WEST,WEST,FH PHILIPS SS MACH.SCREW
FAS-MFP-5/16X2-1/2,FH PHILIPS SS MACH.SCREW,226.79,25,122.22,226.79,WEST,WEST,FH PHILIPS SS MACH.SCREW
FAS-MFP-5/16X3,FH PHILIPS SS MACH.SCREW,305.48,25,164.63,305.48,WEST,WEST,FH PHILIPS SS MACH.SCREW
FAS-MPP-1/4X1,PH PHILIPS SS MACH.SCREW,41.75,100,22.50,41.75,WEST,WEST,PH PHILIPS SS MACH.SCREW
FAS-MPP-1/4X1-1/4,PH PHILIPS SS MACH.SCREW,57.83,100,31.17,57.83,WEST,WEST,PH PHILIPS SS MACH.SCREW
FAS-MPP-1/4X2-1/2,PH PHILIPS SS MACH.SCREW,94.17,100,50.75,94.17,WEST,WEST,PH PHILIPS SS MACH.SCREW
FAS-MPP-10-24X1-1/2,PH PHILIPS SS MACH.SCREW,30.41,100,16.39,30.41,WEST,WEST,PH PHILIPS SS MACH.SCREW
FAS-MPP-10-24X1/2,PH PHILIPS SS MACH.SCREW,18.77,100,10.12,18.77,WEST,WEST,PH PHILIPS SS MACH.SCREW
FAS-MPP-10-24X2,PH PHILIPS SS MACH.SCREW,58.75,100,31.66,58.75,WEST,WEST,PH PHILIPS SS MACH.SCREW
FAS-MPP-10-24X2-1/2,PH PHILIPS SS MACH.SCREW,109.95,100,59.26,109.95,WEST,WEST,PH PHILIPS SS MACH.SCREW
FAS-N10-24,SS HEX MS NUT 10/24,15.28,1,5.35,15.28,WEST,WEST,SS HEX MS NUT 10/24
FAS-N10MM,METRIC SS HEX NUT,149.83,0,52.48,149.83,WEST,WEST,METRIC SS HEX NUT
FAS-N12MM,METRIC SS HEX NUT,160.00,0,56.04,160.00,WEST,WEST,METRIC SS HEX NUT
FAS-N316-1/2,316SS FINISH HEX NUT NC,133.53,50,71.96,133.53,WEST,WEST,316SS FINISH HEX NUT NC
FAS-N316-1/4,316SS FINISH HEX NUT NC,31.38,80,16.91,31.38,WEST,WEST,316SS FINISH HEX NUT NC
FAS-N316-3/8,316SS FINISH HEX NUT NC,71.54,100,38.56,71.54,WEST,WEST,316SS FINISH HEX NUT NC
FAS-N316-5/16,316SS FINISH HEX NUT NC,37.49,100,20.20,37.49,WEST,WEST,316SS FINISH HEX NUT NC
FAS-N5/16,SS FINISH HEX NUT NC,32.03,0,11.21,32.03,WEST,WEST,SS FINISH HEX NUT NC
FAS-N5MM,METRIC SS HEX NUT,31.11,0,10.89,31.11,WEST,WEST,METRIC SS HEX NUT
FAS-N6MM,METRIC SS HEX NUT,45.74,0,16.02,45.74,WEST,WEST,METRIC SS HEX NUT
FAS-N8MM,METRIC SS HEX NUT,70.69,0,24.76,70.69,WEST,WEST,METRIC SS HEX NUT
FAS-NL316-1/2,316SS LOCK NUT NC,173.26,100,93.37,173.26,WEST,WEST,316SS LOCK NUT NC
FAS-NL316-1/4,316SS LOCK NUT NC,37.04,100,19.96,37.04,WEST,WEST,316SS LOCK NUT NC
FAS-NL316-3/8,316SS LOCK NUT NC,89.26,100,48.10,89.26,WEST,WEST,316SS LOCK NUT NC
FAS-NL316-5/16,316SS LOCK NUT NC,71.81,100,38.70,71.81,WEST,WEST,316SS LOCK NUT NC
FAS-SF#10X1/2,F.H.S/S SKT.TAPP.SCREW,14.16,0,7.63,14.16,WEST,WEST,F.H.S/S SKT.TAPP.SCREW
FAS-SF#8X5/8,F.H.S/S SKT.TAPP.SCREW,19.07,0,10.28,19.07,WEST,WEST,F.H.S/S SKT.TAPP.SCREW
FAS-SF-#10X1,F.H.S/S SKT TAPP.SCREW,18.22,100,9.82,18.22,WEST,WEST,F.H.S/S SKT TAPP.SCREW
FAS-SF-#10X1-1/2,F.H.S/S SKT.TAPP.SCREW,25.60,100,13.80,25.60,WEST,WEST,F.H.S/S SKT.TAPP.SCREW
FAS-SF-#10X2,F.H.S/S SKT.TAPP.SCREW,31.73,90,17.10,31.73,WEST,WEST,F.H.S/S SKT.TAPP.SCREW
FAS-SF-#10X3/4,F.H.S/S SKT.TAPP.SCREW,15.83,70,8.53,15.83,WEST,WEST,F.H.S/S SKT.TAPP.SCREW
FAS-SF-#12X1,F.H.S/S SKT.TAPP.SCREW,24.38,100,13.14,24.38,WEST,WEST,F.H.S/S SKT.TAPP.SCREW
FAS-SF-#12X1-1/2,F.H.S/S SKT.TAPP.SCREW,35.27,100,19.01,35.27,WEST,WEST,F.H.S/S SKT.TAPP.SCREW
FAS-SF-#12X2,F.H.S/S SKT.TAPP.SCREW,45.44,100,24.49,45.44,WEST,WEST,F.H.S/S SKT.TAPP.SCREW
FAS-SF-#12X2-1/2,F.H.S/S SKT.TAPP.SCREW,64.36,100,34.69,64.36,WEST,WEST,F.H.S/S SKT.TAPP.SCREW
FAS-SF-#12X3,F.H.S/S SKT.TAPP.SCREW,64.06,100,34.52,64.06,WEST,WEST,F.H.S/S SKT.TAPP.SCREW
FAS-SF-#12X3/4,F.H.S/S SKT.TAPP.SCREW,20.84,100,11.23,20.84,WEST,WEST,F.H.S/S SKT.TAPP.SCREW
FAS-SF-#14X1,F.H.S/S SKT.TAPP.SCREW,35.12,80,18.93,35.12,WEST,WEST,F.H.S/S SKT.TAPP.SCREW
FAS-SF-#14X2,F.H.S/S SKT.TAPP.SCREW,58.90,100,31.74,58.90,WEST,WEST,F.H.S/S SKT.TAPP.SCREW
FAS-SF-#14X2-1/2,F.H.S/S SKT.TAPP.SCREW,70.39,100,37.93,70.39,WEST,WEST,F.H.S/S SKT.TAPP.SCREW
FAS-SF-#6X3/4,F.H.S/S SKT.TAPP.SCREW,10.57,100,5.70,10.57,WEST,WEST,F.H.S/S SKT.TAPP.SCREW
FAS-SF-#8X1,F.H.S/S SKT.TAPP.SCREW,14.63,100,7.88,14.63,WEST,WEST,F.H.S/S SKT.TAPP.SCREW
FAS-SF-#8X1-1/2,F.H.S/S SKT.TAPP.SCREW,20.19,100,10.88,20.19,WEST,WEST,F.H.S/S SKT.TAPP.SCREW
FAS-SF-#8X1/2,F.H.S/S SKT.TAPP.SCREW,10.37,100,5.59,10.37,WEST,WEST,F.H.S/S SKT.TAPP.SCREW
FAS-SF-#8X2,F.H.S/S SKT.TAPP.SCREW,26.47,100,14.26,26.47,WEST,WEST,F.H.S/S SKT.TAPP.SCREW
FAS-SO-#10X1,O.H.S/S SKT.TAPP.SCREW,27.07,100,14.59,27.07,WEST,WEST,O.H.S/S SKT.TAPP.SCREW
FAS-SO-#8X1,O.H.S/S SKT.TAPP.SCREW,19.12,100,10.30,19.12,WEST,WEST,O.H.S/S SKT.TAPP.SCREW
FAS-SP#10X1/2,P.H.S/S SKT.TAPP.SCREW,21.96,0,11.83,21.96,WEST,WEST,P.H.S/S SKT.TAPP.SCREW
FAS-SP-#10X1,P.H.S/S SKT.TAPP.SCREW,22.98,74,12.38,22.98,WEST,WEST,P.H.S/S SKT.TAPP.SCREW
FAS-SP-#10X1/2,P.H.S/S SKT.TAPP.SCREW,15.93,100,8.59,15.93,WEST,WEST,P.H.S/S SKT.TAPP.SCREW
FAS-SP-#10X3/4,P.H.S/S SKT.TAPP.SCREW,19.27,69,10.39,19.27,WEST,WEST,P.H.S/S SKT.TAPP.SCREW
FAS-SP-#12X1,P.H.S/S SKT.TAPP.SCREW,31.38,100,16.91,31.38,WEST,WEST,P.H.S/S SKT.TAPP.SCREW
FAS-SP-#12X1-1/2,P.H.S/S SKT.TAPP.SCREW,42.10,100,22.69,42.10,WEST,WEST,P.H.S/S SKT.TAPP.SCREW
FAS-SP-#12X3/4,P.H.S/S SKT.TAPP.SCREW,26.32,100,14.18,26.32,WEST,WEST,P.H.S/S SKT.TAPP.SCREW
FAS-SP-#8X1/2,P.H.S/S SKT.TAPP.SCREW,13.01,100,7.01,13.01,WEST,WEST,P.H.S/S SKT.TAPP.SCREW
FAS-SP-#8X3/4,P.H.S/S SKT.TAPP.SCREW,15.03,100,8.10,15.03,WEST,WEST,P.H.S/S SKT.TAPP.SCREW
FAS-W316-1/2,316SS FLAT WASHER,65.23,50,35.15,65.23,WEST,WEST,316SS FLAT WASHER
FAS-W316-1/4,316SS FLAT WASHER,19.37,100,10.44,19.37,WEST,WEST,316SS FLAT WASHER
FAS-W316-10,316SS FLAT WASHER,11.84,100,6.38,11.84,WEST,WEST,316SS FLAT WASHER
FAS-W316-3/8,316SS FLAT WASHER (7/8 O.D.),25.45,100,13.72,25.45,WEST,WEST,316SS FLAT WASHER (7/8 O.D.)
FAS-W316-5/16,316SS FLAT WASHER,20.79,100,11.20,20.79,WEST,WEST,316SS FLAT WASHER
FAS-W316-7/16,316SS FLAT WASHER,88.54,30,47.72,88.54,WEST,WEST,316SS FLAT WASHER
FAS-WC-#10,S/S FINISHING WASHER,14.06,100,7.58,14.06,WEST,WEST,S/S FINISHING WASHER
FAS-WC-#12,S/S FINISHING WASHER,15.53,100,8.37,15.53,WEST,WEST,S/S FINISHING WASHER
FAS-WC-#6,S/S FINISHING WASHER,10.17,100,5.48,10.17,WEST,WEST,S/S FINISHING WASHER
FAS-WC-#8,S/S FINISHING WASHER,9.15,100,4.93,9.15,WEST,WEST,S/S FINISHING WASHER
FAS-WC-1/4,S/S FINISHING WASHER,17.05,100,9.19,17.05,WEST,WEST,S/S FINISHING WASHER
FAS-WF-#10X1,SS FENDER WASHER (3/16X1),29.71,100,16.01,29.71,WEST,WEST,SS FENDER WASHER (3/16X1)
FAS-WF-#10X3/4,SS FENDER WASHER,21.46,100,11.56,21.46,WEST,WEST,SS FENDER WASHER
FAS-WF-1/2X2,SS FENDER WASHER,246.78,50,132.99,246.78,WEST,WEST,SS FENDER WASHER
FAS-WF-1/4X1-1/4,SS FENDER WASHER,94.07,100,50.70,94.07,WEST,WEST,SS FENDER WASHER
FAS-WF-3/8X1-1/2,SS FENDER WASHER,75.60,100,40.74,75.60,WEST,WEST,SS FENDER WASHER
FAS-WF-5/16X1-1/2,SS FENDER WASHER,79.79,100,43.00,79.79,WEST,WEST,SS FENDER WASHER
FAS-WL316-1/2,316SS LOCK WASHER,61.99,100,33.41,61.99,WEST,WEST,316SS LOCK WASHER
FAS-WL316-1/4,316SS LOCK WASHER,13.56,100,7.31,13.56,WEST,WEST,316SS LOCK WASHER
FAS-WL316-10,316SS LOCK WASHER,13.31,100,7.17,13.31,WEST,WEST,316SS LOCK WASHER
FAS-WL316-3/8,316SS LOCK WASHER,41.13,100,22.17,41.13,WEST,WEST,316SS LOCK WASHER
FAS-WL316-5/16,316SS LOCK WASHER,22.21,100,11.97,22.21,WEST,WEST,316SS LOCK WASHER
FBS-60301,PAINT/WORK MED COVERALLS GRAY,116.32,0,62.68,116.32,WEST,WEST,PAINT/WORK MED COVERALLS GRAY
FBS-60302,PAINT/WORK LRG COVERALLS GRAY,116.32,0,62.68,116.32,WEST,WEST,PAINT/WORK LRG COVERALLS GRAY
FBS-60303,PAINT/WORK XL COVERALLS GRAY,116.32,0,62.68,116.32,WEST,WEST,PAINT/WORK XL COVERALLS GRAY
FBS-60304,PAINT/WORK XXL COVERALLS GRAY,116.32,0,62.68,116.32,WEST,WEST,PAINT/WORK XXL COVERALLS GRAY
FBS-60305,PAINT/WORK XXXL COVERALLS GRAY,116.32,0,62.68,116.32,WEST,WEST,PAINT/WORK XXXL COVERALLS GRAY
FBY-G-1B-R,GAS FUME DETECTOR,792.10,0,426.88,792.10,WEST,WEST,GAS FUME DETECTOR
FBY-MS-2,GAS/PROPANE SENSOR W/20'CABLE,195.89,0,105.57,195.89,WEST,WEST,GAS/PROPANE SENSOR W/20'CABLE
FBY-P-2BNV-R,PROPANE FUME DETECTOR 2 ZONE,1216.56,0,655.63,1216.56,WEST,WEST,PROPANE FUME DETECTOR 2 ZONE
FIB-70212,38W X 5YD FIBERGLASS CLOTH,99.30,0,53.51,99.30,WEST,WEST,38W X 5YD FIBERGLASS CLOTH
FIR-FE1A10GO/WA,2.5LB.1-A-10B:C DRY-CHEM-WHITE,78.34,0,42.22,78.34,WEST,WEST,2.5LB.1-A-10B:C DRY-CHEM-WHITE
FIT-BR-PA036,LIFEJACKET WHISTLE,3.19,0,1.72,3.19,WEST,WEST,LIFEJACKET WHISTLE
FIT-DN-62-002A,LIFEBOUY LIGHT L161,523.86,0,282.32,523.86,WEST,WEST,LIFEBOUY LIGHT L161
FIT-FW-L0203A1,"30"""" LIFERING 2.5KG            """,88.90,0,88.90,88.90,WEST,WEST,"30"""" LIFERING 2.5KG            """
FIT-FW-L0203A2,"30"""" LIFERING 4.0KG            """,109.40,0,109.40,109.40,WEST,WEST,"30"""" LIFERING 4.0KG            """
FIT-FW-LRS06,TC/SOLAS A-PAK LIFERAFT 6-PER,2519.95,0,2519.95,2519.95,WEST,WEST,TC/SOLAS A-PAK LIFERAFT 6-PER
FIT-FW-LRS08,TC/SOLAS A-PAK LIFERAFT 8-PER,2721.95,0,2721.95,2721.95,WEST,WEST,TC/SOLAS A-PAK LIFERAFT 8-PER
FIT-FW-LRS10,TC/SOLAS A-PAK LIFERAFT 10-PAK,3024.95,0,3024.95,3024.95,WEST,WEST,TC/SOLAS A-PAK LIFERAFT 10-PAK
FIT-FW-LRS12,TC/SOLAS A-PAK LIFERAFT 12-PER,3529.95,0,3529.95,3529.95,WEST,WEST,TC/SOLAS A-PAK LIFERAFT 12-PER
FIT-FW-LRS16,TC/SOLAS A-PAK LIFERAFT 16-PER,3731.95,0,3731.95,3731.95,WEST,WEST,TC/SOLAS A-PAK LIFERAFT 16-PER
FIT-FW-LRS20,TC/SOLAS A-PAK LIFERAFT 20-PER,4034.95,0,4034.95,4034.95,WEST,WEST,TC/SOLAS A-PAK LIFERAFT 20-PER
FIT-FW-LRS25,TC/SOLAS A-PAK LIFERAFT 25-PER,4842.95,0,4842.95,4842.95,WEST,WEST,TC/SOLAS A-PAK LIFERAFT 25-PER
FLZ-MC200,MICROFIBER CLOTH,11.19,0,6.03,11.19,WEST,WEST,MICROFIBER CLOTH
FMA-SOF011,UHF ANTENNA BRACKET,105.78,0,63.34,105.78,WEST,WEST,UHF ANTENNA BRACKET
FMA-SOF013,FOLDING ANTENNA MOUNTING PLATE,114.98,0,68.85,114.98,WEST,WEST,FOLDING ANTENNA MOUNTING PLATE
FMA-SOF052,RATCHET MOUNT ANTENNA BASE,98.86,0,59.20,98.86,WEST,WEST,RATCHET MOUNT ANTENNA BASE
FOR-F75221,2 BURNER COOKTOP 120V,1159.59,0,734.41,1159.59,WEST,WEST,2 BURNER COOKTOP 120V
FOR-F75321,120V 3 BURNER COOKTOP,1650.42,1,1045.27,1650.42,WEST,WEST,120V 3 BURNER COOKTOP
FRS-156020,300-R-1-1/4LIFERNGHLDR1-1/4TB,155.89,0,81.95,155.89,WEST,WEST,300-R-1-1/4LIFERNGHLDR1-1/4TB
FRV-109-A,1/8 PLUG (SQ HEAD),1.25,4,0.67,1.25,WEST,WEST,1/8 PLUG (SQ HEAD)
FRV-109-B,1/4 PLUG (SQ HEAD),1.79,4,0.96,1.79,WEST,WEST,1/4 PLUG (SQ HEAD)
FRV-109-C,3/8 PLUG (SQ HEAD),2.82,2,1.52,2.82,WEST,WEST,3/8 PLUG (SQ HEAD)
FRV-109-D,1/2 PLUG (SQ HEAD),5.83,1,3.14,5.83,WEST,WEST,1/2 PLUG (SQ HEAD)
FRV-110-EB,3/4X1/4 BUSHING,8.80,3,4.74,8.80,WEST,WEST,3/4X1/4 BUSHING
FRV-122-E,3/4 HEX NIPPLE,9.57,2,5.16,9.57,WEST,WEST,3/4 HEX NIPPLE
FRV-124-B,1/4 FORGED ELBOW,7.75,2,4.18,7.75,WEST,WEST,1/4 FORGED ELBOW
FRV-125-10C,5/8X3/8 COUPLER,4.91,2,2.65,4.91,WEST,WEST,5/8X3/8 COUPLER
FRV-125-10E,5/8X3/4 COUPLER,11.64,3,6.27,11.64,WEST,WEST,5/8X3/4 COUPLER
FRV-125-12D,3/4X1/2 COUPLER,7.67,3,4.13,7.67,WEST,WEST,3/4X1/2 COUPLER
FRV-125-4B,1/4X1/4 COUPLER,2.64,0,1.42,2.64,WEST,WEST,1/4X1/4 COUPLER
FRV-125-4C,1/4X3/8 COUPLER,4.11,4,2.21,4.11,WEST,WEST,1/4X3/8 COUPLER
FRV-125-4D,1/4X1/2 COUPLER,6.41,2,3.46,6.41,WEST,WEST,1/4X1/2 COUPLER
FRV-125-6B,3/8X1/4 COUPLER,2.59,1,1.39,2.59,WEST,WEST,3/8X1/4 COUPLER
FRV-125-6C,3/8X3/8 COUPLER,3.92,12,2.11,3.92,WEST,WEST,3/8X3/8 COUPLER
FRV-129-4,1/4 SPLICER,3.02,2,1.63,3.02,WEST,WEST,1/4 SPLICER
FRV-129-5,5/16 SPLICER,3.39,10,1.83,3.39,WEST,WEST,5/16 SPLICER
FRV-129-6,3/8 SPLICER,3.69,16,1.99,3.69,WEST,WEST,3/8 SPLICER
FRV-129-8,1/2 HEX SPLICER,4.91,4,2.65,4.91,WEST,WEST,1/2 HEX SPLICER
FRV-139-10D,5/8X1/2 90 ELBOW,8.55,2,4.61,8.55,WEST,WEST,5/8X1/2 90 ELBOW
FRV-139-12D,3/4X1/2 ELBOW,29.09,1,15.68,29.09,WEST,WEST,3/4X1/2 ELBOW
FRV-139-5B,5/16X1/4 ELBOW,5.79,1,3.12,5.79,WEST,WEST,5/16X1/4 ELBOW
FRV-139-6B,3/8X1/4 ELBOW,5.95,0,3.20,5.95,WEST,WEST,3/8X1/4 ELBOW
FRV-139-6C,3/8X3/8 ELBOW,6.83,-1,3.68,6.83,WEST,WEST,3/8X3/8 ELBOW
FRV-139-8D,1/2X1/2 90 DEG ELBOW,16.25,4,8.76,16.25,WEST,WEST,1/2X1/2 90 DEG ELBOW
FRV-140-6B,3/8X1/4 ELBOW,7.05,2,3.80,7.05,WEST,WEST,3/8X1/4 ELBOW
FRV-2120-B,1/4 SHUT OFF COCK,22.95,1,12.37,22.95,WEST,WEST,1/4 SHUT OFF COCK
FRV-62-6,3/8 UNION COUPLING,4.81,1,2.59,4.81,WEST,WEST,3/8 UNION COUPLING
FRV-68-6D,3/8X1/2 CONNECTOR,5.44,1,2.93,5.44,WEST,WEST,3/8X1/2 CONNECTOR
FRV-725-10D,5/8X1/2 HOSE FITTING,10.30,4,5.55,10.30,WEST,WEST,5/8X1/2 HOSE FITTING
FRV-725-8B,1/2X1/4 HOSE FITTING,7.97,1,4.29,7.97,WEST,WEST,1/2X1/4 HOSE FITTING
FRV-728-810,1/2X5/8 HOSE FITTING,16.73,2,9.02,16.73,WEST,WEST,1/2X5/8 HOSE FITTING
FRV-728-88,1/2X1/2 HOSE FITTING,7.52,0,4.05,7.52,WEST,WEST,1/2X1/2 HOSE FITTING
FRV-FLT-86-100,3/8 NYLON TUBING,4.46,75,2.40,4.46,WEST,WEST,3/8 NYLON TUBING
FRV-S3620-8C,3/4X 3/8NPT ADAPTER,3.71,0,2.00,3.71,WEST,WEST,3/4X 3/8NPT ADAPTER
FRV-X115-C,3/8STR. ELBOW,11.44,0,6.16,11.44,WEST,WEST,3/8STR. ELBOW
FTZ-29010Y-48,3/4X4YEL.DUAL WALL SHRINK,27.56,0,14.85,27.56,WEST,WEST,3/4X4YEL.DUAL WALL SHRINK
FTZ-91055,(10)1/0 STARTER LUG 1/4STUD,29.31,0,15.79,29.31,WEST,WEST,(10)1/0 STARTER LUG 1/4STUD
FTZ-93270,(100)14.5CBL.TIE UV.BLK120LB,37.01,0,19.94,37.01,WEST,WEST,(100)14.5CBL.TIE UV.BLK120LB
FUE-010-02199-00,XS-F40CWB SPEAKER 4 CLASSIC,176.94,0,117.96,176.94,WEST,WEST,XS-F40CWB SPEAKER 4 CLASSIC
FUE-010-02405-00,MS-RA60 MARINE STEREO,326.69,0,217.79,326.69,WEST,WEST,MS-RA60 MARINE STEREO
FUE-010-12584-00,STEALTH AM/FM ANTENNAE,7.47,0,4.98,7.47,WEST,WEST,STEALTH AM/FM ANTENNAE
FUE-010-12773-00,SXV300B SAT RADIO RECEIVER,119.76,0,79.84,119.76,WEST,WEST,SXV300B SAT RADIO RECEIVER
FUE-MS-OS420,100W 2WAY MARINE BOX SPEAKERS,108.89,0,72.59,108.89,WEST,WEST,100W 2WAY MARINE BOX SPEAKERS
FUL-500314,REPLACEMENT PART F2 GEAR KIT,32.10,1,17.30,32.10,WEST,WEST,REPLACEMENT PART F2 GEAR KIT
FUR-001-173-110-10,10 METER ANTENNA EXTENSION CBL,156.49,0,130.41,156.49,WEST,WEST,10 METER ANTENNA EXTENSION CBL
FUR-001-248-170-00,15M ANTENNA CABLE,805.33,0,671.11,805.33,WEST,WEST,15M ANTENNA CABLE
FUR-001-308-730,WHIP ANTENNA 2.6M 04S4176-3,335.58,0,279.65,335.58,WEST,WEST,WHIP ANTENNA 2.6M 04S4176-3
FUR-004-382-480,GPSANTENNA ASSY GSC-001 SC60,1821.40,0,1517.83,1821.40,WEST,WEST,GPSANTENNA ASSY GSC-001 SC60
FUR-235DHT-MSE,TRANSDUCER DIG D&HP TEMP 200W,1113.18,0,927.65,1113.18,WEST,WEST,TRANSDUCER DIG D&HP TEMP 200W
FUR-235DST-MSE,MULTIDUCER THRU HULL BRZ 200W,790.52,0,658.77,790.52,WEST,WEST,MULTIDUCER THRU HULL BRZ 200W
FUR-520-5MSD,TRANSDUCER THRU HULL BRZ 600W,550.14,0,458.45,550.14,WEST,WEST,TRANSDUCER THRU HULL BRZ 600W
FUR-AIR-339-101,"NMEA ANTENNA CABLE,7 PIN, 15M",225.86,0,188.22,225.86,WEST,WEST,"NMEA ANTENNA CABLE,7 PIN, 15M"
FUR-AIR-339-102,"NMEA ANTENNA CABLE,7 PIN, 25M",282.34,0,235.28,282.34,WEST,WEST,"NMEA ANTENNA CABLE,7 PIN, 25M"
FUR-CX4-3,VHF WHIP ANTENNA CX4-3/FEC,302.38,0,251.98,302.38,WEST,WEST,VHF WHIP ANTENNA CX4-3/FEC
FUR-FM4850,BLACK BOX VHF RADIOTELEPHONE,1371.72,0,1143.10,1371.72,WEST,WEST,BLACK BOX VHF RADIOTELEPHONE
FUR-GPA017,GPS ANTENNA WITH 10METER CABLE,208.13,0,173.44,208.13,WEST,WEST,GPS ANTENNA WITH 10METER CABLE
FUR-GPA017S/S,GPS ANTENNA W/O CABLE,175.86,0,146.55,175.86,WEST,WEST,GPS ANTENNA W/O CABLE
FUR-GPA023S,ANTENNA DGPS/DGLONASS GP1700,1064.80,0,887.33,1064.80,WEST,WEST,ANTENNA DGPS/DGLONASS GP1700
FUR-GPAC01,GPS ANTENNA W/10 MCABE,193.61,0,161.34,193.61,WEST,WEST,GPS ANTENNA W/10 MCABE
FUR-NX3H,HI-FIELD ANTENNA W/10M CABLE,617.90,0,514.92,617.90,WEST,WEST,HI-FIELD ANTENNA W/10M CABLE
FUR-RSB0071-057A,24 RADOME ANTENNA 4.0KW 1835,4935.11,0,4112.59,4935.11,WEST,WEST,24 RADOME ANTENNA 4.0KW 1835
FUR-RSB127-120,1815 DOME ANTENNA UNIT 4KW,3379.88,0,2816.57,3379.88,WEST,WEST,1815 DOME ANTENNA UNIT 4KW
FUR-XN10A/3.5,ANTENNA 3.5 OR 41 OPEN ARRAY,1794.91,0,1495.76,1794.91,WEST,WEST,ANTENNA 3.5 OR 41 OPEN ARRAY
FV-475-x,"4-WAY, SELECTOR-FULL FLOW",269.96,0,156.27,269.96,WEST,WEST,"4-WAY, SELECTOR-FULL FLOW"
GAR-010-00321-37,GPS 18X OEM GPS SENSOR,303.65,0,273.56,303.65,WEST,WEST,GPS 18X OEM GPS SENSOR
GAR-010-00351-00,GMS 10 NETWORK PORT EXPANDER,353.55,0,318.51,353.55,WEST,WEST,GMS 10 NETWORK PORT EXPANDER
GAR-010-00671-00,GFS 10 FUEL SENSOR,274.98,0,247.73,274.98,WEST,WEST,GFS 10 FUEL SENSOR
GAR-010-00957-00,GSD 24 ADVANCED SONAR MODULE,982.11,0,884.78,982.11,WEST,WEST,GSD 24 ADVANCED SONAR MODULE
GAR-010-01010-00,GPS 19X HVS NMEA 0183 ANTENNA,261.89,0,235.94,261.89,WEST,WEST,GPS 19X HVS NMEA 0183 ANTENNA
GAR-010-01140-00,GMI 20 MARINE INSTRUMENT,654.73,-1,589.85,654.73,WEST,WEST,GMI 20 MARINE INSTRUMENT
GAR-010-01333-03,"GMR XHD2, 4 ANTENNA",1269.19,0,1143.41,1269.19,WEST,WEST,"GMR XHD2, 4 ANTENNA"
GAR-010-01333-04,"GMR XHD2, 6 ANTENNA",2397.37,0,2159.79,2397.37,WEST,WEST,"GMR XHD2, 6 ANTENNA"
GAR-010-01365-00,GMR CHIRP 2104 TOP ASY ANTENNA,1551.24,0,1397.51,1551.24,WEST,WEST,GMR CHIRP 2104 TOP ASY ANTENNA
GAR-010-01366-00,GMR CHIRP 2106 TOP ASY ANTENNA,2256.35,0,2032.75,2256.35,WEST,WEST,GMR CHIRP 2106 TOP ASY ANTENNA
GAR-010-01753-00,PANOPTIX PS51-TH SS FWD THRUHL,1964.22,-1,1769.57,1964.22,WEST,WEST,PANOPTIX PS51-TH SS FWD THRUHL
GAR-010-01958-31,RINO 750T 2-WAY RADIO/GPS NAV,725.24,0,653.37,725.24,WEST,WEST,RINO 750T 2-WAY RADIO/GPS NAV
GAR-010-02047-00,VHF 315 MARINE RADIO,1047.57,-1,943.76,1047.57,WEST,WEST,VHF 315 MARINE RADIO
GAR-010-02087-00,AIS 800 BLACKBOX TRANSCEIVER,1309.48,0,1179.71,1309.48,WEST,WEST,AIS 800 BLACKBOX TRANSCEIVER
GAR-010-02091-00,GPSMAP 8410 (NO SOUNDER),3404.67,0,3067.27,3404.67,WEST,WEST,GPSMAP 8410 (NO SOUNDER)
GAR-010-02091-02,GPSMAP 8410XSV,3535.63,0,3185.25,3535.63,WEST,WEST,GPSMAP 8410XSV
GAR-010-02091-50,GPSMAP 8610,3404.67,0,3067.27,3404.67,WEST,WEST,GPSMAP 8610
GAR-010-02092-00,GPSMAP 8412,4583.21,0,4129.02,4583.21,WEST,WEST,GPSMAP 8412
GAR-010-02092-02,GPSMAP 8412XSV,5237.97,0,4718.89,5237.97,WEST,WEST,GPSMAP 8412XSV
GAR-010-02092-51,GPSMAP 8612XSV,5368.91,0,4836.86,5368.91,WEST,WEST,GPSMAP 8612XSV
GAR-010-02093-00,GPSMAP 8416,7202.20,0,6488.47,7202.20,WEST,WEST,GPSMAP 8416
GAR-010-02093-02,GPSMAP 8416XSV,7856.96,0,7078.34,7856.96,WEST,WEST,GPSMAP 8416XSV
GAR-010-02096-00,115 VHF MARINE RADIO,523.78,0,471.87,523.78,WEST,WEST,115 VHF MARINE RADIO
GAR-010-02097-00,VHF 215 MARINE RADIO,654.73,0,589.85,654.73,WEST,WEST,VHF 215 MARINE RADIO
GAR-010-02098-00,VHF 215 AIS MARINE RADIO,916.64,0,825.80,916.64,WEST,WEST,VHF 215 AIS MARINE RADIO
GAR-010-02277-00,GXM 54 SAT WEATHER/RADIO ANT.,1113.06,0,1002.76,1113.06,WEST,WEST,GXM 54 SAT WEATHER/RADIO ANT.
GAR-010-02316-10,GPS 24XD,412.48,0,371.60,412.48,WEST,WEST,GPS 24XD
GAR-010-02316-20,GPS24XD RECEIVING&ANTENNA BLK,477.94,0,430.58,477.94,WEST,WEST,GPS24XD RECEIVING&ANTENNA BLK
GAR-010-02365-00,GPSMAP 723 NON SONAR WORLDWIDE,1440.44,0,1297.69,1440.44,WEST,WEST,GPSMAP 723 NON SONAR WORLDWIDE
GAR-010-02365-60,GPSMAP 743,1440.44,0,1297.69,1440.44,WEST,WEST,GPSMAP 743
GAR-010-02365-61,GPSMAP 743XSV,1571.38,0,1415.66,1571.38,WEST,WEST,GPSMAP 743XSV
GAR-010-02367-53,GPSMAP 1243XSV W/GMR 18 HD3,6487.02,0,5844.16,6487.02,WEST,WEST,GPSMAP 1243XSV W/GMR 18 HD3
GAR-010-02584-00,GMR FANTOM 18X WHITE,3102.47,-1,2795.02,3102.47,WEST,WEST,GMR FANTOM 18X WHITE
GAR-010-02635-02,GPSMAP 79SC W/BLUECHART G3,458.31,0,412.89,458.31,WEST,WEST,GPSMAP 79SC W/BLUECHART G3
GAR-010-02843-00,GMR 18 HD3 RADOME,2538.39,0,2286.84,2538.39,WEST,WEST,GMR 18 HD3 RADOME
GAR-010-02919-00,GPSMAP 1623,6285.56,0,5662.67,6285.56,WEST,WEST,GPSMAP 1623
GAR-010-02919-01,GPSMAP 1643 US/CAN NAV+,6285.56,0,5662.67,6285.56,WEST,WEST,GPSMAP 1643 US/CAN NAV+
GAR-010-02919-02,GPSMAP 1623XSV,6547.46,0,5898.61,6547.46,WEST,WEST,GPSMAP 1623XSV
GAR-010-02919-03,GPSMAP 1643XSV US/CAN NAV+,6547.46,0,5898.61,6547.46,WEST,WEST,GPSMAP 1643XSV US/CAN NAV+
GAR-010-10193-22,MULTIDUCER B744VL BRZ THRU HLL,775.61,0,698.75,775.61,WEST,WEST,MULTIDUCER B744VL BRZ THRU HLL
GAR-010-10272-00,MULTIDUCER PLAS TRANS MNT 500W,91.67,0,82.59,91.67,WEST,WEST,MULTIDUCER PLAS TRANS MNT 500W
GAR-010-11051-20,MULTIDUCER DST80 THRU HULL PLS,498.60,0,449.19,498.60,WEST,WEST,MULTIDUCER DST80 THRU HULL PLS
GAR-010-11417-10,STEADYCAST HEADING SENSOR,177.27,0,159.70,177.27,WEST,WEST,STEADYCAST HEADING SENSOR
GAR-010-11442-00,N2K STARTER KIT,116.33,0,104.80,116.33,WEST,WEST,N2K STARTER KIT
GAR-010-11612-00,8PIN TRANS TO 6PIN ADPT CABLE,27.69,0,24.95,27.69,WEST,WEST,8PIN TRANS TO 6PIN ADPT CABLE
gar-010-11613-00,6-8PN SOUNDER WIRE BLOCK ADPTR,83.08,-1,74.85,83.08,WEST,WEST,6-8PN SOUNDER WIRE BLOCK ADPTR
GAR-010-12017-00,GA 38 GPS GLONASS ANTENNA,132.96,0,119.78,132.96,WEST,WEST,GA 38 GPS GLONASS ANTENNA
GAR-010-12122-10,8PIN TRANS-12PIN SOUNDER CABLE,27.69,0,24.95,27.69,WEST,WEST,8PIN TRANS-12PIN SOUNDER CABLE
GAR-010-12390-30,J1939 CABLE F/GPSMAP8400/8600,116.33,0,104.80,116.33,WEST,WEST,J1939 CABLE F/GPSMAP8400/8600
GAR-010-12404-10,XDUCER GT23M-TH PLAS/SS THR HL,642.65,0,578.96,642.65,WEST,WEST,XDUCER GT23M-TH PLAS/SS THR HL
GAR-010-12456-06,LI-iON BATTERY (GPSMAP 276CX),112.01,0,100.91,112.01,WEST,WEST,LI-iON BATTERY (GPSMAP 276CX)
GAR-010-12770-00,YAMAHA ENG BUS TO J1939 AD CBL,33.23,0,29.94,33.23,WEST,WEST,YAMAHA ENG BUS TO J1939 AD CBL
GAR-010-12800-02,TRM PC SNP CVR GPSMAP8416/8616,11.07,0,9.97,11.07,WEST,WEST,TRM PC SNP CVR GPSMAP8416/8616
GAR-010-12852-00,NMEA 0183 WITH AUDIO CABLE,44.31,0,39.92,44.31,WEST,WEST,NMEA 0183 WITH AUDIO CABLE
GAR-010-C1462-40,PLATINUM+ CANADA NORTH CHART,302.19,0,272.24,302.19,WEST,WEST,PLATINUM+ CANADA NORTH CHART
GAR-010-C1467-60,NAUS013R CAN/ALASKA NAVIONICS,182.78,0,164.67,182.78,WEST,WEST,NAUS013R CAN/ALASKA NAVIONICS
GAR-010-C1485-00,CAN WEST/ALASKA VISION+,302.19,0,272.24,302.19,WEST,WEST,CAN WEST/ALASKA VISION+
GAR-19643,3-STP UNDR/PLAT.SLIDING LADDER,536.64,0,289.21,536.64,WEST,WEST,3-STP UNDR/PLAT.SLIDING LADDER
GAR-19902-44,4-STEP BLACK ALUM.LADDER,2316.79,-1,1248.57,2316.79,WEST,WEST,4-STEP BLACK ALUM.LADDER
GAR-55175,TELE.BOAT HOOK 56-144,134.38,-1,72.42,134.38,WEST,WEST,TELE.BOAT HOOK 56-144
GAR-K00-00118-01,KIT REPLACEMENT 200/50 XDCR MT,23.18,0,20.88,23.18,WEST,WEST,KIT REPLACEMENT 200/50 XDCR MT
GAR-K00-00837-00,KIT-ACCESS/PRINT GMR 18/24XHD,30.36,0,27.35,30.36,WEST,WEST,KIT-ACCESS/PRINT GMR 18/24XHD
GAR-K10-00012-17,KIT GMR FANTOM 54 ANTENNA&PEDS,8743.38,0,7876.92,8743.38,WEST,WEST,KIT GMR FANTOM 54 ANTENNA&PEDS
GAR-K10-00012-18,KIT GMR FANTOM 56 ANTENNA&PEDS,9448.50,0,8512.16,9448.50,WEST,WEST,KIT GMR FANTOM 56 ANTENNA&PEDS
GAR-K10-00012-23,KIT GRM 426 XHD2 ANTENNA&PEDES,7051.11,0,6352.35,7051.11,WEST,WEST,KIT GRM 426 XHD2 ANTENNA&PEDES
GEL-F8T5/CW,FLUORESCENT TUBE COOL WHITE,7.40,0,3.99,7.40,WEST,WEST,FLUORESCENT TUBE COOL WHITE
GEM-315530,ROD HOLDER 30 W/REMVBL DRN,117.65,0,63.40,117.65,WEST,WEST,ROD HOLDER 30 W/REMVBL DRN
GEM-5151-KIT,SLAMLATCH2 SS NOLOK BEV W/PLT,98.36,1,53.01,98.36,WEST,WEST,SLAMLATCH2 SS NOLOK BEV W/PLT
GEM-839,CLAMSHELL VENT 1-5/8HD SS(PR),8.80,3,4.74,8.80,WEST,WEST,CLAMSHELL VENT 1-5/8HD SS(PR)
GEM-954,FUEL VENT FLUSH 5/8 90,144.92,4,78.10,144.92,WEST,WEST,FUEL VENT FLUSH 5/8 90
GEN-GC0088,AIR DUCT ADPTR 60MM TO 90MM,12.57,1,8.61,12.57,WEST,WEST,AIR DUCT ADPTR 60MM TO 90MM
GEN-GC5011,AIR OUTLET W/ADJ LOUVERS 90MM,55.01,0,37.68,55.01,WEST,WEST,AIR OUTLET W/ADJ LOUVERS 90MM
GEN-GC6311,AIR DUCT CLAMP 50-70MM,2.48,0,1.70,2.48,WEST,WEST,AIR DUCT CLAMP 50-70MM
GLE-04035-PT,12V MOTOR FOR CM-7,321.34,0,192.42,321.34,WEST,WEST,12V MOTOR FOR CM-7
GLE-04036-PT,24V MOTOR FOR CM-7,321.34,1,192.42,321.34,WEST,WEST,24V MOTOR FOR CM-7
GLE-04154-1B,REMOTE CTRL 4 CHL2TRANS 12/24V,673.16,0,403.09,673.16,WEST,WEST,REMOTE CTRL 4 CHL2TRANS 12/24V
GLE-05031-PT,24V MOTOR VOR CM-4,339.33,0,203.19,0.00,WEST,WEST,24V MOTOR VOR CM-4
GLO-801,ANCHOR SWIVEL 1/4-5/16,126.25,0,68.04,126.25,WEST,WEST,ANCHOR SWIVEL 1/4-5/16
GLT-30204ST,STRYKER ST LED WHT HRDWIRE RMT,1336.43,0,720.23,1336.43,WEST,WEST,STRYKER ST LED WHT HRDWIRE RMT
GLT-5149,RADIORAY HALOGEN GRY MAG.SHOE,425.52,0,229.32,425.52,WEST,WEST,RADIORAY HALOGEN GRY MAG.SHOE
GLV-459L,BLACK HEAVY WEIGHT GLOVES-LG,9.75,0,5.26,9.75,WEST,WEST,BLACK HEAVY WEIGHT GLOVES-LG
GLV-NITRILE-BLK-L-B,NITRIL GLOV BLK LRG TEXTRD/100,25.83,3,13.92,25.83,WEST,WEST,NITRIL GLOV BLK LRG TEXTRD/100
GLV-NITRILE-BLK-M-B,NITRIL GLOV BLK MED TXTRD/100,25.83,2,13.92,25.83,WEST,WEST,NITRIL GLOV BLK MED TXTRD/100
GLV-NITRILE-BLK-XL-,NITRIL GLOV BLK XLG TXTRD/100,25.83,2,13.92,25.83,WEST,WEST,NITRIL GLOV BLK XLG TXTRD/100
GOR-101593,GORILLA TAPE-ALL WEATHER,37.29,0,21.21,37.29,WEST,WEST,GORILLA TAPE-ALL WEATHER
GOR-60124T,TAPE-BLACK 1.88X10YD (105631),15.78,0,8.98,15.78,WEST,WEST,TAPE-BLACK 1.88X10YD (105631)
GOR-6035060T,TAPE-BLACK 1.88X30YD (105629),30.18,0,17.17,30.18,WEST,WEST,TAPE-BLACK 1.88X30YD (105629)
GRN-204-B,COATED CANNONBALL 4LB-BLACK,66.65,0,35.92,66.65,WEST,WEST,COATED CANNONBALL 4LB-BLACK
GRN-206-B,COATED CANNONBALL 6LB-BLACK,90.73,0,48.90,90.73,WEST,WEST,COATED CANNONBALL 6LB-BLACK
GRN-208-B,COATED CANNONBALL 8LB-BLACK,118.24,0,63.72,118.24,WEST,WEST,COATED CANNONBALL 8LB-BLACK
GRN-208-O,COATED CANNONBALL 8LB-ORANGE,118.24,0,63.72,118.24,WEST,WEST,COATED CANNONBALL 8LB-ORANGE
GRN-210-B,COATED CANNONBALL 10LB(BLK),143.55,0,77.36,143.55,WEST,WEST,COATED CANNONBALL 10LB(BLK)
GRN-210PAN-B,COATED PANCAKE DOWNRIG WT BLK,150.53,0,81.13,150.53,WEST,WEST,COATED PANCAKE DOWNRIG WT BLK
GRN-2115-B,COATED CHAIN 1/4X4(BLK),50.45,0,27.19,50.45,WEST,WEST,COATED CHAIN 1/4X4(BLK)
GRN-212-B,COATED CANNONBALL 12LB(BLK),171.43,0,92.38,171.43,WEST,WEST,COATED CANNONBALL 12LB(BLK)
GRN-215-B,15LB COATED DOWNRIG WEIGHT BLK,204.91,0,110.43,204.91,WEST,WEST,15LB COATED DOWNRIG WEIGHT BLK
GRN-3028,BEACH SPIKE,207.21,0,111.67,207.21,WEST,WEST,BEACH SPIKE
GRN-333-10,10 PAINTED NAVY ANCHOR SILVER,71.19,0,38.37,71.19,WEST,WEST,10 PAINTED NAVY ANCHOR SILVER
GRN-508-B,MUSHROOM 8LB(BLK),76.44,0,41.19,76.44,WEST,WEST,MUSHROOM 8LB(BLK)
GRN-510-B,MUSHROOM 10LB(BLK),82.20,0,44.30,82.20,WEST,WEST,MUSHROOM 10LB(BLK)
GRN-510-O,MUSHROOM 10LB(ORG),82.20,0,44.30,82.20,WEST,WEST,MUSHROOM 10LB(ORG)
GRN-510-RD,MUSHROOM 10LB(RED),82.20,0,44.30,82.20,WEST,WEST,MUSHROOM 10LB(RED)
GRN-514-B,RIVER ANCHOR 14LB(BLK),115.48,0,62.23,115.48,WEST,WEST,RIVER ANCHOR 14LB(BLK)
GRN-514-R,RIVER ANCHOR 14LB(BLU),115.48,0,62.23,115.48,WEST,WEST,RIVER ANCHOR 14LB(BLU)
GRN-514-RD,RIVER ANCHOR 14LB(RED),115.48,0,62.23,115.48,WEST,WEST,RIVER ANCHOR 14LB(RED)
GRN-514-Y,RIVER ANCHOR 14LB(YEL),115.48,0,62.23,115.48,WEST,WEST,RIVER ANCHOR 14LB(YEL)
GRN-515-B,MUSHROOM 15LB(BLK),105.78,0,57.01,105.78,WEST,WEST,MUSHROOM 15LB(BLK)
GRN-515-R,MUSHROOM 15LB(ROY.BLU),105.78,0,57.01,105.78,WEST,WEST,MUSHROOM 15LB(ROY.BLU)
GRN-515-RD,MUSHROOM 15LB(RED),105.78,0,57.01,105.78,WEST,WEST,MUSHROOM 15LB(RED)
GRN-516-B,RIVER ANCHOR 16LB(BLK),128.71,0,69.36,128.71,WEST,WEST,RIVER ANCHOR 16LB(BLK)
GRN-516-R,RIVER ANCHOR 16LB(BLU),128.71,0,69.36,128.71,WEST,WEST,RIVER ANCHOR 16LB(BLU)
GRN-516-RD,RIVER ANCHOR 16LB(RED),128.71,0,69.36,128.71,WEST,WEST,RIVER ANCHOR 16LB(RED)
GRN-520-B,RIVER ANCHOR 20LB (BLK),159.94,0,86.19,159.94,WEST,WEST,RIVER ANCHOR 20LB (BLK)
GRN-520-RD,RIVER ANCHOR 20LB (RED),159.94,0,86.19,159.94,WEST,WEST,RIVER ANCHOR 20LB (RED)
GRN-530-B,RIVER ANCHOR 30LB (BLK),226.35,0,121.99,226.35,WEST,WEST,RIVER ANCHOR 30LB (BLK)
GRN-530-RD,RIVER ANCHOR 30LB(RED),226.35,0,121.99,226.35,WEST,WEST,RIVER ANCHOR 30LB(RED)
GRN-614-B,RICHTER ANCHOR 14LB(BLK),207.33,0,111.73,207.33,WEST,WEST,RICHTER ANCHOR 14LB(BLK)
GRN-618-B,RICHTER ANCHOR 18LB(BLK),247.73,0,133.51,247.73,WEST,WEST,RICHTER ANCHOR 18LB(BLK)
GRN-625-B,RICHTER ANCHOR 25LB(BLK),313.11,0,168.74,313.11,WEST,WEST,RICHTER ANCHOR 25LB(BLK)
GRN-669-11-B,SLIP-RING ANCH.11LB(BLK),149.48,0,80.56,149.48,WEST,WEST,SLIP-RING ANCH.11LB(BLK)
GRN-669-11-R,SLIP-RING ANCH.11LB(BLU),149.48,0,80.56,149.48,WEST,WEST,SLIP-RING ANCH.11LB(BLU)
GRN-669-11-RD,SLIP-RING ANCH.11LB(RED),149.48,0,80.56,149.48,WEST,WEST,SLIP-RING ANCH.11LB(RED)
GRN-669-11-W,SLIP-RING ANCH.11LB(WHT),149.48,0,80.56,149.48,WEST,WEST,SLIP-RING ANCH.11LB(WHT)
GRN-669-11-Y,SLIP-RING ANCH.11LB(YEL),149.48,0,80.56,149.48,WEST,WEST,SLIP-RING ANCH.11LB(YEL)
GRN-669-6-B,SLIP-RING ANCH.6LB(BLK),112.67,0,60.72,112.67,WEST,WEST,SLIP-RING ANCH.6LB(BLK)
GRN-669-6-W,SLIP-RING ANCH.6LB(WHT),112.67,0,60.72,112.67,WEST,WEST,SLIP-RING ANCH.6LB(WHT)
GRN-7-RD,MARINE RETRIEVAL MAGNET(RED),84.34,0,45.45,84.34,WEST,WEST,MARINE RETRIEVAL MAGNET(RED)
GRN-80233-B,TRLER BALL COVR DISPL(12) BLK,31.41,0,16.93,31.41,WEST,WEST,TRLER BALL COVR DISPL(12) BLK
GRN-910-B,NAVY TYPE ANCHOR 10LB (BLK),98.61,0,53.14,98.61,WEST,WEST,NAVY TYPE ANCHOR 10LB (BLK)
GRN-910-RD,NAVY TYPE ANCHOR 10LB (RED),98.61,0,53.14,98.61,WEST,WEST,NAVY TYPE ANCHOR 10LB (RED)
GRN-915-B,NAVY TYPE ANCHOR 15LB (BLK),123.46,0,66.54,123.46,WEST,WEST,NAVY TYPE ANCHOR 15LB (BLK)
GRN-915-O,NAVY TYPE ANCHOR 15LB (ORG),123.46,0,66.54,123.46,WEST,WEST,NAVY TYPE ANCHOR 15LB (ORG)
GRN-915-RD,NAVY TYPE ANCHOR 15LB (RED),123.46,0,66.54,123.46,WEST,WEST,NAVY TYPE ANCHOR 15LB (RED)
GRN-920-B,NAVY TYPE ANCHOR 20LB (BLK),158.43,0,85.38,158.43,WEST,WEST,NAVY TYPE ANCHOR 20LB (BLK)
GRN-920-BL,NAVY TYPE ANCHOR 20LB (BLUE),158.43,0,85.38,158.43,WEST,WEST,NAVY TYPE ANCHOR 20LB (BLUE)
GRN-920-RD,NAVY TYPE ANCHOR 20LB (RED),158.43,0,85.38,158.43,WEST,WEST,NAVY TYPE ANCHOR 20LB (RED)
GRN-928-B,NAVY TYPE ANCHOR 28LB (BLK),283.07,0,152.55,283.07,WEST,WEST,NAVY TYPE ANCHOR 28LB (BLK)
GRN-928-FG,NAVY TYPE ANCHOR 28LB (GRN),206.09,0,111.07,206.09,WEST,WEST,NAVY TYPE ANCHOR 28LB (GRN)
GRN-AB4000-B,ANCHOR BUDDY-BLACK,77.66,0,44.17,77.66,WEST,WEST,ANCHOR BUDDY-BLACK
GRN-AB4000-O,ANCHOR BUDDY-ORANGE,77.66,0,44.17,77.66,WEST,WEST,ANCHOR BUDDY-ORANGE
GRN-AB4000-P,ANCHOR BUDDY-PURPLE,77.66,0,44.17,77.66,WEST,WEST,ANCHOR BUDDY-PURPLE
GRN-AB4000-RB,ANCHOR BUDDY-ROYAL BLUE,77.66,0,44.17,77.66,WEST,WEST,ANCHOR BUDDY-ROYAL BLUE
GRN-AB4000-RD,ANCHOR BUDDY-RED,77.66,0,44.17,77.66,WEST,WEST,ANCHOR BUDDY-RED
GRN-AB4000-Y,ANCHOR BUDDY-YELLOW,77.66,0,44.17,77.66,WEST,WEST,ANCHOR BUDDY-YELLOW
GRO-17-0012-00,PJR REMOTE PLUMBING KIT,842.21,0,453.89,842.21,WEST,WEST,PJR REMOTE PLUMBING KIT
GRO-17-0012-01,PSR REMOTE PLUMBING KIT,550.33,0,296.59,550.33,WEST,WEST,PSR REMOTE PLUMBING KIT
GRO-24137901,BRUSH KIT F/MSERIES MOTOR,34.97,0,18.85,34.97,WEST,WEST,BRUSH KIT F/MSERIES MOTOR
GRO-ARG-1501-PC,TOP CAP PLASTIC,71.46,0,38.51,71.46,WEST,WEST,TOP CAP PLASTIC
GRO-ARG-750-S,STRAINER 3/4 304SS BASKET,507.76,0,273.64,507.76,WEST,WEST,STRAINER 3/4 304SS BASKET
GRO-BS-15,"SS FLTR BSKT 3.1X48ARG,SA,932",167.23,0,90.13,167.23,WEST,WEST,"SS FLTR BSKT 3.1X48ARG,SA,932"
GRO-CP-2012V,CIRCULATING PUMP,564.89,0,375.57,564.89,WEST,WEST,CIRCULATING PUMP
GRO-CV-50,CHECK VALVE 1/2 BRONZE,50.18,1,27.04,50.18,WEST,WEST,CHECK VALVE 1/2 BRONZE
GRO-EB-MASTER,TOILET REPAIR KIT EB MASTER,832.44,0,448.62,832.44,WEST,WEST,TOILET REPAIR KIT EB MASTER
GRO-FF-1000,BRZ.ADAPTOR 1NPTx1-1/4HOSE,27.37,1,14.75,27.37,WEST,WEST,BRZ.ADAPTOR 1NPTx1-1/4HOSE
GRO-FF-1125,BRZ.ADAPTOR 1NPTx1-1/8HOSE,28.89,1,15.57,28.89,WEST,WEST,BRZ.ADAPTOR 1NPTx1-1/8HOSE
GRO-IBV-750,INLINE BALL VALVE 3/4 BRZ,62.34,1,33.60,62.34,WEST,WEST,INLINE BALL VALVE 3/4 BRZ
GRO-IBVF-750,FLANGED B VLV ADPTR 3/4 BRZ,97.31,1,52.44,97.31,WEST,WEST,FLANGED B VLV ADPTR 3/4 BRZ
GRO-PTH-1125,PIPE1-1/4HOSE 1-1/8ADPTR BRZ,36.51,3,19.67,36.51,WEST,WEST,PIPE1-1/4HOSE 1-1/8ADPTR BRZ
GRO-PTH-1250,PIPE/HOSE ADPTR 1-1/4 BRZ,36.51,0,19.67,36.51,WEST,WEST,PIPE/HOSE ADPTR 1-1/4 BRZ
GRO-PTHC-750,PIPE/HOSE 90ADPTR 3/4 BRZ,24.33,1,13.11,24.33,WEST,WEST,PIPE/HOSE 90ADPTR 3/4 BRZ
GRO-RAE-BRUSHES,BRUSH SET (2) 5009 SER. PUMP,45.61,0,24.58,45.61,WEST,WEST,BRUSH SET (2) 5009 SER. PUMP
GRO-S-72587,SPRING FOR KTOILET,76.02,0,40.97,76.02,WEST,WEST,SPRING FOR KTOILET
GRO-SPO-60-N12V,H.D/S.P.VANE PUMP-12V,767.67,1,413.71,767.67,WEST,WEST,H.D/S.P.VANE PUMP-12V
GRO-STREETELL-18,"BRONZE 90* STREET ELL 3/4""""    """,43.45,1,24.51,43.45,WEST,WEST,"BRONZE 90* STREET ELL 3/4""""    """
GRO-TH-1000-W,THRU HULL 1W/NUT BRZ,50.18,2,27.04,50.18,WEST,WEST,THRU HULL 1W/NUT BRZ
GRO-TH-1250-W,THRU HULL 1-1/4 W/NUT BRZ,83.63,0,45.07,83.63,WEST,WEST,THRU HULL 1-1/4 W/NUT BRZ
GRO-TH-1500-W,THRU HULL 1-1/2 W/NUT BRZ,107.95,3,58.18,107.95,WEST,WEST,THRU HULL 1-1/2 W/NUT BRZ
GRO-TH-2500-WS,THRU HULL 2-1/2 W/NUT SS,263.01,0,141.74,263.01,WEST,WEST,THRU HULL 2-1/2 W/NUT SS
GRO-WSB-1000,STRAINER NYLON 1 304SS BSKT,145.96,0,78.66,145.96,WEST,WEST,STRAINER NYLON 1 304SS BSKT
GRO-WSB-750,STRAINER 3/4 304SS BSKT,92.74,1,49.98,92.74,WEST,WEST,STRAINER 3/4 304SS BSKT
HAN-360011,C1 SS 1/16X1/2 COTTER PINS,6.88,0,3.71,6.88,WEST,WEST,C1 SS 1/16X1/2 COTTER PINS
HAN-360021,C2 SS 1/16X3/4 COTTER PINS,6.61,1,3.56,6.61,WEST,WEST,C2 SS 1/16X3/4 COTTER PINS
HAN-360031,C3 SS 1/16X1 COTTER PINS,7.31,2,3.94,7.31,WEST,WEST,C3 SS 1/16X1 COTTER PINS
HAN-360051,C4 SS 1/16X1-1/2 COTTER PINS,6.23,2,3.36,6.23,WEST,WEST,C4 SS 1/16X1-1/2 COTTER PINS
HAN-360061,C5 SS 1/16X2 COTTER PINS,7.83,2,4.22,7.83,WEST,WEST,C5 SS 1/16X2 COTTER PINS
HAN-360071,C6 SS 3/32X5/8 COTTER PINS,8.87,5,4.78,8.87,WEST,WEST,C6 SS 3/32X5/8 COTTER PINS
HAN-360081,C7 SS 3/32X3/4 COTTER PINS,6.45,2,3.47,6.45,WEST,WEST,C7 SS 3/32X3/4 COTTER PINS
HAN-360091,C8 SS 3/32X1 COTTER PINS,6.11,3,3.29,6.11,WEST,WEST,C8 SS 3/32X1 COTTER PINS
HAN-360111,C9 SS 3/32X1-1/2 COTTER PINS,6.33,1,3.41,6.33,WEST,WEST,C9 SS 3/32X1-1/2 COTTER PINS
HAN-360141,C11 SS 1/8X3/4 COTTER PINS,6.10,2,3.28,6.10,WEST,WEST,C11 SS 1/8X3/4 COTTER PINS
HAN-360151,C12 SS 1/8X1 COTTER PINS,6.58,2,3.55,6.58,WEST,WEST,C12 SS 1/8X1 COTTER PINS
HAN-360161,C13 SS 1/8X1-1/4 COTTER PINS,6.11,0,3.29,6.11,WEST,WEST,C13 SS 1/8X1-1/4 COTTER PINS
HAN-360171,C14 SS 1/8X1-1/2 COTTER PINS,6.38,1,3.44,6.38,WEST,WEST,C14 SS 1/8X1-1/2 COTTER PINS
HAN-360191,C16 SS 1/8X2 COTTER PINS,6.10,4,3.28,6.10,WEST,WEST,C16 SS 1/8X2 COTTER PINS
HAN-360211,C17 SS 1/8X2-1/2 COTTER PINS,7.00,1,3.77,7.00,WEST,WEST,C17 SS 1/8X2-1/2 COTTER PINS
HAN-360271,C19 SS 5/32X2 COTTER PINS,6.46,6,3.48,6.46,WEST,WEST,C19 SS 5/32X2 COTTER PINS
HAN-370241,S.S. 1/4 X 1    CLEVIS PINS,18.05,3,9.73,18.05,WEST,WEST,S.S. 1/4 X 1    CLEVIS PINS
HAN-370271,S.S. 1/4X1-1/4  CLEVIS PINS,17.42,18,9.39,17.42,WEST,WEST,S.S. 1/4X1-1/4  CLEVIS PINS
HAN-370341,S.S. 5/16 X 1   CLEVIS PINS,12.59,2,6.79,12.59,WEST,WEST,S.S. 5/16 X 1   CLEVIS PINS
HAN-560011,TSD-1 PRONG SKT+CLINCH PLATE,17.45,5,9.40,17.45,WEST,WEST,TSD-1 PRONG SKT+CLINCH PLATE
HAN-560021,TSD-2 PRONG STUD+CLINCH PLTE,16.12,8,8.68,16.12,WEST,WEST,TSD-2 PRONG STUD+CLINCH PLTE
HAN-560041,TSD-4 STUD 8X5/8WOOD/SCREW,22.56,1,12.16,22.56,WEST,WEST,TSD-4 STUD 8X5/8WOOD/SCREW
HAN-560051,TSD-5 STUD 8X3/8TAP/SCREW,21.83,2,11.76,21.83,WEST,WEST,TSD-5 STUD 8X3/8TAP/SCREW
HAN-560081,TSD-8 BUTTON + SOCKET 1/4,12.68,2,6.83,12.68,WEST,WEST,TSD-8 BUTTON + SOCKET 1/4
HAN-560101,TSD10 STUD + EYELET 1/4,10.69,3,5.76,10.69,WEST,WEST,TSD10 STUD + EYELET 1/4
HAN-560121,TSD12 STUD 8X5/8TAP/SCREW,16.25,2,8.76,16.25,WEST,WEST,TSD12 STUD 8X5/8TAP/SCREW
HAN-560161,TSD16 TWIST STUD-SCREW BASE,13.74,2,7.41,13.74,WEST,WEST,TSD16 TWIST STUD-SCREW BASE
HAN-560191,TSD19 TWIST STUD 7X5/8W/S,19.99,1,10.77,19.99,WEST,WEST,TSD19 TWIST STUD 7X5/8W/S
HAN-560261,EXTEND-A-SNAP (4/BAG),16.50,2,8.89,16.50,WEST,WEST,EXTEND-A-SNAP (4/BAG)
HAN-650011,1/4 NYLON WASHERS,6.73,9,3.63,6.73,WEST,WEST,1/4 NYLON WASHERS
HAN-650021,5/16 NYLON WASHERS,6.73,10,3.63,6.73,WEST,WEST,5/16 NYLON WASHERS
HAN-650031,3/8 NYLON WASHERS,6.73,13,3.63,6.73,WEST,WEST,3/8 NYLON WASHERS
HAN-650041,1/2 NYLON WASHERS,6.73,22,3.63,6.73,WEST,WEST,1/2 NYLON WASHERS
HAN-970145,CANVAS FASTENER AND TOOL KIT,76.65,1,41.31,76.65,WEST,WEST,CANVAS FASTENER AND TOOL KIT
HAR-3207,6MM FOLDING PADEYE,57.97,8,43.39,57.97,WEST,WEST,6MM FOLDING PADEYE
HAR-7410.32,UN.0 MKIV BOTTOM CONNECTOR,96.16,0,71.98,96.16,WEST,WEST,UN.0 MKIV BOTTOM CONNECTOR
HCH-HS1500HP,15 BL HOSE 3/8ID 4 COIL DIA,65.16,1,35.12,65.16,WEST,WEST,15 BL HOSE 3/8ID 4 COIL DIA
HCM-200-PRO,200H SERIES ALL INCL SYSTEM,1405.52,0,757.47,1405.52,WEST,WEST,200H SERIES ALL INCL SYSTEM
HCM-200PRO,200H SERIES ALL INCL SYSTEM,1276.70,0,688.04,1276.70,WEST,WEST,200H SERIES ALL INCL SYSTEM
HCM-300-PRO,300H MRINE HTR 3 OUTLT ALL INC,1824.49,0,983.26,1824.49,WEST,WEST,300H MRINE HTR 3 OUTLT ALL INC
HCM-300PRO,300H MRINE HTR 3 OUTLT ALL INC,1655.94,0,892.42,1655.94,WEST,WEST,300H MRINE HTR 3 OUTLT ALL INC
HGE-4354,MERCRUISER CENTER RISER,307.64,0,205.09,307.64,WEST,WEST,MERCRUISER CENTER RISER
HGE-43783,OPEN RISER GASKET,14.16,1,9.44,14.16,WEST,WEST,OPEN RISER GASKET
HGE-46820,MANIFOLD GASKET,33.23,-1,22.15,33.23,WEST,WEST,MANIFOLD GASKET
HGE-5261,VOLVO DIESEL ELBOW (845261),307.64,1,205.09,307.64,WEST,WEST,VOLVO DIESEL ELBOW (845261)
HGE-5735M,MERC. 5.7L DRY JOINT MANIFOLD,680.03,0,453.35,680.03,WEST,WEST,MERC. 5.7L DRY JOINT MANIFOLD
HLA-002843011,BAT SWITCH 150A KEY REMOVABLE,78.79,0,42.46,78.79,WEST,WEST,BAT SWITCH 150A KEY REMOVABLE
HLA-002984325,2NM 2984 STERN 12V BLK CASE,148.41,1,79.98,148.41,WEST,WEST,2NM 2984 STERN 12V BLK CASE
HLA-980507221,RED PUCK LIGHTS W/SS TRIM,89.86,0,48.43,89.86,WEST,WEST,RED PUCK LIGHTS W/SS TRIM
HLA-980910121,2NMLED360 ALRND WHT12/24VBLK,296.81,0,159.96,296.81,WEST,WEST,2NMLED360 ALRND WHT12/24VBLK
HLA-980960001,2NM LED WHITE ALLRND12/24V BLK,231.35,1,124.68,231.35,WEST,WEST,2NM LED WHITE ALLRND12/24V BLK
HORN,CLEAROUT HORN,57.99,0,35.00,0.00,WEST,WEST,CLEAROUT HORN
HRD-AN-12,YELLOW KEY FLOAT ANCHOR,5.68,-2,3.06,5.68,WEST,WEST,YELLOW KEY FLOAT ANCHOR
HYS-BILGE-1L,BILGE CLEANER-1 LITRE,11.32,0,6.10,11.32,WEST,WEST,BILGE CLEANER-1 LITRE
HYS-BILGE-4L,BILGE CLEANER-4-LITRE,25.89,3,13.95,25.89,WEST,WEST,BILGE CLEANER-4-LITRE
HYS-SOAP-1L,BOATSOAP-1 LITRE,11.72,6,6.32,11.72,WEST,WEST,BOATSOAP-1 LITRE
HYS-SOAP-4L,BOATSOAP-4 LITRE,30.69,5,16.54,30.69,WEST,WEST,BOATSOAP-4 LITRE
I2S-E2150Z-4-1E,EMBER BRUSH NICKL RND BLUE LED,135.36,0,76.14,135.36,WEST,WEST,EMBER BRUSH NICKL RND BLUE LED
I2S-LL-101-PRO,DIMMER PRO 12/24V,197.62,0,111.16,197.62,WEST,WEST,DIMMER PRO 12/24V
ICO-AC-FASC26US,STUBBY ANTENNA 400-450MHZ,15.86,0,13.22,15.86,WEST,WEST,STUBBY ANTENNA 400-450MHZ
ICO-AT-140,ANTENNA TUNER,684.36,0,570.30,684.36,WEST,WEST,ANTENNA TUNER
ICO-FA-S64V,ANTENNA W/SMA CONNECTOR,15.86,0,13.22,15.86,WEST,WEST,ANTENNA W/SMA CONNECTOR
ICO-FA-SC55V,ANTENNA M32,15.86,0,13.22,15.86,WEST,WEST,ANTENNA M32
ICO-FA-SC58V,ANTENNA M36,15.86,0,13.22,15.86,WEST,WEST,ANTENNA M36
ICO-FA-SC59V,ANTENNA M25,18.24,0,15.20,18.24,WEST,WEST,ANTENNA M25
ICO-FAS59V,ANTENNA,18.24,0,15.20,18.24,WEST,WEST,ANTENNA
ICO-GM-1600,RADIO,849.55,0,707.96,849.55,WEST,WEST,RADIO
ICO-HM-183LS,SPEAKER-MIC FOR IC-U20GM RADIO,122.71,0,102.26,122.71,WEST,WEST,SPEAKER-MIC FOR IC-U20GM RADIO
ICO-IC-A120,AVIATION VHF RADIO,1699.07,0,1415.89,1699.07,WEST,WEST,AVIATION VHF RADIO
ICO-IC-M330-#51,VHF COMPACT FIXED MOUNT BLACK,303.73,0,253.11,303.73,WEST,WEST,VHF COMPACT FIXED MOUNT BLACK
ICO-IC-M510-BB #21,VHF BLACK BOX MARINE RADIO,1130.63,0,942.19,1130.63,WEST,WEST,VHF BLACK BOX MARINE RADIO
ICO-IC-U20GM,GMRS HNDHLD LICENCE FREE RADIO,193.90,0,161.58,193.90,WEST,WEST,GMRS HNDHLD LICENCE FREE RADIO
ICO-UX-241,"ANTENNA GNSS/GPS IP67, 5M",66.07,0,55.06,66.07,WEST,WEST,"ANTENNA GNSS/GPS IP67, 5M"
IDE-HAS10,S/S HOSE CLAMP 9/16 TO 1-1/16,3.16,-1,1.70,3.16,WEST,WEST,S/S HOSE CLAMP 9/16 TO 1-1/16
IDE-HAS104,"S/S HOSE CLAMP 5"""" TO 7""""       """,7.18,0,3.87,7.18,WEST,WEST,"S/S HOSE CLAMP 5"""" TO 7""""       """
IDE-HAS20,S/S HOSE CLAMP 3/4 TO 1-3/4,3.39,10,2.14,3.39,WEST,WEST,S/S HOSE CLAMP 3/4 TO 1-3/4
IDE-HAS28,S/S HOSE CLAMP 1-5/16 TO 2-1/4,4.26,0,2.18,4.26,WEST,WEST,S/S HOSE CLAMP 1-5/16 TO 2-1/4
IDE-HAS32,S/S HOSE CLAMP 1-9/16 TO 2-1/2,4.31,8,2.20,4.31,WEST,WEST,S/S HOSE CLAMP 1-9/16 TO 2-1/2
IDE-HAS36,S/S HOSE CLAMP 1-1/16 TO 2-3/4,3.42,2,1.84,3.42,WEST,WEST,S/S HOSE CLAMP 1-1/16 TO 2-3/4
IDE-HAS44,S/S HOSE CLAMP 2-5/16 TO 3-1/4,4.29,4,2.31,4.29,WEST,WEST,S/S HOSE CLAMP 2-5/16 TO 3-1/4
IDE-HAS48,S/S HOSE CLAMP 2-9/16 TO 3-1/2,4.39,2,2.37,4.39,WEST,WEST,S/S HOSE CLAMP 2-9/16 TO 3-1/2
IDE-HAS52,S/S HOSE CLAMP 2-13/16 TO 3-34,4.49,3,2.42,4.49,WEST,WEST,S/S HOSE CLAMP 2-13/16 TO 3-34
IDE-HAS6,S/S HOSE CLAMP 3/8 TO 7/8,2.97,0,1.60,2.97,WEST,WEST,S/S HOSE CLAMP 3/8 TO 7/8
IDE-HAS60,S/S HOSE CLAMP 3-5/16 TO 4-1/4,0.82,8,0.44,0.82,WEST,WEST,S/S HOSE CLAMP 3-5/16 TO 4-1/4
IDE-HAS64,S/S HOSE CLAMP 2-1/2 TO 4-1/2,5.04,6,2.72,5.04,WEST,WEST,S/S HOSE CLAMP 2-1/2 TO 4-1/2
IDE-HAS8,S/S HOSE CLAMP 7/16 TO 1,3.02,4,1.63,3.02,WEST,WEST,S/S HOSE CLAMP 7/16 TO 1
IDE-HAS84,S/S HOSE CLAMP 3-3/4 TO 5-3/4,5.73,0,3.09,5.73,WEST,WEST,S/S HOSE CLAMP 3-3/4 TO 5-3/4
IDE-HAS96,S/S HOSE CLAMP 4-1/2 TO 6-1/2,5.90,0,3.18,5.90,WEST,WEST,S/S HOSE CLAMP 4-1/2 TO 6-1/2
IDE-MAH4,S/S HOSE CLAMP 7/32 TO 5/8,2.57,0,1.39,2.57,WEST,WEST,S/S HOSE CLAMP 7/32 TO 5/8
IDE-MAH6,S/S HOSE CLAMP 5/16 TO 7/8,2.71,2,1.46,2.71,WEST,WEST,S/S HOSE CLAMP 5/16 TO 7/8
INT-2000EKIT-GAL,INTERPROTECT 2000/2001-GREY,172.46,0,126.03,172.46,WEST,WEST,INTERPROTECT 2000/2001-GREY
INT-2000EKIT-QT,INTERPROTECT 2000/2001-GREY,57.72,0,42.18,57.72,WEST,WEST,INTERPROTECT 2000/2001-GREY
INT-2002EKIT-QT,INTERPROTECT 2000/2001-WHITE,57.99,0,42.38,57.99,WEST,WEST,INTERPROTECT 2000/2001-WHITE
INT-202-QT,FIBERGLASS SOLVENT WASH,37.22,8,20.06,37.22,WEST,WEST,FIBERGLASS SOLVENT WASH
INT-216-QT,SPECIAL THINNER,33.42,3,18.01,33.42,WEST,WEST,SPECIAL THINNER
INT-2316N-QT,REDUCING SOLVENT-SPRAY,36.97,3,19.93,36.97,WEST,WEST,REDUCING SOLVENT-SPRAY
INT-2333N-QT,REDUCING SOLVENT-BRUSH,53.26,0,28.70,53.26,WEST,WEST,REDUCING SOLVENT-BRUSH
INT-333-QT,BRUSHING LIQUID,37.96,4,20.46,37.96,WEST,WEST,BRUSHING LIQUID
INT-404KIT-QT,EPOXY PRIMEKOTE WHITE 404/414,86.42,2,46.57,86.42,WEST,WEST,EPOXY PRIMEKOTE WHITE 404/414
INT-4217-QT,BRIGHTSIDE-GRAND BANKS BEIGE,79.78,2,42.99,79.78,WEST,WEST,BRIGHTSIDE-GRAND BANKS BEIGE
INT-4248-QT,BRIGHTSIDE-FIRE RED,79.78,1,42.99,79.78,WEST,WEST,BRIGHTSIDE-FIRE RED
INT-4253-QT,BRIGHTSIDE-OCEAN BLUE,84.55,0,38.73,84.55,WEST,WEST,BRIGHTSIDE-OCEAN BLUE
INT-4351-QT,BRIGHTSIDE-LIGHT BLUE,79.78,1,42.99,79.78,WEST,WEST,BRIGHTSIDE-LIGHT BLUE
INT-4359-QT,BRIGHTSIDE-WHITE,73.05,1,39.37,73.05,WEST,WEST,BRIGHTSIDE-WHITE
INT-4360-QT,BRIGHTSIDE-MATTERHORN WHITE,73.05,1,39.37,73.05,WEST,WEST,BRIGHTSIDE-MATTERHORN WHITE
INT-449-GAL,F/G BOTTOMKOTE RED,220.65,1,161.24,220.65,WEST,WEST,F/G BOTTOMKOTE RED
INT-4990-QT,BRIGHTSIDE-FLAG BLUE,79.78,0,45.57,79.78,WEST,WEST,BRIGHTSIDE-FLAG BLUE
INT-5580-GAL,MICRON-CSC BLUE,322.84,1,235.92,322.84,WEST,WEST,MICRON-CSC BLUE
INT-5582-QT,MICRON-CSC RED,91.27,3,66.70,91.27,WEST,WEST,MICRON-CSC RED
INT-5583-GAL,MICRON-CSC BLACK,322.84,4,235.92,322.84,WEST,WEST,MICRON-CSC BLACK
INT-669-GAL,F/G BOTTOMKOTE BLUE,222.78,5,162.80,222.78,WEST,WEST,F/G BOTTOMKOTE BLUE
INT-669-QT,F/G BOTTOMKOTE BLUE,67.85,2,49.58,67.85,WEST,WEST,F/G BOTTOMKOTE BLUE
INT-6690-GAL,F/G BOTTOMKOTE ACT-BLUE,267.53,2,195.50,267.53,WEST,WEST,F/G BOTTOMKOTE ACT-BLUE
INT-69-QT,BOTTOMKOTE XXX BLUE,43.32,5,31.65,43.32,WEST,WEST,BOTTOMKOTE XXX BLUE
INT-779-GAL,F/G BOTTOMKOTE BLACK,222.78,2,162.80,222.78,WEST,WEST,F/G BOTTOMKOTE BLACK
INT-779-QT,F/G BOTTOMKOTE BLACK,67.85,14,49.58,67.85,WEST,WEST,F/G BOTTOMKOTE BLACK
INT-7790-GAL,F/G BOTTOMKOTE ACT-BLACK,267.53,0,195.50,267.53,WEST,WEST,F/G BOTTOMKOTE ACT-BLACK
INT-7790-QT,F/G BOTTOMKOTE ACT-BLACK,81.61,0,59.64,81.61,WEST,WEST,F/G BOTTOMKOTE ACT-BLACK
INT-90-QT,VARNISH-ORIGINAL (SUPERSPAR),45.17,2,24.34,45.17,WEST,WEST,VARNISH-ORIGINAL (SUPERSPAR)
INT-96-QT,VARNISH SCHOONER,72.28,2,38.95,72.28,WEST,WEST,VARNISH SCHOONER
INT-AD002,PAINT STRAINER,0.77,0,0.41,0.77,WEST,WEST,PAINT STRAINER
INT-AD003,PAINT STIR STICKS,0.00,0,0.00,0.00,WEST,WEST,PAINT STIR STICKS
INT-YAV135KIT-.5L,INTERPROTECT WATERTITE-500ML,58.32,0,42.62,58.32,WEST,WEST,INTERPROTECT WATERTITE-500ML
INT-YBA473-GAL,INTERLUX MICRON 66 BLACK GAL,1.00,0,1.00,1.00,WEST,WEST,INTERLUX MICRON 66 BLACK GAL
INT-YBC452,MICRON XTRA SPC BLACK,1.00,0,1.00,1.00,WEST,WEST,MICRON XTRA SPC BLACK
INT-YBM000-GAL,MICRON-CSC-CA BLUE,362.84,4,265.15,362.84,WEST,WEST,MICRON-CSC-CA BLUE
INT-YBM000-QT,MICRON-CSC-CA BLUE,104.46,2,76.33,104.46,WEST,WEST,MICRON-CSC-CA BLUE
INT-YBM002-GAL,MICRON-CSC-CA RED,362.84,0,265.15,362.84,WEST,WEST,MICRON-CSC-CA RED
INT-YBM002-QT,MICRON-CSC-CA RED,104.46,0,76.33,104.46,WEST,WEST,MICRON-CSC-CA RED
INT-YBM003-GAL,MICRON-CSC-CA BLACK,362.84,4,265.15,362.84,WEST,WEST,MICRON-CSC-CA BLACK
INT-YBM003-QT,MICRON-CSC-CA BLACK,104.46,4,76.33,104.46,WEST,WEST,MICRON-CSC-CA BLACK
INT-YBM010-GAL,BOTTOMKOTE-CA BLUE,200.81,5,146.75,200.81,WEST,WEST,BOTTOMKOTE-CA BLUE
INT-YBM012-GAL,BOTTOMKOTE-CA RED,200.81,1,146.75,200.81,WEST,WEST,BOTTOMKOTE-CA RED
INT-YBM012-QT,BOTTOMKOTE-CA RED,66.94,1,48.92,66.94,WEST,WEST,BOTTOMKOTE-CA RED
INT-YBM013-GAL,BOTTOMKOTE-CA BLACK,200.81,2,146.75,200.81,WEST,WEST,BOTTOMKOTE-CA BLACK
INT-YBM013-QT,BOTTOMKOTE-CA BLACK,66.94,11,48.92,66.94,WEST,WEST,BOTTOMKOTE-CA BLACK
INT-YJB000-QT,INTERDECK NON-SKID WHITE,80.29,2,43.27,80.29,WEST,WEST,INTERDECK NON-SKID WHITE
INT-YJF684-QT,INTERDECK NON-SKID GREY,80.29,1,43.27,80.29,WEST,WEST,INTERDECK NON-SKID GREY
INT-YLK000-QT,TOPLAC PLUS SNOW WHITE,93.30,0,50.28,93.30,WEST,WEST,TOPLAC PLUS SNOW WHITE
int-ylk184-qt,TOPLAC PLUS MED.WHITE,93.30,1,50.28,93.30,WEST,WEST,TOPLAC PLUS MED.WHITE
INT-YLK192-QT,TOPLAC PLUS OFF WHITE,93.30,1,50.28,93.30,WEST,WEST,TOPLAC PLUS OFF WHITE
INT-YLK194-QT,TOPLAC PLUS OYSTER,93.30,0,50.28,93.30,WEST,WEST,TOPLAC PLUS OYSTER
INT-YLK198-QT,TOPLAC PLUS MATTERHORN WHITE,93.30,0,50.28,93.30,WEST,WEST,TOPLAC PLUS MATTERHORN WHITE
INT-YLK299-QT,TOPLAC PLUS ROCHELLE RED,93.30,0,50.28,93.30,WEST,WEST,TOPLAC PLUS ROCHELLE RED
INT-YLK830-QT,TOPLAC PLUS SAPPHIRE BLUE,93.30,1,50.28,93.30,WEST,WEST,TOPLAC PLUS SAPPHIRE BLUE
INT-YLK990-QT,TOPLAC PLUS FLAG BLUE,93.30,0,50.28,93.30,WEST,WEST,TOPLAC PLUS FLAG BLUE
INT-YLK993-QT,TOPLAC PLUS OXFORD BLUE,93.30,1,50.28,93.30,WEST,WEST,TOPLAC PLUS OXFORD BLUE
INT-YMA100-QT,BILGEKOTE GREY,58.07,2,31.29,58.07,WEST,WEST,BILGEKOTE GREY
INT-YMA102-QT,BILGEKOTE WHITE,58.07,2,31.29,58.07,WEST,WEST,BILGEKOTE WHITE
INT-YMA601V/QTCA,FIBERGLASS SURFACE PREP,50.18,3,27.04,50.18,WEST,WEST,FIBERGLASS SURFACE PREP
INT-YPA984-GAL,PRIMOCON,196.81,0,106.06,196.81,WEST,WEST,PRIMOCON
INT-YPA984-QT,PRIMOCON,62.34,2,33.60,62.34,WEST,WEST,PRIMOCON
INT-YUC000-QT,PRE-KOTE PLUS WHITE,68.24,1,36.77,68.24,WEST,WEST,PRE-KOTE PLUS WHITE
INT-YUC001-QT,PRE-KOTE PLUS BLUE GREY,68.24,1,36.77,68.24,WEST,WEST,PRE-KOTE PLUS BLUE GREY
INT-YVA500-QT,SCHOONER GOLD VARNISH,85.50,2,46.08,85.50,WEST,WEST,SCHOONER GOLD VARNISH
INT-YVA502-QT,COMPASS CLEAR,62.63,1,33.75,62.63,WEST,WEST,COMPASS CLEAR
INT-YVA950KIT-QT,PERFECTION PLUS VARNISH,163.34,0,88.03,163.34,WEST,WEST,PERFECTION PLUS VARNISH
ISO-5W08L14IMN000,WHT ICMKR SS22/D115V60HZ FMNT,2672.33,0,1952.86,2672.33,WEST,WEST,WHT ICMKR SS22/D115V60HZ FMNT
ISO-SGB00011AA,FLANG 3SD BRUSHD SS CLR ICEMKR,171.60,0,125.40,171.60,WEST,WEST,FLANG 3SD BRUSHD SS CLR ICEMKR
ITC-69922B-NI3K/F,LED BERTH LIGHT NKL WWHT 12V,117.45,0,63.30,117.45,WEST,WEST,LED BERTH LIGHT NKL WWHT 12V
JAB-11831-0000,END COVER,67.25,1,36.24,67.25,WEST,WEST,END COVER
JAB-11979-0001-P,IMPELLER KIT-NEOPRENE,132.13,1,71.21,132.13,WEST,WEST,IMPELLER KIT-NEOPRENE
JAB-1210-0001-P,IMPELLER KIT-NEOPRENE,98.78,2,53.23,98.78,WEST,WEST,IMPELLER KIT-NEOPRENE
JAB-17018-0001-P,IMPELLER KIT-NEOPRENE,184.87,1,99.63,184.87,WEST,WEST,IMPELLER KIT-NEOPRENE
JAB-17370-0001-P,IMPELLER KIT-NEOPRENE,375.85,1,202.55,375.85,WEST,WEST,IMPELLER KIT-NEOPRENE
JAB-17936-0001-P,IMPELLER KIT-NEOPRENE,293.75,2,158.31,293.75,WEST,WEST,IMPELLER KIT-NEOPRENE
JAB-17937-0001-P,IMPELLER KIT-NEOPRENE,92.99,0,50.11,92.99,WEST,WEST,IMPELLER KIT-NEOPRENE
JAB-17954-0001-P,IMPELLER KIT-NEOPRENE,122.73,1,66.14,122.73,WEST,WEST,IMPELLER KIT-NEOPRENE
JAB-18590-2092,12V MACERATOR PUMP,486.96,1,262.43,486.96,WEST,WEST,12V MACERATOR PUMP
JAB-18673-0001-P,IMPELLER KIT-NEOPRENE,135.00,0,72.76,135.00,WEST,WEST,IMPELLER KIT-NEOPRENE
JAB-18673-0003-P,IMPELLER KIT-NITRILE,115.30,0,62.14,115.30,WEST,WEST,IMPELLER KIT-NITRILE
JAB-18777-0001-P,IMPELLER KIT-NEOPRENE,115.30,1,62.14,115.30,WEST,WEST,IMPELLER KIT-NEOPRENE
JAB-1877K-1122S,3/8STRAIGHT HB 1GPM  (2/PKG),16.67,1,8.98,16.67,WEST,WEST,3/8STRAIGHT HB 1GPM  (2/PKG)
JAB-1877K-3311S,3/4STRAIGHT GHT 6GPM (1/PKG),10.60,1,5.71,10.60,WEST,WEST,3/4STRAIGHT GHT 6GPM (1/PKG)
JAB-18916-1040,PRESSURE SWITCH KIT 40-PSI,106.01,0,57.13,106.01,WEST,WEST,PRESSURE SWITCH KIT 40-PSI
JAB-22405-0001-P,IMPELLER KIT-NEOPRENE,75.93,0,40.92,75.93,WEST,WEST,IMPELLER KIT-NEOPRENE
JAB-29090-5000,MANUAL COMPACT TOILET,471.42,0,254.06,471.42,WEST,WEST,MANUAL COMPACT TOILET
JAB-29120-5000,MANUAL HOUSEHOLD TOILET,513.61,1,276.79,513.61,WEST,WEST,MANUAL HOUSEHOLD TOILET
JAB-30573-0000,ACCUMULATOR TANK 1-QT,220.29,0,118.72,220.29,WEST,WEST,ACCUMULATOR TANK 1-QT
JAB-31130-0061-P,IMPELLER KIT-NEOPRENE,225.80,0,121.69,225.80,WEST,WEST,IMPELLER KIT-NEOPRENE
JAB-31295-3512-3A,PARMAX-2 12V 2GPM 35PSI PUMP,274.48,0,147.92,274.48,WEST,WEST,PARMAX-2 12V 2GPM 35PSI PUMP
JAB-31395-4012-3A,PARMAX-3 12V 3GPM 40PSI PUMP,296.44,0,159.76,296.44,WEST,WEST,PARMAX-3 12V 3GPM 40PSI PUMP
JAB-31631-0092,12V QUIET FLUSH PM-4 PUMP,368.10,0,198.38,368.10,WEST,WEST,12V QUIET FLUSH PM-4 PUMP
JAB-3298-0000,GASKET,23.80,0,12.82,23.80,WEST,WEST,GASKET
JAB-34060-0010,UTILITY HAND PUMP,156.93,0,84.57,156.93,WEST,WEST,UTILITY HAND PUMP
JAB-35400-0000,12V BLOWER 4HOSE 250CFM,500.10,0,269.51,500.10,WEST,WEST,12V BLOWER 4HOSE 250CFM
JAB-36220-0000,TOILET INLET STRAINER-3/4HOSE,64.78,0,34.91,64.78,WEST,WEST,TOILET INLET STRAINER-3/4HOSE
JAB-37010-4092,12V HOUSEHOLD TOILET,1393.51,0,751.00,1393.51,WEST,WEST,12V HOUSEHOLD TOILET
JAB-37040-0000,TOILET SERVICE KIT,178.97,0,96.45,178.97,WEST,WEST,TOILET SERVICE KIT
JAB-37042-1000,TOILET MOTOR COVER,70.82,0,38.17,70.82,WEST,WEST,TOILET MOTOR COVER
JAB-37072-0092,PUMP ASSY CE 12V,584.22,0,314.85,584.22,WEST,WEST,PUMP ASSY CE 12V
JAB-37202-2012,12V BILGE/SHOWER PUMP 3.4GPM,666.70,0,359.30,666.70,WEST,WEST,12V BILGE/SHOWER PUMP 3.4GPM
JAB-4156-0000,WEAR PLATE,47.56,0,25.63,47.56,WEST,WEST,WEAR PLATE
JAB-43990-0051,TOILET MOTOR COVER KIT,77.74,0,41.89,77.74,WEST,WEST,TOILET MOTOR COVER KIT
JAB-43990-0066,ORING KIT,11.64,0,6.27,11.64,WEST,WEST,ORING KIT
JAB-44106-1000,VALVE KIT,30.56,1,16.47,30.56,WEST,WEST,VALVE KIT
JAB-45488-0000,Y-VALVE GASKET KIT,100.58,0,54.21,100.58,WEST,WEST,Y-VALVE GASKET KIT
JAB-45490-1000,DIVERTER VALVE,228.66,1,123.23,228.66,WEST,WEST,DIVERTER VALVE
JAB-46400-0010,PUMP GUARD SNAP-IN 3/4H 40MSH,68.77,1,37.06,68.77,WEST,WEST,PUMP GUARD SNAP-IN 3/4H 40MSH
JAB-46400-9500,PUMP GUARD SNAP-IN 1/2H 40MSH,78.12,0,42.10,78.12,WEST,WEST,PUMP GUARD SNAP-IN 1/2H 40MSH
JAB-51510-9001,BRONZE PEDESTAL PUMP 3/8,622.16,1,335.29,622.16,WEST,WEST,BRONZE PEDESTAL PUMP 3/8
JAB-5616-0001-P,IMPELLER KIT-NEOPRENE,249.83,1,134.64,249.83,WEST,WEST,IMPELLER KIT-NEOPRENE
JAB-58020-3012,TOILET DF17A 12V W/S SC,2332.96,0,1257.28,2332.96,WEST,WEST,TOILET DF17A 12V W/S SC
JAB-58080-3012,TOILET DF14V 12V W/S SC,2467.64,0,1329.87,2467.64,WEST,WEST,TOILET DF14V 12V W/S SC
JAB-58105-1000,TOILET SEAT HINGES,65.73,0,35.42,65.73,WEST,WEST,TOILET SEAT HINGES
JAB-58240-3012,TOILET DF17V 12V W/P SC,2714.40,0,1462.85,2714.40,WEST,WEST,TOILET DF17V 12V W/P SC
JAB-58500-0012,LITE FLUSH TOILET W/FT.SW.12V,1758.91,0,947.92,1758.91,WEST,WEST,LITE FLUSH TOILET W/FT.SW.12V
JAB-58540-1012,TOILET PUMP ASSEMBLY,1101.18,0,593.45,1101.18,WEST,WEST,TOILET PUMP ASSEMBLY
JAB-59451-1012,12V ULTRAMAX MULTI OUTLET,948.86,0,511.36,948.86,WEST,WEST,12V ULTRAMAX MULTI OUTLET
JAB-60020-0000,"3""""X5""""R/C SEARCHLIGHT          """,680.49,0,366.73,680.49,WEST,WEST,"3""""X5""""R/C SEARCHLIGHT          """
JAB-6303-0001-P,IMPELLER KIT-NEOPRENE,74.16,0,39.97,74.16,WEST,WEST,IMPELLER KIT-NEOPRENE
JAB-890-0000,GASKET,9.60,2,5.17,9.60,WEST,WEST,GASKET
JAB-920-0001-P,IMPELLER KIT-NEOPRENE,90.83,1,48.95,90.83,WEST,WEST,IMPELLER KIT-NEOPRENE
JAB-9200-0023-P,IMPELLER KIT,116.82,0,62.95,116.82,WEST,WEST,IMPELLER KIT
JAB-96080-0080,SEAL ASSEMBLY,148.91,0,80.25,148.91,WEST,WEST,SEAL ASSEMBLY
JAB-P501J-115S-3A,PARMAX HD5 12V 5GPM 40PSI PUMP,526.99,0,284.00,526.99,WEST,WEST,PARMAX HD5 12V 5GPM 40PSI PUMP
JAB-P601J-218S-3A,PARMAX HD6 12V 6GPM 60PSI PUMP,570.91,0,307.67,570.91,WEST,WEST,PARMAX HD6 12V 6GPM 60PSI PUMP
JAB-P602J-215S-3A,PARMAX HD6 24V 6GPM 40PSI PUMP,700.46,0,377.50,700.46,WEST,WEST,PARMAX HD6 24V 6GPM 40PSI PUMP
JAB-Q301J-115S-3A,PARMAX HD3 12V 3GPM 40PSI PUMP,362.32,0,195.26,362.32,WEST,WEST,PARMAX HD3 12V 3GPM 40PSI PUMP
JAB-Q401J-115S-3A,PARMAX HD4 12V 4GPM 40PSI PUMP,428.19,0,230.76,428.19,WEST,WEST,PARMAX HD4 12V 4GPM 40PSI PUMP
JAB-Q401J-118N-3A,HOTSHOT HD4 12V 4GPM 60PSI PMP,417.22,0,224.85,417.22,WEST,WEST,HOTSHOT HD4 12V 4GPM 60PSI PMP
JAB-Q402J-115S-3A,PARMAX HD4 24V 4GPM 40PSI PUMP,494.07,0,266.26,494.07,WEST,WEST,PARMAX HD4 24V 4GPM 40PSI PUMP
JHD-40-512-1,ANTENNA MOUNT W/ROTATION PLATE,89.76,0,45.69,89.76,WEST,WEST,ANTENNA MOUNT W/ROTATION PLATE
JHD-53-215,LIFELN CRMPTOOL1/8-3/16HC FTNG,757.01,0,385.30,757.01,WEST,WEST,LIFELN CRMPTOOL1/8-3/16HC FTNG
JON-BACK,1X1-1/4X4 (Blackfish),197.23,1,106.29,197.23,WEST,WEST,1X1-1/4X4 (Blackfish)
JON-BOAT,1-3/8X1-7/8X5-1/2 (Devilfish),293.65,0,158.26,293.65,WEST,WEST,1-3/8X1-7/8X5-1/2 (Devilfish)
JON-BOSS,1-1/2X2X6 (Flatfish),364.21,0,196.28,364.21,WEST,WEST,1-1/2X2X6 (Flatfish)
KIN-BR-20-P,ANCHOR ROLLER S/S UNIV. 20,370.37,0,210.69,370.37,WEST,WEST,ANCHOR ROLLER S/S UNIV. 20
KIN-BR-21-P,ANCHOR ROLLER S/S PIVOT.21,502.37,0,285.78,502.37,WEST,WEST,ANCHOR ROLLER S/S PIVOT.21
KIN-BR-22-P,ANCHOR ROLLER SS DELTA 19.5,424.61,0,241.55,424.61,WEST,WEST,ANCHOR ROLLER SS DELTA 19.5
KIN-BR-22L-P,ANCHOR ROLLER SS DELTA 23-1/2,445.67,0,253.53,445.67,WEST,WEST,ANCHOR ROLLER SS DELTA 23-1/2
KIN-BRUCE-25-P,ANCHOR ROLLER S/S BRUCE SL,1199.56,0,682.38,1199.56,WEST,WEST,ANCHOR ROLLER S/S BRUCE SL
KIN-DELTA-20-M,ANCHOR ROLLER SS DELTA 18.5,721.49,0,410.43,721.49,WEST,WEST,ANCHOR ROLLER SS DELTA 18.5
KIN-DELTA-20-P,ANCHOR ROLLER SS DELTA 18.5,580.09,0,329.99,580.09,WEST,WEST,ANCHOR ROLLER SS DELTA 18.5
KIW-KG-4GP-R,KIWIGRIP GEL GREY 4L W/ROLLER,334.89,0,200.93,334.89,WEST,WEST,KIWIGRIP GEL GREY 4L W/ROLLER
KRY-BOOTIES,KRYTEX BOOTIES,1.95,10,1.05,1.95,WEST,WEST,KRYTEX BOOTIES
KRY-KOOL-LARGE,KOOL COVERALLS BLUE LABEL,20.93,0,11.28,20.93,WEST,WEST,KOOL COVERALLS BLUE LABEL
KRY-KOOL-XLARGE,KOOL COVERALLS BLUE LABEL,20.93,0,11.28,20.93,WEST,WEST,KOOL COVERALLS BLUE LABEL
KUU-11810,6GAL FRONT WATER HTR SIDE MNT,1105.27,0,595.66,1105.27,WEST,WEST,6GAL FRONT WATER HTR SIDE MNT
LEN-15054-001,ACTUATOR 2 1/4 STROKE 6WIRE,259.76,1,155.55,259.76,WEST,WEST,ACTUATOR 2 1/4 STROKE 6WIRE
LEN-15060-001,102 XD SERIES RAM,697.56,0,417.70,697.56,WEST,WEST,102 XD SERIES RAM
LEN-15096-001,ROCKER SWITCH FOR SINGLE HL,123.65,0,74.04,123.65,WEST,WEST,ROCKER SWITCH FOR SINGLE HL
LEN-15140-001,LOWER MOUNTING BRACKET KIT,47.86,0,28.66,47.86,WEST,WEST,LOWER MOUNTING BRACKET KIT
LIF-152809,WHT HEAT SHRINK TAPE 2X180,16.73,0,9.02,16.73,WEST,WEST,WHT HEAT SHRINK TAPE 2X180
LIF-55-121-F,LIFE RING 20 WHITE,121.11,0,65.27,121.11,WEST,WEST,LIFE RING 20 WHITE
LIF-55-133-F,LIFE RING 30 ORANGE 4KG,281.78,0,151.86,281.78,WEST,WEST,LIFE RING 30 ORANGE 4KG
LIF-55-141-F,LIFE RING 24 WHITE,149.06,0,80.33,149.06,WEST,WEST,LIFE RING 24 WHITE
LIF-55-141-F/100,"LIFE RING 24"""" WHITE W/100'LINE""",188.66,0,101.67,188.66,WEST,WEST,"LIFE RING 24"""" WHITE W/100'LINE"""
LIF-55-141-F/50,"LIFE RING 24"""" WHITE W/50'LINE """,172.48,0,92.95,172.48,WEST,WEST,"LIFE RING 24"""" WHITE W/50'LINE """
LIF-55-143-F,LIFE RING 24 ORANGE,149.06,0,80.33,149.06,WEST,WEST,LIFE RING 24 ORANGE
LIF-55-143-F/100,"LIFE RING 24"""" ORNGE W/100'LINE""",188.66,0,101.67,188.66,WEST,WEST,"LIFE RING 24"""" ORNGE W/100'LINE"""
LIF-55-143-F/50,"LIFE RING 24"""" ORANGE W/50'LINE""",172.48,0,92.95,172.48,WEST,WEST,"LIFE RING 24"""" ORANGE W/50'LINE"""
LIF-55-231-F,LIFE RING 30 WHITE USA APPR,260.10,0,140.17,260.10,WEST,WEST,LIFE RING 30 WHITE USA APPR
LIF-56-103-F,LIFE RING 30 ORANGE SOLAS,217.97,0,117.47,217.97,WEST,WEST,LIFE RING 30 ORANGE SOLAS
LLB-GPL-2700T,27 SERIES START BATTERY,698.11,1,530.57,698.11,WEST,WEST,27 SERIES START BATTERY
LLB-GPL-30HT,GROUP 30 105AH LIFELINE BATTRY,1030.93,0,783.50,1030.93,WEST,WEST,GROUP 30 105AH LIFELINE BATTRY
LLB-GPL-4CT,6V.GC2 220AH LIFELINE BATTERY,734.13,0,557.93,734.13,WEST,WEST,6V.GC2 220AH LIFELINE BATTERY
LLB-GPL-4DL,4D  210AH LIFELINE BATTERY,1318.53,0,1002.08,1318.53,WEST,WEST,4D  210AH LIFELINE BATTERY
LUN-LLB-10WW-2A-BN,10-40V BRU NKL 3.75W WARM WHT,183.96,0,110.38,183.96,WEST,WEST,10-40V BRU NKL 3.75W WARM WHT
LUN-LLB-26FW-21-00,BA15D 10-30V WARM,19.97,4,11.98,19.97,WEST,WEST,BA15D 10-30V WARM
LUN-LLB-33AW-81-OT,4.5W 12V WALL LITE POL.ALUM,131.64,-2,78.98,131.64,WEST,WEST,4.5W 12V WALL LITE POL.ALUM
LUN-LLB-33AW-81-QT,4.5W 12V WALL LITE POL ALUM,111.03,1,66.62,111.03,WEST,WEST,4.5W 12V WALL LITE POL ALUM
LUN-LLB-33FW-81-OT,3W 12/24V WALL LITE CHRM W/USB,196.59,1,117.95,196.59,WEST,WEST,3W 12/24V WALL LITE CHRM W/USB
LUN-LLB-36CW-81-OT,WALLITE CHROME 3W 12-24V W W,196.59,0,117.95,196.59,WEST,WEST,WALLITE CHROME 3W 12-24V W W
LUN-LLB-46WR-3A-BN,10-40V RECESS BRUSH SS WHT/RED,183.96,0,110.38,183.96,WEST,WEST,10-40V RECESS BRUSH SS WHT/RED
LUN-LLB-46WW-3A-BN,10-40V RECESS BRUSH SS WHITE,167.55,0,100.53,167.55,WEST,WEST,10-40V RECESS BRUSH SS WHITE
LUN-LLB-51M1-81-00,COMPCT IGNPRF ENGRM LITE 3000K,287.40,0,172.44,287.40,WEST,WEST,COMPCT IGNPRF ENGRM LITE 3000K
LUN-LLB-55NN-81-00,13W REPL F/PAR36 SEALED BEAM,201.77,0,121.06,201.77,WEST,WEST,13W REPL F/PAR36 SEALED BEAM
LUN-LLB-57WW-01-00,12V 316SS WRM WHT COURTSY LITE,59.01,4,35.41,59.01,WEST,WEST,12V 316SS WRM WHT COURTSY LITE
LUN-LLB-62WW-81-WH,IN/OUTDR RCESD LITE RND WHT SS,103.56,1,62.14,103.56,WEST,WEST,IN/OUTDR RCESD LITE RND WHT SS
lyn020102000,LYNX POWER IN (M8),193.89,0,143.62,193.89,WEST,WEST,LYNX POWER IN (M8)
LYN034160200,LYNX SMART BMS 500(M8),1246.21,0,923.12,1246.21,WEST,WEST,LYNX SMART BMS 500(M8)
LYN040102100,LYNX SHUNT VE.CAN(M8),488.21,0,361.64,488.21,WEST,WEST,LYNX SHUNT VE.CAN(M8)
LYN060102000,LYNX DISTRIBUTOR M8,276.82,0,205.05,276.82,WEST,WEST,LYNX DISTRIBUTOR M8
MAD-MPS.MA300,MADDOX ANODE 300MM,175.18,0,94.41,175.18,WEST,WEST,MADDOX ANODE 300MM
MAR-10018XL,DELUXE DUAL 24V TRUMPET HORN,474.51,0,255.73,474.51,WEST,WEST,DELUXE DUAL 24V TRUMPET HORN
MAR-104SPP,ADAPTER+ 30 FEM-15 MALE,105.28,3,63.04,105.28,WEST,WEST,ADAPTER+ 30 FEM-15 MALE
MAR-117A,ADAPTOR 50A-F/30A-M,367.77,0,220.22,367.77,WEST,WEST,ADAPTOR 50A-F/30A-M
MAR-12VDUSB,12V DUAL USB SOCKET,33.68,2,20.17,33.68,WEST,WEST,12V DUAL USB SOCKET
MAR-12VRC,12V SOCKET W/CAP,23.76,1,14.23,23.76,WEST,WEST,12V SOCKET W/CAP
MAR-150CCI,CONNECT CHARGE,37.58,0,22.50,37.58,WEST,WEST,CONNECT CHARGE
MAR-164-000-12,UP3 12V DIESEL TRANSFER 4GPM,649.90,0,350.24,649.90,WEST,WEST,UP3 12V DIESEL TRANSFER 4GPM
MAR-301EL-B,EASY LOCK POWER INLET-30A,137.36,0,82.25,137.36,WEST,WEST,EASY LOCK POWER INLET-30A
MAR-303SSEL-B,POWER INLET S/S-30A,213.06,1,127.58,213.06,WEST,WEST,POWER INLET S/S-30A
MAR-305CRMB,REP.INTERIOR FOR 303/301 INLET,59.27,1,35.49,59.27,WEST,WEST,REP.INTERIOR FOR 303/301 INLET
MAR-33012A,BLACK DELUXE ARM-10-14,86.96,1,46.86,86.96,WEST,WEST,BLACK DELUXE ARM-10-14
MAR-33037A,PANTOGRAPHIC ARM 17-22,168.97,0,91.06,168.97,WEST,WEST,PANTOGRAPHIC ARM 17-22
MAR-33084W,PREMIER WET ARM 15-20,178.19,2,96.03,178.19,WEST,WEST,PREMIER WET ARM 15-20
MAR-34000,BLK.H.D.WIPER 80 2-1/2SHFT,482.93,0,260.26,482.93,WEST,WEST,BLK.H.D.WIPER 80 2-1/2SHFT
MAR-34001,BLK H.D.WIPER 80 1-1/2SHFT,537.57,1,289.71,537.57,WEST,WEST,BLK H.D.WIPER 80 1-1/2SHFT
MAR-34018S,18 DELUXE SS WIPER BLADE,51.54,1,27.77,51.54,WEST,WEST,18 DELUXE SS WIPER BLADE
MAR-34020S,20 DELUXE SS WIPER BLADE,59.95,2,32.31,59.95,WEST,WEST,20 DELUXE SS WIPER BLADE
MAR-37180,12V W/P 80 WIPER MTR,440.11,0,237.19,440.11,WEST,WEST,12V W/P 80 WIPER MTR
MAR-6079,PLASTIC SWITCH/OUTLET BOX,21.89,3,11.80,21.89,WEST,WEST,PLASTIC SWITCH/OUTLET BOX
MAR-6365CRN,MALE PLUG-50AMP/250V,198.73,0,119.00,198.73,WEST,WEST,MALE PLUG-50AMP/250V
MAR-MR64-000-78,R-KIT BRUSH HOLDER F/PWM 77-81,125.38,0,67.57,125.38,WEST,WEST,R-KIT BRUSH HOLDER F/PWM 77-81
MAR-S30-15,ADAP.30A M-LOCKING-20A FEM.STR,96.04,1,57.51,96.04,WEST,WEST,ADAP.30A M-LOCKING-20A FEM.STR
MAX-ANCHORMAX,12V CAPSTAN WINCH (P9510005),2054.09,0,1397.34,2054.09,WEST,WEST,12V CAPSTAN WINCH (P9510005)
MAX-P100807,(4) 12V BRUSH KIT,199.48,0,135.70,199.48,WEST,WEST,(4) 12V BRUSH KIT
MAX-P100808,(4) 24V BRUSHES,245.11,0,166.74,245.11,WEST,WEST,(4) 24V BRUSHES
MAX-P102923,AUTO ANCHOR SENSOR/MAGNET KIT,316.11,0,215.04,316.11,WEST,WEST,AUTO ANCHOR SENSOR/MAGNET KIT
MAX-P102938,UP/DOWN ANCHOR SWITCH,98.67,0,67.12,98.67,WEST,WEST,UP/DOWN ANCHOR SWITCH
MAX-P102945,AUTO ANCHOR 570 WIRELESS,1891.65,0,1286.84,1891.65,WEST,WEST,AUTO ANCHOR 570 WIRELESS
MAX-P105000,MAXSET ANCHOR 6KG,309.07,0,210.25,309.07,WEST,WEST,MAXSET ANCHOR 6KG
MAX-RC6-12V,RC6 12V ANCHOR WINCH 1/4C-1/2R,2380.86,0,1619.63,2380.86,WEST,WEST,RC6 12V ANCHOR WINCH 1/4C-1/2R
MAX-RC6-24V,RC6 24V ANCHOR WINCH 1/4C-1/2R,2380.86,0,1619.63,2380.86,WEST,WEST,RC6 24V ANCHOR WINCH 1/4C-1/2R
MAX-SP2932,BRUSHES,103.00,0,70.07,103.00,WEST,WEST,BRUSHES
MAX-SP4153,65HARNESS F/AUTO ANCH.SYS,170.05,1,115.68,170.05,WEST,WEST,65HARNESS F/AUTO ANCH.SYS
MAX-SP4189,12V MOTOR F/ANCHORMAX (SP2142),589.23,0,400.84,589.23,WEST,WEST,12V MOTOR F/ANCHORMAX (SP2142)
MEG-M-4364C,BOAT/RV WASH 64OZ,17.82,4,9.60,17.82,WEST,WEST,BOAT/RV WASH 64OZ
MEG-M-4516C,HIGH GLOSS POLISH,29.29,0,15.79,29.29,WEST,WEST,HIGH GLOSS POLISH
MEG-M-4916C,H/DUTY OXIDATION REMOVER 16OZ,29.56,3,15.93,29.56,WEST,WEST,H/DUTY OXIDATION REMOVER 16OZ
MEG-M-5016C,LIQU. 1STEP CLEANER/WAX 16OZ,32.06,0,17.28,32.06,WEST,WEST,LIQU. 1STEP CLEANER/WAX 16OZ
MEG-M-5032C,LIQU. 1STEP CLEANER/WAX 32OZ,48.20,0,25.97,48.20,WEST,WEST,LIQU. 1STEP CLEANER/WAX 32OZ
MEG-M-6316C,FLAGSHIP PREMIUM WAX 16OZ,37.11,6,20.00,37.11,WEST,WEST,FLAGSHIP PREMIUM WAX 16OZ
MEG-M-6332C,FLAGSHIP PREMIUM WAX 32OZ,57.82,0,31.16,57.82,WEST,WEST,FLAGSHIP PREMIUM WAX 32OZ
MEG-M-6732C,ONE STEP COMPOUND 32OZ,71.78,0,38.68,71.78,WEST,WEST,ONE STEP COMPOUND 32OZ
MEG-W-0004,HAND APPLICATOR PADS (4/PKG),11.36,0,6.12,11.36,WEST,WEST,HAND APPLICATOR PADS (4/PKG)
MEP-8002,3/4H.BARB X 3/4MALE THREAD,5.33,2,2.87,5.33,WEST,WEST,3/4H.BARB X 3/4MALE THREAD
MEP-8003,1H.BARB X 1MALE THREAD,8.85,2,4.77,8.85,WEST,WEST,1H.BARB X 1MALE THREAD
MEP-8005,1-1/2H.BARBX1-1/2MALE THREAD,10.47,2,5.64,10.47,WEST,WEST,1-1/2H.BARBX1-1/2MALE THREAD
MEP-8835,3/4BARB X 1BARB HOSE ADAPTER,6.41,4,3.46,6.41,WEST,WEST,3/4BARB X 1BARB HOSE ADAPTER
MEP-8845,3/4BARB X 1-1/4BARB H.ADAPTR,6.41,4,3.46,6.41,WEST,WEST,3/4BARB X 1-1/4BARB H.ADAPTR
MEP-8855,1BARB X 1BARB HOSE ADAPTR,6.41,4,3.46,6.41,WEST,WEST,1BARB X 1BARB HOSE ADAPTR
MEP-8870,1BARB X 1-1/2BARB H.ADAPTR,6.41,3,3.46,6.41,WEST,WEST,1BARB X 1-1/2BARB H.ADAPTR
MEP-8901,1/2MPT X 3/4BARB ADAPTOR,6.41,4,3.46,6.41,WEST,WEST,1/2MPT X 3/4BARB ADAPTOR
MEP-8920,1MPT X 5/8 BARB ADAPTOR,6.41,2,3.46,6.41,WEST,WEST,1MPT X 5/8 BARB ADAPTOR
MGP-A10-136T,GRILL BRUSH TELESCOPING,32.27,0,21.90,32.27,WEST,WEST,GRILL BRUSH TELESCOPING
MGP-CO10-102,DUAL BURNER FIREBOX BRUSHED SS,1096.60,0,833.42,1096.60,WEST,WEST,DUAL BURNER FIREBOX BRUSHED SS
MGP-R10-626,KAYAK RACK BOAT MOUNTED,475.61,1,322.73,475.61,WEST,WEST,KAYAK RACK BOAT MOUNTED
MHI-GARB-0.500-P,BRASS GARBOARD DRAIN 1/2NPT,28.66,2,15.44,28.66,WEST,WEST,BRASS GARBOARD DRAIN 1/2NPT
MHI-SEAS-3GASKETS,3-PC.GASKET SET  (SSSP-SP2),100.65,0,54.24,100.65,WEST,WEST,3-PC.GASKET SET  (SSSP-SP2)
MIS-5/8-3/4BRD,BRAIDED ROPE SPLICE,26.09,2,26.09,26.09,WEST,WEST,BRAIDED ROPE SPLICE
MISC,862ML 3M MARINE PREMIUM FILLER-1/2 Can,50.17,0,33.45,50.17,WEST,WEST,862ML 3M MARINE PREMIUM FILLER-1/2 Can
MOE-025436,VOLVO AQUAMATIC WHITE (07422),24.55,1,13.23,24.55,WEST,WEST,VOLVO AQUAMATIC WHITE (07422)
MOE-025491,CRUSADER BLUE (07428),24.55,0,13.01,24.55,WEST,WEST,CRUSADER BLUE (07428)
MOE-025801,ZINC PHOSPHATE YELLOW (07438),25.13,-2,13.54,25.13,WEST,WEST,ZINC PHOSPHATE YELLOW (07438)
MOE-025801-C-1,ZINC PHOSPHATE YELLOW,36.89,0,19.88,36.89,WEST,WEST,ZINC PHOSPHATE YELLOW
MOE-025802,ZINC PHOSPHATE GREEN (07439),20.77,0,11.20,20.77,WEST,WEST,ZINC PHOSPHATE GREEN (07439)
MOE-025802-C-1,ZINC PHOSPHATE GREEN,36.89,0,19.88,36.89,WEST,WEST,ZINC PHOSPHATE GREEN
MOE-025802c1,ZINC PHOSPHATE GREEN,33.60,0,17.20,33.60,WEST,WEST,ZINC PHOSPHATE GREEN
MOE-032519,19GAL.BELOW DCK FUELTANK,869.94,0,468.83,869.94,WEST,WEST,19GAL.BELOW DCK FUELTANK
MOE-033410-10,J/E TO 5/16 BARB,11.56,0,6.23,11.56,WEST,WEST,J/E TO 5/16 BARB
MOE-033421-10,3/8BRB M TNK CNCT MRCRY DC/BS,24.22,2,13.05,24.22,WEST,WEST,3/8BRB M TNK CNCT MRCRY DC/BS
MOE-033451-10,3/8 BRB FM TNK CNCT N&T 90HP,35.20,1,18.97,35.20,WEST,WEST,3/8 BRB FM TNK CNCT N&T 90HP
MOE-033470-10,1/4 NPT MALE TANK FITTING YMHA,18.70,2,10.08,18.70,WEST,WEST,1/4 NPT MALE TANK FITTING YMHA
MOE-033477-10,1/4 NPT M TNK CNCT MRCRY 98ENG,20.39,2,10.99,20.39,WEST,WEST,1/4 NPT M TNK CNCT MRCRY 98ENG
MOE-033481-10,3/8 IN BARB FM ENG/TNK CNCT,11.31,1,6.09,11.31,WEST,WEST,3/8 IN BARB FM ENG/TNK CNCT
MOE-033486-10,3/8BRB FM TNK CNCT MRCRY 98ENG,17.08,0,9.21,17.08,WEST,WEST,3/8BRB FM TNK CNCT MRCRY 98ENG
MOE-034385-10,FLA CLIP MRCRY 2 PRONG 3/8 IN,76.67,2,41.32,76.67,WEST,WEST,FLA CLIP MRCRY 2 PRONG 3/8 IN
MOE-034391-10,FLA BOMBARDIER J&E 3/8 IN ID,72.54,1,39.10,72.54,WEST,WEST,FLA BOMBARDIER J&E 3/8 IN ID
MOE-034394-10,FLA YAMAHA 3/8 IN ID,73.95,0,39.85,73.95,WEST,WEST,FLA YAMAHA 3/8 IN ID
MOE-034395-10,FLA UNIVERSAL 5/16 IN ID,60.42,1,32.56,60.42,WEST,WEST,FLA UNIVERSAL 5/16 IN ID
MOE-034701-10,ALL-IN-1 FUEL LINE ASSY - INTL,87.73,1,47.28,87.73,WEST,WEST,ALL-IN-1 FUEL LINE ASSY - INTL
MOE-035710,PERM.FUELTANK HOLD DN KT(07147,58.85,0,31.72,58.85,WEST,WEST,PERM.FUELTANK HOLD DN KT(07147
MOE-035728-10,5HOLE GASKET+SCREWS/SEND UNIT,27.89,0,15.03,27.89,WEST,WEST,5HOLE GASKET+SCREWS/SEND UNIT
MOE-035767-10,17.5REED SW SNDR TNK18.5DEEP,253.87,1,136.82,253.87,WEST,WEST,17.5REED SW SNDR TNK18.5DEEP
MOE-035769-10,7REED SWTCH SNDR TANK 8DEEP,175.33,1,94.49,175.33,WEST,WEST,7REED SWTCH SNDR TANK 8DEEP
MOE-042204,4D BATTERY BOX,303.44,0,163.53,303.44,WEST,WEST,4D BATTERY BOX
MOE-042213,24-SERIES BATTERY BOX  (07258),23.26,0,12.54,23.26,WEST,WEST,24-SERIES BATTERY BOX  (07258)
MOE-042214,27-30-31-SER.BATTERY BOX,30.68,0,16.53,30.68,WEST,WEST,27-30-31-SER.BATTERY BOX
MOE-099076-00,UNIV ROUND CUP MOTORFLUSHER,9.84,3,5.30,9.84,WEST,WEST,UNIV ROUND CUP MOTORFLUSHER
MOE-099077-00,UNIV RECTANG CUP MOTORFLUSHER,15.65,2,8.43,15.65,WEST,WEST,UNIV RECTANG CUP MOTORFLUSHER
MOE-099080-00,VOLVO ROUND CUP MOTOR FLUSHER,23.90,0,12.88,23.90,WEST,WEST,VOLVO ROUND CUP MOTOR FLUSHER
MOE-380160,DUAL WATER FEED UNIV MOTRFLUSH,53.19,1,28.66,53.19,WEST,WEST,DUAL WATER FEED UNIV MOTRFLUSH
MOE-395059-110SC,11 SENDER FOR 12 TANK (BULK),178.52,2,96.21,178.52,WEST,WEST,11 SENDER FOR 12 TANK (BULK)
MOE-395059-210SC,21 SENDER FOR 22 TANK (BULK),246.89,0,133.06,246.89,WEST,WEST,21 SENDER FOR 22 TANK (BULK)
MOE-395059-220S,"22"""" SENDER FOR 23"""" TANK (BULK)",195.26,0,110.02,195.26,WEST,WEST,"22"""" SENDER FOR 23"""" TANK (BULK)"
MPS-903001,VENTED LOOP MF-842 3/4,52.05,0,28.05,52.05,WEST,WEST,VENTED LOOP MF-842 3/4
MPS-903002,REPLACEMNT VENT ASSEM MF-841,21.44,0,11.56,21.44,WEST,WEST,REPLACEMNT VENT ASSEM MF-841
MPS-903008,VENTED LOOP MF-845 1/2,64.35,0,34.68,64.35,WEST,WEST,VENTED LOOP MF-845 1/2
MPS-906025,H-BARB T-HULL CF-253-S-3/4,35.20,0,18.97,35.20,WEST,WEST,H-BARB T-HULL CF-253-S-3/4
MPS-906067,GASKET SET,55.51,0,29.92,55.51,WEST,WEST,GASKET SET
MPS-920178,COVER ONLY (LID)- STRAINER,94.97,0,51.18,94.97,WEST,WEST,COVER ONLY (LID)- STRAINER
MRE-CM-CF-CF,MICRO/MID TEE,44.53,0,35.62,44.53,WEST,WEST,MICRO/MID TEE
MRE-DM-DB1-DF-02,MID CBL.DBL-END CORDSET-2M BLU,66.79,0,53.43,66.79,WEST,WEST,MID CBL.DBL-END CORDSET-2M BLU
MRE-DM-DB1-DF-06,MID CBL.DBL-END CORDSET-6M BLU,96.45,0,77.16,96.45,WEST,WEST,MID CBL.DBL-END CORDSET-6M BLU
MRE-DSM410-01,4.1HI-BRIGHT CLR DISPLAY(BLK),957.11,0,765.69,957.11,WEST,WEST,4.1HI-BRIGHT CLR DISPLAY(BLK)
MRE-GPS200-01,GPS/WAAS ANTENNA/RECEIVER,586.14,0,468.91,586.14,WEST,WEST,GPS/WAAS ANTENNA/RECEIVER
MRE-IT-CM-CF,MICRO/MID INLINE TERMIN RES,44.53,0,35.62,44.53,WEST,WEST,MICRO/MID INLINE TERMIN RES
MRE-TLM100-01,TANK LEVEL MONITOR(40DEPTH),363.56,0,290.85,363.56,WEST,WEST,TANK LEVEL MONITOR(40DEPTH)
MSV-44311005,CHARGEMSTER+ 12/100 CZONE/MBUS,3447.67,0,2553.83,3447.67,WEST,WEST,CHARGEMSTER+ 12/100 CZONE/MBUS
MSV-61004000,AGM BATTERY 6V/400AH,1037.85,0,500.00,1037.85,WEST,WEST,AGM BATTERY 6V/400AH
MSV-77010310,MASTERVIEW EASYVIEW 5,747.55,0,553.74,747.55,WEST,WEST,MASTERVIEW EASYVIEW 5
MSV-77020115,MASTERSHUNT,695.98,0,515.54,695.98,WEST,WEST,MASTERSHUNT
MTI-70-742-WT,COMBO.PROPANE & CO DETECTOR,201.74,1,108.72,201.74,WEST,WEST,COMBO.PROPANE & CO DETECTOR
MUS-MA7114,TYPE E REARM KIT AUTO/MANUAL,45.41,3,30.89,45.41,WEST,WEST,TYPE E REARM KIT AUTO/MANUAL
MUS-MD3157,AUTO INFL.ORNG.HIT.LIFEJACKET,531.43,0,361.52,531.43,WEST,WEST,AUTO INFL.ORNG.HIT.LIFEJACKET
MUS-MD4031-04,M.I.T 70 INF PFD MANUAL RED,165.17,0,112.36,165.17,WEST,WEST,M.I.T 70 INF PFD MANUAL RED
MUS-MV3119RPL,2-POCKET VEST W/RADIO POCKET,128.45,0,87.38,128.45,WEST,WEST,2-POCKET VEST W/RADIO POCKET
MUS-MV3119RPM,2-POCKET VEST W/RADIO POCKET,128.45,0,87.38,128.45,WEST,WEST,2-POCKET VEST W/RADIO POCKET
MUS-MV3119RPS,2-POCKET VEST W/RADIO POCKET,128.45,0,87.38,128.45,WEST,WEST,2-POCKET VEST W/RADIO POCKET
MUS-MV3119RPXL,2-POCKET VEST W/RADIO POCKET,128.45,0,87.38,128.45,WEST,WEST,2-POCKET VEST W/RADIO POCKET
MUS-MV3119RPXXL,2-POCKET VEST W/RADIO POCKET,128.45,0,87.38,128.45,WEST,WEST,2-POCKET VEST W/RADIO POCKET
NBR-NDB034,3/4NEPTUNE DB NYLON WHITE,2.97,0,1.60,2.97,WEST,WEST,3/4NEPTUNE DB NYLON WHITE
NBR-XLE014WB,1/4 XLE PERFORMER - WHT/2BLU,0.78,0,0.43,0.78,WEST,WEST,1/4 XLE PERFORMER - WHT/2BLU
NEW-CS-201,ANTENNA/COAX SWITHC MANUAL,379.29,0,204.41,379.29,WEST,WEST,ANTENNA/COAX SWITHC MANUAL
NGK-BPR6EFS,3623-3534 SPARK PLUG,8.10,6,4.05,8.10,WEST,WEST,3623-3534 SPARK PLUG
NGK-BPZ8HS-10,3133 SPARK PLUG,27.04,0,13.52,27.04,WEST,WEST,3133 SPARK PLUG
NGK-BR6ES,4922-5371 SPARK PLUG,8.36,1,4.18,8.36,WEST,WEST,4922-5371 SPARK PLUG
NGK-BR6FS,4323 SPARK PLUG,7.74,16,3.87,7.74,WEST,WEST,4323 SPARK PLUG
NGK-CR5EH-9,6689 SPARK PLUG,27.10,2,13.55,27.10,WEST,WEST,6689 SPARK PLUG
NGK-CR5HSB,6535 SPARK PLUG,8.42,0,4.21,8.42,WEST,WEST,6535 SPARK PLUG
NGK-DCPR6E,3481 SPARK PLUG,11.14,0,5.57,11.14,WEST,WEST,3481 SPARK PLUG
NGK-DPR6EA-9,5531-3685 SPARK PLUG,8.68,2,4.34,8.68,WEST,WEST,5531-3685 SPARK PLUG
NGK-GR5,2851-7537 SPARK PLUG,7.62,0,3.81,7.62,WEST,WEST,2851-7537 SPARK PLUG
NGK-ILFR6G-E,4212 LASER IRIDIUM SPARK PLUG,37.54,8,18.77,37.54,WEST,WEST,4212 LASER IRIDIUM SPARK PLUG
NGK-ITR4A15,5599 SPARK PLUG,26.18,0,13.09,26.18,WEST,WEST,5599 SPARK PLUG
NGK-LFR4A-E,6499 SPARK PLUG,20.74,0,10.37,20.74,WEST,WEST,6499 SPARK PLUG
NGK-LFR6A-11,3672 SPARK PLUG,20.28,10,10.14,20.28,WEST,WEST,3672 SPARK PLUG
NGK-LKAR7C-9,93961 SPARK PLUG,20.82,0,10.41,20.82,WEST,WEST,93961 SPARK PLUG
NGK-PZFR5F-11,4363 SPARK PLUG,38.38,0,19.19,38.38,WEST,WEST,4363 SPARK PLUG
NGK-TR5,2238-7837 SPARK PLUG,8.08,4,4.04,8.08,WEST,WEST,2238-7837 SPARK PLUG
NGK-TR55IX,7164 SPARK PLUG,25.18,8,12.59,25.18,WEST,WEST,7164 SPARK PLUG
NGK-YR5,7052-5334 SPARK PLUG,8.04,12,4.02,8.04,WEST,WEST,7052-5334 SPARK PLUG
NOV-DOORGASKET38,DOOR GASKET F/R3800PS,32.77,0,23.95,32.77,WEST,WEST,DOOR GASKET F/R3800PS
NOV-DOORGASKET90R,DOOR GSKT RFU90 82 83 R58 F58,32.77,0,23.95,32.77,WEST,WEST,DOOR GSKT RFU90 82 83 R58 F58
NOV-GASKET75R,GASKET FOR 7501,32.77,0,23.95,32.77,WEST,WEST,GASKET FOR 7501
NOV-PANELSET65S,BRUSHED S/S PANEL SET FOR 6511,156.34,0,114.25,156.34,WEST,WEST,BRUSHED S/S PANEL SET FOR 6511
NOV-PANELSET68S,BRUSHED S/S PANEL SET FOR 6800,156.34,0,114.25,156.34,WEST,WEST,BRUSHED S/S PANEL SET FOR 6800
NOV-PANELSET75S,BRUSHED SS PANEL SET F/7500,156.34,0,114.25,156.34,WEST,WEST,BRUSHED SS PANEL SET F/7500
NOV-PANELSET76S,BRUSHED S/S PANEL SET FOR 7600,156.34,0,114.25,156.34,WEST,WEST,BRUSHED S/S PANEL SET FOR 7600
NOV-PANELSET80S,BRUSHED S/S PANEL SET FOR 8000,156.34,0,114.25,156.34,WEST,WEST,BRUSHED S/S PANEL SET FOR 8000
NOV-PANELSET90S,BRUSHED S/S PANEL SET FOR 9000,163.81,0,119.71,163.81,WEST,WEST,BRUSHED S/S PANEL SET FOR 9000
NOV-PANELSSB16,BRUSHED SS PANEL SET KIT,73.72,0,53.87,73.72,WEST,WEST,BRUSHED SS PANEL SET KIT
NOV-PANELSSB19,BRUSHED S/S PANEL,77.26,0,56.46,77.26,WEST,WEST,BRUSHED S/S PANEL
NOV-PANELSSB23,"BRUSHED S/S PANEL 17.562 X 28""""""",77.26,0,56.46,77.26,WEST,WEST,"BRUSHED S/S PANEL 17.562 X 28"""""""
NOV-PANELSSB26,"BRUSHED S/S PANEL 17.375 X 20""""""",77.26,0,56.46,77.26,WEST,WEST,"BRUSHED S/S PANEL 17.375 X 20"""""""
NOV-PANELSSB2DOOR,BRUSHED SS PANELS SIDE BY SIDE,77.26,0,56.46,77.26,WEST,WEST,BRUSHED SS PANELS SIDE BY SIDE
NOV-PANELSSB30,"BRUSHED S/S PANEL 24"""" X 19""""   """,77.26,0,56.46,77.26,WEST,WEST,"BRUSHED S/S PANEL 24"""" X 19""""   """
NOV-PANELSSB38,"BRUSHED S/S PANEL 19.75 X 28"""" """,77.26,0,56.46,77.26,WEST,WEST,"BRUSHED S/S PANEL 19.75 X 28"""" """
NOV-PANELSSB45,"BRUSHED S/S PANEL 19.625 X 28""""""",77.26,0,56.46,77.26,WEST,WEST,"BRUSHED S/S PANEL 19.625 X 28"""""""
NOV-PANELSSB90R,BRUSHED S/S TOP PANEL F/9000,77.26,0,56.46,77.26,WEST,WEST,BRUSHED S/S TOP PANEL F/9000
NOV-R1200ACDC,1.2 CU.BR.S/S FRIDGE AC/DC,1756.89,0,1348.08,1756.89,WEST,WEST,1.2 CU.BR.S/S FRIDGE AC/DC
NOV-R2600ACDC,2.4 CU.FT.FRIDGE AC/DC,1576.48,0,1152.05,1576.48,WEST,WEST,2.4 CU.FT.FRIDGE AC/DC
NOV-RFS7501DC,7.5CU FT SIDE/SIDE FRIDGE/FRZR,2308.87,0,1687.25,2308.87,WEST,WEST,7.5CU FT SIDE/SIDE FRIDGE/FRZR
NOV-RFU9000ACDC,9.1 CU.FT.FRIDGE AC/DC,3178.89,0,2323.03,3178.89,WEST,WEST,9.1 CU.FT.FRIDGE AC/DC
NRC-DT1H,DEPTHTRAX HANDHELD DEPTH FINDR,177.18,0,105.25,177.18,WEST,WEST,DEPTHTRAX HANDHELD DEPTH FINDR
NSI-CABLECAPS,CABLE CAPS,3.39,0,2.03,3.39,WEST,WEST,CABLE CAPS
OCE-012102W,SPORT SERIES S3116 WHITE,732.84,0,505.41,732.84,WEST,WEST,SPORT SERIES S3116 WHITE
OCE-741S-02693,MOB1 ANTENNA REWIND TOOL(10PK),41.09,0,30.82,41.09,WEST,WEST,MOB1 ANTENNA REWIND TOOL(10PK)
OCE-741S-02918,MOB1 REPLACEMENT ANTENNA(10PK),205.38,0,154.03,205.38,WEST,WEST,MOB1 REPLACEMENT ANTENNA(10PK)
OCE-D3009W,DISCOVER D3 WHITE,448.08,0,309.02,448.08,WEST,WEST,DISCOVER D3 WHITE
OCT-OCTAFG1012,1L-12V GEAR PUMP,809.50,0,608.65,809.50,WEST,WEST,1L-12V GEAR PUMP
PAN-55-5100,ZINC PLTD QUICK DISCONNECT (2),24.42,0,16.61,24.42,WEST,WEST,ZINC PLTD QUICK DISCONNECT (2)
PAN-55-9200,WATER SPIKE ANCHOR - UP TO 16,58.77,0,39.98,58.77,WEST,WEST,WATER SPIKE ANCHOR - UP TO 16
PAN-99-09028,ZINC QUICK DISCONNECT,12.82,0,8.72,12.82,WEST,WEST,ZINC QUICK DISCONNECT
PEL-PL-6000,OIL EXTRACTOR 6.0L,118.64,0,63.94,118.64,WEST,WEST,OIL EXTRACTOR 6.0L
PEL-PL-650,OIL EXTRACTOR 6.5L,192.75,0,103.88,192.75,WEST,WEST,OIL EXTRACTOR 6.5L
PEL-PL-6503TU,REPL.HOSES FOR PL-650,46.14,0,24.87,46.14,WEST,WEST,REPL.HOSES FOR PL-650
PEL-PL-THR-ADP,THREADED ADAPTER FOR MERC,21.53,0,11.60,21.53,WEST,WEST,THREADED ADAPTER FOR MERC
PER-110-000-BLK,MASTHEAD LIGHT,240.76,0,129.75,240.76,WEST,WEST,MASTHEAD LIGHT
PER-1177-DP-CHR,CHROME DOOR STOP,7.57,2,4.08,7.57,WEST,WEST,CHROME DOOR STOP
PER-1190-DP-CHR,W/P DECK CONNECT CHR ZINC,86.91,0,46.84,86.91,WEST,WEST,W/P DECK CONNECT CHR ZINC
PER-1197-DP-CHR,MAST/ALL-ROUND LIGHT-NO BASE,91.67,1,49.40,91.67,WEST,WEST,MAST/ALL-ROUND LIGHT-NO BASE
PER-1220-DP-CHR,LIFTING HANDLE CHR/ZINC,45.66,0,24.61,45.66,WEST,WEST,LIFTING HANDLE CHR/ZINC
PER-1264-DP-CHR,SIDE LIGHTS 12V,190.35,0,102.58,190.35,WEST,WEST,SIDE LIGHTS 12V
PER-1269-DP-99A,WASTE CAP W/ O-RING,31.15,2,16.78,31.15,WEST,WEST,WASTE CAP W/ O-RING
PER-1284-DP-CHR,BOW/ANCHOR LIGHT,125.18,0,67.46,125.18,WEST,WEST,BOW/ANCHOR LIGHT
PER-135,BASE + SOCKET ASSEMBLY,69.27,0,37.33,69.27,WEST,WEST,BASE + SOCKET ASSEMBLY
PER-140-DP-NYN,NYLON UTILITY LIGHT,22.70,0,12.23,22.70,WEST,WEST,NYLON UTILITY LIGHT
PER-1637-DP-CHR,ALL-ROUND LIGHT VERT 14,92.42,1,49.81,92.42,WEST,WEST,ALL-ROUND LIGHT VERT 14
PER-200-BB-DP1,BI-COLOUR LIGHT BASE/MT 12V,276.69,0,149.11,276.69,WEST,WEST,BI-COLOUR LIGHT BASE/MT 12V
PER-200-SWB-DP1,ALL-ROUND LIGHT BASE/MT 12V,276.69,0,149.11,276.69,WEST,WEST,ALL-ROUND LIGHT BASE/MT 12V
PER-227-DP-CHR,BI-COLOUR LIGHT 12V,97.06,1,52.31,97.06,WEST,WEST,BI-COLOUR LIGHT 12V
PER-253-W-DP1,SIDE LIGHT H/MT 12V WHT,153.39,0,82.66,153.39,WEST,WEST,SIDE LIGHT H/MT 12V WHT
PER-254-W-DP1,SIDE LIGHT V/MT 12V WHT,154.98,0,83.52,154.98,WEST,WEST,SIDE LIGHT V/MT 12V WHT
PER-328-06A-BLK,"1-1/8""""PLST THRU-HULL CONN BLK """,20.99,3,12.29,20.99,WEST,WEST,"1-1/8""""PLST THRU-HULL CONN BLK """
PER-328-DP4,PLASTIC THRU-HULL 1/2,8.35,3,4.50,8.35,WEST,WEST,PLASTIC THRU-HULL 1/2
PER-328-DP6,PLASTIC THRU-HULL 1,10.05,2,5.42,10.05,WEST,WEST,PLASTIC THRU-HULL 1
PER-328-DP6A,PLASTIC THRUHULL 1-1/8,13.58,3,7.32,13.58,WEST,WEST,PLASTIC THRUHULL 1-1/8
PER-328-DP8,PLASTIC THRUHULL 1-1/2,16.07,3,8.66,16.07,WEST,WEST,PLASTIC THRUHULL 1-1/2
PER-456-DP7,FLUSHPROVALVE 1-1/4,279.01,1,150.36,279.01,WEST,WEST,FLUSHPROVALVE 1-1/4
PER-493-DP7-99M,CORK GASKET KIT (4936+7),26.96,1,14.53,26.96,WEST,WEST,CORK GASKET KIT (4936+7)
PER-493-DP7-99R,RUBBER GASKET KIT (4936+7),55.01,1,29.65,55.01,WEST,WEST,RUBBER GASKET KIT (4936+7)
PER-500-DP9-99M,CORK GASKET KIT (5009+10+11),97.64,0,52.62,97.64,WEST,WEST,CORK GASKET KIT (5009+10+11)
PER-516-DP,AGC PANEL MOUNT FUSE HLDR,26.44,2,14.25,26.44,WEST,WEST,AGC PANEL MOUNT FUSE HLDR
PER-520-DPG-CHR,1-1/2DECK FILL-GAS,268.52,0,144.71,268.52,WEST,WEST,1-1/2DECK FILL-GAS
PER-567-DP-CHR,TUBULAR LATCH SET,250.08,0,134.77,250.08,WEST,WEST,TUBULAR LATCH SET
PER-616-DP2-STS,LED 2-NM L/P HORIZ.SIDELIGHTS,478.92,0,258.10,478.92,WEST,WEST,LED 2-NM L/P HORIZ.SIDELIGHTS
PER-617-DP2-STS,STEALTH LED.2NM SIDE LIGHTS,407.06,0,219.37,407.06,WEST,WEST,STEALTH LED.2NM SIDE LIGHTS
PER-71-DP-CLR,12V-10W BULB  (2/CARD),23.85,1,14.68,23.85,WEST,WEST,12V-10W BULB  (2/CARD)
PER-711-003-ROC,FLUSH LATCH SET,785.62,0,423.39,785.62,WEST,WEST,FLUSH LATCH SET
PER-714-DP1-PLB,GARBOARD DRAIN PLUG,80.93,1,43.61,80.93,WEST,WEST,GARBOARD DRAIN PLUG
PER-8504-DP,BAT SWITCH 4POS 250A W/FD+KEY,153.97,0,82.98,153.97,WEST,WEST,BAT SWITCH 4POS 250A W/FD+KEY
PER-86-DP2-PLB,BRZ.ROUND STRAINER 3,48.60,0,26.19,48.60,WEST,WEST,BRZ.ROUND STRAINER 3
PER-86-DP3-PLB,BRZ.ROUND STRAINER 3-1/2,45.62,0,24.59,45.62,WEST,WEST,BRZ.ROUND STRAINER 3-1/2
PER-869-000-STS,FASTENER STUD,221.16,0,119.19,221.16,WEST,WEST,FASTENER STUD
PER-896-000-NKL,BUTTON FASTENER,86.49,1,46.61,86.49,WEST,WEST,BUTTON FASTENER
PER-898-000-NKL,SOCKET FASTENER,80.14,1,43.19,80.14,WEST,WEST,SOCKET FASTENER
PER-915-DP-CHR,SIDE LIGHTS HORIZONTAL 12V,311.00,0,167.61,311.00,WEST,WEST,SIDE LIGHTS HORIZONTAL 12V
PER-955-DP-CHR,SIDE LIGHTS V/MT 12V,217.12,0,117.01,217.12,WEST,WEST,SIDE LIGHTS V/MT 12V
PER-960-DP-CHR,MORTISE LATCH SET,222.58,0,119.95,222.58,WEST,WEST,MORTISE LATCH SET
PER-9603-DP,BAT SWITCH 250A 2POS W/FD,151.42,1,81.60,151.42,WEST,WEST,BAT SWITCH 250A 2POS W/FD
PER-963-DP-CHR,SIDE LIGHTS HORIZONTAL 12V,219.86,0,118.48,219.86,WEST,WEST,SIDE LIGHTS HORIZONTAL 12V
PIC-4000-PR,8GA BARREL LUG BRAZED (2),2.56,0,1.45,2.56,WEST,WEST,8GA BARREL LUG BRAZED (2)
PIC-4100-PR,6GA BARREL LUG    (2),4.68,0,2.66,4.68,WEST,WEST,6GA BARREL LUG    (2)
PIC-5143-C,3/4BLK CONVOLUTED TUBE(100),59.34,-1,33.75,59.34,WEST,WEST,3/4BLK CONVOLUTED TUBE(100)
PIC-5900-C,16-14 HEAT SHRINK BUTT (100),63.83,0,36.31,63.83,WEST,WEST,16-14 HEAT SHRINK BUTT (100)
PIC-6120-BP,5/8X1/2 GROMMET(3),3.29,0,1.87,3.29,WEST,WEST,5/8X1/2 GROMMET(3)
PIC-6121-BP,21/32X25/64 GROMMET (2),3.29,0,1.87,3.29,WEST,WEST,21/32X25/64 GROMMET (2)
PIC-6122-BP,7/8X5/8 GROMMET     (2),3.29,0,1.87,3.29,WEST,WEST,7/8X5/8 GROMMET     (2)
PIC-6SF-E,ATO FUSE KIT 100PC,38.01,0,21.62,38.01,WEST,WEST,ATO FUSE KIT 100PC
PIC-7081-C,1.15ADHESIVE CABL TIE MNT(100,62.89,0,35.78,62.89,WEST,WEST,1.15ADHESIVE CABL TIE MNT(100
PIC-7183-0-36,8 BLK MOUNT TAB  (100),56.85,0,32.34,56.85,WEST,WEST,8 BLK MOUNT TAB  (100)
PIC-7183-6-34,8 NAT.SCREW TIE MOUNT (25),15.21,0,8.65,15.21,WEST,WEST,8 NAT.SCREW TIE MOUNT (25)
PIC-7317-C,R.INS.CLAMP 5/8 (100),104.56,0,59.48,104.56,WEST,WEST,R.INS.CLAMP 5/8 (100)
PIC-7318-PK,R.INS.CLAMP 3/4  (20),28.59,0,16.26,28.59,WEST,WEST,R.INS.CLAMP 3/4  (20)
PIC-7320-PK,R.INS.CLAMP 1    (13),22.34,0,12.71,22.34,WEST,WEST,R.INS.CLAMP 1    (13)
PIC-7990-34,2W FEM.HOUSE/WEDGE LOCK(10),26.19,1,14.90,26.19,WEST,WEST,2W FEM.HOUSE/WEDGE LOCK(10)
PIC-7991-34,2W MAL.HOUSE/WEDGE LOCK(10),40.01,1,22.76,40.01,WEST,WEST,2W MAL.HOUSE/WEDGE LOCK(10)
PIC-839-BP,TEST CLIPS,4.98,0,2.83,4.98,WEST,WEST,TEST CLIPS
PIC-840-11,50 AMP RED TEST CLIP,2.54,0,1.44,2.54,WEST,WEST,50 AMP RED TEST CLIP
PIC-841-11,50 AMP BLACK TEST CLIP,2.54,0,1.44,2.54,WEST,WEST,50 AMP BLACK TEST CLIP
PIC-950-11,10GA FUSE HOLDER 3-40A,8.82,1,5.02,8.82,WEST,WEST,10GA FUSE HOLDER 3-40A
PIC-964-BP,ATO 10 FUSE-RED (5),5.11,0,2.91,5.11,WEST,WEST,ATO 10 FUSE-RED (5)
PIO-MXT-MS316BT,"MARINE STEREO/6.5""""SPEAKER PKG """,207.81,0,156.25,207.81,WEST,WEST,"MARINE STEREO/6.5""""SPEAKER PKG """
PLU-3/4COPPER,ALL ROUND STRAPING 25',66.73,1,26.81,66.73,WEST,WEST,ALL ROUND STRAPING 25'
PLU-BB-1-1/4X3/4,BRASS BUSHING,37.49,1,20.20,37.49,WEST,WEST,BRASS BUSHING
PLU-BB1-1/2X1-1/4,BRASS BUSHING,32.60,3,25.42,32.60,WEST,WEST,BRASS BUSHING
PLU-BB1X3/4,BRASS BUSHING,15.48,1,8.34,15.48,WEST,WEST,BRASS BUSHING
PLU-BB2-1/2X2,BRASS BUSHING,117.20,2,63.16,117.20,WEST,WEST,BRASS BUSHING
PLU-BB3X2-1/2,BRASS BUSHING,206.55,0,111.31,206.55,WEST,WEST,BRASS BUSHING
PLU-BCA1,BRASS CAP,17.32,0,9.33,17.32,WEST,WEST,BRASS CAP
PLU-BCA1-1/2,BRASS CAP,49.23,0,26.53,49.23,WEST,WEST,BRASS CAP
PLU-BCA1-1/4,BRASS CAP,37.51,2,20.21,37.51,WEST,WEST,BRASS CAP
PLU-BCA3/4,BRASS CAP,14.96,3,8.06,14.96,WEST,WEST,BRASS CAP
PLU-BE-1X90,BRASS 90 ELBOW,49.87,2,26.87,49.87,WEST,WEST,BRASS 90 ELBOW
PLU-BE1-1/2X90,BRASS 90 ELBOW,57.77,2,52.70,57.77,WEST,WEST,BRASS 90 ELBOW
PLU-BN-1-1/4X2,113 J2 BRASS NIPPLE,63.58,1,34.26,63.58,WEST,WEST,113 J2 BRASS NIPPLE
PLU-BN1-1/2XCL,112K BRASS NIPPLE,58.83,1,31.71,58.83,WEST,WEST,112K BRASS NIPPLE
PLU-BN1/2XCL,112D BRASS NIPPLE,3.79,1,2.23,3.79,WEST,WEST,112D BRASS NIPPLE
PLU-BS-1-1/4X90,BRASS 90 STREET ELBOW,91.30,0,49.20,91.30,WEST,WEST,BRASS 90 STREET ELBOW
PLU-BT-1-1/4,BRASS TEE,96.06,0,51.77,96.06,WEST,WEST,BRASS TEE
PLU-SS3/4X90,316 S/S STREET ELBOW *,14.30,0,7.70,14.30,WEST,WEST,316 S/S STREET ELBOW *
POL-A-2RED,"RED BUOY 45.5""""CIRC            """,126.64,0,68.25,126.64,WEST,WEST,"RED BUOY 45.5""""CIRC            """
POL-CM-2WH-STR,"WHITE & BLUE BUOY 44.5""""CIRC   """,357.28,0,192.55,357.28,WEST,WEST,"WHITE & BLUE BUOY 44.5""""CIRC   """
POL-EFC-2BLACK,"FENDER COVER G5, HTM2, F2     """,104.69,1,56.42,104.69,WEST,WEST,"FENDER COVER G5, HTM2, F2     """
POL-F-2-FOR-GRN,FOREST GREEN FENDER  9X25,166.40,0,89.68,166.40,WEST,WEST,FOREST GREEN FENDER  9X25
POL-F-3-FOR-GRN,FOREST GREEN FENDER  9X30,227.94,0,122.84,227.94,WEST,WEST,FOREST GREEN FENDER  9X30
POL-F-7-FOR-GRN,FOREST GREEN FENDER 15X41,591.60,0,318.82,591.60,WEST,WEST,FOREST GREEN FENDER 15X41
POL-G-2BLACK,"BLACK FENDER 4.5""""X15.5""""       """,38.66,4,20.83,38.66,WEST,WEST,"BLACK FENDER 4.5""""X15.5""""       """
POL-G-2BLUE,"BLUE FENDER 4.5""""X15.5""""        """,38.66,0,20.83,38.66,WEST,WEST,"BLUE FENDER 4.5""""X15.5""""        """
POL-G-2WHITE,"WHITE FENDER 4.5""""X15.5""""       """,35.20,3,20.83,35.20,WEST,WEST,"WHITE FENDER 4.5""""X15.5""""       """
POL-G-3BLACK,"BLACK FENDER 5.5""""X19""""         """,46.56,1,25.09,46.56,WEST,WEST,"BLACK FENDER 5.5""""X19""""         """
POL-G-3WHITE,"WHITE FENDER 5.5""""X19""""         """,46.56,3,25.09,46.56,WEST,WEST,"WHITE FENDER 5.5""""X19""""         """
POL-G-4BLACK,"BLACK FENDER 6.5""""X22""""         """,64.23,1,34.61,64.23,WEST,WEST,"BLACK FENDER 6.5""""X22""""         """
POL-G-4WHITE,"WHITE FENDER 6.5""""X22""""         """,70.56,1,38.02,70.56,WEST,WEST,"WHITE FENDER 6.5""""X22""""         """
POL-G-6-COB-BLUE,COBALT BLUE FENDER 11X30,179.71,1,96.85,179.71,WEST,WEST,COBALT BLUE FENDER 11X30
POL-HTM-2BLACK,"BLACK FENDER 8""""X20""""           """,120.74,0,65.07,120.74,WEST,WEST,"BLACK FENDER 8""""X20""""           """
POL-HTM-3-FOR-GRN,FOREST GREEN FENDER 10X26,235.40,0,126.86,235.40,WEST,WEST,FOREST GREEN FENDER 10X26
POW-24M-7,START BAT 12V 1000MCA 130RM,248.16,0,188.60,248.16,WEST,WEST,START BAT 12V 1000MCA 130RM
POW-8A24M,AGM BAT 12V 735MCA 135RM,468.75,0,356.25,468.75,WEST,WEST,AGM BAT 12V 735MCA 135RM
POW-8A27M,AGM BAT 12V 900MCA 185RM,551.86,0,419.42,551.86,WEST,WEST,AGM BAT 12V 900MCA 185RM
POW-8A31DT,AGM BAT 12V 1000MCA 210RM,593.30,0,450.91,593.30,WEST,WEST,AGM BAT 12V 1000MCA 210RM
POW-8A4D,AGM BAT 12V 1420MCA 380RM,1071.76,0,814.54,1071.76,WEST,WEST,AGM BAT 12V 1420MCA 380RM
POW-DP24,DUAL BAT 12V 675MCA 140RM,207.39,0,157.61,207.39,WEST,WEST,DUAL BAT 12V 675MCA 140RM
PRE-367,PREVAL PAINT SPRAYER CMPLT,40.51,0,21.83,40.51,WEST,WEST,PREVAL PAINT SPRAYER CMPLT
PRE-569,PREVAL PAINT SPRAYER CONTAINR,11.57,0,6.24,11.57,WEST,WEST,PREVAL PAINT SPRAYER CONTAINR
PRO-05503,24V TO 12V BATTERY CHARGER,1070.10,0,576.70,1070.10,WEST,WEST,24V TO 12V BATTERY CHARGER
PRO-05504,12V-12V BATT TO BATT CHARGER,1011.64,0,545.19,1011.64,WEST,WEST,12V-12V BATT TO BATT CHARGER
PRO-05505,DIGITAL MOBILE CHARGE40 12-24V,1011.64,0,545.19,1011.64,WEST,WEST,DIGITAL MOBILE CHARGE40 12-24V
PRO-06120,1200W 12V MODIFIED SINE INVERT,884.92,0,476.90,884.92,WEST,WEST,1200W 12V MODIFIED SINE INVERT
PRO-06150,1500W 12V MODIFIED SINE INVERT,943.87,0,508.67,943.87,WEST,WEST,1500W 12V MODIFIED SINE INVERT
PRO-07100,1000W 12V PURE SINE INVERTER,1327.40,0,715.36,1327.40,WEST,WEST,1000W 12V PURE SINE INVERTER
PRO-1-70-2,BATTERY ISOTR 1 ALT-2 BATT 70A,209.94,0,113.14,209.94,WEST,WEST,BATTERY ISOTR 1 ALT-2 BATT 70A
PRO-1251C,GRILL CLEANER KIT,21.97,0,13.04,21.97,WEST,WEST,GRILL CLEANER KIT
PRO-1251F,GRILL CLEANER KIT 24PC DISPLAY,527.15,0,313.00,527.15,WEST,WEST,GRILL CLEANER KIT 24PC DISPLAY
PRO-147221K,X MUFFLER KIT,679.98,0,591.29,679.98,WEST,WEST,X MUFFLER KIT
PRO-149160K,X30 FUEL PUMP ASSY,622.37,0,541.19,622.37,WEST,WEST,X30 FUEL PUMP ASSY
PRO-149307K,EXT BACKBONE 16 CW/CAN DUST,77.65,0,67.52,77.65,WEST,WEST,EXT BACKBONE 16 CW/CAN DUST
PRO-149308K,EXT.BACKBONE 25C/W CAN DUST,97.69,0,84.95,97.69,WEST,WEST,EXT.BACKBONE 25C/W CAN DUST
PRO-149417K,CAN T CONNECTOR,35.06,0,30.49,35.06,WEST,WEST,CAN T CONNECTOR
PRO-149460K,X30 COOLANT PUMP,622.37,0,541.19,622.37,WEST,WEST,X30 COOLANT PUMP
PRO-149506K,"KIT HDWR 3/16""""FUEL FIT SLV&NUT""",15.93,0,13.85,15.93,WEST,WEST,"KIT HDWR 3/16""""FUEL FIT SLV&NUT"""
PRO-149600K,X30 SOUND REDUCTION KIT,455.81,0,396.36,455.81,WEST,WEST,X30 SOUND REDUCTION KIT
PRO-149675K,FITTING KIT ELBOW ORB,67.39,0,58.60,67.39,WEST,WEST,FITTING KIT ELBOW ORB
PRO-149912K,X30 HARNESS CP RELAY 12V,283.02,0,246.10,283.02,WEST,WEST,X30 HARNESS CP RELAY 12V
PRO-2-130-2,2ALT.2BATT ISOLATOR 130 AMP,606.99,0,327.12,606.99,WEST,WEST,2ALT.2BATT ISOLATOR 130 AMP
PRO-2-130-3,2ALT.3BATT ISOLATOR 130 AMP,879.34,0,473.89,879.34,WEST,WEST,2ALT.3BATT ISOLATOR 130 AMP
PRO-200610K,M AIR FILTER,68.92,0,59.93,68.92,WEST,WEST,M AIR FILTER
PRO-200691K,M DIAPHRAGM COMPR.REBUILD KIT,571.30,0,496.78,571.30,WEST,WEST,M DIAPHRAGM COMPR.REBUILD KIT
PRO-22034,PROSAFE-2 30-AMP GALV.ISOLATOR,738.16,0,397.81,738.16,WEST,WEST,PROSAFE-2 30-AMP GALV.ISOLATOR
PRO-22074,PROSAFE 60AMP GALV. ISOLATOR,1100.38,0,593.02,1100.38,WEST,WEST,PROSAFE 60AMP GALV. ISOLATOR
PRO-23121,PRO ISOCHARGE 120A 1-ALT 1-BAT,320.32,0,172.63,320.32,WEST,WEST,PRO ISOCHARGE 120A 1-ALT 1-BAT
PRO-23123,PROISOCHARGE 250 1-2,415.06,0,223.69,415.06,WEST,WEST,PROISOCHARGE 250 1-2
PRO-23124,PRO ISOCHARGE 120AMP 1ALT-3BAT,343.37,0,185.05,343.37,WEST,WEST,PRO ISOCHARGE 120AMP 1ALT-3BAT
PRO-23125,PRO ISOCHARGE 180AMP 1ALT-3BAt,575.28,0,310.03,575.28,WEST,WEST,PRO ISOCHARGE 180AMP 1ALT-3BAt
PRO-23126,PRO ISOCHARGE 250AMP 1ALT-3BAT,504.06,0,271.65,504.06,WEST,WEST,PRO ISOCHARGE 250AMP 1ALT-3BAT
PRO-23127,PROISOCHARGE 130 2/4,632.90,0,341.08,632.90,WEST,WEST,PROISOCHARGE 130 2/4
PRO-2400C,GRILL CLEANING WIPES 40CT,17.49,0,10.38,17.49,WEST,WEST,GRILL CLEANING WIPES 40CT
PRO-3031C,GRILL BRUSH W/3 WIPES,11.94,0,7.09,11.94,WEST,WEST,GRILL BRUSH W/3 WIPES
PRO-31505,DIGITAL BATT CHARG 5AMP 1BANK,216.50,0,116.68,216.50,WEST,WEST,DIGITAL BATT CHARG 5AMP 1BANK
PRO-31510,DIGITAL BATT CHRG 10AMP 2BANK,336.82,0,181.52,336.82,WEST,WEST,DIGITAL BATT CHRG 10AMP 2BANK
PRO-31515,DIGITAL BATT CHRG 15AMP 3BANK,433.08,0,233.40,433.08,WEST,WEST,DIGITAL BATT CHRG 15AMP 3BANK
PRO-44001,PROSPORT 1.5A MAINTAINER 120V,83.78,0,45.15,83.78,WEST,WEST,PROSPORT 1.5A MAINTAINER 120V
PRO-44006,PROSPORT HD GEN4 6 AMP CHARGER,267.77,0,144.31,267.77,WEST,WEST,PROSPORT HD GEN4 6 AMP CHARGER
PRO-44008,PROSPORT HD GEN4 8 AMP CHARGER,338.06,0,182.19,338.06,WEST,WEST,PROSPORT HD GEN4 8 AMP CHARGER
PRO-44012,PROSPORT HD GEN4 12 AMP 2BNK,417.08,0,224.77,417.08,WEST,WEST,PROSPORT HD GEN4 12 AMP 2BNK
PRO-44020,PROSPORT HD GEN4 20 AMP 2BNK,493.43,0,265.92,493.43,WEST,WEST,PROSPORT HD GEN4 20 AMP 2BNK
PRO-44021,PROSPORT HD GEN4 20 AMP 3BNK,522.21,-1,281.43,522.21,WEST,WEST,PROSPORT HD GEN4 20 AMP 3BNK
PRO-44023,PROSPORT HD GEN6 6 AMP CHARGER,380.63,0,205.13,380.63,WEST,WEST,PROSPORT HD GEN6 6 AMP CHARGER
PRO-44026,PROSPORT HD 12 - PFC,489.36,0,263.73,489.36,WEST,WEST,PROSPORT HD 12 - PFC
PRO-44028,PROSPORT HD GEN6 20 AMP CHARGR,652.42,0,351.60,652.42,WEST,WEST,PROSPORT HD GEN6 20 AMP CHARGR
PRO-5020C,SLIDE & SERVE SKEWERS 2PACK,22.93,0,13.61,22.93,WEST,WEST,SLIDE & SERVE SKEWERS 2PACK
PRO-51060,BATTERY MONITOR,141.57,0,76.29,141.57,WEST,WEST,BATTERY MONITOR
PRO-51200F,AC PLUG HOLDER W/CLAMP WHITE,29.39,0,15.84,29.39,WEST,WEST,AC PLUG HOLDER W/CLAMP WHITE
PRO-51300,BLK UNIVERSAL AC PLUG HOLDER,29.16,0,15.71,29.16,WEST,WEST,BLK UNIVERSAL AC PLUG HOLDER
PRO-51805,5UNIVERSAL DC CABLE EXTENDER,60.20,0,32.44,60.20,WEST,WEST,5UNIVERSAL DC CABLE EXTENDER
PRO-51815,15UNIVERSAL DC CABLE EXTENDER,94.61,0,50.98,94.61,WEST,WEST,15UNIVERSAL DC CABLE EXTENDER
PRO-52024,PROTOURN-ELITE 24A-2BK CHARGER,653.05,0,351.94,653.05,WEST,WEST,PROTOURN-ELITE 24A-2BK CHARGER
PRO-52026,PROTOURN-ELITE 24A-3BK CHARGER,725.62,0,391.05,725.62,WEST,WEST,PROTOURN-ELITE 24A-3BK CHARGER
PRO-52032,PROTOURN-ELITE 36A-2BK CHARGER,899.56,0,484.79,899.56,WEST,WEST,PROTOURN-ELITE 36A-2BK CHARGER
PRO-52036,PROTOURN-ELITE 36A-3BK CHARGER,967.50,0,521.41,967.50,WEST,WEST,PROTOURN-ELITE 36A-3BK CHARGER
PRO-52038,PROTOURN-ELITE 36A-4BK CHARGER,1040.03,0,560.49,1040.03,WEST,WEST,PROTOURN-ELITE 36A-4BK CHARGER
PRO-52060,PROTOURN-ELITE 360 REMOTE,76.34,0,41.14,76.34,WEST,WEST,PROTOURN-ELITE 360 REMOTE
PRO-6011C,SMART ELECTRIC BBQ LIGHTER,27.23,0,16.17,27.23,WEST,WEST,SMART ELECTRIC BBQ LIGHTER
PRO-63100,PRONAUTIC REMOTE,269.40,0,145.19,269.40,WEST,WEST,PRONAUTIC REMOTE
PRO-63106,TEMP SENSOR,32.70,0,17.62,32.70,WEST,WEST,TEMP SENSOR
PRO-63110,12V 10A 2BK PRONAUTICPCHARGR,596.91,0,321.69,596.91,WEST,WEST,12V 10A 2BK PRONAUTICPCHARGR
PRO-63115,12V 15A 3BK PRONAUTICPCHARGR,746.42,0,402.26,746.42,WEST,WEST,12V 15A 3BK PRONAUTICPCHARGR
PRO-63120,12V 20A 3BK PRONAUTICPCHARGR,929.29,0,500.81,929.29,WEST,WEST,12V 20A 3BK PRONAUTICPCHARGR
PRO-63130,12V 30A 3BK PRONAUTICPCHARGR,1136.75,0,612.62,1136.75,WEST,WEST,12V 30A 3BK PRONAUTICPCHARGR
PRO-63140,12V 40A 3BK PRONAUTICPCHARGR,1222.31,0,658.73,1222.31,WEST,WEST,12V 40A 3BK PRONAUTICPCHARGR
PRO-63150,12V 50A 3BK PRONAUTICPCHARGR,1565.22,0,843.53,1565.22,WEST,WEST,12V 50A 3BK PRONAUTICPCHARGR
PRO-63160,12V 60A 3BK PRONAUTICPCHARGR,1932.61,0,1041.52,1932.61,WEST,WEST,12V 60A 3BK PRONAUTICPCHARGR
PRO-63170,24V 20A 3BK PRONAUTICPCHARGR,1252.15,0,674.81,1252.15,WEST,WEST,24V 20A 3BK PRONAUTICPCHARGR
PRO-63180,24V 30A 3BK PRONAUTICPCHARGR,1960.98,0,1056.82,1960.98,WEST,WEST,24V 30A 3BK PRONAUTICPCHARGR
PRO-769235K,FITTING STRT REDUCING 1.5-1.0,38.82,0,33.76,38.82,WEST,WEST,FITTING STRT REDUCING 1.5-1.0
PRO-DEBOND-5GAL,PAINT & COATING REMOVER 5GAL,374.99,0,267.85,374.99,WEST,WEST,PAINT & COATING REMOVER 5GAL
PRO-DEBOND-GAL,PAINT & COATING REMOVER 1GAL,80.63,0,57.59,80.63,WEST,WEST,PAINT & COATING REMOVER 1GAL
PRO-DEFOUL-5GAL,ANTIFOULING PAINT REMOVER 5GAL,562.49,0,401.78,562.49,WEST,WEST,ANTIFOULING PAINT REMOVER 5GAL
PRO-DEFOUL-GAL,ANTIFOULING PAINT REMOVER 1GAL,121.87,-1,87.05,121.87,WEST,WEST,ANTIFOULING PAINT REMOVER 1GAL
PRO-DERUSTGEL-GAL,RUST REMOVER GEL 1 GAL,103.12,0,73.66,103.12,WEST,WEST,RUST REMOVER GEL 1 GAL
PRO-DERUSTLIQUID-GA,RUST REMOVER LIQUID 1 GAL,91.88,0,65.63,91.88,WEST,WEST,RUST REMOVER LIQUID 1 GAL
PRO-GREASE-100ML,ANTI-SEIZE GREASE 100ML,23.73,0,16.95,23.73,WEST,WEST,ANTI-SEIZE GREASE 100ML
PRO-GREASE-4L,ANTI-SEIZE GREASE 4L,191.83,0,137.02,191.83,WEST,WEST,ANTI-SEIZE GREASE 4L
PRO-GREASE-500ML,ANTI-SEIZE GREASE 500ML,49.48,0,35.34,49.48,WEST,WEST,ANTI-SEIZE GREASE 500ML
PRO-MH0300,X30 MARINE HEATER ONLY,5005.27,0,4352.41,5005.27,WEST,WEST,X30 MARINE HEATER ONLY
PRO-MK3000,X30 INSTALLATION KIT,638.65,0,555.35,638.65,WEST,WEST,X30 INSTALLATION KIT
PRO-MK3010,X30 EXHAUST KIT,1147.07,0,997.45,1147.07,WEST,WEST,X30 EXHAUST KIT
PRO-MK3020,X30 INSULATION KIT,800.20,0,695.83,800.20,WEST,WEST,X30 INSULATION KIT
PRO-PH0606,M50 HEATER 50K BTU 24V,7155.73,0,6222.37,7155.73,WEST,WEST,M50 HEATER 50K BTU 24V
PRO-PH0804,M80 HEATER 80K BTU 24V GII,7402.32,0,6436.80,7402.32,WEST,WEST,M80 HEATER 80K BTU 24V GII
PRO-PK0001-1,T-II TIMER KIT,432.53,0,357.30,432.53,WEST,WEST,T-II TIMER KIT
PRO-PK0064,M DATA LINK CABLE,170.00,0,147.83,170.00,WEST,WEST,M DATA LINK CABLE
PRO-PK0072,ADAPTER USB TO CANBUS,1657.83,0,1369.51,1657.83,WEST,WEST,ADAPTER USB TO CANBUS
PRO-PK0152,X30 MOUNTING BRKT SIDE FRAME,349.38,0,303.81,349.38,WEST,WEST,X30 MOUNTING BRKT SIDE FRAME
PRO-PK0304,M-SERIES BASIC INSTALL KIT 24V,1274.30,0,1108.09,1274.30,WEST,WEST,M-SERIES BASIC INSTALL KIT 24V
PRO-PK3000,X PROGRAMMER CONTRL CANBUS,450.81,0,392.01,450.81,WEST,WEST,X PROGRAMMER CONTRL CANBUS
PRO-PK3001,"X THERMOSTAT,BUNK FAN,CAN BUS",191.60,0,166.61,191.60,WEST,WEST,"X THERMOSTAT,BUNK FAN,CAN BUS"
PRO-PK3002,X ENLOSURE KIT,454.58,0,395.29,454.58,WEST,WEST,X ENLOSURE KIT
PRO-PK3005,X MOUNTING KIT UNIV W/FASTNRS,154.04,0,133.95,154.04,WEST,WEST,X MOUNTING KIT UNIV W/FASTNRS
PRO-PK3007,X SNORKEL KIT,161.55,0,140.48,161.55,WEST,WEST,X SNORKEL KIT
PRO-PK3035,ADVENTURE MODULE HEAT/HOT WTR,5085.00,0,4421.74,5085.00,WEST,WEST,ADVENTURE MODULE HEAT/HOT WTR
PRO-XTREME-MARINE-W,HEAVY-DUTY GEL COAT CLNR 500ML,22.50,0,16.07,22.50,WEST,WEST,HEAVY-DUTY GEL COAT CLNR 500ML
PRO-XTREMEMARINEWAS,HEAVY-DUTY GEL COAT CLNR 500ML,22.50,0,16.07,22.50,WEST,WEST,HEAVY-DUTY GEL COAT CLNR 500ML
PRP-2087,QCC TO P.O.L.TANK ADAPTER,54.98,0,29.63,54.98,WEST,WEST,QCC TO P.O.L.TANK ADAPTER
PRP-GR-800,SINGLE STAGE REGULATOR,43.82,0,23.62,43.82,WEST,WEST,SINGLE STAGE REGULATOR
PSP-LARGEKIT,PROPSPEED KIT 1-LITER,756.40,-2,518.89,756.40,WEST,WEST,PROPSPEED KIT 1-LITER
PSP-LSP15K,LIGHTSPEED 15ML KIT,56.09,0,44.87,56.09,WEST,WEST,LIGHTSPEED 15ML KIT
PSP-MEDIUMKIT,PROPSPEED KIT 500-ML,475.84,0,380.67,475.84,WEST,WEST,PROPSPEED KIT 500-ML
PSP-OMS1200,PAINT STIRRING KIT (10/PK),49.54,0,39.63,49.54,WEST,WEST,PAINT STIRRING KIT (10/PK)
PSP-SMALLKIT,PROPSPEED KIT 200-ML,313.49,0,284.07,313.49,WEST,WEST,PROPSPEED KIT 200-ML
PSS-02-100-134,1SHAFT 1-3/4TUBE SHAFT SEAL,561.11,0,379.70,561.11,WEST,WEST,1SHAFT 1-3/4TUBE SHAFT SEAL
PSS-03-60M-334,PRO 60MM SHFT 3-3/4 TB SHFT SL,1526.79,0,1033.16,1526.79,WEST,WEST,PRO 60MM SHFT 3-3/4 TB SHFT SL
PSS-07-118-200R,1-1/8SHAFT 2TUBE MAINT.KIT,166.26,0,112.51,166.26,WEST,WEST,1-1/8SHAFT 2TUBE MAINT.KIT
PSS-07-N10-0,1 (25MM) O-RING KIT,11.09,1,7.51,11.09,WEST,WEST,1 (25MM) O-RING KIT
PSS02200314,PSS SHAFT SEAL,922.88,0,553.73,922.88,WEST,WEST,PSS SHAFT SEAL
PYI-CJ12100,1/2HOSE CLAMP JACKET BLK(100),45.44,0,28.63,45.44,WEST,WEST,1/2HOSE CLAMP JACKET BLK(100)
PYI-CJ1225,1/2HOSE CLAMP JACKET BLK (25),13.17,0,8.30,13.17,WEST,WEST,1/2HOSE CLAMP JACKET BLK (25)
QUI-FVSSCKTMTE40A00,OSP KIT 4 MOTOR BRUSHES TYPE E,439.93,0,263.43,439.93,WEST,WEST,OSP KIT 4 MOTOR BRUSHES TYPE E
RAC-120AT,LEXAN BOWL FUEL FILTER 10MIC,272.61,0,176.18,272.61,WEST,WEST,LEXAN BOWL FUEL FILTER 10MIC
RAC-2010PM-OR,ELEMENT 30 MICRON-RED,22.80,3,13.96,22.80,WEST,WEST,ELEMENT 30 MICRON-RED
RAC-2010SM-OR,ELEMENT 2 MICRON-BROWN,22.80,4,13.96,22.80,WEST,WEST,ELEMENT 2 MICRON-BROWN
RAC-2010TM-OR,ELEMENT 10 MICRON-BLUE,22.80,5,13.96,22.80,WEST,WEST,ELEMENT 10 MICRON-BLUE
RAC-2020V10,FUEL ELEMENT CRTRDGE 10MIC,27.44,1,16.80,27.44,WEST,WEST,FUEL ELEMENT CRTRDGE 10MIC
RAC-2020V2,FUEL ELEMENT CRTRDGE 2MIC,27.44,0,16.80,27.44,WEST,WEST,FUEL ELEMENT CRTRDGE 2MIC
RAC-2040V10,ELEMENT 10 MICRON,23.40,4,14.33,23.40,WEST,WEST,ELEMENT 10 MICRON
RAC-2040V2,ELEMENT 2 MICRON,23.40,4,14.33,23.40,WEST,WEST,ELEMENT 2 MICRON
RAC-2040V30,ELEMENT 30 MICRON,7.80,3,4.78,7.80,WEST,WEST,ELEMENT 30 MICRON
RAC-230RMAM,FUEL FILTER/METAL BOWL,580.69,1,375.28,580.69,WEST,WEST,FUEL FILTER/METAL BOWL
RAC-500FG-10,FUEL FILTER,579.31,1,374.39,579.31,WEST,WEST,FUEL FILTER
RAC-CCV4500-08R,CRANKCASE VENT FILTER SYSTEM,915.59,1,560.56,915.59,WEST,WEST,CRANKCASE VENT FILTER SYSTEM
RAC-CCV55274-08,REPL ELEMENT F/CCV6000,156.48,1,95.80,156.48,WEST,WEST,REPL ELEMENT F/CCV6000
RAC-R12T,120 10 MICRON ELEMENT,47.51,0,29.09,47.51,WEST,WEST,120 10 MICRON ELEMENT
RAC-R15S,2 MICRON ELEMENT,79.34,4,48.57,79.34,WEST,WEST,2 MICRON ELEMENT
RAC-R15T,10 MICRON ELEMENT,77.73,1,47.59,77.73,WEST,WEST,10 MICRON ELEMENT
RAC-R20T,10 MICRON ELEMENT,61.08,0,37.39,61.08,WEST,WEST,10 MICRON ELEMENT
RAC-R20TUL,10 MICRON ELEMENT UL,81.85,0,50.11,81.85,WEST,WEST,10 MICRON ELEMENT UL
RAC-R24S,FILTER ELEMENT 2 MIC,70.00,0,42.86,70.00,WEST,WEST,FILTER ELEMENT 2 MIC
RAC-R58011-10,FILTER DFCM 10-MICRON,71.02,0,45.89,71.02,WEST,WEST,FILTER DFCM 10-MICRON
RAC-R90T,490-10 MICRON ELEMENT,69.94,0,42.82,69.94,WEST,WEST,490-10 MICRON ELEMENT
RAC-RK-30473-02,"KIT, 320MTL.BWL WHITE PAINT",186.35,0,120.43,186.35,WEST,WEST,"KIT, 320MTL.BWL WHITE PAINT"
RAC-RK11-1404,SEAL KIT 900/1000 FG,72.06,0,60.73,72.06,WEST,WEST,SEAL KIT 900/1000 FG
RAC-RK11-1606-1,REP.BOWL 900/1000 CLEAR,154.56,0,94.38,154.56,WEST,WEST,REP.BOWL 900/1000 CLEAR
RAC-RK11-1939,TURBINE REPL.KIT  900/1000,198.79,0,128.47,198.79,WEST,WEST,TURBINE REPL.KIT  900/1000
RAC-RK15211,SEAL SERVICE KIT FOR 500,85.91,0,67.67,85.91,WEST,WEST,SEAL SERVICE KIT FOR 500
RAC-RK15405,KIT-REPL.BOWL 500FG(C-THRU),164.92,1,114.95,164.92,WEST,WEST,KIT-REPL.BOWL 500FG(C-THRU)
RAC-RK30473-02,"KIT, 320MTL.BWL WHITE PAINT   """,169.54,0,109.56,169.54,WEST,WEST,"KIT, 320MTL.BWL WHITE PAINT   """
RAC-S3209T,75/B32009 10MIC.ELEMENT,84.64,0,51.82,84.64,WEST,WEST,75/B32009 10MIC.ELEMENT
RAC-S3213,REP ELEMENT FOR B32013,60.30,2,36.92,60.30,WEST,WEST,REP ELEMENT FOR B32013
RAC-S3220TUL,REP ELEMENT FOR B32020MAM,64.71,0,39.62,64.71,WEST,WEST,REP ELEMENT FOR B32020MAM
RAC-S3228TUL,ELEMENT FOR 320RRAC02,64.17,0,39.28,64.17,WEST,WEST,ELEMENT FOR 320RRAC02
RAC-S3232,ELEMENT FOR 660RRAC01,79.94,2,48.94,79.94,WEST,WEST,ELEMENT FOR 660RRAC01
RAC-S3232TUL,ELEMENT FOR 660RRAC02,84.94,0,52.00,84.94,WEST,WEST,ELEMENT FOR 660RRAC02
RAC-S3240TUL,REP ELE.FOR 120R RAC-01/RAC-02,57.33,0,35.10,57.33,WEST,WEST,REP ELE.FOR 120R RAC-01/RAC-02
RAG-WHO201-10,WHO201 1 WHITE RAG 10LB/CTN,23.15,0,12.47,23.15,WEST,WEST,WHO201 1 WHITE RAG 10LB/CTN
RAG-WHO701-10,WHO701 1WHITE GANZIE 10LB CTN,59.69,0,32.17,59.69,WEST,WEST,WHO701 1WHITE GANZIE 10LB CTN
RAY-1209,6V.SPRING TERMINAL LANTERN BTY,12.58,0,7.15,12.58,WEST,WEST,6V.SPRING TERMINAL LANTERN BTY
RAY-A06031,STNG BACKBONE TERMINATOR,40.71,0,34.92,40.71,WEST,WEST,STNG BACKBONE TERMINATOR
RAY-A06033,BACKBONE CABLE 400MM,65.42,0,56.12,65.42,WEST,WEST,BACKBONE CABLE 400MM
RAY-A06064,5 WAY CONNECTOR,72.70,0,62.36,72.70,WEST,WEST,5 WAY CONNECTOR
RAY-A80297,HANDSET ADAPTER W/RCA RADIO,145.39,0,124.71,145.39,WEST,WEST,HANDSET ADAPTER W/RCA RADIO
RAY-A80489,AXIOM RV TO CP370 XDCR CBL,109.05,0,93.54,109.05,WEST,WEST,AXIOM RV TO CP370 XDCR CBL
RAY-A80589,GA200 GPS ANTENNA,254.45,0,218.26,254.45,WEST,WEST,GA200 GPS ANTENNA
RAY-A80701,EXT ANTENNA 5M EXT CABLE KIT,617.98,0,530.09,617.98,WEST,WEST,EXT ANTENNA 5M EXT CABLE KIT
RAY-BEPLN6V-BTA,FLOATING 6V LED LANTERN W/BAT,28.07,0,15.97,28.07,WEST,WEST,FLOATING 6V LED LANTERN W/BAT
RAY-E70476,AIS700 CLS B TRANS W/ANT SPLIT,1759.44,0,1509.21,1759.44,WEST,WEST,AIS700 CLS B TRANS W/ANT SPLIT
RAY-E70492,RAY90 VHF BLK BOX HAND/SPKR/CB,1410.45,0,1209.86,1410.45,WEST,WEST,RAY90 VHF BLK BOX HAND/SPKR/CB
RAY-E70516,RAY63 VHF RADIO,879.71,0,754.60,879.71,WEST,WEST,RAY63 VHF RADIO
RAY-E70517,RAY73 VHF RADIO W/GPS AIS,1235.97,0,1060.19,1235.97,WEST,WEST,RAY73 VHF RADIO W/GPS AIS
RAY-E70524,RAY53 VHF RADIO,719.75,0,617.39,719.75,WEST,WEST,RAY53 VHF RADIO
RAY-E70637-00-102,AXIOM+9 RV MULTI 9DISPLAY,2311.99,0,1983.18,2311.99,WEST,WEST,AXIOM+9 RV MULTI 9DISPLAY
RAY-E70639,AXIOM+12 RV 12MFD 3D 600W,4238.66,0,3635.84,4238.66,WEST,WEST,AXIOM+12 RV 12MFD 3D 600W
RAY-M81120,TYPE 1/12V HYDRAULIC PUMP,1599.48,0,1372.00,1599.48,WEST,WEST,TYPE 1/12V HYDRAULIC PUMP
RCA-10KGS/S,ROCNA STAINLESS ANCHOR,2037.18,0,1527.92,2037.18,WEST,WEST,ROCNA STAINLESS ANCHOR
RCA-110KGGALV,ROCNA GALVANIZED ANCHOR,7304.04,0,5478.17,7304.04,WEST,WEST,ROCNA GALVANIZED ANCHOR
RCA-110KGS/S,ROCNA STAINLESS ANCHOR,15286.70,0,11465.31,15286.70,WEST,WEST,ROCNA STAINLESS ANCHOR
RCA-150KGGALV,ROCNA GALVANIZED ANCHOR,9453.42,0,7090.24,9453.42,WEST,WEST,ROCNA GALVANIZED ANCHOR
RCA-150KGS/S,ROCNA STAINLESS ANCHOR,20507.81,0,15381.24,20507.81,WEST,WEST,ROCNA STAINLESS ANCHOR
RCA-15KGGALV,ROCNA GALVANIZED ANCHOR,585.81,0,439.37,585.81,WEST,WEST,ROCNA GALVANIZED ANCHOR
RCA-15KGS/S,ROCNA STAINLESS ANCHOR,2852.92,0,2139.74,2852.92,WEST,WEST,ROCNA STAINLESS ANCHOR
RCA-275KGS/S,ROCNA STAINLESS ANCHOR,41017.01,0,30763.53,41017.01,WEST,WEST,ROCNA STAINLESS ANCHOR
REC-13-328-18.9L,PAINT THINNER,146.41,-3,78.90,146.41,WEST,WEST,PAINT THINNER
REC-53-261,SOLVABLE ACETONE 946 ML,19.84,0,10.15,19.84,WEST,WEST,SOLVABLE ACETONE 946 ML
REC-53-301,SOLVABLE BIO TURPENTINE 946 ML,34.52,0,18.60,34.52,WEST,WEST,SOLVABLE BIO TURPENTINE 946 ML
REC-53-321,SOLVABLE PAINT THN/CLNR 946 ML,9.92,1,5.35,9.92,WEST,WEST,SOLVABLE PAINT THN/CLNR 946 ML
REC-53-321V,PAINT THNR/CLRNR ( NEW VOC) 846ML,21.79,6,11.15,21.79,WEST,WEST,PAINT THNR/CLRNR ( NEW VOC) 846ML
REC-53-324,SOLVABLE PAINT THN/CLN 3.78LTR,25.55,0,13.77,25.55,WEST,WEST,SOLVABLE PAINT THN/CLN 3.78LTR
REC-53-328,SOLVABLE PAINT THN/CLN 18.9LTR,114.11,0,61.50,114.11,WEST,WEST,SOLVABLE PAINT THN/CLN 18.9LTR
REC-53-391,SOLVABLE METHYL HYDRATE 946ML,9.95,5,5.36,9.95,WEST,WEST,SOLVABLE METHYL HYDRATE 946ML
RED-R-255-10,12V.DOUBLE FAN HEATER,1217.88,0,656.34,1217.88,WEST,WEST,12V.DOUBLE FAN HEATER
RHS-SS1-C,SEA SCUPPER-1DRAIN (CLR),28.04,2,15.11,28.04,WEST,WEST,SEA SCUPPER-1DRAIN (CLR)
RHS-SS3-C,SEA SCUPPER-3DRAIN (CLR),55.96,2,30.16,55.96,WEST,WEST,SEA SCUPPER-3DRAIN (CLR)
RIC-04512,ERGO-GRIP PAINT SCRAPER 9HND,19.57,0,10.55,19.57,WEST,WEST,ERGO-GRIP PAINT SCRAPER 9HND
RIC-04514,ERGO-GRIP PAINT SCRAPER 14HND,23.40,0,12.61,23.40,WEST,WEST,ERGO-GRIP PAINT SCRAPER 14HND
RIC-703,PAINT MIXER (CARDED),6.33,0,3.41,6.33,WEST,WEST,PAINT MIXER (CARDED)
RIC-W-1-3/4,WOOD SCRAPER,10.50,1,5.66,10.50,WEST,WEST,WOOD SCRAPER
RIC-W-1-3/4-B,REPLACEMENT BLADE,3.87,1,2.09,3.87,WEST,WEST,REPLACEMENT BLADE
RIC-W-10,WOOD SCRAPER,8.72,4,4.70,8.72,WEST,WEST,WOOD SCRAPER
RIC-W-10-B,REPLACEMENT BLADE,3.84,4,2.07,3.84,WEST,WEST,REPLACEMENT BLADE
RIC-W-2-1/2,WOOD SCRAPER,11.97,2,6.45,11.97,WEST,WEST,WOOD SCRAPER
RIC-W-2-1/2-B,REPLACEMENT BLADE,4.02,0,2.17,4.02,WEST,WEST,REPLACEMENT BLADE
RIT-B-81,VOYAGER BRACKET MOUNT,488.69,0,278.00,488.69,WEST,WEST,VOYAGER BRACKET MOUNT
RIT-FN-201,NAVIGATOR FLUSH MOUNT,1131.98,0,643.94,1131.98,WEST,WEST,NAVIGATOR FLUSH MOUNT
RIT-FN-203,NAVIGATOR FLUSH MOUNT,1178.30,0,670.29,1178.30,WEST,WEST,NAVIGATOR FLUSH MOUNT
ROC-520832,WIPER BLADE W38 32 SS BLK,122.86,1,66.21,122.86,WEST,WEST,WIPER BLADE W38 32 SS BLK
ROC-LARGEGRN,"GREEN LARGE 39"""" ROCKGARD      """,1137.27,0,924.61,1137.27,WEST,WEST,"GREEN LARGE 39"""" ROCKGARD      """
ROC-M0-65,6.5 MARINE GRADE SPEAKERS WHT,214.78,1,134.24,214.78,WEST,WEST,6.5 MARINE GRADE SPEAKERS WHT
ROC-MEDIUMGRN,"GREEN MEDIUM 33"""" ROCKGARD     """,1070.00,0,869.92,1070.00,WEST,WEST,"GREEN MEDIUM 33"""" ROCKGARD     """
ROC-PMX-ANT,AM/FM/WB AMPLIFIED 12V ANTENNA,138.34,0,86.46,138.34,WEST,WEST,AM/FM/WB AMPLIFIED 12V ANTENNA
ROC-REGGRN,"GREEN REGULAR 27"""" ROCKGARD    """,976.16,0,793.63,976.16,WEST,WEST,"GREEN REGULAR 27"""" ROCKGARD    """
ROC-SEADOOGRN,GREEN SEADOO ROCKGARD,826.40,0,671.87,826.40,WEST,WEST,GREEN SEADOO ROCKGARD
RTI-35022,9PLST TRAY KIT/9RLR 2.5BRSH,30.76,0,16.58,30.76,WEST,WEST,9PLST TRAY KIT/9RLR 2.5BRSH
RTI-7R-22PH,BOTTOM PAINT ROLLER,7.48,0,4.03,7.48,WEST,WEST,BOTTOM PAINT ROLLER
RTI-9R-14PH,BOTTOM PAINT ROLLER,9.92,0,5.35,9.92,WEST,WEST,BOTTOM PAINT ROLLER
RTI-9R-22PH,BOTTOM PAINT ROLLER,9.37,0,5.05,9.37,WEST,WEST,BOTTOM PAINT ROLLER
RTI-AMERICANA-1,AMERICANA BRUSH,28.74,0,15.49,28.74,WEST,WEST,AMERICANA BRUSH
RTI-AMERICANA-2,AMERICANA BRUSH,48.21,0,25.98,48.21,WEST,WEST,AMERICANA BRUSH
RTI-BADGER-1-1/2,BADGER PREMIUM BRUSH,57.68,0,31.09,57.68,WEST,WEST,BADGER PREMIUM BRUSH
RTI-BADGER-2,BADGER PREMIUM BRUSH,69.05,3,37.21,69.05,WEST,WEST,BADGER PREMIUM BRUSH
RTI-BADGER-3,BADGER PREMIUM BRUSH,100.40,2,54.11,100.40,WEST,WEST,BADGER PREMIUM BRUSH
RTI-CHIP-1,CHIP BRISTLE BRUSH,3.22,16,1.74,3.22,WEST,WEST,CHIP BRISTLE BRUSH
RTI-CHIP-1/2,CHIP BRISTLE BRUSH,2.35,20,1.27,2.35,WEST,WEST,CHIP BRISTLE BRUSH
RTI-CHIP-2,CHIP BRISTLE BRUSH,4.86,2,2.62,4.86,WEST,WEST,CHIP BRISTLE BRUSH
RTI-FOAM-1,FOAM BRUSH-WOOD HNDL,1.42,17,0.77,1.42,WEST,WEST,FOAM BRUSH-WOOD HNDL
RTI-FOAM-2,FOAM BRUSH-WOOD HNDL,1.77,6,0.96,1.77,WEST,WEST,FOAM BRUSH-WOOD HNDL
RTI-FOAM-3,FOAM BRUSH-WOOD HNDL,2.30,26,1.24,2.30,WEST,WEST,FOAM BRUSH-WOOD HNDL
RTI-FOAM-4,FOAM BRUSH-WOOD HNDL,2.96,4,1.59,2.96,WEST,WEST,FOAM BRUSH-WOOD HNDL
RTI-MINI-4,MINI ROLLER SET 4,24.27,0,13.08,24.27,WEST,WEST,MINI ROLLER SET 4
RUL-02,12V 1500-GPH BILGE PUMP,235.65,0,134.05,235.65,WEST,WEST,12V 1500-GPH BILGE PUMP
RUL-09,12V 2000-GPH BILGE PUMP 5-YEAR,384.05,0,218.47,384.05,WEST,WEST,12V 2000-GPH BILGE PUMP 5-YEAR
RUL-10,12V 2000-GPH BILGE PUMP,330.56,-1,188.04,330.56,WEST,WEST,12V 2000-GPH BILGE PUMP
RUL-12,24V 2000-GPH BILGE PUMP,361.45,0,205.62,361.45,WEST,WEST,24V 2000-GPH BILGE PUMP
RUL-140,INLINE BILGE BLOWER 3,95.02,0,54.05,95.02,WEST,WEST,INLINE BILGE BLOWER 3
RUL-240,INLINE BILGE BLOWER 4,103.99,0,59.16,103.99,WEST,WEST,INLINE BILGE BLOWER 4
RUL-25DA,12V 500-GPH BILGE PUMP,68.79,2,39.13,68.79,WEST,WEST,12V 500-GPH BILGE PUMP
RUL-25DA-35A,12V 500-GPH PUMP&SWITCH COMBO,174.98,1,99.54,174.98,WEST,WEST,12V 500-GPH PUMP&SWITCH COMBO
RUL-25SA,12V 500-GPH AUTO.BILGE PUMP,190.86,0,108.58,190.86,WEST,WEST,12V 500-GPH AUTO.BILGE PUMP
RUL-35-A,FLOAT SWITCH,89.58,1,50.96,89.58,WEST,WEST,FLOAT SWITCH
RUL-35-FA,FLOAT SWITCH W/FUSE HOLDER,99.85,0,56.80,99.85,WEST,WEST,FLOAT SWITCH W/FUSE HOLDER
RUL-37-A,SUPER SWITCH,133.33,1,75.85,133.33,WEST,WEST,SUPER SWITCH
RUL-37-FA,SUPER SWITCH W/FUSE HOLDER,144.51,0,82.20,144.51,WEST,WEST,SUPER SWITCH W/FUSE HOLDER
RUL-40-A,FLOAT SWITCH PLUS,114.88,0,65.35,114.88,WEST,WEST,FLOAT SWITCH PLUS
RUL-40-FA,FLOAT SWITCH PLUS W/FUSE HOLDR,124.67,0,70.92,124.67,WEST,WEST,FLOAT SWITCH PLUS W/FUSE HOLDR
RUL-42,3-WAY PANEL SWITCH 24/32V,93.79,0,53.35,93.79,WEST,WEST,3-WAY PANEL SWITCH 24/32V
RUL-43,3-WAY PANEL SWITCH 12V,83.05,2,47.24,83.05,WEST,WEST,3-WAY PANEL SWITCH 12V
RUL-98B,12V SHOWER DRAIN KIT 800GPH,335.52,0,190.86,335.52,WEST,WEST,12V SHOWER DRAIN KIT 800GPH
RUL-LP900D,12V 900-GPH L/P NON-AUTO PUMP,175.65,1,99.92,175.65,WEST,WEST,12V 900-GPH L/P NON-AUTO PUMP
RUL-LP900S,12V 900-GPH L/P AUTO PUMP,184.59,1,105.00,184.59,WEST,WEST,12V 900-GPH L/P AUTO PUMP
RUL-RM-800B,12V 800-GPH AUTO.BILGE PUMP,214.23,0,121.87,214.23,WEST,WEST,12V 800-GPH AUTO.BILGE PUMP
SAM-604GW-1/2X20,DUAL-BRAID DOCK LINE-GOLD/WHT,91.35,1,49.23,91.35,WEST,WEST,DUAL-BRAID DOCK LINE-GOLD/WHT
SAM-604GW-1/2X25,DUAL-BRAID DOCK LINE-GOLD/WHT,104.98,1,56.57,104.98,WEST,WEST,DUAL-BRAID DOCK LINE-GOLD/WHT
SCA-17103,PAINTED SC100 SL72 TOP-PTHFNDR,555.53,0,333.31,555.53,WEST,WEST,PAINTED SC100 SL72 TOP-PTHFNDR
SCA-41322P,DOME LIGHT 7 W/DIMM SW 10-30V,151.02,0,81.39,151.02,WEST,WEST,DOME LIGHT 7 W/DIMM SW 10-30V
SCA-41388P,LED ENGINE ROOM LIGHT 12V CW,136.89,0,73.77,136.89,WEST,WEST,LED ENGINE ROOM LIGHT 12V CW
SCA-41389P,LED ENGINE ROOM LT 10-30V CW,197.58,0,106.48,197.58,WEST,WEST,LED ENGINE ROOM LT 10-30V CW
SCA-APT-GPS-01,CENTRAL GPS/VHF ANTENNA BAR,407.18,0,244.30,407.18,WEST,WEST,CENTRAL GPS/VHF ANTENNA BAR
SCA-APT-LB-GPS2-01,CENTRAL BAR F/2 ANTENNA&1NAVLT,624.96,0,374.98,624.96,WEST,WEST,CENTRAL BAR F/2 ANTENNA&1NAVLT
SCA-LM-GPS,GPS/VHF ANTENNA MOUNT SLF LVLR,208.32,0,124.99,208.32,WEST,WEST,GPS/VHF ANTENNA MOUNT SLF LVLR
SCA-RA-01,RAIL MOUNT FOR GPS/VHF ANTENNA,147.72,0,88.63,147.72,WEST,WEST,RAIL MOUNT FOR GPS/VHF ANTENNA
SCA-SC45,SATCOM ANTENNA MOUNT,682.29,0,409.37,682.29,WEST,WEST,SATCOM ANTENNA MOUNT
SCE-03780,3.2GAL PORTABL FUELTANK(003780,100.95,0,54.40,100.95,WEST,WEST,3.2GAL PORTABL FUELTANK(003780
SCE-04075,1/4NPT MALE TANK CONN(033470),14.43,1,7.78,14.43,WEST,WEST,1/4NPT MALE TANK CONN(033470)
SCE-04158,3-GAL NEPTUNE FUEL TANK(004158,67.50,0,36.38,67.50,WEST,WEST,3-GAL NEPTUNE FUEL TANK(004158
SCE-05787,JON/EVN 5/16H ENG CONN(033410,9.70,1,5.23,9.70,WEST,WEST,JON/EVN 5/16H ENG CONN(033410
SCE-05791,3/8BRB FEM FUELINE CONN(033482,8.95,1,4.82,8.95,WEST,WEST,3/8BRB FEM FUELINE CONN(033482
SCE-05813,5/16BRB FEM FUELIN CONN(033471,9.70,2,5.23,9.70,WEST,WEST,5/16BRB FEM FUELIN CONN(033471
SCE-10837,EXPANDABLE FUEL TNK HLDOWN KIT,58.78,0,31.68,58.78,WEST,WEST,EXPANDABLE FUEL TNK HLDOWN KIT
SCO-1126,ELECTRIC SOCKET ONLY (HELLA),38.34,0,21.81,38.34,WEST,WEST,ELECTRIC SOCKET ONLY (HELLA)
SCO-1127,ELECTRIC PLUG ONLY  (HELLA),17.57,1,9.99,17.57,WEST,WEST,ELECTRIC PLUG ONLY  (HELLA)
SCO-1155,NICKEL/SILVER TROLLING SNAPS,15.56,4,8.85,15.56,WEST,WEST,NICKEL/SILVER TROLLING SNAPS
SCO-2125,ELEC.PLUG & SOCKET (MARINCO),64.33,2,36.59,64.33,WEST,WEST,ELEC.PLUG & SOCKET (MARINCO)
SCO-2500,SCOTTY LINE PULLER W/1023 MNT,658.81,0,507.61,658.81,WEST,WEST,SCOTTY LINE PULLER W/1023 MNT
SCO-440-BK-1,"SCOTTY LOW PRO TRACK 1""",7.65,0,4.35,7.65,WEST,WEST,"SCOTTY LOW PRO TRACK 1"""
SCO-793,50FT.LIFELINE W/THROWING BAG,39.06,0,22.22,39.06,WEST,WEST,50FT.LIFELINE W/THROWING BAG
SCO-797,ANCHOR KIT,52.71,0,29.98,52.71,WEST,WEST,ANCHOR KIT
SED-040106-1,GALV.OPEN BASE CLEAT-6(FH),16.48,1,7.42,16.48,WEST,WEST,GALV.OPEN BASE CLEAT-6(FH)
SED-041604-1,S/S OPEN BASE CLEAT-4,44.40,2,19.98,44.40,WEST,WEST,S/S OPEN BASE CLEAT-4
SED-041605-1,S/S OPEN BASE CLEAT-5,55.00,2,24.75,55.00,WEST,WEST,S/S OPEN BASE CLEAT-5
SED-041606-1,S/S OPEN BASE CLEAT-6,48.60,5,21.87,48.60,WEST,WEST,S/S OPEN BASE CLEAT-6
SED-041608-1,S/S OPEN BASE CLEAT-8,99.02,4,44.56,99.02,WEST,WEST,S/S OPEN BASE CLEAT-8
SED-041610-1,S/S OPEN BASE CLEAT-10,134.64,2,60.59,134.64,WEST,WEST,S/S OPEN BASE CLEAT-10
SED-041708,S/S H.D.CLEAT-8,147.62,2,66.43,147.62,WEST,WEST,S/S H.D.CLEAT-8
SED-043030-1,NYLON OPEN BASE CLEAT-3BLACK,7.80,2,3.51,7.80,WEST,WEST,NYLON OPEN BASE CLEAT-3BLACK
SED-043040-1,NYLON OPEN BASE CLEAT-4BLACK,8.78,1,3.95,8.78,WEST,WEST,NYLON OPEN BASE CLEAT-4BLACK
SED-043360-1,NYLON H.D.CLEAT 6BLACK,19.14,2,8.61,19.14,WEST,WEST,NYLON H.D.CLEAT 6BLACK
SED-044104-1,CHR.ZINC CLEAT 4-1/2,18.16,2,8.17,18.16,WEST,WEST,CHR.ZINC CLEAT 4-1/2
SED-055408-1,S/S RUB STRAKE 3/4X8,18.54,1,8.34,18.54,WEST,WEST,S/S RUB STRAKE 3/4X8
SED-055424-1,S/S RUB STRAKE 3/4X24,40.20,0,18.09,40.20,WEST,WEST,S/S RUB STRAKE 3/4X24
SED-060060-1,S/S SKENE CHOCKS 4-1/2,85.64,1,38.54,85.64,WEST,WEST,S/S SKENE CHOCKS 4-1/2
SED-060065-1,S/S SKENE CHOCKS 6,144.40,1,64.98,144.40,WEST,WEST,S/S SKENE CHOCKS 6
SED-079133,CHR/ZC.BOW EYE 3/8X3,15.82,1,7.12,15.82,WEST,WEST,CHR/ZC.BOW EYE 3/8X3
SED-079133-1,CHR/ZC.BOW EYE 3/8X3,18.54,1,8.34,18.54,WEST,WEST,CHR/ZC.BOW EYE 3/8X3
SED-080035-1,S/S BOW EYE 3/8X 3.5,32.06,3,14.43,32.06,WEST,WEST,S/S BOW EYE 3/8X 3.5
SED-080055-1,S/S BOW EYE 7/16X 3.5,50.62,1,22.78,50.62,WEST,WEST,S/S BOW EYE 7/16X 3.5
SED-081200-1,S/S PAD EYE 5/16      (2/CRD),10.02,2,4.51,10.02,WEST,WEST,S/S PAD EYE 5/16      (2/CRD)
SED-081242-1,CHR.ZINC PAD EYE 3/8,11.42,1,5.14,11.42,WEST,WEST,CHR.ZINC PAD EYE 3/8
SED-081252,CHR.TIE DOWN EYE STRAP 2,8.78,0,3.95,8.78,WEST,WEST,CHR.TIE DOWN EYE STRAP 2
SED-081252-1,CHR.TIE DOWN EYE STRAP 2,20.26,1,9.12,20.26,WEST,WEST,CHR.TIE DOWN EYE STRAP 2
SED-081265-1,S/S TIEDOWN EYE STRAP 1-3/8,12.20,1,5.49,12.20,WEST,WEST,S/S TIEDOWN EYE STRAP 1-3/8
SED-081270,BRONZE PAD EYE 5/16,4.34,0,1.95,4.34,WEST,WEST,BRONZE PAD EYE 5/16
SED-081270-1,BRONZE PAD EYE 5/16,10.80,2,4.86,10.80,WEST,WEST,BRONZE PAD EYE 5/16
SED-081310-1,NYLON PAD EYE-BLACK    (5/CRD),5.88,3,2.65,5.88,WEST,WEST,NYLON PAD EYE-BLACK    (5/CRD)
SED-136800-1,BRONZE TRIGGER SNAP,25.78,1,11.60,25.78,WEST,WEST,BRONZE TRIGGER SNAP
SED-138420-1,BRONZE FAST EYE BABY SNAP,12.56,2,5.65,12.56,WEST,WEST,BRONZE FAST EYE BABY SNAP
SED-139016-1,BRASS SWIVEL EYE BOLT SNAP,14.00,2,6.30,14.00,WEST,WEST,BRASS SWIVEL EYE BOLT SNAP
SED-139120-1,BRASS FAST EYE SNAP 0,8.02,3,3.61,8.02,WEST,WEST,BRASS FAST EYE SNAP 0
SED-139121-1,BRASS FAST EYE SNAP 1,10.14,1,4.56,10.14,WEST,WEST,BRASS FAST EYE SNAP 1
SED-139122-1,BRASS FAST EYE SNAP 2,13.54,1,6.09,13.54,WEST,WEST,BRASS FAST EYE SNAP 2
SED-139131-1,BRASS SWIVEL EYE SNAP 1,15.26,1,6.87,15.26,WEST,WEST,BRASS SWIVEL EYE SNAP 1
SED-139132-1,BRASS SWIVEL EYE SNAP 2,17.96,1,8.08,17.96,WEST,WEST,BRASS SWIVEL EYE SNAP 2
SED-139800-1,BRASS TRIGGER SNAP,12.28,1,5.53,12.28,WEST,WEST,BRASS TRIGGER SNAP
SED-147056-1,S/S ANCHOR SHACKLE-1/4,7.42,1,3.34,7.42,WEST,WEST,S/S ANCHOR SHACKLE-1/4
SED-147058,S/S ANCHOR SHACKLE-5/16,10.20,1,4.59,10.20,WEST,WEST,S/S ANCHOR SHACKLE-5/16
SED-147058-1,S/S ANCHOR SHACKLE-5/16,12.44,1,5.60,12.44,WEST,WEST,S/S ANCHOR SHACKLE-5/16
SED-147808-1,GALV ANCHOR SHACKLE 5/16,4.78,1,2.15,4.78,WEST,WEST,GALV ANCHOR SHACKLE 5/16
SED-147810-1,GALV ANCHOR SHACKLE 3/8,6.38,1,2.87,6.38,WEST,WEST,GALV ANCHOR SHACKLE 3/8
SED-153010-1,S/S QUICK LINK 3/8,71.30,1,32.08,71.30,WEST,WEST,S/S QUICK LINK 3/8
SED-154270-1,S/S SPR.GATE SNAP HOOK,19.34,3,8.70,19.34,WEST,WEST,S/S SPR.GATE SNAP HOOK
SED-155812-1,NICKEL PLTD.UTILITY SNAP HOOK,9.54,1,4.29,9.54,WEST,WEST,NICKEL PLTD.UTILITY SNAP HOOK
SED-156080-1,PLTD.STEEL SNAP-5/16,4.78,2,2.15,4.78,WEST,WEST,PLTD.STEEL SNAP-5/16
SED-158008-1,GALV. QUICK LINK-5/16,5.18,1,2.33,5.18,WEST,WEST,GALV. QUICK LINK-5/16
SED-158010-1,GALV. QUICK LINK-3/8,8.18,2,3.68,8.18,WEST,WEST,GALV. QUICK LINK-3/8
SED-182614,S/S ANCHOR SWIVEL 1/2-5/8CHN,460.20,1,207.09,460.20,WEST,WEST,S/S ANCHOR SWIVEL 1/2-5/8CHN
SED-192625,GALV.RING 3/8X 2-1/2,5.10,0,2.29,5.10,WEST,WEST,GALV.RING 3/8X 2-1/2
SED-193415,1/4S/S RELEASE PIN,4.62,2,2.08,4.62,WEST,WEST,1/4S/S RELEASE PIN
SED-193562-1,S/S SPLIT RING 15/32 (4/CRD),6.56,3,2.95,6.56,WEST,WEST,S/S SPLIT RING 15/32 (4/CRD)
SED-201030-1,S/S DOOR HINGE 2-3/4x1-1/2,31.86,2,14.34,31.86,WEST,WEST,S/S DOOR HINGE 2-3/4x1-1/2
SED-201070-1,S/S BUTT HINGE 1-1/4,23.88,2,10.75,23.88,WEST,WEST,S/S BUTT HINGE 1-1/4
SED-201072-1,S/S BUTT HINGE 2,31.28,1,14.08,31.28,WEST,WEST,S/S BUTT HINGE 2
SED-201080-1,S/S BUTT HINGE 2x3,37.78,1,17.00,37.78,WEST,WEST,S/S BUTT HINGE 2x3
SED-201582-1,S/S BUTT HINGE 2X2,32.92,1,14.81,32.92,WEST,WEST,S/S BUTT HINGE 2X2
SED-201725-1,S/S FLUSH MT.ROUND SIDE HINGE,33.36,1,15.01,33.36,WEST,WEST,S/S FLUSH MT.ROUND SIDE HINGE
SED-201916-1,S/S SEMI-CONCEALED HINGE PR,20.42,3,9.19,20.42,WEST,WEST,S/S SEMI-CONCEALED HINGE PR
SED-201954-1,S/S FLUSH HINGE,24.14,3,10.86,24.14,WEST,WEST,S/S FLUSH HINGE
SED-202530-1,ZYTEL DOOR HINGE-BLACK,12.82,2,5.77,12.82,WEST,WEST,ZYTEL DOOR HINGE-BLACK
SED-202531-1,ZYTEL DOOR HINGE-WHITE,13.10,2,5.89,13.10,WEST,WEST,ZYTEL DOOR HINGE-WHITE
SED-204280-1,CHROME HATCH HINGE,76.64,1,34.49,76.64,WEST,WEST,CHROME HATCH HINGE
SED-205270-1,S/S TAKE-APART HINGE-L,68.26,1,30.72,68.26,WEST,WEST,S/S TAKE-APART HINGE-L
SED-205276-1,S/S TAKE-APART HINGE-L,29.88,1,13.45,29.88,WEST,WEST,S/S TAKE-APART HINGE-L
SED-205280-1,S/S HATCH HINGE,69.74,1,31.38,69.74,WEST,WEST,S/S HATCH HINGE
SED-205320-1,S/S DOOR HINGE 1-1/2X3,64.10,2,28.84,64.10,WEST,WEST,S/S DOOR HINGE 1-1/2X3
SED-221120-1,S/S SAFETY HASP 2-11/16,19.32,0,8.69,19.32,WEST,WEST,S/S SAFETY HASP 2-11/16
SED-221130-1,S/S SWIVEL SAFETY HASP,28.86,3,12.99,28.86,WEST,WEST,S/S SWIVEL SAFETY HASP
SED-221150-1,S/S LOCKING HASP,48.60,1,21.87,48.60,WEST,WEST,S/S LOCKING HASP
SED-221815-1,S/S SPRING LIFT HANDLE,23.14,4,10.41,23.14,WEST,WEST,S/S SPRING LIFT HANDLE
SED-221820-1,S/S HATCH HANDLE,28.86,2,12.99,28.86,WEST,WEST,S/S HATCH HANDLE
SED-221831-1,S/S SURF/MT.LOCKING LIFT RING,38.50,1,17.32,38.50,WEST,WEST,S/S SURF/MT.LOCKING LIFT RING
SED-221840-1,S/S LIFT HANDLE ROUND,11.64,2,5.24,11.64,WEST,WEST,S/S LIFT HANDLE ROUND
SED-222113-1,CHR/BRASS DOOR HOOK 2-3/4,15.34,3,6.90,15.34,WEST,WEST,CHR/BRASS DOOR HOOK 2-3/4
SED-222330-1,CHR.BRASS ELBOW CATCH,23.64,1,10.64,23.64,WEST,WEST,CHR.BRASS ELBOW CATCH
SED-222340-1,4-3/4 PULL HANDLE,25.98,2,11.69,25.98,WEST,WEST,4-3/4 PULL HANDLE
SED-222360-1,CHR.BRASS DOOR BUTTON,25.94,2,11.67,25.94,WEST,WEST,CHR.BRASS DOOR BUTTON
SED-222420-1,CHR/BRASS LIFT HANDLE,40.46,2,18.21,40.46,WEST,WEST,CHR/BRASS LIFT HANDLE
SED-222841,BR.BALL CATCH 1-5/8,6.38,5,2.87,6.38,WEST,WEST,BR.BALL CATCH 1-5/8
SED-222841-1,BR.BALL CATCH 1-5/8   (2/CRD),17.04,2,7.67,17.04,WEST,WEST,BR.BALL CATCH 1-5/8   (2/CRD)
SED-222842-1,BR.BALL CATCH 1-15/16 (2/CRD),19.20,1,8.64,19.20,WEST,WEST,BR.BALL CATCH 1-15/16 (2/CRD)
SED-224301-1,BRASS PUSH BUTTON RIM LATCH,50.46,1,22.71,50.46,WEST,WEST,BRASS PUSH BUTTON RIM LATCH
SED-227260-1,NYLON STEP HANDLE,22.40,2,10.08,22.40,WEST,WEST,NYLON STEP HANDLE
SED-227310-1,DELRIN FLUSH PULL-BLK,8.18,1,3.68,8.18,WEST,WEST,DELRIN FLUSH PULL-BLK
SED-270166-1,S/S TOP SLIDE W/BOLT 7/8,63.44,4,28.55,63.44,WEST,WEST,S/S TOP SLIDE W/BOLT 7/8
SED-270210-1,S/S 90 DK.HINGE W/PIN,34.58,1,15.56,34.58,WEST,WEST,S/S 90 DK.HINGE W/PIN
SED-273160-1,NYLON JAW SLIDE BLACK 7/8,19.48,1,8.77,19.48,WEST,WEST,NYLON JAW SLIDE BLACK 7/8
SED-273161-1,NYLON JAW SLIDE WHITE 7/8,20.26,1,9.12,20.26,WEST,WEST,NYLON JAW SLIDE WHITE 7/8
SED-273175-1,NYLON INSIDE EYE BLACK-3/4,9.82,1,4.42,9.82,WEST,WEST,NYLON INSIDE EYE BLACK-3/4
SED-273180-1,NYLON INSIDE EYE BLACK-7/8,8.14,1,3.66,8.14,WEST,WEST,NYLON INSIDE EYE BLACK-7/8
SED-273200-1,NYLON LARGE DECK HINGE BLACK,11.46,3,5.16,11.46,WEST,WEST,NYLON LARGE DECK HINGE BLACK
SED-273230-1,NYLON DECK HINGE/ANGLED BLACK,11.46,1,5.16,11.46,WEST,WEST,NYLON DECK HINGE/ANGLED BLACK
SED-273231-1,NYLON DECK HINGE/ANGLED WHITE,12.56,1,5.65,12.56,WEST,WEST,NYLON DECK HINGE/ANGLED WHITE
SED-273261-1,NYLON S/M SLIDE .85TRACK WHITE,20.26,2,9.12,20.26,WEST,WEST,NYLON S/M SLIDE .85TRACK WHITE
SED-273265-1,NYLON SM SLIDE 1.05TRACK BLACK,21.58,1,9.71,21.58,WEST,WEST,NYLON SM SLIDE 1.05TRACK BLACK
SED-273286-1,NYLON.85 TRACK HINGE WHT L/R,19.10,1,8.59,19.10,WEST,WEST,NYLON.85 TRACK HINGE WHT L/R
SED-273296-1,NYLON.85 TRACK SLIDE LOCK WHT,9.46,2,4.26,9.46,WEST,WEST,NYLON.85 TRACK SLIDE LOCK WHT
SED-273298-1,NYLON HEAD SCREW 1/4x7/8 BLACK,7.92,1,3.56,7.92,WEST,WEST,NYLON HEAD SCREW 1/4x7/8 BLACK
SED-280300-1,S/S 30ROUND BASE 7/8,42.80,1,19.26,42.80,WEST,WEST,S/S 30ROUND BASE 7/8
SED-280450-1,S/S 45ROUND.BASE 7/8,42.80,2,19.26,42.80,WEST,WEST,S/S 45ROUND.BASE 7/8
SED-280901-1,S/S 90ROUND BASE 1,47.90,1,21.55,47.90,WEST,WEST,S/S 90ROUND BASE 1
SED-281300-1,S/S 30RECT.BASE 7/8,37.58,1,16.91,37.58,WEST,WEST,S/S 30RECT.BASE 7/8
SED-281600-1,S/S 60RECT.BASE 7/8,37.86,3,17.04,37.86,WEST,WEST,S/S 60RECT.BASE 7/8
SED-281601-1,S/S 60RECT.BASE 1,35.52,2,15.98,35.52,WEST,WEST,S/S 60RECT.BASE 1
SED-281901-1,S/S 90RECT.BASE 1,47.90,1,21.55,47.90,WEST,WEST,S/S 90RECT.BASE 1
SED-285060-1,S/S 60RAIL CENTER 7/8,26.92,4,12.11,26.92,WEST,WEST,S/S 60RAIL CENTER 7/8
SED-289155-1,S/S RAIL END-7/8,53.24,1,23.96,53.24,WEST,WEST,S/S RAIL END-7/8
SED-291600-1,S/S 60TEE L/H 7/8,36.18,3,16.28,36.18,WEST,WEST,S/S 60TEE L/H 7/8
SED-295125-1,S/S 125BOW FORM 7/8,91.32,2,41.09,91.32,WEST,WEST,S/S 125BOW FORM 7/8
SED-298172-1,NYLON BIMINI STRAP 1X8BLACK,26.86,1,12.09,26.86,WEST,WEST,NYLON BIMINI STRAP 1X8BLACK
SED-299111-1,STUD 8-15 SMS 3/8 (6 SETS),16.26,0,7.32,16.26,WEST,WEST,STUD 8-15 SMS 3/8 (6 SETS)
SED-299112-1,STUD 8-15 SMS 5/8 (6 SETS),23.44,0,10.55,23.44,WEST,WEST,STUD 8-15 SMS 5/8 (6 SETS)
SED-299119-1,TWIST STUD (2 SETS),15.86,4,7.14,15.86,WEST,WEST,TWIST STUD (2 SETS)
SED-299190-1,CANVAS SNAP TOOL,63.02,1,28.36,63.02,WEST,WEST,CANVAS SNAP TOOL
SED-299981-1,S/S RELEASE PIN & LANYARD,15.54,2,6.99,15.54,WEST,WEST,S/S RELEASE PIN & LANYARD
SED-299999-1,1/4-28 X 3/16 S/S SET SCREW,10.40,5,4.68,10.40,WEST,WEST,1/4-28 X 3/16 S/S SET SCREW
SED-314510,NAVY ANCHOR ALUM.PAINTED 10-LB,75.82,0,34.12,75.82,WEST,WEST,NAVY ANCHOR ALUM.PAINTED 10-LB
SED-314515,NAVY ANCHOR ALUM.PAINTED 15-LB,117.14,0,52.71,117.14,WEST,WEST,NAVY ANCHOR ALUM.PAINTED 15-LB
SED-314520,NAVY ANCHOR ALUM.PAINTED 20-LB,151.60,0,68.22,151.60,WEST,WEST,NAVY ANCHOR ALUM.PAINTED 20-LB
SED-314528,NAVY ANCHOR ALUM.PAINTED 28-LB,205.36,0,92.41,205.36,WEST,WEST,NAVY ANCHOR ALUM.PAINTED 28-LB
SED-321489-1,GAS FILLED LIFT SPRING 20 90,56.32,0,25.34,56.32,WEST,WEST,GAS FILLED LIFT SPRING 20 90
SED-321650,S/S HATCH SPRING 8-3/4,39.76,2,17.89,39.76,WEST,WEST,S/S HATCH SPRING 8-3/4
SED-321650-1,S/S HATCH SPRING 8-3/4,42.54,4,19.14,42.54,WEST,WEST,S/S HATCH SPRING 8-3/4
SED-324300-1,NYLON WINDSHIELD FOOT BRACE,7.56,1,3.40,7.56,WEST,WEST,NYLON WINDSHIELD FOOT BRACE
SED-327102-1,S/S RAIL MOUNT BRACKET,26.14,1,11.76,26.14,WEST,WEST,S/S RAIL MOUNT BRACKET
SED-327122-1,S/S RAIL MT.FLAG HOLDER-17,46.78,3,21.05,46.78,WEST,WEST,S/S RAIL MT.FLAG HOLDER-17
SED-327135-1,RAIL MOUNT HORSESHOE BUOY BRKT,78.50,1,35.32,78.50,WEST,WEST,RAIL MOUNT HORSESHOE BUOY BRKT
SED-327140,RAIL MNT ONLY FOR ANTENNA BASE,54.80,0,24.66,54.80,WEST,WEST,RAIL MNT ONLY FOR ANTENNA BASE
SED-327141-1,RAIL MOUNT ANTENNA BASE,63.06,0,28.38,63.06,WEST,WEST,RAIL MOUNT ANTENNA BASE
SED-327145,S/S RAIL MT ANTENNA BRACKET,123.40,0,55.53,123.40,WEST,WEST,S/S RAIL MT ANTENNA BRACKET
SED-327145-1,S/S RAIL MT.ANTENNA BRACKET,126.14,0,56.76,126.14,WEST,WEST,S/S RAIL MT.ANTENNA BRACKET
SED-327148-1,NYLON RL.MT.ANTENNA BRKT-LEVER,32.04,0,14.42,32.04,WEST,WEST,NYLON RL.MT.ANTENNA BRKT-LEVER
SED-327175-1,S/S RAIL MNT ROD HOLDER ADJUST,149.99,2,69.99,0.00,WEST,WEST,S/S RAIL MNT ROD HOLDER ADJUST
SED-327197-1,REMOVABL RAIL MNT CLAMPS SQAR,81.06,2,36.48,81.06,WEST,WEST,REMOVABL RAIL MNT CLAMPS SQAR
SED-327200-1,NYLON FENDER MATE,33.00,3,14.85,33.00,WEST,WEST,NYLON FENDER MATE
SED-327400-1,RAIL MNT BOW SOCKET,10.14,2,4.56,10.14,WEST,WEST,RAIL MNT BOW SOCKET
SED-327410-1,DECK MOUNT BOW SOCKET WHITE,7.56,1,3.40,7.56,WEST,WEST,DECK MOUNT BOW SOCKET WHITE
SED-328040-1,ZINC PLTD.ANCHOR LIFT & LOCK,28.86,0,12.99,28.86,WEST,WEST,ZINC PLTD.ANCHOR LIFT & LOCK
SED-329100-1,NYLON BASE ANTENNA MOUNT,47.90,0,21.55,47.90,WEST,WEST,NYLON BASE ANTENNA MOUNT
SED-329130-1,NYLON ANTENNA MOUNT,31.92,0,14.36,31.92,WEST,WEST,NYLON ANTENNA MOUNT
SED-329230,S/S DK/MT.ANTENNA BASE BULK,157.86,0,71.04,157.86,WEST,WEST,S/S DK/MT.ANTENNA BASE BULK
SED-329230-1,S/S DK/MT.ANTENNA BASE,162.54,0,73.14,162.54,WEST,WEST,S/S DK/MT.ANTENNA BASE
SED-329235-1,S/S H.D.DK/MT.ANTENNA MOUNT,147.82,0,66.52,147.82,WEST,WEST,S/S H.D.DK/MT.ANTENNA MOUNT
SED-329300-1,CHR/ZINC ADJUST.ANTENNA BASE,104.40,-2,46.98,104.40,WEST,WEST,CHR/ZINC ADJUST.ANTENNA BASE
SED-329500-1,NYLON FIXED ANTENNA BASE WHT,15.08,0,6.79,15.08,WEST,WEST,NYLON FIXED ANTENNA BASE WHT
SED-329510-1,S/S FIXED ANTENNA BASE,63.78,0,28.70,63.78,WEST,WEST,S/S FIXED ANTENNA BASE
SED-329515-1,S/S FIXED ANTENNA BASE 4-1/4H,36.58,0,16.46,36.58,WEST,WEST,S/S FIXED ANTENNA BASE 4-1/4H
SED-329517-1,S/S FIXED ANTENNA BASE 1-1/2H,26.14,0,11.76,26.14,WEST,WEST,S/S FIXED ANTENNA BASE 1-1/2H
SED-329520-1,S/S TUBE MOUNT ANTENNA BASE,38.52,0,17.33,38.52,WEST,WEST,S/S TUBE MOUNT ANTENNA BASE
SED-329532,S/S 12ANTENNA MOUNT EXTENSION,86.96,0,39.13,86.96,WEST,WEST,S/S 12ANTENNA MOUNT EXTENSION
SED-329532-1,S/S 12ANTENNA MOUNT EXTENSION,89.72,0,40.37,89.72,WEST,WEST,S/S 12ANTENNA MOUNT EXTENSION
SED-329536-1,S/S 24ANTENNA MOUNT EXTENSION,106.04,0,47.72,106.04,WEST,WEST,S/S 24ANTENNA MOUNT EXTENSION
SED-329550-1,NYLON ANTENNA ADAPTER,15.94,0,7.17,15.94,WEST,WEST,NYLON ANTENNA ADAPTER
SED-329770-1,ANTENNA CLIP 5/16 - 1/2,5.68,0,2.56,5.68,WEST,WEST,ANTENNA CLIP 5/16 - 1/2
SED-329772-1,ANTENNA CLIP 5/8 - 3/4,6.26,0,2.82,6.26,WEST,WEST,ANTENNA CLIP 5/8 - 3/4
SED-329780-1,NYLON ANTENNA STAND OFF BRKT,52.58,0,23.66,52.58,WEST,WEST,NYLON ANTENNA STAND OFF BRKT
SED-329790-1,S/S LAYDOWN ANTENNA HOOK,16.48,0,7.42,16.48,WEST,WEST,S/S LAYDOWN ANTENNA HOOK
SED-329901-1,UHF CONNECTOR W/RG58U ADAPTER,13.02,1,5.86,13.02,WEST,WEST,UHF CONNECTOR W/RG58U ADAPTER
SED-329910-1,UHF/BNC HAND HELD RADIO ADAPT,10.52,0,4.73,10.52,WEST,WEST,UHF/BNC HAND HELD RADIO ADAPT
SED-331280,S/S 10 SLOT VENTILATOR,228.16,0,102.67,228.16,WEST,WEST,S/S 10 SLOT VENTILATOR
SED-331310-1,S/S PITOT TUBE SHIELD,4.94,1,2.22,4.94,WEST,WEST,S/S PITOT TUBE SHIELD
SED-331360,S/S MIDGET VENTILATOR,3.32,3,1.49,3.32,WEST,WEST,S/S MIDGET VENTILATOR
SED-331390-1,S/S LOUVER VENTILATOR,19.62,0,8.83,19.62,WEST,WEST,S/S LOUVER VENTILATOR
SED-337051-1,ABS WHITE INSPECTION COVER,12.48,2,5.62,12.48,WEST,WEST,ABS WHITE INSPECTION COVER
SED-337140-1,ABS WHITE DECK PLATE-4,38.44,1,17.30,38.44,WEST,WEST,ABS WHITE DECK PLATE-4
SED-337160-1,ABS WHITE DECK PLATE-6,44.76,2,20.14,44.76,WEST,WEST,ABS WHITE DECK PLATE-6
SED-337315,ABS WHITE HOSE VENT-3,8.50,0,3.82,8.50,WEST,WEST,ABS WHITE HOSE VENT-3
SED-337350,ABS HOSE VENT ELBOW 3 WHITE,15.36,1,6.91,15.36,WEST,WEST,ABS HOSE VENT ELBOW 3 WHITE
SED-337415,ABS WHITE HOSE VENT 4,9.50,2,4.27,9.50,WEST,WEST,ABS WHITE HOSE VENT 4
SED-351390-1,REPL.CAP FOR 351320-23,46.10,1,20.74,46.10,WEST,WEST,REPL.CAP FOR 351320-23
SED-352010-1,CHR.BR.GAS TANK VENT 5/8HOSE,22.80,5,10.26,22.80,WEST,WEST,CHR.BR.GAS TANK VENT 5/8HOSE
SED-352020-1,CHR.BR.GAS TANK VENT 5/8NPT,20.18,3,9.08,20.18,WEST,WEST,CHR.BR.GAS TANK VENT 5/8NPT
SED-352030-1,CHR.BR.90TANK VENT-5/8HOSE,37.86,1,17.04,37.86,WEST,WEST,CHR.BR.90TANK VENT-5/8HOSE
SED-352110-1,CHR/ZINC GAS TANK VENT 5/8H,16.48,1,7.42,16.48,WEST,WEST,CHR/ZINC GAS TANK VENT 5/8H
SED-352210-1,GAS TANK VENT S/S,40.86,2,18.39,40.86,WEST,WEST,GAS TANK VENT S/S
SED-353210-1,S/S FLUSH MNT GAS TANK VENT,65.52,2,29.48,65.52,WEST,WEST,S/S FLUSH MNT GAS TANK VENT
SED-357010-1,F/G NYLON HOSE DECK FILL-GAS,32.88,1,14.80,32.88,WEST,WEST,F/G NYLON HOSE DECK FILL-GAS
SED-357013-1,F/G NYLON HOSE DECK FILL-WATER,32.84,0,14.78,32.84,WEST,WEST,F/G NYLON HOSE DECK FILL-WATER
SED-357399-1,NYLON DECK FILL KEY,3.78,0,1.70,3.78,WEST,WEST,NYLON DECK FILL KEY
SED-400033-1,TRANSOM LIGHT 2NM,107.20,1,48.24,107.20,WEST,WEST,TRANSOM LIGHT 2NM
SED-400136-1,S/S TRANSOM LIGHT-RECTANGULAR,53.90,1,24.97,53.90,WEST,WEST,S/S TRANSOM LIGHT-RECTANGULAR
SED-400155-1,BOW LIGHT-ZINC,29.99,9,14.88,0.00,WEST,WEST,BOW LIGHT-ZINC
SED-400165,S/S TOP MOUNT SIDE LIGHTS,71.40,0,32.13,71.40,WEST,WEST,S/S TOP MOUNT SIDE LIGHTS
SED-400165-1,S/S TOP MOUNT SIDE LIGHTS,75.44,0,33.95,75.44,WEST,WEST,S/S TOP MOUNT SIDE LIGHTS
SED-400170-1,SIDE LIGHTS 12V,88.92,0,40.01,88.92,WEST,WEST,SIDE LIGHTS 12V
SED-400180-1,SIDE LIGHTS FLUSH MNT 12V,92.96,0,41.83,92.96,WEST,WEST,SIDE LIGHTS FLUSH MNT 12V
SED-400400-1,BRASS BERTH LIGHT,143.16,0,64.42,143.16,WEST,WEST,BRASS BERTH LIGHT
SED-400715-3,LED CABN/READNG LITE W/DMR/USB,136.98,1,61.64,136.98,WEST,WEST,LED CABN/READNG LITE W/DMR/USB
SED-403063-1,S/S PUSH ON/OFF SWITCH FOR LED,81.96,0,36.88,81.96,WEST,WEST,S/S PUSH ON/OFF SWITCH FOR LED
SED-403065-1,LED PUSH BUTTON SWITCH BLU IND,44.98,0,20.24,44.98,WEST,WEST,LED PUSH BUTTON SWITCH BLU IND
SED-404330-3,MEDIUM LED OVERHEAD LIGHT S.S,86.88,0,39.10,86.88,WEST,WEST,MEDIUM LED OVERHEAD LIGHT S.S
SED-412421B-1,STD WIPER MOTOR KIT 2-1/2 110,261.32,0,117.59,261.32,WEST,WEST,STD WIPER MOTOR KIT 2-1/2 110
SED-413114B-1,WIPER ARM 10-14 BLACK S/S,95.26,0,42.87,95.26,WEST,WEST,WIPER ARM 10-14 BLACK S/S
SED-413168B-1,WIPER ARM 13-18 BLK S/S HOOK,76.96,2,34.63,76.96,WEST,WEST,WIPER ARM 13-18 BLK S/S HOOK
SED-414214B-1,WIPER BLADE 14 BLACK S/S,53.24,2,23.96,53.24,WEST,WEST,WIPER BLADE 14 BLACK S/S
SED-414218S-1,WIPER BLADE 18 SILVER S/S,60.28,2,27.13,60.28,WEST,WEST,WIPER BLADE 18 SILVER S/S
SED-414220S-1,WIPER BLADE 20 SILVER S/S,68.34,1,30.75,68.34,WEST,WEST,WIPER BLADE 20 SILVER S/S
SED-415082-1,H.D.BATTERY BOX STRAP-48,25.56,1,11.50,25.56,WEST,WEST,H.D.BATTERY BOX STRAP-48
SED-415210-1,BATTERY TERMINAL SET(WING NUT),21.86,2,9.84,21.86,WEST,WEST,BATTERY TERMINAL SET(WING NUT)
SED-420101-1,TOGGLE ON-OFF 15A,12.36,1,5.56,12.36,WEST,WEST,TOGGLE ON-OFF 15A
SED-420102-1,TOGGLE (ON)-OFF 15A,15.08,1,6.79,15.08,WEST,WEST,TOGGLE (ON)-OFF 15A
SED-420103,TOGGLE ON-OFF-ON 15A,14.94,1,6.72,14.94,WEST,WEST,TOGGLE ON-OFF-ON 15A
SED-420103-1,TOGGLE ON-OFF-ON 15A,17.72,3,7.97,17.72,WEST,WEST,TOGGLE ON-OFF-ON 15A
SED-420104-1,TOGGLE (ON)-OFF-(ON) 15A,19.24,2,8.66,19.24,WEST,WEST,TOGGLE (ON)-OFF-(ON) 15A
SED-420109-1,TOGGLE (ON)-OFF-(ON) 15A,15.38,3,6.92,15.38,WEST,WEST,TOGGLE (ON)-OFF-(ON) 15A
SED-420241-1,ROCKER SWITCH ON-OFF,12.36,4,5.56,12.36,WEST,WEST,ROCKER SWITCH ON-OFF
SED-420243-1,ROCKER SWITCH ON-OFF-ON,16.48,1,7.42,16.48,WEST,WEST,ROCKER SWITCH ON-OFF-ON
SED-420251-1,ROCKER SWITCH ILLUM ON-OFF,13.98,3,6.29,13.98,WEST,WEST,ROCKER SWITCH ILLUM ON-OFF
SED-420253-1,ROCKER SWITCH ILLUM ON-OFF-ON,20.62,2,9.28,20.62,WEST,WEST,ROCKER SWITCH ILLUM ON-OFF-ON
SED-420350-1,ING SWITCH 3POS BRASS,67.46,1,30.36,67.46,WEST,WEST,ING SWITCH 3POS BRASS
SED-420365-1,IGN SWITCH 3POS POLY W/CAP,42.26,1,19.02,42.26,WEST,WEST,IGN SWITCH 3POS POLY W/CAP
SED-420379-1,IGN SWITCH 4POS POLY,43.50,2,19.57,43.50,WEST,WEST,IGN SWITCH 4POS POLY
SED-420396-1,PUSH BUTTON ON-OFF 15A W/R,48.60,1,21.87,48.60,WEST,WEST,PUSH BUTTON ON-OFF 15A W/R
SED-420410-1,PUSH-PULL OFF-ON1-ON1&2 15A,40.98,6,18.44,40.98,WEST,WEST,PUSH-PULL OFF-ON1-ON1&2 15A
SED-420416-1,PUSH BUTTON OFF-(ON)15A BLACK,18.00,1,8.10,18.00,WEST,WEST,PUSH BUTTON OFF-(ON)15A BLACK
SED-420420-1,PUSH BUTTON OFF-(ON) 15A,37.74,2,16.98,37.74,WEST,WEST,PUSH BUTTON OFF-(ON) 15A
SED-420430-1,FOOT SWITCH OFF-(ON) 25A,91.32,0,41.09,91.32,WEST,WEST,FOOT SWITCH OFF-(ON) 25A
SED-420441-1,ILLUM.ROCKER SWITCH ON-OFF,9.30,2,4.18,9.30,WEST,WEST,ILLUM.ROCKER SWITCH ON-OFF
SED-420495-1,7 KEY LANYARD,18.98,2,8.54,18.98,WEST,WEST,7 KEY LANYARD
SED-420496-1,KILL SWITCH 10KEY UNIV LANYARD,33.36,0,15.01,33.36,WEST,WEST,KILL SWITCH 10KEY UNIV LANYARD
SED-420501-1,REPL.FUSE HOLDR-SQUARE,9.02,3,4.06,9.02,WEST,WEST,REPL.FUSE HOLDR-SQUARE
SED-420503-1,AGC 15A PANEL MOUNT FUSE HLDR,7.24,3,3.26,7.24,WEST,WEST,AGC 15A PANEL MOUNT FUSE HLDR
SED-420544-1,AGC 4-GANG FUSE/TERM BLOCK,35.52,4,15.98,35.52,WEST,WEST,AGC 4-GANG FUSE/TERM BLOCK
SED-420553-1,AGC W/P 15A INLINE FUSE HOLDER,26.14,4,11.76,26.14,WEST,WEST,AGC W/P 15A INLINE FUSE HOLDER
SED-420554-1,AGC W/P 20A INLINE FUSE HOLDER,25.22,2,11.35,25.22,WEST,WEST,AGC W/P 20A INLINE FUSE HOLDER
SED-420555-1,AGC W/P 30A INLINE FUSE HLDR,32.32,3,14.54,32.32,WEST,WEST,AGC W/P 30A INLINE FUSE HLDR
SED-420810-1,PUSH BUTTON BREAKER 10A,9.58,2,4.31,9.58,WEST,WEST,PUSH BUTTON BREAKER 10A
SED-420830-1,PUSH BUTTON BREAKER 30A,10.52,3,4.73,10.52,WEST,WEST,PUSH BUTTON BREAKER 30A
SED-420839-1,SPLASH GUARD BOOT,8.62,5,3.88,8.62,WEST,WEST,SPLASH GUARD BOOT
SED-420842-1,RESETTABLE BREAKER-20A,22.68,2,10.21,22.68,WEST,WEST,RESETTABLE BREAKER-20A
SED-420844-1,RESETTABLE BREAKER-40A,22.68,2,10.21,22.68,WEST,WEST,RESETTABLE BREAKER-40A
SED-423035-1,BILGE WATER ALARM PANEL,79.58,1,35.81,79.58,WEST,WEST,BILGE WATER ALARM PANEL
SED-426053-1,S/S POWER SOCKET+CAP 12V,35.36,1,15.91,35.36,WEST,WEST,S/S POWER SOCKET+CAP 12V
SED-426116-1,12V PWR SOCKET & PLUG,26.88,2,12.10,26.88,WEST,WEST,12V PWR SOCKET & PLUG
SED-426142-1,CHR.12-V CABLE OUTLET,29.60,1,13.32,29.60,WEST,WEST,CHR.12-V CABLE OUTLET
SED-426262-1,2-PIN 3A CONNECT CHR BRASS,37.12,1,16.70,37.12,WEST,WEST,2-PIN 3A CONNECT CHR BRASS
SED-426264-1,CHR.4-PIN ELEC.CONNECT,48.18,0,21.68,48.18,WEST,WEST,CHR.4-PIN ELEC.CONNECT
SED-426450-1,POWER SOCKET W/BATTERY CLIPS,24.74,1,11.13,24.74,WEST,WEST,POWER SOCKET W/BATTERY CLIPS
SED-426510-1,RND DUAL USB3 USBC POWR SOCKET,37.00,1,16.65,37.00,WEST,WEST,RND DUAL USB3 USBC POWR SOCKET
SED-426535-1,OVL SURF MNT USB3/C PWR SOCKET,61.96,2,27.88,61.96,WEST,WEST,OVL SURF MNT USB3/C PWR SOCKET
SED-426710-1,BUSS BAR 5-GANG,33.00,1,14.85,33.00,WEST,WEST,BUSS BAR 5-GANG
SED-426711-1,BUSS BAR BRASS TIN TERMINALS,35.56,4,16.00,35.56,WEST,WEST,BUSS BAR BRASS TIN TERMINALS
SED-431110-1,S/S MINI-COMPACT HORN-SINGLE,68.86,0,30.99,68.86,WEST,WEST,S/S MINI-COMPACT HORN-SINGLE
SED-431230-1,F/M MINI-CMPACT HORN W/2 GRILL,71.58,1,32.21,71.58,WEST,WEST,F/M MINI-CMPACT HORN W/2 GRILL
SED-431250-1,FLUSH MT MINI COMPACT HORN III,72.98,1,32.84,72.98,WEST,WEST,FLUSH MT MINI COMPACT HORN III
SED-431610-1,S/S CMPACT TRUMPET HORN-SINGLE,179.78,1,80.90,179.78,WEST,WEST,S/S CMPACT TRUMPET HORN-SINGLE
SED-445197-1,INLIN FUSEHLDR AT0/ATC-30A/LED,15.38,2,6.92,15.38,WEST,WEST,INLIN FUSEHLDR AT0/ATC-30A/LED
SED-445198-1,INLINE FUSEHOLDER AT0/ATC-30A,10.30,1,4.63,10.30,WEST,WEST,INLINE FUSEHOLDER AT0/ATC-30A
SED-445199-1,ATO 20A INLINE FUSE HOLDER,9.02,2,4.06,9.02,WEST,WEST,ATO 20A INLINE FUSE HOLDER
SED-491080-1,BOATHOOK 3 SIDE BRUSH MEDM/YEL,43.62,2,19.63,43.62,WEST,WEST,BOATHOOK 3 SIDE BRUSH MEDM/YEL
SED-491090-1,BOATHOOK 3 SIDE BRUSH STIF/WHT,48.36,2,21.76,48.36,WEST,WEST,BOATHOOK 3 SIDE BRUSH STIF/WHT
SED-491135-1,S/S BOAT HOOK CLIP     (2/CRD),8.70,2,3.91,8.70,WEST,WEST,S/S BOAT HOOK CLIP     (2/CRD)
SED-491145-1,RUBBER POLE STORAGE CLIP(2/CRD,16.56,2,7.45,16.56,WEST,WEST,RUBBER POLE STORAGE CLIP(2/CRD
SED-491240-1,S/S RING BUOY BRACKET,18.28,3,8.23,18.28,WEST,WEST,S/S RING BUOY BRACKET
SED-492211-1,CHR.FLAG POLE SKT-3/4,49.96,1,22.48,49.96,WEST,WEST,CHR.FLAG POLE SKT-3/4
SED-492212-1,CHR.FLAG POLE SKT-1,63.06,2,28.38,63.06,WEST,WEST,CHR.FLAG POLE SKT-1
SED-512220-1,CHR.BRASS WASH DOWN FAUCET,57.52,1,25.88,57.52,WEST,WEST,CHR.BRASS WASH DOWN FAUCET
SED-517525-1,S/S 2SINK DRAIN WITH STRAINER,6.72,3,3.03,6.72,WEST,WEST,S/S 2SINK DRAIN WITH STRAINER
SED-520040,BRONZE GARBOARD PLUG,27.50,1,12.37,27.50,WEST,WEST,BRONZE GARBOARD PLUG
SED-520040-1,BRONZE GARBOARD PLUG,30.26,2,13.62,30.26,WEST,WEST,BRONZE GARBOARD PLUG
SED-520041-1,BRZ.REPLACE.PLUG FOR 520040,14.30,4,6.43,14.30,WEST,WEST,BRZ.REPLACE.PLUG FOR 520040
SED-520045-1,PLUGMATE GARBOARD WRENCH,26.42,1,11.89,26.42,WEST,WEST,PLUGMATE GARBOARD WRENCH
SED-520047-1,BRZ.REPLACEMENT PLUG W/HANDLE,32.60,0,14.67,32.60,WEST,WEST,BRZ.REPLACEMENT PLUG W/HANDLE
SED-520051-1,REPL. DRAIN PLUG F/520050/55,8.18,0,3.68,8.18,WEST,WEST,REPL. DRAIN PLUG F/520050/55
SED-520092-1,BRASS BAITWELL PLUG 1/2(2/CD),12.12,1,5.45,12.12,WEST,WEST,BRASS BAITWELL PLUG 1/2(2/CD)
SED-520094,BRASS BAITWELL PLUG 3/4,5.18,1,2.33,5.18,WEST,WEST,BRASS BAITWELL PLUG 3/4
SED-520095-1,BRASS BAITWELL PLUG 7/8(2/CD),14.12,3,6.35,14.12,WEST,WEST,BRASS BAITWELL PLUG 7/8(2/CD)
SED-520210-1,BRASS DRAIN TUBE 1-7/8,9.02,2,4.06,9.02,WEST,WEST,BRASS DRAIN TUBE 1-7/8
SED-520220-1,BRASS DRAIN TUBE 2-3/8,9.46,2,4.26,9.46,WEST,WEST,BRASS DRAIN TUBE 2-3/8
SED-520230-1,BRASS DRAIN TUBE 2-7/8,10.68,1,4.81,10.68,WEST,WEST,BRASS DRAIN TUBE 2-7/8
SED-520500-1,NYLON SCUPPER VALVE,10.52,-2,4.73,10.52,WEST,WEST,NYLON SCUPPER VALVE
SED-521550-1,INBOARD MOTOR FLUSH,37.06,3,16.68,37.06,WEST,WEST,INBOARD MOTOR FLUSH
SED-531112,ZINC PLTD.PROP WRENCH,24.38,0,10.97,24.38,WEST,WEST,ZINC PLTD.PROP WRENCH
SED-580411-1,CHR.ZINC OARLOCK HORN  (2/PKG),29.98,1,13.49,29.98,WEST,WEST,CHR.ZINC OARLOCK HORN  (2/PKG)
SED-580412-1,CHR.ZINC OARLOCK HORN RIBBED,29.98,1,13.49,29.98,WEST,WEST,CHR.ZINC OARLOCK HORN RIBBED
SED-580425-1,ZINC OARLOCK HORN ROUND,33.84,0,15.23,33.84,WEST,WEST,ZINC OARLOCK HORN ROUND
SED-580450-1,CHR.ZINC OARLOCK SOCKET,21.50,1,9.67,21.50,WEST,WEST,CHR.ZINC OARLOCK SOCKET
SED-580451-1,CHR.ZINC OARLOCK SOCKET,28.00,2,12.60,28.00,WEST,WEST,CHR.ZINC OARLOCK SOCKET
SED-580870-1,GALV.OARLOCK HORN-2,14.14,2,6.36,14.14,WEST,WEST,GALV.OARLOCK HORN-2
SED-580880-1,GALV.TOP MOUNT OARLOCK SOCKET,19.10,2,8.59,19.10,WEST,WEST,GALV.TOP MOUNT OARLOCK SOCKET
SED-582502-1,POLY.4-STEP FOLDING LADDER,127.26,2,57.27,127.26,WEST,WEST,POLY.4-STEP FOLDING LADDER
SED-588010,BLK.ABS F/M DRINK HLDR,2.90,2,1.30,2.90,WEST,WEST,BLK.ABS F/M DRINK HLDR
SED-588011,WHT.ABS F/M DRINK HLDR,3.70,2,1.66,3.70,WEST,WEST,WHT.ABS F/M DRINK HLDR
SED-588220-1,ADJ.FOLDING DRINK HOLDER-BLACK,14.58,2,6.56,14.58,WEST,WEST,ADJ.FOLDING DRINK HOLDER-BLACK
SED-588221-1,ADJ.FOLDING DRINK HOLDER-WHITE,15.48,3,6.97,15.48,WEST,WEST,ADJ.FOLDING DRINK HOLDER-WHITE
SED-671100-1,NYLON GEAR HAMMOCK,20.00,1,9.00,20.00,WEST,WEST,NYLON GEAR HAMMOCK
SED-671460,S/S HAMMOCK HOOK,2.88,1,1.30,2.88,WEST,WEST,S/S HAMMOCK HOOK
SED-671460-1,S/S HAMMOCK HOOK,7.88,1,3.55,7.88,WEST,WEST,S/S HAMMOCK HOOK
SED-751010-1,PLATED COUPLER LOCKING PIN,6.68,1,3.01,6.68,WEST,WEST,PLATED COUPLER LOCKING PIN
SED-751011-1,GALV COUPLER LOCKING PIN,6.84,0,3.08,6.84,WEST,WEST,GALV COUPLER LOCKING PIN
SED-751030-1,BRASS PLTD.COUPLER LOCK 2-PCS,22.74,1,10.23,22.74,WEST,WEST,BRASS PLTD.COUPLER LOCK 2-PCS
SED-751062-1,ZINC PLTD.RECIEVER PIN 5/8,12.14,0,5.46,12.14,WEST,WEST,ZINC PLTD.RECIEVER PIN 5/8
SED-752010-1,ZINC PLATED STEEL SAFETY CHAIN,45.42,0,20.44,45.42,WEST,WEST,ZINC PLATED STEEL SAFETY CHAIN
SED-DB-1/2X20-NV,BRD NVY DOCKLINE (302112020NV),43.65,0,23.53,43.65,WEST,WEST,BRD NVY DOCKLINE (302112020NV)
SED133896-1,SNAP HOOK SEADOG,3.74,1,2.06,0.00,WEST,WEST,SNAP HOOK SEADOG
SHA-176-1,18MARINE BIGSTICK CB ANTENNA,448.55,0,241.73,448.55,WEST,WEST,18MARINE BIGSTICK CB ANTENNA
SHA-3004,4  SEAWATCH TV ANTENNA,254.86,0,137.35,254.86,WEST,WEST,4  SEAWATCH TV ANTENNA
SHA-3015,15 SEAWATCH TV ANTENNA,392.13,0,211.33,392.13,WEST,WEST,15 SEAWATCH TV ANTENNA
SHA-3019,19 SEAWATCH TV ANTENNA,490.18,0,264.17,490.18,WEST,WEST,19 SEAWATCH TV ANTENNA
SHA-3187,S/S RATCHET ANTENNA MOUNT,102.92,0,55.47,102.92,WEST,WEST,S/S RATCHET ANTENNA MOUNT
SHA-390,23SSB 2-PIECE WHIP ANTENNA,1453.28,0,783.21,1453.28,WEST,WEST,23SSB 2-PIECE WHIP ANTENNA
SHA-393,23SSB 3-PIECE ANTENNA,904.82,0,487.63,904.82,WEST,WEST,23SSB 3-PIECE ANTENNA
SHA-396-1,5 VHF MARINE ANTENNA,359.57,0,193.78,359.57,WEST,WEST,5 VHF MARINE ANTENNA
SHA-396-1AIS,4 VHF MARINE ANTENNA,419.97,0,226.33,419.97,WEST,WEST,4 VHF MARINE ANTENNA
SHA-399-1M,96VHF 2PC ANTENNA MAST MNT,718.33,0,387.13,718.33,WEST,WEST,96VHF 2PC ANTENNA MAST MNT
SHA-4018,192-PIECE 9DB VHF ANTENNA,1653.12,0,890.90,1653.12,WEST,WEST,192-PIECE 9DB VHF ANTENNA
SHA-410-R,MNTG KIT FOR 1+DIA.ANTENNAS,214.90,0,115.81,214.90,WEST,WEST,MNTG KIT FOR 1+DIA.ANTENNAS
SHA-4186U,NYLON RATCHET ANTENNA MOUNT,29.91,0,16.12,29.91,WEST,WEST,NYLON RATCHET ANTENNA MOUNT
SHA-4187,S/S RATCHET ANTENNA MOUNT,127.37,0,68.64,127.37,WEST,WEST,S/S RATCHET ANTENNA MOUNT
SHA-4187HD,H.DUTY S/S RATCHET ANTENNA MNT,146.96,0,79.20,146.96,WEST,WEST,H.DUTY S/S RATCHET ANTENNA MNT
SHA-4188SL,ANTENNA BRACKET SS 1-1 1/2,176.39,0,95.06,176.39,WEST,WEST,ANTENNA BRACKET SS 1-1 1/2
SHA-476,2110db COMM.GRADE ANTENNA,3124.60,0,1683.92,3124.60,WEST,WEST,2110db COMM.GRADE ANTENNA
SHA-483,CLAMP FOR 476 ANTENNA,339.54,0,182.99,339.54,WEST,WEST,CLAMP FOR 476 ANTENNA
SHA-5018,152 GALAXY VHF 2PC. ANTENNA,1517.33,0,817.72,1517.33,WEST,WEST,152 GALAXY VHF 2PC. ANTENNA
SHA-5120,8AM/FM STEREO ANTENNA W/15CB,232.41,0,125.25,232.41,WEST,WEST,8AM/FM STEREO ANTENNA W/15CB
SHA-5187,S/S RATCHET ANTENNA MOUNT,156.78,0,84.49,156.78,WEST,WEST,S/S RATCHET ANTENNA MOUNT
SHA-5206N,8VHF ANTENNA NYLON FERRULE,164.11,0,88.44,164.11,WEST,WEST,8VHF ANTENNA NYLON FERRULE
SHA-5215,36VHF LOW PROFILE SS ANTENNA,167.22,0,90.12,167.22,WEST,WEST,36VHF LOW PROFILE SS ANTENNA
SHA-5215C-X,36VHF SS ANTENNA W/CABLE,328.32,0,176.94,328.32,WEST,WEST,36VHF SS ANTENNA W/CABLE
SHA-5218,BLACK 19VHF ANTENNA,171.44,0,92.39,171.44,WEST,WEST,BLACK 19VHF ANTENNA
SHA-5230,14GALAXY VHF 8DB 2PC. ANTENNA,1235.33,1,665.75,1235.33,WEST,WEST,14GALAXY VHF 8DB 2PC. ANTENNA
SHA-5239,W/BAND CELLULAR/WI-FI ANTENNA,362.19,0,195.19,362.19,WEST,WEST,W/BAND CELLULAR/WI-FI ANTENNA
SHA-5241-R,S/S 36HD LOW PROFILE ANTENNA,246.22,0,132.70,246.22,WEST,WEST,S/S 36HD LOW PROFILE ANTENNA
SHA-5242-A,36SS WHIP ANTENNA,238.26,0,128.40,238.26,WEST,WEST,36SS WHIP ANTENNA
SHA-5250,3 3DB SKINNY MINI S/S WHIP,178.47,2,96.18,178.47,WEST,WEST,3 3DB SKINNY MINI S/S WHIP
SHA-5257-S,ANTENNA SPLITTER,189.70,0,102.23,189.70,WEST,WEST,ANTENNA SPLITTER
SHA-5309R,23GALAXY VHF 9DB 2PC. ANTENNA,1993.35,0,1074.26,1993.35,WEST,WEST,23GALAXY VHF 9DB 2PC. ANTENNA
SHA-5396-AIS,4GALAXY 3DB AIS ANTENNA,511.96,1,275.90,511.96,WEST,WEST,4GALAXY 3DB AIS ANTENNA
SHA-5911,10FLEXIBLE VHF ANTENNA W/CBLE,178.47,0,96.18,178.47,WEST,WEST,10FLEXIBLE VHF ANTENNA W/CBLE
SHA-5912,7FLEXIBLE VHF ANTENNA,156.09,0,84.12,156.09,WEST,WEST,7FLEXIBLE VHF ANTENNA
SHA-6018-R,18PHASEIII MARINE VHF ANTENNA,1835.34,0,1179.86,1835.34,WEST,WEST,18PHASEIII MARINE VHF ANTENNA
SHA-6187,COMPACT SS 4-WAY ANTENNA MOUNT,224.50,0,120.99,224.50,WEST,WEST,COMPACT SS 4-WAY ANTENNA MOUNT
SHA-6225-R,8PHASEIII MARINE VHF ANTENNA,746.68,0,480.01,746.68,WEST,WEST,8PHASEIII MARINE VHF ANTENNA
SHA-6235,8PHASEIII  AM/FM ANTENNA,542.12,0,348.51,542.12,WEST,WEST,8PHASEIII  AM/FM ANTENNA
SHA-6396-AIS-R,4PHASEIII MARINE AIS ANTENNA,821.77,0,528.28,821.77,WEST,WEST,4PHASEIII MARINE AIS ANTENNA
SHA-6400-R,4 PHASEIII VHF ANTENNA,756.73,0,407.82,756.73,WEST,WEST,4 PHASEIII VHF ANTENNA
SHA-ART-3,ANTENNA/RADIO TESTER,418.55,0,225.57,418.55,WEST,WEST,ANTENNA/RADIO TESTER
SHA-CA-P-ANT,ANYWHERE PATCH ANTENNA,25.03,0,13.49,25.03,WEST,WEST,ANYWHERE PATCH ANTENNA
SHA-HS-2774-1-R,65GALAXY BRDBAND VHF ANTENNA,1334.28,0,719.07,1334.28,WEST,WEST,65GALAXY BRDBAND VHF ANTENNA
SHA-PL258-G,GOLD PLT.BARREL CONNECTOR,27.07,5,14.59,27.07,WEST,WEST,GOLD PLT.BARREL CONNECTOR
SHA-PL259-8XG,GOLD PLT.PL-259 FOR RG-8X,27.07,2,14.59,27.07,WEST,WEST,GOLD PLT.PL-259 FOR RG-8X
SHA-PL259-G,GOLD PLT.PL-259 CONNECTOR,27.07,4,14.59,27.07,WEST,WEST,GOLD PLT.PL-259 CONNECTOR
SHA-PL259CP-G,GOLD PLTD CENTERPIN PL-259,32.46,2,17.50,32.46,WEST,WEST,GOLD PLTD CENTERPIN PL-259
SHA-QC-3,QUICK CONNECT 3VHF ANTENNA,127.74,0,68.84,127.74,WEST,WEST,QUICK CONNECT 3VHF ANTENNA
SHA-QC-4,QUICK CONNECT 4VHF ANTENNA,170.31,0,91.78,170.31,WEST,WEST,QUICK CONNECT 4VHF ANTENNA
SHA-QC-8,QUICK CONNECT 8VHF ANTENNA,205.31,0,110.65,205.31,WEST,WEST,QUICK CONNECT 8VHF ANTENNA
SHA-SRA50,L/PROFILE MARINE SAT.RADIO ANT,247.16,0,133.20,247.16,WEST,WEST,L/PROFILE MARINE SAT.RADIO ANT
SHA-SRC-35,35 ANTENNA CABLE KIT,121.89,0,65.69,121.89,WEST,WEST,35 ANTENNA CABLE KIT
SHA-SRC-50,50 ANTENNA CABLE KIT,165.36,0,89.12,165.36,WEST,WEST,50 ANTENNA CABLE KIT
SHI-135-0126B,H.D.HEATER HOSE 1/2X50,158.40,1,85.36,158.40,WEST,WEST,H.D.HEATER HOSE 1/2X50
SHI-144-1006,"SUPER PVC SANITATION 1""""X50'   """,429.79,0,231.62,429.79,WEST,WEST,"SUPER PVC SANITATION 1""""X50'   """
SHI-148-0586,"ULTRAVAC SANI.HOSE 5/8""""X50'   """,189.44,1,102.10,189.44,WEST,WEST,"ULTRAVAC SANI.HOSE 5/8""""X50'   """
SHI-148-1,ULTRAVAC SANITATION HOSE,5.93,6,3.19,5.93,WEST,WEST,ULTRAVAC SANITATION HOSE
SHI-162-0346,"PVC-RED TRACER 3/4""""X50'       """,170.76,20,92.02,170.76,WEST,WEST,"PVC-RED TRACER 3/4""""X50'       """
SHI-162-0586,"PVC-RED TRACER 5/8""""X50'       """,134.20,20,72.32,134.20,WEST,WEST,"PVC-RED TRACER 5/8""""X50'       """
SHI-250-1-1/2,H/W MARINE EXHAUST/WATER HOSE,19.96,0,10.75,19.96,WEST,WEST,H/W MARINE EXHAUST/WATER HOSE
SHI-254-1-1/2,EXOFLEX EXHAUST HOSE,30.41,0,16.39,30.41,WEST,WEST,EXOFLEX EXHAUST HOSE
SHI-365-0386,"HOSE FIRE-ACOL 3/8""""X50'R/O CTN""",303.47,0,163.55,303.47,WEST,WEST,"HOSE FIRE-ACOL 3/8""""X50'R/O CTN"""
SHI-420-3,BLACK H.D.VINYL BLOWER HOSE,4.68,20,2.52,4.68,WEST,WEST,BLACK H.D.VINYL BLOWER HOSE
SHI-420-4,BLACK H.D.VINYL BLOWER HOSE,7.06,0,3.81,7.06,WEST,WEST,BLACK H.D.VINYL BLOWER HOSE
SHR-244-2926,1/2NPTX1/2BARB SWIVEL ADAPTR,6.23,1,3.36,6.23,WEST,WEST,1/2NPTX1/2BARB SWIVEL ADAPTR
SHR-244-3926,1/2BARB X1/2NPT FEM. ELBOW,6.23,0,3.36,6.23,WEST,WEST,1/2BARB X1/2NPT FEM. ELBOW
SHR-4158-153-E75,12V 5GPM AQUAKING II SUPREME,827.32,0,445.86,827.32,WEST,WEST,12V 5GPM AQUAKING II SUPREME
SHR-SPDW-1/2B,1/2X4BLACK DUAL WALL SHRINK,11.22,0,6.05,11.22,WEST,WEST,1/2X4BLACK DUAL WALL SHRINK
SHR-SPDW-1/2R,1/2X4 RED DUAL WALL SHRINK,11.22,0,6.05,11.22,WEST,WEST,1/2X4 RED DUAL WALL SHRINK
SHR-SPDW-3/4B,3/4X4BLACK DUAL WALL SHRINK,18.60,0,10.03,18.60,WEST,WEST,3/4X4BLACK DUAL WALL SHRINK
SHR-SPDW-3/4R,3/4X4 RED DUAL WALL SHRINK,23.25,0,12.53,23.25,WEST,WEST,3/4X4 RED DUAL WALL SHRINK
SHU-1710,SYNTHETIC LAMBSWOOL COVER,27.62,2,14.89,27.62,WEST,WEST,SYNTHETIC LAMBSWOOL COVER
SHU-1710C,SWIVEL PAD COMBINATION,66.63,2,35.91,66.63,WEST,WEST,SWIVEL PAD COMBINATION
SHU-293,MICROFIBER TOWELS VARIETY 3-PK,37.02,4,19.95,37.02,WEST,WEST,MICROFIBER TOWELS VARIETY 3-PK
SHU-3151,BUFF MAGIC COMPOUNDING PAD-2PK,45.99,1,24.79,45.99,WEST,WEST,BUFF MAGIC COMPOUNDING PAD-2PK
SHU-3152,PRO POLISH PAD 6-1/2 2-PK,47.61,1,25.66,47.61,WEST,WEST,PRO POLISH PAD 6-1/2 2-PK
SHU-3154,BUFF MAGIC FOAM PAD 6.5(2/PK),47.61,0,25.66,47.61,WEST,WEST,BUFF MAGIC FOAM PAD 6.5(2/PK)
SHU-740,ALUM.FIXED LENGTH HANDLE 40,39.43,2,21.25,39.43,WEST,WEST,ALUM.FIXED LENGTH HANDLE 40
SHU-760,ALUM.FIXED LENGTH HANDLE 60,55.34,1,29.83,55.34,WEST,WEST,ALUM.FIXED LENGTH HANDLE 60
SHU-833,ALUM.EXT.HANDLE 43-72,87.84,1,47.34,87.84,WEST,WEST,ALUM.EXT.HANDLE 43-72
SHU-855,ALUM.EXT.HANDLE 63-108,106.85,0,57.58,106.85,WEST,WEST,ALUM.EXT.HANDLE 63-108
SHU-950,EXTRA STIFF WHITE POLY.BRUSH,59.08,0,31.84,59.08,WEST,WEST,EXTRA STIFF WHITE POLY.BRUSH
SHU-955,MEDIUM STIFF YELLOW POLY.BRUSH,59.08,0,31.84,59.08,WEST,WEST,MEDIUM STIFF YELLOW POLY.BRUSH
SHU-965,6SOFT/MEDIUM COMBO BRUSH,68.72,1,37.03,68.72,WEST,WEST,6SOFT/MEDIUM COMBO BRUSH
SHU-970,EXTRA SOFT BLUE NYLON BRUSH,68.72,2,37.03,68.72,WEST,WEST,EXTRA SOFT BLUE NYLON BRUSH
SHU-980,SOFT YELLOW POLY.BRUSH,78.37,0,42.24,78.37,WEST,WEST,SOFT YELLOW POLY.BRUSH
SIE-18-0305-1,GASKET,18.17,5,9.82,18.17,WEST,WEST,GASKET
SIE-18-0309-1,GASKET,17.54,0,9.47,17.54,WEST,WEST,GASKET
SIE-18-0353,GASKET             (AP-370),8.78,0,4.75,8.78,WEST,WEST,GASKET             (AP-370)
SIE-18-0549,RUBBER CAP         (AP-1643),21.31,2,11.51,21.31,WEST,WEST,RUBBER CAP         (AP-1643)
SIE-18-0550,RUBBER CAP         (AP-1644),20.22,3,10.93,20.22,WEST,WEST,RUBBER CAP         (AP-1644)
SIE-18-0943-2,GASKET,11.44,0,6.85,11.44,WEST,WEST,GASKET
SIE-18-0943-2-9,"GASKET, EXHAUST ELBOW (2/PKG)",30.11,2,16.27,30.11,WEST,WEST,"GASKET, EXHAUST ELBOW (2/PKG)"
SIE-18-0975-9,GASKET (2/PKG),10.99,1,5.94,10.99,WEST,WEST,GASKET (2/PKG)
SIE-18-1908K,RISER KIT,773.56,0,417.95,773.56,WEST,WEST,RISER KIT
SIE-18-1917,BLOCK OFF MANIFOLD PLATE,40.81,6,22.05,40.81,WEST,WEST,BLOCK OFF MANIFOLD PLATE
SIE-18-1927,RISER,449.90,0,243.08,449.90,WEST,WEST,RISER
SIE-18-1953-2,MANIFOLD,458.73,0,247.85,458.73,WEST,WEST,MANIFOLD
SIE-18-1976-2,MANIFOLD ELBOW,345.34,0,186.59,345.34,WEST,WEST,MANIFOLD ELBOW
SIE-18-1977-1,THERMOSTAT COVER   (AP-5009),129.88,0,70.17,129.88,WEST,WEST,THERMOSTAT COVER   (AP-5009)
SIE-18-1997-1,MANIFOLD,619.89,2,334.92,619.89,WEST,WEST,MANIFOLD
SIE-18-2003,SEAL               (AP-3808),37.89,1,20.47,37.89,WEST,WEST,SEAL               (AP-3808)
SIE-18-2014,SEAL               (AP-171),28.89,1,15.61,28.89,WEST,WEST,SEAL               (AP-171)
SIE-18-2051,SEAL               (AP-281),22.53,1,12.17,22.53,WEST,WEST,SEAL               (AP-281)
SIE-18-2052,SEAL               (AP-282),26.07,1,14.08,26.07,WEST,WEST,SEAL               (AP-282)
SIE-18-2062,SEAL               (AP-026),16.03,1,8.66,16.03,WEST,WEST,SEAL               (AP-026)
SIE-18-2116,TRIM HOSE          (AP-700),89.09,2,48.14,89.09,WEST,WEST,TRIM HOSE          (AP-700)
SIE-18-2161,SHIFT ARM          (AP-1358),63.16,6,34.12,63.16,WEST,WEST,SHIFT ARM          (AP-1358)
SIE-18-2174,U-JOINT            (AP-1821),107.66,1,58.17,107.66,WEST,WEST,U-JOINT            (AP-1821)
SIE-18-2481,GASKET SET,24.05,1,12.99,24.05,WEST,WEST,GASKET SET
SIE-18-2587,PWR.STEERING COOLER (AP-2740),454.26,0,245.43,454.26,WEST,WEST,PWR.STEERING COOLER (AP-2740)
SIE-18-2588,OIL COOLER          (AP-2289),563.34,3,304.37,563.34,WEST,WEST,OIL COOLER          (AP-2289)
SIE-18-2613,GASKET KIT         (AP-475),10.24,2,5.53,10.24,WEST,WEST,GASKET KIT         (AP-475)
SIE-18-2699,OUTDRIVE MTG.KIT   (AP-2376),9.15,2,4.94,9.15,WEST,WEST,OUTDRIVE MTG.KIT   (AP-2376)
SIE-18-2748,BELLOWS            (AP-1520),73.23,1,39.57,73.23,WEST,WEST,BELLOWS            (AP-1520)
SIE-18-2753-2,SHIFT CABLE BELLOWS,30.96,1,16.73,30.96,WEST,WEST,SHIFT CABLE BELLOWS
SIE-18-2764,BELLOW             (AP-1999),69.71,0,37.66,69.71,WEST,WEST,BELLOW             (AP-1999)
SIE-18-2765,BELLOW             (AP-1998),91.30,1,49.33,91.30,WEST,WEST,BELLOW             (AP-1998)
SIE-18-2777,HOSE CONNECTER     (AP-5013),94.42,1,51.02,94.42,WEST,WEST,HOSE CONNECTER     (AP-5013)
SIE-18-2918,GASKET             (AP-472),8.32,2,4.49,8.32,WEST,WEST,GASKET             (AP-472)
SIE-18-2949-9,GASKET-GRAPHTD ASB.(2/PKG),50.87,1,27.48,50.87,WEST,WEST,GASKET-GRAPHTD ASB.(2/PKG)
SIE-18-3016-1,IMPELLER KIT,57.75,1,31.20,57.75,WEST,WEST,IMPELLER KIT
SIE-18-3056,IMPELLER           (AP-1814),42.75,1,23.10,42.75,WEST,WEST,IMPELLER           (AP-1814)
SIE-18-3065,IMPELLER           (AP-2174),41.50,2,22.42,41.50,WEST,WEST,IMPELLER           (AP-2174)
SIE-18-3068,IMPELLER           (AP-2009),48.78,1,26.36,48.78,WEST,WEST,IMPELLER           (AP-2009)
SIE-18-3077,IMPELLER KIT       (AP-1933),94.22,1,50.91,94.22,WEST,WEST,IMPELLER KIT       (AP-1933)
SIE-18-3086,IMPELLER           (AP-007),66.53,1,35.95,66.53,WEST,WEST,IMPELLER           (AP-007)
SIE-18-3106,WATER PUMP COUPLER,25.17,1,13.60,25.17,WEST,WEST,WATER PUMP COUPLER
SIE-18-3150,WATER PUMP KIT     (AP-13159),178.72,2,96.56,178.72,WEST,WEST,WATER PUMP KIT     (AP-13159)
SIE-18-3205,WATER PUMP KIT,242.63,1,131.10,242.63,WEST,WEST,WATER PUMP KIT
SIE-18-3380,WATER PUMP KIT,111.92,1,60.47,111.92,WEST,WEST,WATER PUMP KIT
SIE-18-3390,WATER PUMP KIT,119.24,1,64.42,119.24,WEST,WEST,WATER PUMP KIT
SIE-18-3412,WATER PUMP KIT W/HOUSING,109.22,0,59.01,109.22,WEST,WEST,WATER PUMP KIT W/HOUSING
SIE-18-3469,WATER PUMP KIT,408.42,0,220.67,408.42,WEST,WEST,WATER PUMP KIT
SIE-18-3478,WATER PUMP REPAIR KIT,42.00,1,22.69,42.00,WEST,WEST,WATER PUMP REPAIR KIT
SIE-18-3549,THERMOSTAT 120    (AP-3149),43.75,1,23.64,43.75,WEST,WEST,THERMOSTAT 120    (AP-3149)
SIE-18-3552,THERMOSTAT,39.51,1,21.35,39.51,WEST,WEST,THERMOSTAT
SIE-18-3575,WATER PUMP KIT,217.57,1,171.58,217.57,WEST,WEST,WATER PUMP KIT
SIE-18-3577-2,WATER PUMP,387.32,0,209.27,387.32,WEST,WEST,WATER PUMP
SIE-18-3586-1,WATER PUMP,684.00,0,369.56,684.00,WEST,WEST,WATER PUMP
SIE-18-3599-2,WATER PUMP,251.34,1,135.80,251.34,WEST,WEST,WATER PUMP
SIE-18-36001,SEA WATER PUMP,824.91,0,445.70,824.91,WEST,WEST,SEA WATER PUMP
SIE-18-3601,HOSE               (AP-1054),22.60,5,12.21,22.60,WEST,WEST,HOSE               (AP-1054)
SIE-18-3602,HOSE               (AP-1053),22.95,5,12.40,22.95,WEST,WEST,HOSE               (AP-1053)
SIE-18-4008,PLATE              (AP-5008),27.00,0,14.59,27.00,WEST,WEST,PLATE              (AP-5008)
SIE-18-43017,THERMOSTAT F/INDMAR S985009,46.93,1,25.35,46.93,WEST,WEST,THERMOSTAT F/INDMAR S985009
SIE-18-4364,MOUNTING KIT,30.84,0,16.67,30.84,WEST,WEST,MOUNTING KIT
SIE-18-4527,WATER PUMP REPAIR KIT W/HOUSIG,108.18,0,58.45,108.18,WEST,WEST,WATER PUMP REPAIR KIT W/HOUSIG
SIE-18-4911,STARTER ROPE (200),1.04,25,0.56,1.04,WEST,WEST,STARTER ROPE (200)
SIE-18-4913,STARTER ROPE (200),1.04,22,0.56,1.04,WEST,WEST,STARTER ROPE (200)
SIE-18-4914,STARTER ROPE (200),1.04,24,0.56,1.04,WEST,WEST,STARTER ROPE (200)
SIE-18-5107-1,IGNITION MODULE,242.37,0,130.95,242.37,WEST,WEST,IGNITION MODULE
SIE-18-5108,SENSOR (P/U COIL)   (AP-13350),57.46,0,31.05,57.46,WEST,WEST,SENSOR (P/U COIL)   (AP-13350)
SIE-18-5244,CAP/ROTOR KIT,26.88,1,1.00,26.88,WEST,WEST,CAP/ROTOR KIT
SIE-18-5256,DIST.TUNE-UP KIT   (AP-1007),63.53,2,34.32,63.53,WEST,WEST,DIST.TUNE-UP KIT   (AP-1007)
SIE-18-5277,COMPLETE TUNE-UP KIT (AP-3080),119.54,1,64.59,119.54,WEST,WEST,COMPLETE TUNE-UP KIT (AP-3080)
SIE-18-5288-1,ELECTRONIC CONVERSION KIT,839.44,0,453.55,839.44,WEST,WEST,ELECTRONIC CONVERSION KIT
SIE-18-5303,POINTS             (AP-865),21.84,5,11.80,21.84,WEST,WEST,POINTS             (AP-865)
SIE-18-5311,POINTS             (AP-2810),22.85,1,12.34,22.85,WEST,WEST,POINTS             (AP-2810)
SIE-18-5345,CONDENSER          (AP-2807),12.36,3,6.68,12.36,WEST,WEST,CONDENSER          (AP-2807)
SIE-18-5352,CAP                (AP-1088),54.84,2,29.63,54.84,WEST,WEST,CAP                (AP-1088)
SIE-18-5353,CAP                (AP-870),73.35,1,39.63,73.35,WEST,WEST,CAP                (AP-870)
SIE-18-5375,CAP                (AP-868),126.05,0,68.11,126.05,WEST,WEST,CAP                (AP-868)
SIE-18-5376,HI-PERF.DISTR.CAP  (AP-3125),63.09,2,34.09,63.09,WEST,WEST,HI-PERF.DISTR.CAP  (AP-3125)
SIE-18-5403,ROTOR,15.28,1,8.26,15.28,WEST,WEST,ROTOR
SIE-18-5404-1,ROTOR              (AP-2863),16.43,4,8.88,16.43,WEST,WEST,ROTOR              (AP-2863)
SIE-18-5407,ROTOR              (AP-866),22.95,4,12.40,22.95,WEST,WEST,ROTOR              (AP-866)
SIE-18-5408,ROTOR              (AP-3065),15.95,1,8.62,15.95,WEST,WEST,ROTOR              (AP-3065)
SIE-18-5411,ROTOR,18.85,1,10.19,18.85,WEST,WEST,ROTOR
SIE-18-5425,ROTOR,34.27,2,18.52,34.27,WEST,WEST,ROTOR
SIE-18-5428,ROTOR              (AP-882),27.47,1,14.84,27.47,WEST,WEST,ROTOR              (AP-882)
SIE-18-5432,ROTOR&TRIGGER WHEEL(AP-2296),23.01,3,12.43,23.01,WEST,WEST,ROTOR&TRIGGER WHEEL(AP-2296)
SIE-18-5433,SERVICE COIL,90.80,2,49.06,90.80,WEST,WEST,SERVICE COIL
SIE-18-5436,SERVICE COIL,121.48,1,65.63,121.48,WEST,WEST,SERVICE COIL
SIE-18-5443,"COIL, IGNITION     (AP-3756)",187.91,1,101.53,187.91,WEST,WEST,"COIL, IGNITION     (AP-3756)"
SIE-18-5450,RESISTOR FOR COIL,33.27,0,17.97,33.27,WEST,WEST,RESISTOR FOR COIL
SIE-18-5619,O/B STARTER,326.72,0,176.53,326.72,WEST,WEST,O/B STARTER
SIE-18-5704,RELAY              (AP-598),36.62,1,19.79,36.62,WEST,WEST,RELAY              (AP-598)
SIE-18-5705,RELAY              (AP-1561),39.48,1,21.33,39.48,WEST,WEST,RELAY              (AP-1561)
SIE-18-5851,"RELAY, SHROUDED",63.06,1,34.07,63.06,WEST,WEST,"RELAY, SHROUDED"
SIE-18-5882,ALTERNATOR 75A 12V SERPENTINE,582.03,1,314.47,582.03,WEST,WEST,ALTERNATOR 75A 12V SERPENTINE
SIE-18-5897,TEMP.SENDER 3/8 DUAL 240DEG,55.98,1,30.25,55.98,WEST,WEST,TEMP.SENDER 3/8 DUAL 240DEG
SIE-18-5907,STARTER,514.08,0,277.76,514.08,WEST,WEST,STARTER
SIE-18-5908,STARTER,505.78,1,273.27,505.78,WEST,WEST,STARTER
SIE-18-5913-1,STARTER,425.75,0,230.03,425.75,WEST,WEST,STARTER
SIE-18-5920,STARTER,295.72,1,159.78,295.72,WEST,WEST,STARTER
SIE-18-6779,TILT/TRIM MOTOR,389.73,1,210.57,389.73,WEST,WEST,TILT/TRIM MOTOR
SIE-18-6950,POWER TILT FUSE 50-AMP,12.19,2,6.59,12.19,WEST,WEST,POWER TILT FUSE 50-AMP
SIE-18-6951,POWER TILT FUSE 30-AMP,14.20,0,7.67,14.20,WEST,WEST,POWER TILT FUSE 30-AMP
SIE-18-7086,CARB REBUILD KIT   (AP-3683),84.49,0,45.65,84.49,WEST,WEST,CARB REBUILD KIT   (AP-3683)
SIE-18-70930,HOSE               (AP-1522),55.34,1,29.90,55.34,WEST,WEST,HOSE               (AP-1522)
SIE-18-70931,HOSE               (AP-1529),58.50,1,31.61,58.50,WEST,WEST,HOSE               (AP-1529)
SIE-18-7142,O-RING,1.27,5,0.69,1.27,WEST,WEST,O-RING
SIE-18-7152,SEAL               (AP-201),5.03,1,2.72,5.03,WEST,WEST,SEAL               (AP-201)
SIE-18-7170,0-RING             (AP-208),2.79,2,1.51,2.79,WEST,WEST,0-RING             (AP-208)
SIE-18-7267,FUEL PUMP          (AP-1816),315.50,1,170.46,315.50,WEST,WEST,FUEL PUMP          (AP-1816)
SIE-18-7268,FUEL PUMP,365.78,2,197.63,365.78,WEST,WEST,FUEL PUMP
SIE-18-7270,FUEL PUMP,550.60,0,297.49,550.60,WEST,WEST,FUEL PUMP
SIE-18-7278,FUEL PUMP          (AP-1815),480.71,1,259.73,480.71,WEST,WEST,FUEL PUMP          (AP-1815)
SIE-18-7281,FUEL PUMP           (AP-13480),266.23,0,143.84,266.23,WEST,WEST,FUEL PUMP           (AP-13480)
SIE-18-7282,FUEL PUMP          (AP-1838),306.96,0,165.85,306.96,WEST,WEST,FUEL PUMP          (AP-1838)
SIE-18-7283,FUEL PUMP          (AP-1835),249.16,0,134.62,249.16,WEST,WEST,FUEL PUMP          (AP-1835)
SIE-18-7326,FUEL PUMP ELECTRIC,582.00,0,314.45,582.00,WEST,WEST,FUEL PUMP ELECTRIC
SIE-18-7333,FUEL PUMP,423.35,1,228.73,423.35,WEST,WEST,FUEL PUMP
SIE-18-7775-1,FUEL WATER SEPERATOR KIT,98.73,0,53.34,98.73,WEST,WEST,FUEL WATER SEPERATOR KIT
SIE-18-7789,FILTER 21 Mic Volvo/Cobra,17.13,1,9.26,17.13,WEST,WEST,FILTER 21 Mic Volvo/Cobra
SIE-18-7845,FUEL FILTER 21Mic LONG,21.38,10,11.55,21.38,WEST,WEST,FUEL FILTER 21Mic LONG
SIE-18-7846,FUEL FILTER 21 Mic (AP-6040),22.28,2,12.04,22.28,WEST,WEST,FUEL FILTER 21 Mic (AP-6040)
SIE-18-7848-1,FUEL FILTER        (AP-6012),85.82,3,46.37,85.82,WEST,WEST,FUEL FILTER        (AP-6012)
SIE-18-7862,FUEL FILTER        (AP-1647),23.46,6,13.33,23.46,WEST,WEST,FUEL FILTER        (AP-1647)
SIE-18-7866,FUEL FILTER 10 Mic (AP-1647),33.40,0,18.05,33.40,WEST,WEST,FUEL FILTER 10 Mic (AP-1647)
SIE-18-7891,OIL DRAIN KIT      (AP-1801),200.53,2,108.35,200.53,WEST,WEST,OIL DRAIN KIT      (AP-1801)
SIE-18-7911-1,OIL FILTER,16.93,1,9.15,16.93,WEST,WEST,OIL FILTER
SIE-18-7913,OIL FILTER,15.58,0,8.42,15.58,WEST,WEST,OIL FILTER
SIE-18-7914,OIL FILTER,14.78,0,7.99,14.78,WEST,WEST,OIL FILTER
SIE-18-7915-1,OIL FILTER,16.67,1,9.00,16.67,WEST,WEST,OIL FILTER
SIE-18-7919,FUEL WATER SEPERATOR FILTER,47.28,0,25.54,47.28,WEST,WEST,FUEL WATER SEPERATOR FILTER
SIE-18-7944,FUEL FILTER 10Mic SHORT,14.55,0,7.86,14.55,WEST,WEST,FUEL FILTER 10Mic SHORT
SIE-18-7954,OIL FILTER YAMAHA F350,38.46,0,20.78,38.46,WEST,WEST,OIL FILTER YAMAHA F350
SIE-18-7954-1,OIL FILTER YAMAHA F350,40.58,0,21.93,40.58,WEST,WEST,OIL FILTER YAMAHA F350
SIE-18-7989,FILTER 10 Mic Volvo/Cobra,15.95,0,8.62,15.95,WEST,WEST,FILTER 10 Mic Volvo/Cobra
SIE-18-8002S,PRIMER BULB 1/4,22.61,0,12.19,22.61,WEST,WEST,PRIMER BULB 1/4
SIE-18-8004S,PRIMER BULB 5/16,22.61,1,12.19,22.61,WEST,WEST,PRIMER BULB 5/16
SIE-18-8005S,PRIMER BULB 3/8,22.61,1,12.19,22.61,WEST,WEST,PRIMER BULB 3/8
SIE-18-8226,FUEL FILTER,39.90,0,21.56,39.90,WEST,WEST,FUEL FILTER
SIE-18-8519,EXHAUST ELBOW MOUNTING KIT,150.65,2,81.40,150.65,WEST,WEST,EXHAUST ELBOW MOUNTING KIT
SIE-18-8802-1,LEAD WIRE KIT,128.04,1,69.18,128.04,WEST,WEST,LEAD WIRE KIT
SIE-18-8808-2,SPARK PLUG WIRE SET,114.93,1,62.10,114.93,WEST,WEST,SPARK PLUG WIRE SET
SIE-18-8820-1,SPARK PLUG WIRE SET,165.86,1,89.62,165.86,WEST,WEST,SPARK PLUG WIRE SET
SIE-18-8821-1,SPARK PLUG WIRE SET,133.28,1,72.01,133.28,WEST,WEST,SPARK PLUG WIRE SET
SIE-18-8828-1,SPARK PLUG WIRE SET,211.86,0,114.47,211.86,WEST,WEST,SPARK PLUG WIRE SET
SIE-18-8836-1,SPARK PLUG WIRE SET,161.37,0,87.19,161.37,WEST,WEST,SPARK PLUG WIRE SET
SIE-18-8868-1,FUEL PUMP,488.14,0,263.74,488.14,WEST,WEST,FUEL PUMP
SIE-18-8926,IMPELLER,99.05,1,53.52,99.05,WEST,WEST,IMPELLER
SIE-18-9031-1,BELLOWS ADHESIVE,24.65,2,13.28,24.65,WEST,WEST,BELLOWS ADHESIVE
SIE-18-9550-3,FOGGING OIL-GAL,101.77,0,54.85,101.77,WEST,WEST,FOGGING OIL-GAL
SIE-18-9680-5,SYNTHETIC GEAR LUBE-5-GAL,674.15,0,363.31,674.15,WEST,WEST,SYNTHETIC GEAR LUBE-5-GAL
SIE-18-9751-2,POWER TRIM & TILT FLUID-QT,21.46,4,11.56,21.46,WEST,WEST,POWER TRIM & TILT FLUID-QT
SIE-23-3300,IMPELLER KIT,44.92,0,24.27,44.92,WEST,WEST,IMPELLER KIT
SIE-23-3304,IMPELLER KIT,44.05,1,23.80,44.05,WEST,WEST,IMPELLER KIT
SIE-23-3307,IMPELLER KIT,51.22,1,27.67,51.22,WEST,WEST,IMPELLER KIT
SIE-23-6401,ANODE,33.48,3,18.09,33.48,WEST,WEST,ANODE
SIE-FS79190,AGC FUSE 20-AMP    (5),12.88,3,6.94,12.88,WEST,WEST,AGC FUSE 20-AMP    (5)
SIE-FS79540,ATO FUSE 10-AMP    (5),7.97,4,4.29,7.97,WEST,WEST,ATO FUSE 10-AMP    (5)
SIE-FS79550,ATO FUSE 15-AMP    (5),7.97,3,4.29,7.97,WEST,WEST,ATO FUSE 15-AMP    (5)
SIE-FS79560,ATO FUSE 20-AMP    (5),7.97,4,4.29,7.97,WEST,WEST,ATO FUSE 20-AMP    (5)
SIE-FS79580,ATO FUSE 30-AMP    (5),7.97,3,4.29,7.97,WEST,WEST,ATO FUSE 30-AMP    (5)
SIE-FS79590,ATO FUSE 40-AMP    (5),7.97,4,4.29,7.97,WEST,WEST,ATO FUSE 40-AMP    (5)
SIE-MP39210,PUSH BUTTON BREAKER BOOT,9.00,1,4.85,9.00,WEST,WEST,PUSH BUTTON BREAKER BOOT
SIE-MP41000,IGN SWITCH 3POS W/CHOKE,48.03,1,25.88,48.03,WEST,WEST,IGN SWITCH 3POS W/CHOKE
SIE-MP51090,IGNITION SWITCH,95.19,0,51.30,95.19,WEST,WEST,IGNITION SWITCH
SIE-OP24891,OIL PRESS.SENDER-DUAL,77.91,1,41.98,77.91,WEST,WEST,OIL PRESS.SENDER-DUAL
SIE-TC42914,4-T0-7 WAY ADAPTER,27.17,0,15.46,27.17,WEST,WEST,4-T0-7 WAY ADAPTER
SIE-TG19520,TOGGLE ON-OFF-ON 20A,51.32,1,27.66,51.32,WEST,WEST,TOGGLE ON-OFF-ON 20A
SIE-TG40300,TOGGLE OFF-ON 20A,30.19,0,16.27,30.19,WEST,WEST,TOGGLE OFF-ON 20A
SIE-TG40320,TOGGLE ON-OFF-ON 20A,33.27,1,17.93,33.27,WEST,WEST,TOGGLE ON-OFF-ON 20A
SIE-TS26621,TEMP.SENDER 3/8 SGL 240DEG,39.04,1,21.04,39.04,WEST,WEST,TEMP.SENDER 3/8 SGL 240DEG
SIE-UN22120,DC INDICATOR LIGHT AMBER,19.84,0,10.69,19.84,WEST,WEST,DC INDICATOR LIGHT AMBER
SIK-205-250ML,CLNR&AKTIVATOR 205(YELLOW LID),63.51,1,34.23,63.51,WEST,WEST,CLNR&AKTIVATOR 205(YELLOW LID)
SIK-206GP-250ML,PRIMER BLACK,124.25,1,70.31,124.25,WEST,WEST,PRIMER BLACK
SIK-290DC-PRO-600ML,BLK MARINE DECK CAULK SAUSAGE,70.14,0,37.80,70.14,WEST,WEST,BLK MARINE DECK CAULK SAUSAGE
SIK-291BLK-300ML,SEALANT 300ml CARTRIDGE,20.74,8,11.18,20.74,WEST,WEST,SEALANT 300ml CARTRIDGE
SIK-291GRY-300ML,SEALANT 300ML CART,20.74,6,11.18,20.74,WEST,WEST,SEALANT 300ML CART
SIK-291I-BLK-70ML,MINI-SAUSAGE SEALANT BLACK,18.12,25,9.76,18.12,WEST,WEST,MINI-SAUSAGE SEALANT BLACK
SIK-291I-WHT-70ML,MINI-SAUSAGE SEALANT WHITE,18.12,16,9.76,18.12,WEST,WEST,MINI-SAUSAGE SEALANT WHITE
SIK-291LOTBLK-300,SEALANT 300ML CARTRIDGE,20.74,11,11.18,20.74,WEST,WEST,SEALANT 300ML CARTRIDGE
SIK-291LOTWHT-300,SEALANT 300ML CARTRIDGE,20.74,6,11.18,20.74,WEST,WEST,SEALANT 300ML CARTRIDGE
SIK-291WHT-300ML,SEALANT 300ml CARTRIDGE,20.74,11,11.18,20.74,WEST,WEST,SEALANT 300ml CARTRIDGE
SIK-295UVBLK300ML,DIRECT GLAZING - PLAST(BLK),36.84,0,19.85,36.84,WEST,WEST,DIRECT GLAZING - PLAST(BLK)
SIK-296BLK-600ML,DIRECT GLAZING - GLASS WINDOWS,107.80,1,58.09,107.80,WEST,WEST,DIRECT GLAZING - GLASS WINDOWS
SIK-737343,SIKA CLEANING WIPES-120 (90),86.04,1,46.37,86.04,WEST,WEST,SIKA CLEANING WIPES-120 (90)
SIK-91283,AKTIVATOR 100 250ML(ORANGE LID,86.84,1,46.80,86.84,WEST,WEST,AKTIVATOR 100 250ML(ORANGE LID
sik591BLK-300ML,591 SEALANT CRTRG 300ML BLK,21.54,5,10.20,21.54,WEST,WEST,591 SEALANT CRTRG 300ML BLK
SIM-2100-100,100 MM REDBIRD BRUSH,6.63,5,3.57,6.63,WEST,WEST,100 MM REDBIRD BRUSH
SIM-2100-15,15 MM REDBIRD BRUSH,1.17,10,0.64,1.17,WEST,WEST,15 MM REDBIRD BRUSH
SIM-2100-30,30 MM REDBIRD BRUSH,1.77,28,0.96,1.77,WEST,WEST,30 MM REDBIRD BRUSH
SIM-2100-50,50 MM REDBIRD BRUSH,2.54,23,1.37,2.54,WEST,WEST,50 MM REDBIRD BRUSH
SIM-2100-75,75 MM REDBIRD BRUSH,4.59,11,2.47,4.59,WEST,WEST,75 MM REDBIRD BRUSH
SIM-2940-38,38 MM RADIATOR BRUSH,4.36,0,2.35,4.36,WEST,WEST,38 MM RADIATOR BRUSH
SIM-6350,WIRE BRUSH C/W SCRAPER,3.89,2,2.10,3.89,WEST,WEST,WIRE BRUSH C/W SCRAPER
SIM-7200-64,2.5 ANGLE SASH VINTAGE-PRO,29.02,0,15.64,29.02,WEST,WEST,2.5 ANGLE SASH VINTAGE-PRO
SIM-9900-100MM,4CHIP BRUSH-WOOD HANDLE,3.04,3,1.64,3.04,WEST,WEST,4CHIP BRUSH-WOOD HANDLE
SIM-9900-13MM,1/2CHIP BRUSH-WOOD HANDLE,0.67,20,0.37,0.67,WEST,WEST,1/2CHIP BRUSH-WOOD HANDLE
SIM-9900-25MM,1CHIP BRUSH-WOOD HANDLE,0.99,27,0.54,0.99,WEST,WEST,1CHIP BRUSH-WOOD HANDLE
SIM-9900-50MM,2CHIP BRUSH-WOOD HANDLE,1.22,0,0.67,1.22,WEST,WEST,2CHIP BRUSH-WOOD HANDLE
SIM-9900-75MM,3CHIP BRUSH-WOOD HANDLE,1.92,0,1.03,1.92,WEST,WEST,3CHIP BRUSH-WOOD HANDLE
SIM-A-040,75MM MINI-TRIM ROLLER(WIRE),2.86,14,1.54,2.86,WEST,WEST,75MM MINI-TRIM ROLLER(WIRE)
SIM-A-041,TWIN PACK REFILL FOR A-040,2.66,13,1.43,2.66,WEST,WEST,TWIN PACK REFILL FOR A-040
SIM-A-044,38X75MM  TRIM ROLLER 5MM PILE,3.22,10,1.74,3.22,WEST,WEST,38X75MM  TRIM ROLLER 5MM PILE
SIM-A-090,100MM TRIM ROLLER,5.79,1,3.12,5.79,WEST,WEST,100MM TRIM ROLLER
SIM-A-104,4 FOAM ROLLER REFILL,2.29,15,1.23,2.29,WEST,WEST,4 FOAM ROLLER REFILL
SIM-A-106,6 FOAM ROLLER REFILL,2.91,2,1.57,2.91,WEST,WEST,6 FOAM ROLLER REFILL
SIM-A-114,4GOLD STRIPE ROLLER REFILL,2.42,2,1.30,2.42,WEST,WEST,4GOLD STRIPE ROLLER REFILL
SIM-F-102,12 TRIMMER ROLLER FRAME,2.84,4,1.53,2.84,WEST,WEST,12 TRIMMER ROLLER FRAME
SIM-F-194,240 CAGE FRAME,5.43,13,2.92,5.43,WEST,WEST,240 CAGE FRAME
SIM-R-121,240 ARTIZAN ROLLR 10MM,2.72,16,1.47,2.72,WEST,WEST,240 ARTIZAN ROLLR 10MM
SIM-R-151,240 ARTIZAN ROLLER 5MM,2.72,13,1.47,2.72,WEST,WEST,240 ARTIZAN ROLLER 5MM
SIM-R-221,240MM MOCRYL FABRIC REFILLS,5.74,0,3.10,5.74,WEST,WEST,240MM MOCRYL FABRIC REFILLS
SIM-R-620,240MM  PROF.LINT FREE REFILL,3.66,9,1.97,3.66,WEST,WEST,240MM  PROF.LINT FREE REFILL
SIM-R-890,240 VINTAGE PRO NYLON 5MM PILE,8.28,10,4.46,8.28,WEST,WEST,240 VINTAGE PRO NYLON 5MM PILE
SIM-S-421,240MM PREMIER ROLLR SET/10MM,15.38,0,8.29,15.38,WEST,WEST,240MM PREMIER ROLLR SET/10MM
SIM-T-040,100MM.PLASTIC TRAY,2.29,4,1.23,2.29,WEST,WEST,100MM.PLASTIC TRAY
SIM-T-060,150MM.PLASTIC TRAY,2.44,4,1.31,2.44,WEST,WEST,150MM.PLASTIC TRAY
SIM-T-160,240 2-LTR.PLASTIC TRAY,5.95,2,3.20,5.95,WEST,WEST,240 2-LTR.PLASTIC TRAY
SIM-T-165,PLASTIC TRAY LINER FOR T-160,1.54,6,0.84,1.54,WEST,WEST,PLASTIC TRAY LINER FOR T-160
SIM-T-175,240 1-LTR.METAL TRAY,12.58,2,6.78,12.58,WEST,WEST,240 1-LTR.METAL TRAY
SIM-T-195,PLASTIC TRAY LINER,1.54,2,0.84,1.54,WEST,WEST,PLASTIC TRAY LINER
SLD-230980,BELLOWS (OLD340671),229.66,1,123.77,229.66,WEST,WEST,BELLOWS (OLD340671)
SLD-301200,DISCHARGE PUMP-12V,851.17,0,458.71,851.17,WEST,WEST,DISCHARGE PUMP-12V
SLD-310048,HALF CLAMP KIT - BONE,90.30,0,48.66,90.30,WEST,WEST,HALF CLAMP KIT - BONE
SLD-310063,FLOOR FLANGE SEAL KIT,67.58,0,36.42,67.58,WEST,WEST,FLOOR FLANGE SEAL KIT
SLD-310076,1.5DUCKBILL VALVE(2/KIT),61.09,0,32.92,61.09,WEST,WEST,1.5DUCKBILL VALVE(2/KIT)
SLD-310114,PEDAL COVER KIT-WHITE,94.89,2,51.14,94.89,WEST,WEST,PEDAL COVER KIT-WHITE
SLD-310151,ORING REPLACE.KIT S/T PUMPS,43.17,1,23.26,43.17,WEST,WEST,ORING REPLACE.KIT S/T PUMPS
SLD-310954,HALFBALL/SHAFT/CARTRIDG-ECOVAC,143.84,0,77.52,143.84,WEST,WEST,HALFBALL/SHAFT/CARTRIDG-ECOVAC
SLD-311004,VENT FILTER KIT 5/8-1-1/2,250.17,1,134.82,250.17,WEST,WEST,VENT FILTER KIT 5/8-1-1/2
SLD-311009,KIT PLUG IN BASE SEAL,109.30,1,58.90,109.30,WEST,WEST,KIT PLUG IN BASE SEAL
SLD-311208,2DUCKBILL VALVE (2/KIT),86.22,2,46.47,86.22,WEST,WEST,2DUCKBILL VALVE (2/KIT)
SLD-311462,TEFLON+RUBBER SEAL KIT,97.76,1,52.69,97.76,WEST,WEST,TEFLON+RUBBER SEAL KIT
SLD-311545,WATER VALVE 43/4400 12V,162.49,1,87.57,162.49,WEST,WEST,WATER VALVE 43/4400 12V
SLD-311581,2DUCKBILL VALVE (4/KIT),79.17,1,42.67,79.17,WEST,WEST,2DUCKBILL VALVE (4/KIT)
SLD-311822,MPUMP DIAPHRAM,431.26,0,232.42,431.26,WEST,WEST,MPUMP DIAPHRAM
SLD-314349,WATER VALVE KIT,107.82,0,58.10,107.82,WEST,WEST,WATER VALVE KIT
SLD-318162,BALL/SHAFT/CART.KIT,184.87,1,99.63,184.87,WEST,WEST,BALL/SHAFT/CART.KIT
SLD-319039,'O'RING-OLD STYLE S/T PUMP,86.32,1,46.52,86.32,WEST,WEST,'O'RING-OLD STYLE S/T PUMP
SLD-341116FT,1-1/2 MAXFLEX SANI HOSE,16.35,0,9.30,16.35,WEST,WEST,1-1/2 MAXFLEX SANI HOSE
SLD-341513,PVC HOSE ADAPTOR 1-1/2,38.83,1,20.92,38.83,WEST,WEST,PVC HOSE ADAPTOR 1-1/2
SLD-441205,TOILET TISSUE 2-PLY (4/PK),18.69,0,10.07,18.69,WEST,WEST,TOILET TISSUE 2-PLY (4/PK)
SLD-471101,TOILET ONLY M-28 TRAVELER WHT,939.14,0,506.12,939.14,WEST,WEST,TOILET ONLY M-28 TRAVELER WHT
SLD-471103,TOILET ONLY M-28 TRAVELER BONE,939.14,0,506.12,939.14,WEST,WEST,TOILET ONLY M-28 TRAVELER BONE
SLD-700029,MAX CONTROL ADVANC 8OZ(4/PKG),61.99,6,37.60,0.00,WEST,WEST,MAX CONTROL ADVANC 8OZ(4/PKG)
SLD-897902,TOILET-ANGLE BACK TALL BONE,2791.20,0,1504.24,2791.20,WEST,WEST,TOILET-ANGLE BACK TALL BONE
SLD-9620000728,MAX CONTROL NATURAL 32-OZ,35.19,2,18.96,35.19,WEST,WEST,MAX CONTROL NATURAL 32-OZ
SLD-9620000729,MAX CONTROL NATURAL 4-OZ.6/PKG,32.11,2,17.31,32.11,WEST,WEST,MAX CONTROL NATURAL 4-OZ.6/PKG
SLT-SA04,SALT AWAY SPRAY (4OZ),10.67,1,5.75,10.67,WEST,WEST,SALT AWAY SPRAY (4OZ)
SLT-SA16,SALT AWAY SPRAY (16OZ),21.33,4,11.49,21.33,WEST,WEST,SALT AWAY SPRAY (16OZ)
SLT-SA32,SALT AWAY CONCENTE(32OZ),34.29,1,18.48,34.29,WEST,WEST,SALT AWAY CONCENTE(32OZ)
SLT-SA32M,SA CONCENRATE & MIXER (32OZ),104.53,0,56.33,104.53,WEST,WEST,SA CONCENRATE & MIXER (32OZ)
SM7-1190,SIDE POWER ANODE,14.82,0,0.01,14.82,WEST,WEST,SIDE POWER ANODE
SMP-BF30,BOAT SIDE PLUG 30-AMP,190.59,0,121.80,190.59,WEST,WEST,BOAT SIDE PLUG 30-AMP
SMP-C30253,2530-AMP CORD DUAL CONFIG,476.17,1,340.12,476.17,WEST,WEST,2530-AMP CORD DUAL CONFIG
SMX-SAM-RC,REMOTE CONTROL /1000W+ INVRTRS,52.39,1,38.09,52.39,WEST,WEST,REMOTE CONTROL /1000W+ INVRTRS
SOL-15-334-3.78L,NON-TOX RV ANTIFREZ PLAST PIPE,13.04,0,7.03,13.04,WEST,WEST,NON-TOX RV ANTIFREZ PLAST PIPE
SOL-53-261,ACETONE 946 ML,22.48,4,12.11,22.48,WEST,WEST,ACETONE 946 ML
SOL-53-321V,PAINT THNR/CLRNR(NEW VOC)846ML,21.79,0,11.74,21.79,WEST,WEST,PAINT THNR/CLRNR(NEW VOC)846ML
SOL-53-324,PAINT THINNER/CLEANER 3.78LTR,25.55,0,13.77,25.55,WEST,WEST,PAINT THINNER/CLEANER 3.78LTR
SOL-53-324X52V,PAINT THINR/CLNR(NEW VOC)3.78L,48.00,0,25.87,48.00,WEST,WEST,PAINT THINR/CLNR(NEW VOC)3.78L
SOL-53-328,PAINT THINNER/CLEANER 18.9LTR,114.11,0,61.50,114.11,WEST,WEST,PAINT THINNER/CLEANER 18.9LTR
SOL-53-351,LACQUER THINNER 946 ML,17.92,4,9.66,17.92,WEST,WEST,LACQUER THINNER 946 ML
SOL-53-391,METHYL HYDRATE 946ML,13.16,0,7.09,13.16,WEST,WEST,METHYL HYDRATE 946ML
SOL-53-401,BOILED LINSEED OIL 946ML,22.24,2,11.99,22.24,WEST,WEST,BOILED LINSEED OIL 946ML
SOU-54X32X1,SOUND BARRIER-MN 54X32X1,239.13,0,128.87,239.13,WEST,WEST,SOUND BARRIER-MN 54X32X1
SOU-HFPA2B,QUITECH 25% PERF.ALUM.4X8,1041.96,0,561.54,1041.96,WEST,WEST,QUITECH 25% PERF.ALUM.4X8
SP9-25219,FASTORNG PUMC LOTN HNDCLN3.78L,40.76,0,21.97,40.76,WEST,WEST,FASTORNG PUMC LOTN HNDCLN3.78L
SP9-C12532,GREZ-OFF HEVY DUT DEGRSR 946ML,19.07,11,10.28,19.07,WEST,WEST,GREZ-OFF HEVY DUT DEGRSR 946ML
SP9-C27946,MARINE SPRAY-9  946ML NEW BOTL,19.07,6,10.28,19.07,WEST,WEST,MARINE SPRAY-9  946ML NEW BOTL
SP9-C30832,BOAT BOTTOM CLEANER 946ML,23.48,1,12.65,23.48,WEST,WEST,BOAT BOTTOM CLEANER 946ML
SPE-1203,28V 21CPSC BAY,17.72,1,9.55,17.72,WEST,WEST,28V 21CPSC BAY
SPE-1416,MINIATURE LAMP,16.50,1,8.89,16.50,WEST,WEST,MINIATURE LAMP
SPS-01-1110-0815,FEMALE SWIVL CONN.15MMx1/2NPS,12.51,1,6.74,12.51,WEST,WEST,FEMALE SWIVL CONN.15MMx1/2NPS
SPS-01-1115-1515,UNION CONNECTOR 15MM,10.09,0,5.44,10.09,WEST,WEST,UNION CONNECTOR 15MM
SPS-01-1116-1015,REDUCING UNION 15MMx1/2CTS,13.03,2,7.02,13.03,WEST,WEST,REDUCING UNION 15MMx1/2CTS
SPS-01-1117-1515,UNION ELBOW 15MM,11.09,0,5.98,11.09,WEST,WEST,UNION ELBOW 15MM
SPS-01-1119-0815,MALE ELBOW 15MMx1/2NPT,17.97,2,9.68,17.97,WEST,WEST,MALE ELBOW 15MMx1/2NPT
SPS-01-1120-0815,FEMALE SWVL.ELBOW 15MMx1/2NPS,15.00,3,8.08,15.00,WEST,WEST,FEMALE SWVL.ELBOW 15MMx1/2NPS
SPS-01-1123-1515,UNION TEE 15MM,15.00,0,8.08,15.00,WEST,WEST,UNION TEE 15MM
SPS-01-1133-1515,STACKABLE TEE 15MM,15.00,2,8.08,15.00,WEST,WEST,STACKABLE TEE 15MM
SPS-01-1145-15,END STOP 15MM,11.56,4,6.23,11.56,WEST,WEST,END STOP 15MM
SPS-01-2402-0815,MALE CONN. 15MM X 1/2 NPT,10.09,0,5.44,10.09,WEST,WEST,MALE CONN. 15MM X 1/2 NPT
SPS-01-2413-0815,HOSE BARB FITTING 15MMX1/2H.B,17.02,3,9.17,17.02,WEST,WEST,HOSE BARB FITTING 15MMX1/2H.B
SPS-01-3547-10,"COLLET CLIP 1/2""""CTS (3PER PK) """,1.44,0,0.78,1.44,WEST,WEST,"COLLET CLIP 1/2""""CTS (3PER PK) """
SPS-1229-0815,15MMx1/2NPT BRASS MALE STEM,38.69,0,20.85,38.69,WEST,WEST,15MMx1/2NPT BRASS MALE STEM
SPS-15MM-BLUE,FLEXPIPE-BLUE 15MM(CUT/250 FT),2.14,0,1.15,2.14,WEST,WEST,FLEXPIPE-BLUE 15MM(CUT/250 FT)
SPS-15MM-RED,FLEXPIPE-RED 15MM(CUT/250),2.14,0,1.15,2.14,WEST,WEST,FLEXPIPE-RED 15MM(CUT/250)
SPS-2349-15,15MM FLOW BEND MOUNT,6.71,0,3.62,6.71,WEST,WEST,15MM FLOW BEND MOUNT
SPS-81902404,FEM SWIVCON.15MMX3/4(1110-1215,19.72,0,10.63,19.72,WEST,WEST,FEM SWIVCON.15MMX3/4(1110-1215
SRH-SR-PRO-1,STINGRAY SR-PRO-1 BLACK,262.39,0,149.26,262.39,WEST,WEST,STINGRAY SR-PRO-1 BLACK
SRH-SR-PRO-2,STINGRAY SR-PRO-2 WHITE,262.39,0,149.26,262.39,WEST,WEST,STINGRAY SR-PRO-2 WHITE
SRH-SR-PRO-3,STINGRAY SR-PRO-3 GREY,262.39,0,149.26,262.39,WEST,WEST,STINGRAY SR-PRO-3 GREY
SRP-AX150*,AXIS 150 H.HELD RADIO W/O BAT,1127.49,0,1127.49,1127.49,WEST,WEST,AXIS 150 H.HELD RADIO W/O BAT
SRP-AX200,AXIS 200 55CHAN.HANDHELD RADIO,1346.89,0,1346.89,1346.89,WEST,WEST,AXIS 200 55CHAN.HANDHELD RADIO
SRP-AX250*,AXIS 250 H.HELD RADIO W/O BAT,1173.42,0,1173.42,1173.42,WEST,WEST,AXIS 250 H.HELD RADIO W/O BAT
SST-501A-064,SOLAR LED MARINE LANTERN,215.86,0,215.86,215.86,WEST,WEST,SOLAR LED MARINE LANTERN
STA-27410,LOWER UNIT QUART PUMP W/ADAPTR,34.69,1,18.69,34.69,WEST,WEST,LOWER UNIT QUART PUMP W/ADAPTR
STA-28401,LOWER UNIT ADAPTOR FITTING,16.62,1,8.95,16.62,WEST,WEST,LOWER UNIT ADAPTOR FITTING
STA-40069,SMALL BRUSH W/BRASS BRISTLES,22.23,1,11.98,22.23,WEST,WEST,SMALL BRUSH W/BRASS BRISTLES
STA-42023,LARGE SCRUB PAD KIT,45.44,2,24.49,45.44,WEST,WEST,LARGE SCRUB PAD KIT
STA-71622,BLACK STREAK REMOVER 22OZ,29.23,1,15.75,29.23,WEST,WEST,BLACK STREAK REMOVER 22OZ
STA-71716,TOILET TREATMENT-LEMON 16OZ,29.23,0,15.75,29.23,WEST,WEST,TOILET TREATMENT-LEMON 16OZ
STA-80500,BILGE CLEANER GAL,79.71,0,42.96,79.71,WEST,WEST,BILGE CLEANER GAL
STA-80532,BILGE CLEANER 32OZ,30.88,0,16.64,30.88,WEST,WEST,BILGE CLEANER 32OZ
STA-81022,BOAT GUARD SPEED DETAILER 22oz,36.84,3,19.85,36.84,WEST,WEST,BOAT GUARD SPEED DETAILER 22oz
STA-81432,TEAK CLEANER 32OZ,49.23,12,26.53,49.23,WEST,WEST,TEAK CLEANER 32OZ
STA-81732,HULL CLEANER 32OZ,44.76,0,24.12,44.76,WEST,WEST,HULL CLEANER 32OZ
STA-81922,WATERPROOFING TREATMENT 22OZ,54.14,0,29.18,54.14,WEST,WEST,WATERPROOFING TREATMENT 22OZ
STA-84104,LIQUID ELEC.TAPE BLACK 4OZ,24.90,0,13.42,24.90,WEST,WEST,LIQUID ELEC.TAPE BLACK 4OZ
STA-85472,NO DAMP HANG.BAG 16OZ 25/BULK,234.62,24,126.44,234.62,WEST,WEST,NO DAMP HANG.BAG 16OZ 25/BULK
STA-85616,MILDEW STAIN REMOVER 22OZ,29.94,3,16.14,29.94,WEST,WEST,MILDEW STAIN REMOVER 22OZ
STA-85900,NON-SKID DECK CLEANER GAL,82.98,2,44.72,82.98,WEST,WEST,NON-SKID DECK CLEANER GAL
STA-85932,NON-SKID DECK CLEANER 32OZ,31.03,4,16.72,31.03,WEST,WEST,NON-SKID DECK CLEANER 32OZ
STA-89222,RUST STAIN REMOVER 22OZ,33.05,3,17.81,33.05,WEST,WEST,RUST STAIN REMOVER 22OZ
STA-92232,BOAT BOTTOM CLEANER 32OZ,45.72,0,24.64,45.72,WEST,WEST,BOAT BOTTOM CLEANER 32OZ
STA-92832,EZ-ON EZ-OFF BOTTOM CLEANER-QT,31.68,0,17.07,31.68,WEST,WEST,EZ-ON EZ-OFF BOTTOM CLEANER-QT
STA-94932,TEAK CLEANER BRIGHTNER 32OZ,49.92,0,26.90,49.92,WEST,WEST,TEAK CLEANER BRIGHTNER 32OZ
STA-96132,HULL CLEANER 32OZ SPRAY GEL,43.67,2,23.53,43.67,WEST,WEST,HULL CLEANER 32OZ SPRAY GEL
STA-96232,ULTIMATE VINYL CLNR SPRAY-32OZ,29.53,1,15.91,29.53,WEST,WEST,ULTIMATE VINYL CLNR SPRAY-32OZ
STA-STN-G2,SNAPPY TEAK-NU PART 2 GAL,86.49,1,46.61,86.49,WEST,WEST,SNAPPY TEAK-NU PART 2 GAL
STP-75000081,EDGE WINDOW CHANNEL,196.83,0,106.07,196.83,WEST,WEST,EDGE WINDOW CHANNEL
STP-75000119,SGL RIGID WINDOW CHANNEL,125.98,0,67.90,125.98,WEST,WEST,SGL RIGID WINDOW CHANNEL
STP-75000120,DBL RIGID WINDOW CHANNEL,168.67,1,90.90,168.67,WEST,WEST,DBL RIGID WINDOW CHANNEL
STR-300646,TERMINAL EYE    (30-S),10.80,0,5.82,10.80,WEST,WEST,TERMINAL EYE    (30-S)
STR-302123,ADAPTER KIT,90.40,0,48.72,90.40,WEST,WEST,ADAPTER KIT
STR-31029,PIVOT           (30-S),22.21,0,11.97,22.21,WEST,WEST,PIVOT           (30-S)
STR-31126,BALL JOINT      (30-S),33.30,1,17.95,33.30,WEST,WEST,BALL JOINT      (30-S)
STR-31419,CABLE CLIP THROTTLE,52.15,2,28.11,52.15,WEST,WEST,CABLE CLIP THROTTLE
STR-31509,CABLE CLAMP     (30-S),8.67,2,4.67,8.67,WEST,WEST,CABLE CLAMP     (30-S)
STR-31799-001,BALL JOINT      (30-S),33.88,2,18.26,33.88,WEST,WEST,BALL JOINT      (30-S)
STR-32010,CABLE CLAMP     (30-S),10.22,4,5.51,10.22,WEST,WEST,CABLE CLAMP     (30-S)
STR-781-310-060P,LIDO GPS SPEEDO 60MPH GPS,275.32,0,148.37,275.32,WEST,WEST,LIDO GPS SPEEDO 60MPH GPS
STR-781-627-120P,GPS SPEEDO PREM PRO BLK 120MPH,377.24,0,203.30,377.24,WEST,WEST,GPS SPEEDO PREM PRO BLK 120MPH
STR-90424P,FUEL SENDER,98.58,0,53.13,98.58,WEST,WEST,FUEL SENDER
STR-CA28020P,CLAMP & SHIM KIT 3300,21.58,4,11.63,21.58,WEST,WEST,CLAMP & SHIM KIT 3300
STR-CCX43310,TFXTREME 4300CC CTRL CBL 10,258.05,1,139.07,258.05,WEST,WEST,TFXTREME 4300CC CTRL CBL 10
STR-CCX63307,TFXTREME 3300 CNTRL CABLE 7,122.46,1,66.00,122.46,WEST,WEST,TFXTREME 3300 CNTRL CABLE 7
STR-CCX63309,TFXTREME 3300 CNTRL CABLE 9,128.54,2,69.27,128.54,WEST,WEST,TFXTREME 3300 CNTRL CABLE 9
STR-CCX63310,TFXTREME 3300 CNTRL CABLE 10,131.51,1,70.87,131.51,WEST,WEST,TFXTREME 3300 CNTRL CABLE 10
STR-CCX63311,TFXTREME 3300 CNTRL CABLE 11,135.02,1,72.76,135.02,WEST,WEST,TFXTREME 3300 CNTRL CABLE 11
STR-CCX63313,TFXTREME 3300 CNTRL CABLE 13,141.06,1,76.02,141.06,WEST,WEST,TFXTREME 3300 CNTRL CABLE 13
STR-CCX63316,TFXTREME 3300 CNTRL CABLE 16,150.12,1,80.90,150.12,WEST,WEST,TFXTREME 3300 CNTRL CABLE 16
STR-CCX63317,TFXTREME 3300 CNTRL CABLE 17,153.04,2,82.48,153.04,WEST,WEST,TFXTREME 3300 CNTRL CABLE 17
STR-CCX63318,TFXTREME 3300 CNTRL CABLE 18,156.11,2,84.13,156.11,WEST,WEST,TFXTREME 3300 CNTRL CABLE 18
STR-CCX63319,TFXTREME 3300 CNTRL CABLE 19,159.03,1,85.71,159.03,WEST,WEST,TFXTREME 3300 CNTRL CABLE 19
STR-CCX63320,TFXTREME 3300 CNTRL CABLE 20,162.09,2,87.35,162.09,WEST,WEST,TFXTREME 3300 CNTRL CABLE 20
STR-CCX63321,TFXTREME 3300 CNTRL CABLE 21,165.75,0,89.32,165.75,WEST,WEST,TFXTREME 3300 CNTRL CABLE 21
STR-CCX63322,TFXTREME 3300 CNTRL CABLE 22,168.72,0,90.93,168.72,WEST,WEST,TFXTREME 3300 CNTRL CABLE 22
STR-CCX63323,TFXTREME 3300 CNTRL CABLE 23,171.69,1,92.53,171.69,WEST,WEST,TFXTREME 3300 CNTRL CABLE 23
STR-CCX63324,TFXTREME 3300 CNTRL CABLE 24,174.68,0,94.14,174.68,WEST,WEST,TFXTREME 3300 CNTRL CABLE 24
STR-CCX63325,TFXTREME 3300 CNTRL CABLE 25,186.47,2,100.49,186.47,WEST,WEST,TFXTREME 3300 CNTRL CABLE 25
STR-CCX63326,TFXTREME 3300 CNTRL CABLE 26,191.42,0,103.16,191.42,WEST,WEST,TFXTREME 3300 CNTRL CABLE 26
STR-CCX63327,TFXTREME 3300 CNTRL CABLE 27,196.33,0,105.80,196.33,WEST,WEST,TFXTREME 3300 CNTRL CABLE 27
STR-CCX63336,TFXTREME 3300 CNTRL CABLE 36,312.16,0,168.23,312.16,WEST,WEST,TFXTREME 3300 CNTRL CABLE 36
STR-CCX64310,TFXTREME 6400CC CNT CABLE 10,444.92,0,239.78,444.92,WEST,WEST,TFXTREME 6400CC CNT CABLE 10
STR-CHX8742P,CONTROL,1678.28,0,904.46,1678.28,WEST,WEST,CONTROL
STR-HA5430,SEASTAR OIL 1QT(946ML),39.95,14,26.63,39.95,WEST,WEST,SEASTAR OIL 1QT(946ML)
STR-HA5438,HELM FILLER KIT,38.70,2,25.80,38.70,WEST,WEST,HELM FILLER KIT
STR-HC4648-3,BAYSTAR CMPACT CYL YAMAHA,911.90,0,607.93,911.90,WEST,WEST,BAYSTAR CMPACT CYL YAMAHA
STR-HC5314-3,SEASTAR CYL BA150-7ATM,1264.23,0,842.82,1264.23,WEST,WEST,SEASTAR CYL BA150-7ATM
STR-HF5524,CAP PLUG NUT (3),40.98,3,27.32,40.98,WEST,WEST,CAP PLUG NUT (3)
STR-HF5528,3/8TUBE-1/4NPT SS STRT (3),40.26,1,26.84,40.26,WEST,WEST,3/8TUBE-1/4NPT SS STRT (3)
STR-HF6005,ORB T 2X3/8TUBE/-5 ORB (2,110.49,0,73.66,110.49,WEST,WEST,ORB T 2X3/8TUBE/-5 ORB (2
STR-HF6007,ORB 2 STATION KIT W/HOSE,325.82,0,217.21,325.82,WEST,WEST,ORB 2 STATION KIT W/HOSE
STR-HH6191-4,SEASTAR SPORT 1.7 TILT HELM,1713.29,0,1142.19,1713.29,WEST,WEST,SEASTAR SPORT 1.7 TILT HELM
STR-HO5090,SPACER KIT HC5345/5358,56.16,0,37.44,56.16,WEST,WEST,SPACER KIT HC5345/5358
STR-HO5104,SYSTEM O/B HOSE 4PR,239.73,0,159.82,239.73,WEST,WEST,SYSTEM O/B HOSE 4PR
STR-HO5108,SYSTEM O/BHOSE 8PR,239.73,1,159.82,239.73,WEST,WEST,SYSTEM O/BHOSE 8PR
STR-HO5110,SYSTEM O/BHOSE 10PR,239.73,0,159.82,239.73,WEST,WEST,SYSTEM O/BHOSE 10PR
STR-HO5124,SYSTEM O/BHOSE 24PR,338.64,1,225.76,338.64,WEST,WEST,SYSTEM O/BHOSE 24PR
STR-SHX97606P,XTREME NFB TILT HELM,458.80,0,247.26,458.80,WEST,WEST,XTREME NFB TILT HELM
STR-SS13708,SAFE-T-QC STEERING KIT 8,417.63,1,237.58,417.63,WEST,WEST,SAFE-T-QC STEERING KIT 8
STR-SS13709,SAFE-T-QC STEERING KIT 9,417.63,1,237.58,417.63,WEST,WEST,SAFE-T-QC STEERING KIT 9
STR-SS14116,BM RACK STEERING KIT 16,431.13,0,245.25,431.13,WEST,WEST,BM RACK STEERING KIT 16
STR-SSC13416,BACK MNT RACK SGL CABLE 16,487.49,0,262.72,487.49,WEST,WEST,BACK MNT RACK SGL CABLE 16
STR-SSC13419,BACK MNT RACK SGL CABLE 19,507.05,0,273.26,507.05,WEST,WEST,BACK MNT RACK SGL CABLE 19
STR-SSC6208,SSC62 SAFE-T-QC CABLE 8,354.86,0,191.24,354.86,WEST,WEST,SSC62 SAFE-T-QC CABLE 8
STR-SSC6222,SSC62 SAFE-T-QC CABLE 22,586.95,1,316.32,586.95,WEST,WEST,SSC62 SAFE-T-QC CABLE 22
STR-SSCX6416,XTREME QC STEERING CABLE 16,442.57,0,238.51,442.57,WEST,WEST,XTREME QC STEERING CABLE 16
STR-SSX17612,XTREME NFB STEERING KIT-12,844.94,0,480.65,844.94,WEST,WEST,XTREME NFB STEERING KIT-12
STR-SW59691P,ACE STEERING WHEEL W/FLUSH CAP,84.72,1,45.66,84.72,WEST,WEST,ACE STEERING WHEEL W/FLUSH CAP
SVSLWB,STRLNK ADPTR WEDGE 8 WHITE,401.72,0,281.20,401.72,WEST,WEST,STRLNK ADPTR WEDGE 8 WHITE
SVW-ADA-R1,MOD PLT F/CLSD DOME/OPEN ARRAY,272.71,1,190.89,272.71,WEST,WEST,MOD PLT F/CLSD DOME/OPEN ARRAY
SVW-AM5-M1,5 MOD MNT VERT 8RND BASEPLAT,447.78,0,313.44,447.78,WEST,WEST,5 MOD MNT VERT 8RND BASEPLAT
SVW-AMA-18,18 SATDOME ADAPTOR,605.83,0,424.07,605.83,WEST,WEST,18 SATDOME ADAPTOR
SVW-AMA-W,ADJ.WEDGE FOR 18/24DOME ADP,299.03,1,209.32,299.03,WEST,WEST,ADJ.WEDGE FOR 18/24DOME ADP
SVW-LTB-U,ADAPTR/MNT GPS/WIND TRANSD 1D,29.44,0,20.61,29.44,WEST,WEST,ADAPTR/MNT GPS/WIND TRANSD 1D
SVW-LTB-U1A,UNIVERSAL LIGHT BAR TOP,116.22,0,81.35,116.22,WEST,WEST,UNIVERSAL LIGHT BAR TOP
SVW-LTBLED12,3NM LED COMB MAST/ROUND IP67,234.99,0,164.49,234.99,WEST,WEST,3NM LED COMB MAST/ROUND IP67
SVW-SM-15-A,P/FORM 15 SATDOME ANTENNA,754.57,0,528.19,754.57,WEST,WEST,P/FORM 15 SATDOME ANTENNA
SVW-SM-18-A,MAST P/FORM 18SATDOME ANTENNA,845.99,0,592.18,845.99,WEST,WEST,MAST P/FORM 18SATDOME ANTENNA
SVW-SVSLWB,STRLNK ADPTR WEDGE 8 WHITE,430.75,0,301.52,430.75,WEST,WEST,STRLNK ADPTR WEDGE 8 WHITE
SWI-1872,ZINC PLTD.4-WAY LOCKING SWIVEL,183.32,0,98.79,183.32,WEST,WEST,ZINC PLTD.4-WAY LOCKING SWIVEL
SYS-3003S99,DISPOSABLE MIXING CUPS (12OZ),0.73,29,0.42,0.73,WEST,WEST,DISPOSABLE MIXING CUPS (12OZ)
SYS-3010S99,GRADUATED TUBS 946ML(1QT),5.41,27,3.08,5.41,WEST,WEST,GRADUATED TUBS 946ML(1QT)
SYS-F1400K16,S-1 EPOXY SEALER (1QT KIT),102.02,2,58.04,102.02,WEST,WEST,S-1 EPOXY SEALER (1QT KIT)
SYS-F1400K20,S-1 EPOXY SEALER 1.89L (2QT),159.40,0,90.68,159.40,WEST,WEST,S-1 EPOXY SEALER 1.89L (2QT)
SYS-STIR-STICK,STIR STICK SOLD BY EA.(500/BX),38.88,50,22.12,38.88,WEST,WEST,STIR STICK SOLD BY EA.(500/BX)
TAC-GS-800-1,GRAND SLAM VHF ANTENNA MOUNT,1645.27,0,886.67,1645.27,WEST,WEST,GRAND SLAM VHF ANTENNA MOUNT
TAC-GS-850,ANTENNA MOUNT ELECTRIC VHF,1910.31,0,1029.51,1910.31,WEST,WEST,ANTENNA MOUNT ELECTRIC VHF
TAC-P102506WHA12-1,STARBOARD-WHITE 1/4x6x12,32.21,0,17.36,32.21,WEST,WEST,STARBOARD-WHITE 1/4x6x12
TAC-P102512WHA27,STARBOARD-WHITE 1/4x12x27,67.85,0,36.57,67.85,WEST,WEST,STARBOARD-WHITE 1/4x12x27
TAC-P102524BLK54,STARBOARD-BLACK 1/4x24x54,232.66,0,125.39,232.66,WEST,WEST,STARBOARD-BLACK 1/4x24x54
TAC-P102524WHA54,STARBOARD-WHITE 1/4x24x54,232.66,0,125.39,232.66,WEST,WEST,STARBOARD-WHITE 1/4x24x54
TAC-P105012BLK27,STARBOARD-BLACK 1/2x12x27,121.84,0,65.66,121.84,WEST,WEST,STARBOARD-BLACK 1/2x12x27
TAC-P105024WHA27,STARBOARD-WHITE 1/2x24x27,230.48,0,124.21,230.48,WEST,WEST,STARBOARD-WHITE 1/2x24x27
TAC-P105024WHA54,STARBOARD-WHITE 1/2x24x54,436.72,0,235.36,436.72,WEST,WEST,STARBOARD-WHITE 1/2x24x54
TAC-P107524WHA54,STARBOARD-WHITE 3/4x24x54,645.74,0,348.00,645.74,WEST,WEST,STARBOARD-WHITE 3/4x24x54
TAC-S11-1800P24,S/S RUB STRAKE 1x24,110.84,0,59.73,110.84,WEST,WEST,S/S RUB STRAKE 1x24
TAC-S11-4650P12,304S/S HOLLOW RUB RAIL 1,324.26,1,174.75,324.26,WEST,WEST,304S/S HOLLOW RUB RAIL 1
TAC-V120303BKA,VINYL INSERT-BLACK,4.81,0,2.59,4.81,WEST,WEST,VINYL INSERT-BLACK
TAC-V219501WHC20D,RIGID VINYL RUB RAIL-BULK,191.52,0,103.21,191.52,WEST,WEST,RIGID VINYL RUB RAIL-BULK
TAC-V30-0109B10-1,WEATHER SEAL BLACK 3/8x5/8x10,60.54,1,32.62,60.54,WEST,WEST,WEATHER SEAL BLACK 3/8x5/8x10
TAC-V30-0113B10-1,WEATHER SEAL BLACK 3/8X1/8X10,62.31,3,33.58,62.31,WEST,WEST,WEATHER SEAL BLACK 3/8X1/8X10
TAC-V30-0744B8-2,HATCH TAPE BLACK 1/8x3/4x8,33.85,0,18.24,33.85,WEST,WEST,HATCH TAPE BLACK 1/8x3/4x8
TAC-V30-0748B8-2,HATCH TAPE BLACK 1/4x3/4x8,41.67,1,22.45,41.67,WEST,WEST,HATCH TAPE BLACK 1/4x3/4x8
TAC-V30-1333B10-1,WEATHER SEAL BLK.7/32x3/8x10,67.17,2,36.20,67.17,WEST,WEST,WEATHER SEAL BLK.7/32x3/8x10
TDS-REEFHO,REEFING HOOK,86.54,0,51.82,86.54,WEST,WEST,REEFING HOOK
TDS-SEAMRPL,SANDPAPER STRIP KIT (231-045A),26.69,0,15.98,26.69,WEST,WEST,SANDPAPER STRIP KIT (231-045A)
TDS-SIS440CB,TEAK CAULK CART(BLK)300ML,48.05,2,28.77,48.05,WEST,WEST,TEAK CAULK CART(BLK)300ML
TF0300-GAL,"AWLCRAFT-3000, CLEAR BASE",397.52,0,213.72,397.52,WEST,WEST,"AWLCRAFT-3000, CLEAR BASE"
TFX-PTN1.25BK,FLEXOPET 3/4-1 3/4X50SLV BLK,84.82,1,45.71,84.82,WEST,WEST,FLEXOPET 3/4-1 3/4X50SLV BLK
THM-LED-51867-DP,UNDERWATER SURF MNT 600LUM BLU,108.65,0,58.55,108.65,WEST,WEST,UNDERWATER SURF MNT 600LUM BLU
THR-#10-1L,CONTACT CEMENT 1 LITRE,86.21,0,49.04,86.21,WEST,WEST,CONTACT CEMENT 1 LITRE
THR-#10-4L,TEN BOND CONTACT ADHESIVE 4LTR,247.79,0,140.96,247.79,WEST,WEST,TEN BOND CONTACT ADHESIVE 4LTR
THR-00515,40E  6HOOKIT REGALITE DISC,6.61,0,3.56,6.61,WEST,WEST,40E  6HOOKIT REGALITE DISC
THR-00520,100E 8HOOKIT REGALITE DISC,7.52,0,4.05,7.52,WEST,WEST,100E 8HOOKIT REGALITE DISC
THR-00521,"80E  8""""HOOKIT GREENCORPS DISC """,7.33,0,3.95,7.33,WEST,WEST,"80E  8""""HOOKIT GREENCORPS DISC """
THR-00522,60E 8HOOKIT GREENCORPS DISC,9.57,0,5.16,9.57,WEST,WEST,60E 8HOOKIT GREENCORPS DISC
THR-00524,40E 8HOOKIT GREENCORPS DISC,11.54,0,6.22,11.54,WEST,WEST,40E 8HOOKIT GREENCORPS DISC
THR-00538,100E 23/4X161/2 HOOKIT GR.COR,4.39,0,2.37,4.39,WEST,WEST,100E 23/4X161/2 HOOKIT GR.COR
THR-00539,80E 23/4X161/2 HOOKIT GR.COR,4.56,0,2.46,4.56,WEST,WEST,80E 23/4X161/2 HOOKIT GR.COR
THR-00542,40E 23/4X161/2 HOOKIT GR.COR,6.13,0,3.30,6.13,WEST,WEST,40E 23/4X161/2 HOOKIT GR.COR
THR-00612,"80GRIT 6""""HOOKIT DUSTFREE DISC """,4.88,0,2.63,4.88,WEST,WEST,"80GRIT 6""""HOOKIT DUSTFREE DISC """
THR-00615,40GRIT 6HOOKIT DUSTFREE DISC,6.75,0,3.64,6.75,WEST,WEST,40GRIT 6HOOKIT DUSTFREE DISC
THR-00624,40E 8HOOKIT DUSTFREE DISC,11.86,0,6.39,11.86,WEST,WEST,40E 8HOOKIT DUSTFREE DISC
THR-00909,P1000 3HOOKIT FILM DISC,2.99,0,1.61,2.99,WEST,WEST,P1000 3HOOKIT FILM DISC
THR-00911,3P600 FINISHING FILM DISC,2.99,0,1.61,2.99,WEST,WEST,3P600 FINISHING FILM DISC
THR-00913,"3""""P400C HOOKIT GOLD DISC      """,1.72,0,0.94,1.72,WEST,WEST,"3""""P400C HOOKIT GOLD DISC      """
THR-00914,"3""""P320C HOOKIT GOLD DISC      """,1.72,0,0.94,1.72,WEST,WEST,"3""""P320C HOOKIT GOLD DISC      """
THR-02002,400A 9X11 WET/DRY SHEET,4.09,0,2.20,4.09,WEST,WEST,400A 9X11 WET/DRY SHEET
THR-02589,2-3/4X45YD P500 STIKIT SHT.ROL,154.19,0,83.10,154.19,WEST,WEST,2-3/4X45YD P500 STIKIT SHT.ROL
THR-02593,2-3/4X45YD P240 STIKIT SHT.ROL,157.18,0,84.71,157.18,WEST,WEST,2-3/4X45YD P240 STIKIT SHT.ROL
THR-02602,SUPER FINE 4.5X 5.5SPONGE,9.00,0,4.85,9.00,WEST,WEST,SUPER FINE 4.5X 5.5SPONGE
THR-02604,FINE GRIT 4.5X 5.5SPONGE,9.00,11,4.85,9.00,WEST,WEST,FINE GRIT 4.5X 5.5SPONGE
THR-02606,MEDIUM GRIT 4.5X 5.5SPONGE,9.00,0,4.85,9.00,WEST,WEST,MEDIUM GRIT 4.5X 5.5SPONGE
THR-05203,5200 SEALANT WHT 88ML TUBE,36.96,3,19.92,36.96,WEST,WEST,5200 SEALANT WHT 88ML TUBE
THR-05220,5200 FAST WHT 88ML TUBE,36.96,1,19.92,36.96,WEST,WEST,5200 FAST WHT 88ML TUBE
THR-05260,4200 FAST WHT 88ML TUBE,32.18,4,17.34,32.18,WEST,WEST,4200 FAST WHT 88ML TUBE
THR-05280,4000UV FAST WHT 88ML TUBE,35.84,2,19.31,35.84,WEST,WEST,4000UV FAST WHT 88ML TUBE
THR-05710,ADAPT BUFF/POLISH PADS,41.17,3,22.18,41.17,WEST,WEST,ADAPT BUFF/POLISH PADS
THR-05752,5/8 QUICK RELEASE ADAPTOR,148.78,1,80.18,148.78,WEST,WEST,5/8 QUICK RELEASE ADAPTOR
THR-05753,9 WOOL COMPOUNDING PAD Q/R,158.93,3,85.65,158.93,WEST,WEST,9 WOOL COMPOUNDING PAD Q/R
THR-05754,9 WOOL POLISHING PAD,108.40,4,58.42,108.40,WEST,WEST,9 WOOL POLISHING PAD
THR-05768,8HOOKIT SOFT PAD,252.07,0,135.85,252.07,WEST,WEST,8HOOKIT SOFT PAD
THR-05776,6HOOKIT DISC PAD,145.26,0,78.28,145.26,WEST,WEST,6HOOKIT DISC PAD
THR-05777,6HOOKIT SOFT INTERFACE PAD,57.67,0,31.08,57.67,WEST,WEST,6HOOKIT SOFT INTERFACE PAD
THR-05779,8HOOKIT DISC PAD,252.07,0,135.85,252.07,WEST,WEST,8HOOKIT DISC PAD
THR-05801,1GAL.POLYESTER BODY FILLER,82.83,0,44.64,82.83,WEST,WEST,1GAL.POLYESTER BODY FILLER
THR-05824,710ML FLOWABLE FINISHING PUTTY,87.17,0,46.98,87.17,WEST,WEST,710ML FLOWABLE FINISHING PUTTY
THR-05846,DMS PNEUMATIC APPLICATOR,2515.12,0,1355.45,2515.12,WEST,WEST,DMS PNEUMATIC APPLICATOR
THR-05860,50 GR.DRY GUIDE COAT CARTRIDGE,121.79,0,65.64,121.79,WEST,WEST,50 GR.DRY GUIDE COAT CARTRIDGE
THR-05861,DRY GUIDE COAT KIT,175.78,0,94.73,175.78,WEST,WEST,DRY GUIDE COAT KIT
THR-05865,"6"" HOOKIT DISC PAD",110.24,0,59.41,110.24,WEST,WEST,"6"" HOOKIT DISC PAD"
THR-05907,ADHESION PROMOTER CLEAR 12OZ,128.59,0,69.30,128.59,WEST,WEST,ADHESION PROMOTER CLEAR 12OZ
THR-05928,946 ML FINESSE-IT II COMPOUND,130.83,0,70.51,130.83,WEST,WEST,946 ML FINESSE-IT II COMPOUND
THR-05954,946ML S.DUTY RUBBING COMPOUND,62.76,1,40.57,62.76,WEST,WEST,946ML S.DUTY RUBBING COMPOUND
THR-05955,4LTR. S.DUTY RUBBING COMPOUND,228.07,0,122.91,228.07,WEST,WEST,4LTR. S.DUTY RUBBING COMPOUND
THR-05973,32.OZ PERFECT IT RUBBING CMPD,105.78,1,57.01,105.78,WEST,WEST,32.OZ PERFECT IT RUBBING CMPD
THR-05975,10.5OZ PAINT BUSTER HANDCLNR,65.05,0,35.05,65.05,WEST,WEST,10.5OZ PAINT BUSTER HANDCLNR
THR-05996,32 OZ DARK  PERFECT-IT GLAZE,145.31,0,78.31,145.31,WEST,WEST,32 OZ DARK  PERFECT-IT GLAZE
THR-06-0000-30,SPEEDGLAS AUTO DARKENING FILTR,1596.52,0,860.40,1596.52,WEST,WEST,SPEEDGLAS AUTO DARKENING FILTR
THR-06-0200-30,SPEEDGLAS I/S PROTECTION PLATE,52.66,0,28.38,52.66,WEST,WEST,SPEEDGLAS I/S PROTECTION PLATE
THR-06025,4 LTR HIGH GLOSS GELCOAT CMP,225.43,0,121.49,225.43,WEST,WEST,4 LTR HIGH GLOSS GELCOAT CMP
THR-06068,946ML PERFECT-IT EX MACHNE POL,178.21,2,96.04,178.21,WEST,WEST,946ML PERFECT-IT EX MACHNE POL
THR-06094,946ML PERFECT-IT EX MACH.POLIS,168.55,1,90.84,168.55,WEST,WEST,946ML PERFECT-IT EX MACH.POLIS
THR-06147,2.5X 10 MOISTURE SEAL.CMPD.,113.59,0,61.22,113.59,WEST,WEST,2.5X 10 MOISTURE SEAL.CMPD.
THR-06404,1/8 471+INDIGO FINE LINE TAPE,19.32,0,10.41,19.32,WEST,WEST,1/8 471+INDIGO FINE LINE TAPE
THR-06405,1/4 471+INDIGO FINE LINE TAPE,25.72,0,13.86,25.72,WEST,WEST,1/4 471+INDIGO FINE LINE TAPE
THR-06408,1/2 471+INDIGO FINE LINE TAPE,38.61,0,20.81,38.61,WEST,WEST,1/2 471+INDIGO FINE LINE TAPE
THR-06409,3/4 471+INDIGO FINE LINE TAPE,4.29,0,2.31,4.29,WEST,WEST,3/4 471+INDIGO FINE LINE TAPE
THR-06500,5200 SEALANT WHT 295ML CART,63.61,2,34.28,63.61,WEST,WEST,5200 SEALANT WHT 295ML CART
THR-06502,5200 SEALANT MAH 295ML CART,70.69,0,38.10,70.69,WEST,WEST,5200 SEALANT MAH 295ML CART
THR-06504,5200 SEALANT BLK 295ML CART,63.61,4,34.28,63.61,WEST,WEST,5200 SEALANT BLK 295ML CART
THR-06520,5200 FAST WHT 295ML CART,47.76,1,25.74,47.76,WEST,WEST,5200 FAST WHT 295ML CART
THR-06525,1/4X60Y PRECISION MASKING TPE,23.00,0,12.39,23.00,WEST,WEST,1/4X60Y PRECISION MASKING TPE
THR-06527,1-1/2X60Y PRECISION MASKING,35.09,0,18.91,35.09,WEST,WEST,1-1/2X60Y PRECISION MASKING
THR-06528,2X60Y PRECISION MASKING TAPE,46.81,0,25.23,46.81,WEST,WEST,2X60Y PRECISION MASKING TAPE
THR-06529,3/4X60Y PRECISION MASKING TPE,22.66,0,12.21,22.66,WEST,WEST,3/4X60Y PRECISION MASKING TPE
THR-06541,18MM #2727 MASKNG TAPE,10.44,0,5.62,10.44,WEST,WEST,18MM #2727 MASKNG TAPE
THR-06560,4200 FAST WHT 295ML CART,58.55,0,31.55,58.55,WEST,WEST,4200 FAST WHT 295ML CART
THR-06564,4200 FAST BLK 295ML CART,59.13,0,31.87,59.13,WEST,WEST,4200 FAST BLK 295ML CART
THR-06580,4000UV FAST WHT 295ML CART,50.85,0,27.40,50.85,WEST,WEST,4000UV FAST WHT 295ML CART
THR-06586,4000UV FAST WHT 400ML FLEX,51.72,0,27.87,51.72,WEST,WEST,4000UV FAST WHT 400ML FLEX
THR-06727,12X400OVERSPRAY SHEETING,141.13,0,76.06,141.13,WEST,WEST,12X400OVERSPRAY SHEETING
THR-06728,16X350OVERSPRAY SHEETING,161.16,0,86.85,161.16,WEST,WEST,16X350OVERSPRAY SHEETING
THR-06732,12X180 MASKING PAPER,59.42,0,32.02,59.42,WEST,WEST,12X180 MASKING PAPER
THR-07178,DUAL CARTRG RESPRTR MEDIUM P95,137.72,0,74.22,137.72,WEST,WEST,DUAL CARTRG RESPRTR MEDIUM P95
THR-07179,DUAL CARTRG RESPRTR LARGE P95,141.83,0,76.44,141.83,WEST,WEST,DUAL CARTRG RESPRTR LARGE P95
THR-07442,ULTRA FINE SCUFF SPONGE,8.37,6,4.76,8.37,WEST,WEST,ULTRA FINE SCUFF SPONGE
THR-07445,WHITE 6X 9LIGHT DUTY PAD,5.44,4,2.93,5.44,WEST,WEST,WHITE 6X 9LIGHT DUTY PAD
THR-07447,RED 6X 9GEN.PURPOSE PAD,4.01,16,2.16,4.01,WEST,WEST,RED 6X 9GEN.PURPOSE PAD
THR-07448,GREY 6X 9 ULTRA FINE  PAD,4.01,8,2.16,4.01,WEST,WEST,GREY 6X 9 ULTRA FINE  PAD
THR-07480,2 COARSE SURFACE DISC ROLOC,4.24,0,2.29,4.24,WEST,WEST,2 COARSE SURFACE DISC ROLOC
THR-08017,M.R.SILICONE WHT 88ML TUBE,37.84,0,20.39,37.84,WEST,WEST,M.R.SILICONE WHT 88ML TUBE
THR-08019,M.R.SILICONE CLR 88ML TUBE,37.84,-1,20.39,37.84,WEST,WEST,M.R.SILICONE CLR 88ML TUBE
THR-08027,M.R.SILICONE WHT 295ML CART,87.59,2,47.20,87.59,WEST,WEST,M.R.SILICONE WHT 295ML CART
THR-08029,M.R.SILICONE CLR 295ML CART,87.59,2,47.20,87.59,WEST,WEST,M.R.SILICONE CLR 295ML CART
THR-08051,5 OZ FEATHERING DISC ADHES,39.95,0,21.53,39.95,WEST,WEST,5 OZ FEATHERING DISC ADHES
THR-08090,553GR.SUPER TRIM ADHESIVE,85.55,0,46.11,85.55,WEST,WEST,553GR.SUPER TRIM ADHESIVE
THR-08308,HEAVY BODIED SEAM SEALER 200ML,172.03,0,92.71,172.03,WEST,WEST,HEAVY BODIED SEAM SEALER 200ML
THR-08365,URETHANE SEAM SEALER BEIGE 310,40.93,0,22.06,40.93,WEST,WEST,URETHANE SEAM SEALER BEIGE 310
THR-08367,URETHANE SEAM SEALER BLK 310ML,40.93,0,22.06,40.93,WEST,WEST,URETHANE SEAM SEALER BLK 310ML
THR-08571,MANUAL CART APP GUN 6.8FL OZ,290.06,0,156.32,290.06,WEST,WEST,MANUAL CART APP GUN 6.8FL OZ
THR-08890,5-WAY PLUS OIL,26.99,0,14.54,26.99,WEST,WEST,5-WAY PLUS OIL
THR-08968,NON STREAKING GLASS CLEANER,14.91,0,8.04,14.91,WEST,WEST,NON STREAKING GLASS CLEANER
THR-08987,425G G.PURP.ADHES.CLNR AEROSOL,36.11,0,19.46,36.11,WEST,WEST,425G G.PURP.ADHES.CLNR AEROSOL
THR-09004,16OZ S.DUTY RUBBING COMPOUND,41.90,1,22.58,41.90,WEST,WEST,16OZ S.DUTY RUBBING COMPOUND
THR-09005,16OZ FIBREGLASS RESTOR.&WAX,53.27,0,30.30,53.27,WEST,WEST,16OZ FIBREGLASS RESTOR.&WAX
THR-09006,32 OZ FG RESTORER & WAX,68.44,0,38.93,68.44,WEST,WEST,32 OZ FG RESTORER & WAX
THR-09009,16OZ FIBREGLASS CLEANER&WAX,56.80,2,30.61,56.80,WEST,WEST,16OZ FIBREGLASS CLEANER&WAX
THR-09010,32 OZ FG CLEANER & WAX,64.08,0,36.45,64.08,WEST,WEST,32 OZ FG CLEANER & WAX
THR-09020,18OZ ALUM. RESTORER &POLISH,89.99,5,14.99,0.00,WEST,WEST,18OZ ALUM. RESTORER &POLISH
THR-09023,8OZ VINYL CLEANR &CONDITNR,44.14,0,23.79,44.14,WEST,WEST,8OZ VINYL CLEANR &CONDITNR
THR-09029,15 OZ VINYL CLEANER & RESTORER,45.86,1,24.71,45.86,WEST,WEST,15 OZ VINYL CLEANER & RESTORER
THR-09033,15 OZ. CLEAN/SHINE SPRAY WAX,48.08,0,25.91,48.08,WEST,WEST,15 OZ. CLEAN/SHINE SPRAY WAX
THR-09034,PERFECT-IT BOAT WASH-PINT,36.46,0,19.65,36.46,WEST,WEST,PERFECT-IT BOAT WASH-PINT
THR-09035,PERFECT-IT BOAT WASH-QUART,69.07,2,42.68,69.07,WEST,WEST,PERFECT-IT BOAT WASH-QUART
THR-09061,500ML 3M MARINE LIQUID WAX,59.32,1,31.97,59.32,WEST,WEST,500ML 3M MARINE LIQUID WAX
THR-09062,1LTR 3M MARINE LIQUID WAX,94.81,0,51.09,94.81,WEST,WEST,1LTR 3M MARINE LIQUID WAX
THR-09065,500ML MARINE MILDEW BLOCK,46.06,1,24.82,46.06,WEST,WEST,500ML MARINE MILDEW BLOCK
THR-09067,500ML MILDEW STAIN REMOVER,45.52,3,24.53,45.52,WEST,WEST,500ML MILDEW STAIN REMOVER
THR-09678,13MM SOFT EDGE MASKING FOAM,248.33,0,133.83,248.33,WEST,WEST,13MM SOFT EDGE MASKING FOAM
THR-09973,19MM SOFT EDGE MASKING FOAM,257.96,0,139.02,257.96,WEST,WEST,19MM SOFT EDGE MASKING FOAM
THR-10115NA,3 SYNTHETIC STEEL WOOL 2/PKG,8.37,0,4.51,8.37,WEST,WEST,3 SYNTHETIC STEEL WOOL 2/PKG
THR-10116NA,#2 SYNTHETIC STEEL WOOL 2/PKG,8.03,0,4.33,8.03,WEST,WEST,#2 SYNTHETIC STEEL WOOL 2/PKG
THR-10118NA,0 SYNTHETIC STEEL WOOL 2/PKG,8.37,0,4.51,8.37,WEST,WEST,0 SYNTHETIC STEEL WOOL 2/PKG
THR-10120NA,000 SYNTH. STEEL WOOL 2/PKG,8.37,0,4.51,8.37,WEST,WEST,000 SYNTH. STEEL WOOL 2/PKG
THR-1100,3-M EAR PLUGS,0.40,0,0.23,0.40,WEST,WEST,3-M EAR PLUGS
THR-1130AF,"2""""SCOTCH DUCT TAPE-30YD       """,10.44,0,5.94,10.44,WEST,WEST,"2""""SCOTCH DUCT TAPE-30YD       """
THR-16023,PPS LRG CUP & COLLAR,44.61,0,24.04,44.61,WEST,WEST,PPS LRG CUP & COLLAR
THR-16024,PPS LRG LID & LINERS(25/CASE),247.68,0,140.89,247.68,WEST,WEST,PPS LRG LID & LINERS(25/CASE)
THR-16114,PPS KIT LIDS/LINERS (50),408.65,0,220.23,408.65,WEST,WEST,PPS KIT LIDS/LINERS (50)
THR-16121,PPS H/O MINI PRESSURE CUP,151.32,0,81.55,151.32,WEST,WEST,PPS H/O MINI PRESSURE CUP
THR-16124,PPS H/O LARGE PRESSURE CUP,240.16,0,129.43,240.16,WEST,WEST,PPS H/O LARGE PRESSURE CUP
THR-16578,ACCUSPRAY ONE SPRAY GUN KIT,725.35,0,434.34,725.35,WEST,WEST,ACCUSPRAY ONE SPRAY GUN KIT
THR-16579,ACCUSPRAY ONE REPLAC SPRAY GUN,662.37,0,396.63,662.37,WEST,WEST,ACCUSPRAY ONE REPLAC SPRAY GUN
THR-16587,ACCUSPRAY SPRAY GUN KIT,561.77,0,336.39,561.77,WEST,WEST,ACCUSPRAY SPRAY GUN KIT
THR-165BK4A,19MMX18M TEMFLEX TAPE BLACK,3.47,3,1.87,3.47,WEST,WEST,19MMX18M TEMFLEX TAPE BLACK
THR-165BL4A,19MMX18M TEMFLEX TAPE BLUE,3.66,4,1.97,3.66,WEST,WEST,19MMX18M TEMFLEX TAPE BLUE
THR-165GR4A,19MMX18M TEMFLEX TAPE GREEN,3.66,3,1.97,3.66,WEST,WEST,19MMX18M TEMFLEX TAPE GREEN
THR-165OR4A,19MMX18M TEMFLEX TAPE ORANGE,3.66,1,1.97,3.66,WEST,WEST,19MMX18M TEMFLEX TAPE ORANGE
THR-165RD4A,19MMX18M TEMFLEX TAPE RED,3.66,5,1.97,3.66,WEST,WEST,19MMX18M TEMFLEX TAPE RED
THR-165WH4A,19MMX18M TEMFLEX TAPE WHITE,3.66,4,1.97,3.66,WEST,WEST,19MMX18M TEMFLEX TAPE WHITE
THR-165YL4A,19MMX18M TEMFLEX TAPE YELLOW,3.66,4,1.97,3.66,WEST,WEST,19MMX18M TEMFLEX TAPE YELLOW
THR-16609,ACCUSPRAY AUTOMIZING HEAD 2MM,72.81,0,39.24,72.81,WEST,WEST,ACCUSPRAY AUTOMIZING HEAD 2MM
THR-16611,ACCUSPRAY AUTOMIZING HEAD(4),74.43,0,40.11,74.43,WEST,WEST,ACCUSPRAY AUTOMIZING HEAD(4)
THR-16612,ACCUSPRAY AUTOMIZING HEAD1.4MM,75.62,0,40.75,75.62,WEST,WEST,ACCUSPRAY AUTOMIZING HEAD1.4MM
THR-18730,2GREEN ROLOC BRISTLE DISC,22.01,0,11.86,22.01,WEST,WEST,2GREEN ROLOC BRISTLE DISC
THR-19223,4 BLACK SAFETY WALK,8.00,0,4.31,8.00,WEST,WEST,4 BLACK SAFETY WALK
THR-19224,6 BLACK SAFETY WALK,12.01,0,6.47,12.01,WEST,WEST,6 BLACK SAFETY WALK
THR-19296,"4"""" BLK MED.GRADE SAFETY WALK  """,8.35,0,4.50,8.35,WEST,WEST,"4"""" BLK MED.GRADE SAFETY WALK  """
THR-19297,"6"""" BLK MED.GRADE SAFETY WALK  """,12.53,0,6.75,12.53,WEST,WEST,"6"""" BLK MED.GRADE SAFETY WALK  """
THR-19321,"1"""" GREY MED.GRADE SAFETY WALK """,2.32,0,1.25,2.32,WEST,WEST,"1"""" GREY MED.GRADE SAFETY WALK """
THR-19344,946ML SHARPSHOOTER MARK REMOVR,25.58,1,13.79,25.58,WEST,WEST,946ML SHARPSHOOTER MARK REMOVR
THR-20318MMX55M,"3/4""""  MASKING TAPE            """,4.33,-1,2.33,4.33,WEST,WEST,"3/4""""  MASKING TAPE            """
THR-20324MMX55M,"1""""  MASKING TAPE              """,5.39,-1,2.91,5.39,WEST,WEST,"1""""  MASKING TAPE              """
THR-20336MMX55M,"1-1/2""""  MASKING TAPE          """,8.12,-1,4.37,8.12,WEST,WEST,"1-1/2""""  MASKING TAPE          """
THR-20348MMX55M,"2""""  MASKING TAPE              """,11.52,0,6.21,11.52,WEST,WEST,"2""""  MASKING TAPE              """
THR-20354,STIKIT LOW PROF DISC PAD 6RED,72.95,0,39.31,72.95,WEST,WEST,STIKIT LOW PROF DISC PAD 6RED
THR-20427,3 HOOKIT CLN SND DISC PAD KIT,93.22,0,50.24,93.22,WEST,WEST,3 HOOKIT CLN SND DISC PAD KIT
THR-20452,CLEAN SANDING FILTER BAG,10.74,0,5.79,10.74,WEST,WEST,CLEAN SANDING FILTER BAG
THR-2071,P95 PARTICULATE FILTER 2/PKG,14.01,0,7.55,14.01,WEST,WEST,P95 PARTICULATE FILTER 2/PKG
THR-2078,P95 PARTICULATE FILTER 2/PKG,23.06,0,12.43,23.06,WEST,WEST,P95 PARTICULATE FILTER 2/PKG
THR-2080-24EC,1PAINTERS TAPE DELICATE SURF.,17.20,0,9.27,17.20,WEST,WEST,1PAINTERS TAPE DELICATE SURF.
THR-2080-48EC,2PAINTERS TAPE DELICATE SURF.,33.42,0,18.01,33.42,WEST,WEST,2PAINTERS TAPE DELICATE SURF.
THR-209018MMX55M,"LONG MASK  MASKNG TAPE 3/4""""   """,10.70,6,5.20,10.70,WEST,WEST,"LONG MASK  MASKNG TAPE 3/4""""   """
THR-209024MMX55M,"LONG MASK  MASKNG TAPE 1""""     """,12.26,5,5.95,12.26,WEST,WEST,"LONG MASK  MASKNG TAPE 1""""     """
THR-209036MMX55M,"LONG MASK  MASKNG TAPE 1-1/2"""" """,18.17,3,8.82,18.17,WEST,WEST,"LONG MASK  MASKNG TAPE 1-1/2"""" """
THR-209048MMX55M,"LONG MASK  MASKNG TAPE 2""""     """,24.50,6,13.85,24.50,WEST,WEST,"LONG MASK  MASKNG TAPE 2""""     """
THR-233+12MMX55M,233PLUS 1/2PAINT MASKING TAPE,11.06,-1,5.96,11.06,WEST,WEST,233PLUS 1/2PAINT MASKING TAPE
THR-233+18MMX55M,233PLUS 3/4PAINT MASKING TAPE,14.63,-2,7.88,14.63,WEST,WEST,233PLUS 3/4PAINT MASKING TAPE
THR-233+24MMX55M,233PLUS 1 PAINT MASKING TAPE,19.42,-2,10.47,19.42,WEST,WEST,233PLUS 1 PAINT MASKING TAPE
THR-233+36MMX55M,233PLUS 1-1/2PAINT MASK. TAPE,27.76,0,14.96,27.76,WEST,WEST,233PLUS 1-1/2PAINT MASK. TAPE
THR-233+48MMX55M,233PLUS  2 PAINT MASKING TAPE,36.62,-1,19.74,36.62,WEST,WEST,233PLUS  2 PAINT MASKING TAPE
THR-26000,PPS SERIES 2.0STD CUP 22OZ KIT,415.88,0,224.13,415.88,WEST,WEST,PPS SERIES 2.0STD CUP 22OZ KIT
THR-30045,4 PAINT FINISHING PAD KIT (4),78.64,0,42.38,78.64,WEST,WEST,4 PAINT FINISHING PAD KIT (4)
THR-30344,GELCOAT COMPOUND&POLISH 946ML,154.42,0,83.22,154.42,WEST,WEST,GELCOAT COMPOUND&POLISH 946ML
THR-30345,GELCOAT COMPOUND & POLISH GAL,378.99,0,204.25,378.99,WEST,WEST,GELCOAT COMPOUND & POLISH GAL
THR-31370,P40 6 CUBITRON II HOOKIT DISC,9.19,0,4.95,9.19,WEST,WEST,P40 6 CUBITRON II HOOKIT DISC
THR-31371,80 GRIT 6CUBITRON II DISC,4.21,0,2.27,4.21,WEST,WEST,80 GRIT 6CUBITRON II DISC
THR-31372,120 GRIT 6CUBITRON II DISC,3.82,0,2.06,3.82,WEST,WEST,120 GRIT 6CUBITRON II DISC
THR-31373,150 GRIT 6CUBITRON II DISC,3.82,0,2.06,3.82,WEST,WEST,150 GRIT 6CUBITRON II DISC
THR-31374,180 GRIT 6CUBITRON II DISC,3.82,0,2.06,3.82,WEST,WEST,180 GRIT 6CUBITRON II DISC
THR-31375,P40 8 CUBITRONII HOOKIT DISC,17.75,0,9.57,17.75,WEST,WEST,P40 8 CUBITRONII HOOKIT DISC
THR-31434,400A 6 GOLD STIKIT DISCS,8.67,0,4.67,8.67,WEST,WEST,400A 6 GOLD STIKIT DISCS
THR-31471,P220 5 CUBITRONII HOOKIT DISC,2.96,0,1.59,2.96,WEST,WEST,P220 5 CUBITRONII HOOKIT DISC
THR-31473,P320 5 CUBITRONII HOOKIT DISC,2.96,0,1.59,2.96,WEST,WEST,P320 5 CUBITRONII HOOKIT DISC
THR-31481,P220 6 CUBITRONII HOOKIT DISC,3.82,0,2.06,3.82,WEST,WEST,P220 6 CUBITRONII HOOKIT DISC
THR-31483,P320 6 CUBITRONII HOOKIT DISC,3.76,0,2.02,3.76,WEST,WEST,P320 6 CUBITRONII HOOKIT DISC
THR-31547,40E 6PROD.GR.FRE-CUT DISC,17.99,0,9.69,17.99,WEST,WEST,40E 6PROD.GR.FRE-CUT DISC
THR-31550,40E 8PROD.GR.FRE-CUT DISC,35.24,0,18.99,35.24,WEST,WEST,40E 8PROD.GR.FRE-CUT DISC
THR-31650,P80 6 CUBITRON II NET (50),159.54,0,85.98,159.54,WEST,WEST,P80 6 CUBITRON II NET (50)
THR-31651,"P120 6"" CUBITRON II NET (50)",149.23,0,80.42,149.23,WEST,WEST,"P120 6"" CUBITRON II NET (50)"
THR-32036,P600 IMPERIAL WET OR DRY SH PK,12.71,0,6.85,12.71,WEST,WEST,P600 IMPERIAL WET OR DRY SH PK
THR-32545,"180A PROD. FRE-CUT SHT.9""""X 11",10.02,0,5.70,10.02,WEST,WEST,"180A PROD. FRE-CUT SHT.9""""X 11"
THR-33279,9DBL SIDE L/LINT WOOL PAD Q/R,156.88,2,84.55,156.88,WEST,WEST,9DBL SIDE L/LINT WOOL PAD Q/R
THR-34460,P40 CLN SND HOOKIT ROLL 115MM,192.27,1,103.62,192.27,WEST,WEST,P40 CLN SND HOOKIT ROLL 115MM
THR-34462,P80 CLN SND HOOKIT ROLL 115MM,173.25,1,93.37,173.25,WEST,WEST,P80 CLN SND HOOKIT ROLL 115MM
THR-34464,P120 CLN SND HOOKIT ROLL 115MM,158.68,1,85.52,158.68,WEST,WEST,P120 CLN SND HOOKIT ROLL 115MM
THR-36060,946ML PERFECT-IT EX RUBB.CMPD,157.80,1,85.04,157.80,WEST,WEST,946ML PERFECT-IT EX RUBB.CMPD
THR-36061,1GAL.PERFECT-IT EX RUBB.CMPD,484.63,0,261.18,484.63,WEST,WEST,1GAL.PERFECT-IT EX RUBB.CMPD
THR-36101,PERFECT-IT H/CUTTING CMP-PINT,101.29,1,54.58,101.29,WEST,WEST,PERFECT-IT H/CUTTING CMP-PINT
THR-36102,PERFECT-IT H/CUTTING CMP-QUART,185.17,1,99.79,185.17,WEST,WEST,PERFECT-IT H/CUTTING CMP-QUART
THR-36105,PERFECT-IT M/CUTTING CMP-PINT,78.49,1,42.30,78.49,WEST,WEST,PERFECT-IT M/CUTTING CMP-PINT
THR-36106,PERFECT-IT M/CUTTING CMP-QUART,125.67,0,67.72,125.67,WEST,WEST,PERFECT-IT M/CUTTING CMP-QUART
THR-36109,PERFECT-IT L/CUTTING POL-PINT,69.64,0,37.53,69.64,WEST,WEST,PERFECT-IT L/CUTTING POL-PINT
THR-36110,PERFECT-IT L/CUTTING POL-QUART,110.59,1,59.60,110.59,WEST,WEST,PERFECT-IT L/CUTTING POL-QUART
THR-36111,PERFECT-IT L/CUTTING POL-GAL,313.19,0,168.79,313.19,WEST,WEST,PERFECT-IT L/CUTTING POL-GAL
THR-36112,PERFECT-IT BOAT WAX-PINT,62.76,2,33.82,62.76,WEST,WEST,PERFECT-IT BOAT WAX-PINT
THR-36113,PERFECT-IT BOAT WAX-QUART,113.61,0,61.23,113.61,WEST,WEST,PERFECT-IT BOAT WAX-QUART
THR-36157,80E 5 321U BLUE ABRASIVE DISC,2.89,0,1.56,2.89,WEST,WEST,80E 5 321U BLUE ABRASIVE DISC
THR-36159,120E 5 321U BLUE ABRASVE DISC,2.44,0,1.31,2.44,WEST,WEST,120E 5 321U BLUE ABRASVE DISC
THR-36160,150E 5 321U BLUE ABRASVE DISC,2.44,0,1.31,2.44,WEST,WEST,150E 5 321U BLUE ABRASVE DISC
THR-36161,180E 5 321U BLUE ABRASVE DISC,2.44,0,1.31,2.44,WEST,WEST,180E 5 321U BLUE ABRASVE DISC
THR-36165,320+ 5 321U BLUE ABRASVE DISC,2.42,0,1.30,2.42,WEST,WEST,320+ 5 321U BLUE ABRASVE DISC
THR-36170,40E 6 321U BLUE HOOKIT DISC,7.21,0,3.89,7.21,WEST,WEST,40E 6 321U BLUE HOOKIT DISC
THR-36172,80E 6 321U BLUE HOOKIT DISC,3.54,0,1.91,3.54,WEST,WEST,80E 6 321U BLUE HOOKIT DISC
THR-36174,120E 6 321U BLUE HOOKIT DISC,3.01,0,1.62,3.01,WEST,WEST,120E 6 321U BLUE HOOKIT DISC
THR-36879,28X300FT SELF STICK LIQ PROT.,1477.06,0,796.02,1477.06,WEST,WEST,28X300FT SELF STICK LIQ PROT.
THR-36880,"36 ""X300FT SELF STICK LIQ PROT",2263.50,0,1219.85,2263.50,WEST,WEST,"36 ""X300FT SELF STICK LIQ PROT"
THR-36882,"56"" X300FT SELF STICK LIQ PROT",3129.76,0,1686.70,3129.76,WEST,WEST,"56"" X300FT SELF STICK LIQ PROT"
THR-4811-48MM,2WHT. PRESERVATION TAPE-36YD,179.78,0,96.88,179.78,WEST,WEST,2WHT. PRESERVATION TAPE-36YD
THR-55563-SG-O,297G SCOTCHGARD OUTDR.PROT,44.66,0,24.07,44.66,WEST,WEST,297G SCOTCHGARD OUTDR.PROT
THR-5N11,PREFILTER,4.91,0,2.65,4.91,WEST,WEST,PREFILTER
THR-6001,2/PKG ORGANIC VAPOR CARTRID,38.48,1,20.74,38.48,WEST,WEST,2/PKG ORGANIC VAPOR CARTRID
THR-60921,2/PKG ORGANIC VAPOR CARTRIDGE,83.28,1,44.88,83.28,WEST,WEST,2/PKG ORGANIC VAPOR CARTRIDGE
THR-6800,MEDIUM FULL FACE RESPIRATOR,471.79,1,254.26,471.79,WEST,WEST,MEDIUM FULL FACE RESPIRATOR
THR-8210,PARTICULATE RESPIRATOR N95,2.61,45,1.40,2.61,WEST,WEST,PARTICULATE RESPIRATOR N95
THR-9205,AURA PARTICULATE RESPIRAT.N95,3.02,13,1.63,3.02,WEST,WEST,AURA PARTICULATE RESPIRAT.N95
THR-CITRUS-24OZ-IND,BASE CLEANER - CITRUS 24OZ,109.18,0,58.84,109.18,WEST,WEST,BASE CLEANER - CITRUS 24OZ
THR-D3097,P100 PARTICULATE FILTER 2/PK,33.22,2,17.90,33.22,WEST,WEST,P100 PARTICULATE FILTER 2/PK
THR-HF-802SD,MEDIUM HALF FACE REUSABLE RESP,104.76,2,56.46,104.76,WEST,WEST,MEDIUM HALF FACE REUSABLE RESP
THR-HP-156,OILSORB PADS 17X 19,2.86,202,1.54,2.86,WEST,WEST,OILSORB PADS 17X 19
THR-MP-3560,CLR DUAL LOCK 1X4.9YD(2/PKG),470.74,0,253.69,470.74,WEST,WEST,CLR DUAL LOCK 1X4.9YD(2/PKG)
THR-P-SKFL31,31GAL.PETROLEUM SPILL KIT,546.41,0,294.47,546.41,WEST,WEST,31GAL.PETROLEUM SPILL KIT
THR-PFL550DD,FOLDED PETRO. SORBENT,172.28,-6,92.84,172.28,WEST,WEST,FOLDED PETRO. SORBENT
THR-SB00750,5 COARSE SCOTCHBRITE DISC,11.86,5,6.39,11.86,WEST,WEST,5 COARSE SCOTCHBRITE DISC
THR-SB27675,5 MEDIUM SCOTCHBRITE DISC,9.85,5,5.31,9.85,WEST,WEST,5 MEDIUM SCOTCHBRITE DISC
THR-SJ3550-1,"1"" BLACK DUAL LOCK FASTNER",9.03,10,4.87,9.03,WEST,WEST,"1"" BLACK DUAL LOCK FASTNER"
TID-FSK-1750-3000-0,1-3/4X3 KIT 1-FITTING,961.74,0,609.10,961.74,WEST,WEST,1-3/4X3 KIT 1-FITTING
TID-FSK-2000-3000-1,2X3 KIT 2-FITTING,1097.49,0,695.08,1097.49,WEST,WEST,2X3 KIT 2-FITTING
TID-FSK-2000-3500-1,2X3-1/2 KIT 2-FITTING,1097.49,-2,695.08,1097.49,WEST,WEST,2X3-1/2 KIT 2-FITTING
TID-FSK-2250-3500-1,2-1/4X3-1/2 KIT 2-FITTING,1175.12,0,744.24,1175.12,WEST,WEST,2-1/4X3-1/2 KIT 2-FITTING
TID-FSK-2500-3500-1,2-1/2X3-1/2 KIT 2-FITTING,1274.73,0,807.33,1274.73,WEST,WEST,2-1/2X3-1/2 KIT 2-FITTING
TID-FSK-2500-4000-1,2-1/2X4 KIT 2-FITTING,1274.73,0,807.33,1274.73,WEST,WEST,2-1/2X4 KIT 2-FITTING
TID-K-1750-00,1-3/4 SEAL CARRIER KIT,247.50,0,156.75,247.50,WEST,WEST,1-3/4 SEAL CARRIER KIT
TID-KF-2000-01,2 SEAL CARRIER KIT (2 X KFA),288.75,0,182.87,288.75,WEST,WEST,2 SEAL CARRIER KIT (2 X KFA)
TID-KF-2250-00,2-1/4 SEAL CARRIER KIT,309.75,0,196.17,309.75,WEST,WEST,2-1/4 SEAL CARRIER KIT
TID-KF-2500-00,2-1/2 SEAL CARRIER KIT,363.90,0,230.47,363.90,WEST,WEST,2-1/2 SEAL CARRIER KIT
TID-LIPSEALF2000,"2"""" LIP SEAL (9043)",72.51,0,49.80,72.51,WEST,WEST,"2"""" LIP SEAL (9043)"
TIE-81215,BOLSTER BRACKET 10W/SWVL.BRKT,47.83,0,25.78,47.83,WEST,WEST,BOLSTER BRACKET 10W/SWVL.BRKT
TIE-86029,ROLLER SHAFT W/NUTS 5/8X9-1/4,22.61,0,12.19,22.61,WEST,WEST,ROLLER SHAFT W/NUTS 5/8X9-1/4
TIE-86291,PVC KEEL PAD 15X3.5,17.69,0,9.53,17.69,WEST,WEST,PVC KEEL PAD 15X3.5
TIT-10319052,3/8 GALV. ANCHOR SHACKLE,4.63,0,2.49,4.63,WEST,WEST,3/8 GALV. ANCHOR SHACKLE
TIT-10319053,7/16 GALV. ANCHOR SHACKLE,6.33,0,3.41,6.33,WEST,WEST,7/16 GALV. ANCHOR SHACKLE
TMP-43335,8DECK PLATE-BLACK,41.93,0,22.60,41.93,WEST,WEST,8DECK PLATE-BLACK
TMP-44630,1317 ACCESS CAM HATCH WHITE,143.22,0,77.18,143.22,WEST,WEST,1317 ACCESS CAM HATCH WHITE
TMS-Q30074,TOP CAP 7/8,9.05,0,5.15,9.05,WEST,WEST,TOP CAP 7/8
TMS-Q35081,JAW SLIDE-TWO PART 7/8,15.75,0,8.96,15.75,WEST,WEST,JAW SLIDE-TWO PART 7/8
TMS-Q69216,PAD EYE DIAMOND BASE 100MM,18.44,0,10.49,18.44,WEST,WEST,PAD EYE DIAMOND BASE 100MM
TMS-Q91002S,S/S BRUCE TYPE ANCHOR 2KG,119.09,0,67.74,119.09,WEST,WEST,S/S BRUCE TYPE ANCHOR 2KG
TMS-Q91005S,S/S BRUCE TYPE ANCHOR 5KG,292.58,0,166.44,292.58,WEST,WEST,S/S BRUCE TYPE ANCHOR 5KG
TMS-Q91007S,S/S BRUCE TYPE ANCHOR 7.5KG,437.62,0,248.95,437.62,WEST,WEST,S/S BRUCE TYPE ANCHOR 7.5KG
TMS-Q91010S,S/S BRUCE TYPE ANCHOR 10KG,588.79,0,334.94,588.79,WEST,WEST,S/S BRUCE TYPE ANCHOR 10KG
TMS-Q91015S,S/S BRUCE TYPE ANCHOR 15KG,870.10,0,494.97,870.10,WEST,WEST,S/S BRUCE TYPE ANCHOR 15KG
TMS-Q91020S,S/S BRUCE TYPE ANCHOR 20KG,1162.55,0,661.33,1162.55,WEST,WEST,S/S BRUCE TYPE ANCHOR 20KG
TMS-Q91030S,S/S BRUCE TYPE ANCHOR 30KG,1727.65,0,982.79,1727.65,WEST,WEST,S/S BRUCE TYPE ANCHOR 30KG
TMS-Q91105G,GALV BRUCE TYPE ANCHOR 5KG,78.92,0,44.90,78.92,WEST,WEST,GALV BRUCE TYPE ANCHOR 5KG
TMS-Q91107G,GALV BRUCE TYPE ANCHOR 7.5KG,118.15,0,67.21,118.15,WEST,WEST,GALV BRUCE TYPE ANCHOR 7.5KG
TMS-Q91110G,GALV BRUCE TYPE ANCHOR 10KG,155.24,0,88.31,155.24,WEST,WEST,GALV BRUCE TYPE ANCHOR 10KG
TMS-Q91113G,GALV BRUCE TYPE ANCHOR 13KG,205.41,0,116.85,205.41,WEST,WEST,GALV BRUCE TYPE ANCHOR 13KG
TMS-Q91115G,GALV BRUCE TYPE ANCHOR 15KG,234.84,0,133.59,234.84,WEST,WEST,GALV BRUCE TYPE ANCHOR 15KG
TMS-Q91120G,GALV BRUCE TYPE ANCHOR 20KG,308.48,0,175.48,308.48,WEST,WEST,GALV BRUCE TYPE ANCHOR 20KG
TMS-Q91130G,GALV BRUCE TYPE ANCHOR 30KG,464.26,0,264.10,464.26,WEST,WEST,GALV BRUCE TYPE ANCHOR 30KG
TMS-Q91150G,GALV BRUCE TYPE ANCHOR 50KG,772.06,0,439.19,772.06,WEST,WEST,GALV BRUCE TYPE ANCHOR 50KG
TMS-S-8800-10,WIRE ROPE CLIP 3/8,13.09,0,7.45,13.09,WEST,WEST,WIRE ROPE CLIP 3/8
TMS-S-8800-10-P,WIRE ROPE CLIP 3/8     (1/CRD),12.32,0,7.01,12.32,WEST,WEST,WIRE ROPE CLIP 3/8     (1/CRD)
TOO-215,WEXFORD SKELETON CAULKING GUN,32.83,3,17.69,32.83,WEST,WEST,WEXFORD SKELETON CAULKING GUN
TRA-1206-MG,BARNACLE BUSTER CONCENTR. GAL,149.65,2,103.21,149.65,WEST,WEST,BARNACLE BUSTER CONCENTR. GAL
TRA-1206-MQ,BARNACLE BUSTER CONCENTRATE QT,54.27,2,37.43,54.27,WEST,WEST,BARNACLE BUSTER CONCENTRATE QT
TRI-102-1-1/2,SANI HOSE 1-1/2 WHT,36.31,5,19.57,36.31,WEST,WEST,SANI HOSE 1-1/2 WHT
TRI-121-1186,BILGE HOSE 1-1/8 X 50 BLK,111.92,0,60.32,111.92,WEST,WEST,BILGE HOSE 1-1/8 X 50 BLK
TRI-144-1186,HD BILGE & LW HOSE 1-1/8 X 50,219.62,0,118.36,219.62,WEST,WEST,HD BILGE & LW HOSE 1-1/8 X 50
TRI-148-1126,XHD SANI HOSE 1-1/2 X 50 WHT,391.97,1,211.24,391.97,WEST,WEST,XHD SANI HOSE 1-1/2 X 50 WHT
TRI-149-1-1/2,XHD BILGE & LW HOSE 1-1/2,10.50,0,5.66,10.50,WEST,WEST,XHD BILGE & LW HOSE 1-1/2
TRI-162-0346,PVC RED/BLUE TRACER 3/4 X 50,180.81,0,97.44,180.81,WEST,WEST,PVC RED/BLUE TRACER 3/4 X 50
TRI-165-0126,PVC REINFRCD BLUE WTR 1/2X50,125.38,1,67.57,125.38,WEST,WEST,PVC REINFRCD BLUE WTR 1/2X50
TRI-166-0126,PVC REINFRCD RED WTR 1/2X50,125.38,1,67.57,125.38,WEST,WEST,PVC REINFRCD RED WTR 1/2X50
TRI-200-4,SOFT WALL WET EX 4 BLACK,70.82,0,38.17,70.82,WEST,WEST,SOFT WALL WET EX 4 BLACK
TRI-250-3-1/2,HWALL EX HOSE 3-1/2 BLK,66.12,0,35.63,66.12,WEST,WEST,HWALL EX HOSE 3-1/2 BLK
TRI-272V6000,BLU SILCN W/EX HUMP HS 6 X 8,269.09,0,145.02,269.09,WEST,WEST,BLU SILCN W/EX HUMP HS 6 X 8
TRI-305-0386,FUEL OB HOSE B1 3/8X50 GRAY,281.98,0,151.96,281.98,WEST,WEST,FUEL OB HOSE B1 3/8X50 GRAY
TRI-317-0586,FUEL VENT HOSE A2 5/8 X 50,371.37,-10,200.14,371.37,WEST,WEST,FUEL VENT HOSE A2 5/8 X 50
"TRI-327-1-1/2""","FUEL HOSE TYPE A2 1-1/2""",28.81,5,15.52,28.81,WEST,WEST,"FUEL HOSE TYPE A2 1-1/2"""
TRI-327-2,FUEL HOSE TYPE A2 2,47.60,0,25.65,47.60,WEST,WEST,FUEL HOSE TYPE A2 2
TRI-329-1-1/2,FUEL TYPE A2 CORR 1-1/2,49.83,0,26.86,49.83,WEST,WEST,FUEL TYPE A2 CORR 1-1/2
TRI-365-0126,FUEL HOSE TYPE A1 1/2 X 50,390.06,0,210.21,390.06,WEST,WEST,FUEL HOSE TYPE A1 1/2 X 50
TRI-365-0386,FUEL HOSE TYPE A1 3/8 X 50,302.80,1,163.19,302.80,WEST,WEST,FUEL HOSE TYPE A1 3/8 X 50
TUR-21431911,ALUM 13-1/4X19 3B RH PROP,180.34,0,114.70,180.34,WEST,WEST,ALUM 13-1/4X19 3B RH PROP
TUR-500,HUB KIT YAMAHA,100.28,0,56.15,100.28,WEST,WEST,HUB KIT YAMAHA
TX9,14/1 OZ PROPANE CYLI,16.29,1,12.81,16.29,WEST,WEST,14/1 OZ PROPANE CYLI
UNI-ATLANTIS-155,HH VHF RADIO,146.46,0,102.42,146.46,WEST,WEST,HH VHF RADIO
UNI-ATLANTIS-275,HH VHF RADIO,251.39,0,175.80,251.39,WEST,WEST,HH VHF RADIO
UNI-BATG0478-001,ANTENNA-VOYAGER,16.82,0,11.76,16.82,WEST,WEST,ANTENNA-VOYAGER
UNI-BATG0573-001,REPLACEMENT ANTENNA F/ATL-275,20.79,0,14.54,20.79,WEST,WEST,REPLACEMENT ANTENNA F/ATL-275
UNI-BATY0467-001,ANTENNA-MHS350/ATLANTIS250/BK,20.48,0,14.32,20.48,WEST,WEST,ANTENNA-MHS350/ATLANTIS250/BK
UNI-GMR3689-2CK,36-MILE SUB.GMRS/FRS RADIO,162.92,0,113.93,162.92,WEST,WEST,36-MILE SUB.GMRS/FRS RADIO
UNI-MHS-75,HAND-HELD VHF RADIO,221.52,0,154.91,221.52,WEST,WEST,HAND-HELD VHF RADIO
UNI-MHS335BT,6W FLOATING HANDHELD VHF RADIO,394.39,0,275.80,394.39,WEST,WEST,6W FLOATING HANDHELD VHF RADIO
UNI-MHS338BT,6W FLOATING HANDHELD VHF RADIO,526.38,0,368.10,526.38,WEST,WEST,6W FLOATING HANDHELD VHF RADIO
UNI-PRO-510XL,FIXED C.B.MOBILE RADIO,120.09,0,83.98,120.09,WEST,WEST,FIXED C.B.MOBILE RADIO
UNI-UM-385,FIXED MARINE CLASS-D VHF RADIO,306.95,0,214.65,306.95,WEST,WEST,FIXED MARINE CLASS-D VHF RADIO
UNI-UM-385BK,FIXED MARINE CLASS-D VHF RADIO,306.95,0,214.65,306.95,WEST,WEST,FIXED MARINE CLASS-D VHF RADIO
UNI-UM-435,FIXED MARINE CLASS-D VHF RADIO,336.89,0,235.59,336.89,WEST,WEST,FIXED MARINE CLASS-D VHF RADIO
UNI-UM-435BK,FIXED MARINE CLASS-D VHF RADIO,336.89,0,235.59,336.89,WEST,WEST,FIXED MARINE CLASS-D VHF RADIO
UNI-UM-725,FIXED MT.VHF MARINE RADIO-WHT,322.25,0,225.35,322.25,WEST,WEST,FIXED MT.VHF MARINE RADIO-WHT
UNI-UM-725BK,FIXED MT.VHF MARINE RADIO-BLK,322.25,0,225.35,322.25,WEST,WEST,FIXED MT.VHF MARINE RADIO-BLK
UNI-UM-725G,FIXED MT.VHF MARINE RADIO-WHT,366.19,0,256.08,366.19,WEST,WEST,FIXED MT.VHF MARINE RADIO-WHT
UNI-UM-725GBK,FIXED MT.VHF MARINE RADIO-BLK,366.19,0,256.08,366.19,WEST,WEST,FIXED MT.VHF MARINE RADIO-BLK
UNI-UM-725GBT,FIXED MT.VHF MARINE RADIO-WHT,415.26,0,290.39,415.26,WEST,WEST,FIXED MT.VHF MARINE RADIO-WHT
UNI-UM-725GBTBK,FIXED MT.VHF MARINE RADIO-BLK,415.26,0,290.39,415.26,WEST,WEST,FIXED MT.VHF MARINE RADIO-BLK
USS-TG-2T,2 OZ.TUB ULTRA TEF-GEL,99.11,0,53.41,99.11,WEST,WEST,2 OZ.TUB ULTRA TEF-GEL
VAC-310129,548/848 BASE KIT-WHITE,767.43,0,511.62,767.43,WEST,WEST,548/848 BASE KIT-WHITE
VAC-780012,VACUUM GENERATOR-12V VG4,2527.97,0,1685.31,2527.97,WEST,WEST,VACUUM GENERATOR-12V VG4
VAL-B-31/2,FULL PORT BRASS BALL VALVE,24.37,2,13.13,24.37,WEST,WEST,FULL PORT BRASS BALL VALVE
VAL-B-31/4,FULL PORT BRASS BALL VALVE,23.68,4,12.76,23.68,WEST,WEST,FULL PORT BRASS BALL VALVE
VAL-B-33/4,FULL PORT BRASS BALL VALVE,36.24,4,19.53,36.24,WEST,WEST,FULL PORT BRASS BALL VALVE
VAL-BV1/4S/S,FULL PORT 316 SS BALL VALVE,32.58,0,17.56,32.58,WEST,WEST,FULL PORT 316 SS BALL VALVE
VER-1426060103FT,BLK 6GA 1 BATTERY CABLE,3.89,0,2.10,3.89,WEST,WEST,BLK 6GA 1 BATTERY CABLE
VER-1426060150,BLK 6GA 50 BATTERY CABLE,177.24,1,95.52,177.24,WEST,WEST,BLK 6GA 50 BATTERY CABLE
VER-1426060301FT,GRN 6GA 1 BATTERY CABLE,4.02,50,2.17,4.02,WEST,WEST,GRN 6GA 1 BATTERY CABLE
VER-1426060850,RED 6GA 50 BATTERY CABLE,177.24,0,95.52,177.24,WEST,WEST,RED 6GA 50 BATTERY CABLE
VER-1426080101,BLK 8GA 100 BATTERY CABLE,220.44,20,118.80,220.44,WEST,WEST,BLK 8GA 100 BATTERY CABLE
VER-1426080301,GRN 8GA 100 BATTERY CABLE,220.44,0,118.80,220.44,WEST,WEST,GRN 8GA 100 BATTERY CABLE
VER-1426100801,RED 10GA 100 PRIMARY WIRE,138.31,0,74.54,138.31,WEST,WEST,RED 10GA 100 PRIMARY WIRE
VER-1426120101,BLK 12GA 100 PRIMARY WIRE,88.94,1,47.93,88.94,WEST,WEST,BLK 12GA 100 PRIMARY WIRE
VER-1426140101,BLK 14GA 100 PRIMARY WIRE,59.72,-1,32.18,59.72,WEST,WEST,BLK 14GA 100 PRIMARY WIRE
VER-1426500150,BLK 1/0 50 BATTERY CABLE,654.64,0,352.80,654.64,WEST,WEST,BLK 1/0 50 BATTERY CABLE
VER-1426500850,RED 1/0 50 BATTERY CABLE,654.64,0,352.80,654.64,WEST,WEST,RED 1/0 50 BATTERY CABLE
VER-1426600101,BLK 2/0 100 BATTERY CABLE,1516.58,0,817.32,1516.58,WEST,WEST,BLK 2/0 100 BATTERY CABLE
VER-1426600825,RED 2/0 25 BATTERY CABLE,404.37,0,217.93,404.37,WEST,WEST,RED 2/0 25 BATTERY CABLE
VER-1426600850,RED 2/0 50 BATTERY CABLE,789.56,0,425.51,789.56,WEST,WEST,RED 2/0 50 BATTERY CABLE
VER-1426991001FT,YEL 4/0 1 BATTERY CABLE,27.92,0,15.05,27.92,WEST,WEST,YEL 4/0 1 BATTERY CABLE
VER-208081050R,UL1426 50 DUP 8/2 AWG ROUND,254.02,0,136.90,254.02,WEST,WEST,UL1426 50 DUP 8/2 AWG ROUND
VER-210080101FT,RD/BLK 10/2 1 BOATCABLE WHT,3.57,80,1.93,3.57,WEST,WEST,RD/BLK 10/2 1 BOATCABLE WHT
VER-212081001,RD/YEL 12/2 100 BOATCABLE WHT,195.66,0,105.44,195.66,WEST,WEST,RD/YEL 12/2 100 BOATCABLE WHT
VER-214080101,RD/BLK 14/2 100 BOATCABLE WHT,137.54,0,74.12,137.54,WEST,WEST,RD/BLK 14/2 100 BOATCABLE WHT
VER-214081001,RD/YEL 14/2 100 BOATCABLE WHT,137.54,-1,74.12,137.54,WEST,WEST,RD/YEL 14/2 100 BOATCABLE WHT
VER-216080101,RD/BLK 16/2 100 BOATCABLE WHT,99.37,1,53.55,99.37,WEST,WEST,RD/BLK 16/2 100 BOATCABLE WHT
VER-216080101FT,16/2 AWG White- Sold Per Foot.,0.88,0,0.47,0.88,WEST,WEST,16/2 AWG White- Sold Per Foot.
VER-216081001,RD/YEL 16/2 100 BOATCABLE WHT,99.37,1,53.55,99.37,WEST,WEST,RD/YEL 16/2 100 BOATCABLE WHT
VER-218081001,RD/YEL 18/2 100 BOATCABLE WH,68.24,0,36.77,68.24,WEST,WEST,RD/YEL 18/2 100 BOATCABLE WH
VER-81141,12-10 ADH HS RING TERM,4.29,7,0.02,0.00,WEST,WEST,12-10 ADH HS RING TERM
VER-81146,(25)3/8 12-10 TERM DBL CRMP,21.38,0,11.52,21.38,WEST,WEST,(25)3/8 12-10 TERM DBL CRMP
VER-81153,(3)10 22-18 ADH HS RING TERM,4.07,6,2.20,4.07,WEST,WEST,(3)10 22-18 ADH HS RING TERM
VER-81157,(3)1/4 22-18 ADH HS RING TER,4.31,4,2.32,4.31,WEST,WEST,(3)1/4 22-18 ADH HS RING TER
VER-81161,(3)8 16-14 ADH HS RING TERM,4.07,4,2.20,4.07,WEST,WEST,(3)8 16-14 ADH HS RING TERM
VER-81162,(25)8 16-14 ADH HS RING TERM,21.58,4,11.63,21.58,WEST,WEST,(25)8 16-14 ADH HS RING TERM
VER-81165,(3)10 16-14AWG LINED HS RING,4.07,8,2.20,4.07,WEST,WEST,(3)10 16-14AWG LINED HS RING
VER-81166,(25)10 16-14AWG LINED HS RING,21.58,2,11.63,21.58,WEST,WEST,(25)10 16-14AWG LINED HS RING
VER-81168,(100)10 16-14AWG HS RING TERM,71.61,2,38.59,71.61,WEST,WEST,(100)10 16-14AWG HS RING TERM
VER-81169,(3)1/4 16-14AWG HS RING TERM,4.31,12,2.32,4.31,WEST,WEST,(3)1/4 16-14AWG HS RING TERM
VER-81173,(3)5/16 16-14 ADH HS RING TERM,4.31,5,2.32,4.31,WEST,WEST,(3)5/16 16-14 ADH HS RING TERM
VER-81176,(100)5/16 16-14AWG HS RING TER,77.71,0,41.88,77.71,WEST,WEST,(100)5/16 16-14AWG HS RING TER
VER-81181,(3)10 12-10 ADH HS RING TERM,4.71,6,2.54,4.71,WEST,WEST,(3)10 12-10 ADH HS RING TERM
VER-81182,(25)10 12-10 ADH HS RING TERM,25.99,2,14.00,25.99,WEST,WEST,(25)10 12-10 ADH HS RING TERM
VER-81183,(50)10 12-10 ADH HS RING TERM,48.71,3,26.25,48.71,WEST,WEST,(50)10 12-10 ADH HS RING TERM
VER-81185,(3)1/4 12-10 ADH HS RING TERM,4.93,6,2.65,4.93,WEST,WEST,(3)1/4 12-10 ADH HS RING TERM
VER-81186,(25)1/4 12-10 ADH HS RING TERM,27.47,2,14.80,27.47,WEST,WEST,(25)1/4 12-10 ADH HS RING TERM
VER-81189,(3)5/16 12-10 ADH HS RING TER,4.93,2,2.65,4.93,WEST,WEST,(3)5/16 12-10 ADH HS RING TER
VER-81193,(3)3/8 12-10 ADH HS RING TER,4.93,3,2.65,4.93,WEST,WEST,(3)3/8 12-10 ADH HS RING TER
VER-81198,(25)22-18 NYLON BUTT CONNECTOR,8.47,2,4.56,8.47,WEST,WEST,(25)22-18 NYLON BUTT CONNECTOR
VER-81200,(100)22-18 NYLON BUTT CONNECT,23.73,2,12.79,23.73,WEST,WEST,(100)22-18 NYLON BUTT CONNECT
VER-81204,(100)16-14 NYLON BUTT CONNECT,30.06,1,16.20,30.06,WEST,WEST,(100)16-14 NYLON BUTT CONNECT
VER-81209,(3)22-18AWG HS BUTT CONNECT,4.51,19,2.43,4.51,WEST,WEST,(3)22-18AWG HS BUTT CONNECT
VER-81210,(25)22-18AWG HS BUTT CONNECT,21.09,0,11.37,21.09,WEST,WEST,(25)22-18AWG HS BUTT CONNECT
VER-81213,(3)16-14AWG HS BUTT CONNECT,4.56,17,2.46,4.56,WEST,WEST,(3)16-14AWG HS BUTT CONNECT
VER-81214,(25)16-14AWG HS BUTT CONNECT,21.43,2,11.55,21.43,WEST,WEST,(25)16-14AWG HS BUTT CONNECT
VER-81215,(50)16-14AWG HS BUTT CONNECT,39.66,19,21.37,39.66,WEST,WEST,(50)16-14AWG HS BUTT CONNECT
VER-81216,(100)16-14AWG HS BUTT CONNECT,72.31,1,38.97,72.31,WEST,WEST,(100)16-14AWG HS BUTT CONNECT
VER-81217,(3)12-10AWG HS BUTT CONNECT,5.33,2,2.87,5.33,WEST,WEST,(3)12-10AWG HS BUTT CONNECT
VER-81218,(25)12-10AWG HS BUTT CONNECT,27.67,5,14.91,27.67,WEST,WEST,(25)12-10AWG HS BUTT CONNECT
VER-81248,(100)22-18AWG INS DISCON MALE,55.29,1,29.80,55.29,WEST,WEST,(100)22-18AWG INS DISCON MALE
VER-81253,(3)INSUL DISCONNECT MALE 12-10,4.79,13,2.58,4.79,WEST,WEST,(3)INSUL DISCONNECT MALE 12-10
VER-81261,(4)INSUL DISCONNECT FEM 16-14,4.34,5,2.34,4.34,WEST,WEST,(4)INSUL DISCONNECT FEM 16-14
VER-81265,(3)12-10 FEM INS DISCONNECT,4.79,5,2.58,4.79,WEST,WEST,(3)12-10 FEM INS DISCONNECT
VER-81266,(25)12-10 FEM INS DISCONNECT,18.72,2,10.09,18.72,WEST,WEST,(25)12-10 FEM INS DISCONNECT
VER-81269,(2)4AWG 5/16 HEAVY DUTY LUG,5.54,3,2.99,5.54,WEST,WEST,(2)4AWG 5/16 HEAVY DUTY LUG
VER-81270,(25)4AWG 5/16 HEAVY DUTY LUG,43.47,4,23.43,43.47,WEST,WEST,(25)4AWG 5/16 HEAVY DUTY LUG
VER-81273,(2)4AWG 3/8 HEAVY DUTY LUG,5.64,2,3.04,5.64,WEST,WEST,(2)4AWG 3/8 HEAVY DUTY LUG
VER-81278,(25)5/16 2AWG BATTERY LUG,57.60,1,31.04,57.60,WEST,WEST,(25)5/16 2AWG BATTERY LUG
VER-81281,(2)3/8 2AWG BATTERY LUG,6.66,0,3.59,6.66,WEST,WEST,(2)3/8 2AWG BATTERY LUG
VER-81285,(2)5/16 1AWG HEAVY DUTY LUG,6.66,0,3.59,6.66,WEST,WEST,(2)5/16 1AWG HEAVY DUTY LUG
VER-81286,(25)5/16 1AWG HEAVY DUTY LUG,57.60,1,31.04,57.60,WEST,WEST,(25)5/16 1AWG HEAVY DUTY LUG
VER-81289,(2)1AWG 3/8 HEAVY DUTY LUG,6.66,2,3.59,6.66,WEST,WEST,(2)1AWG 3/8 HEAVY DUTY LUG
VER-81290,(25)3/8 1AWG HEAVY DUTY LUG,57.60,0,31.04,57.60,WEST,WEST,(25)3/8 1AWG HEAVY DUTY LUG
VER-81293,(2)1/0AWG 5/16 HEAVY DUTY LUG,7.80,2,4.20,7.80,WEST,WEST,(2)1/0AWG 5/16 HEAVY DUTY LUG
VER-81294,(25)5/16 1/0 BATTERY LUG,71.73,1,38.65,71.73,WEST,WEST,(25)5/16 1/0 BATTERY LUG
VER-81297,(2)3/8 1/0 BATTERY LUG,7.80,5,4.20,7.80,WEST,WEST,(2)3/8 1/0 BATTERY LUG
VER-81302,(25)5/16 2/0 BATTERY LUG,87.61,1,47.21,87.61,WEST,WEST,(25)5/16 2/0 BATTERY LUG
VER-81305,(2)3/8 2/0 BATTERY LUG,9.03,0,4.87,9.03,WEST,WEST,(2)3/8 2/0 BATTERY LUG
VER-81306,(25)3/8 2/0 BATTERY LUG,87.61,2,47.21,87.61,WEST,WEST,(25)3/8 2/0 BATTERY LUG
VER-81310,(25)5/16 4/0 HEAVY DUTY LUG,136.72,1,73.68,136.72,WEST,WEST,(25)5/16 4/0 HEAVY DUTY LUG
VER-81314,(25)3/8 4/0 HEAVY DUTY LUG,136.72,1,73.68,136.72,WEST,WEST,(25)3/8 4/0 HEAVY DUTY LUG
VER-81318,(100)4 18 NYL CABLE TIE BLK,2.59,2,1.39,2.59,WEST,WEST,(100)4 18 NYL CABLE TIE BLK
VER-81330,(100)6 40 NYL CABLE TIE BLK,6.03,6,3.25,6.03,WEST,WEST,(100)6 40 NYL CABLE TIE BLK
VER-81338,(100)8 50 NYL CABLE TIE BLK,9.24,7,4.98,9.24,WEST,WEST,(100)8 50 NYL CABLE TIE BLK
VER-81342,(100)11 50 NYL CABLE TIE BLK,18.15,4,9.78,18.15,WEST,WEST,(100)11 50 NYL CABLE TIE BLK
VER-81346,(100)14 50 NYL CABLE TIE BLK,32.36,3,17.44,32.36,WEST,WEST,(100)14 50 NYL CABLE TIE BLK
VER-81350,(100)15120 NYL CABLE TIE BLK,42.38,2,22.84,42.38,WEST,WEST,(100)15120 NYL CABLE TIE BLK
VER-81410,(100)10 BLK CBL TIE MT SADDLE,34.05,1,18.35,34.05,WEST,WEST,(100)10 BLK CBL TIE MT SADDLE
VER-81418,(100)BLK CABLE TIE MOUNT ADH,43.44,1,23.41,43.44,WEST,WEST,(100)BLK CABLE TIE MOUNT ADH
VER-81431,(10)5/8 S/S CUSHION CLAMP,22.36,6,12.05,22.36,WEST,WEST,(10)5/8 S/S CUSHION CLAMP
VER-81433,(10)3/4 S/S CUSHION CLAMP,30.33,-2,16.34,30.33,WEST,WEST,(10)3/4 S/S CUSHION CLAMP
VER-81437,(10)1-1/4 S/S CUSHION CLAMP,39.70,0,21.39,39.70,WEST,WEST,(10)1-1/4 S/S CUSHION CLAMP
VER-81457,(6)1/4X6BLK DBL WALL ADH TUBE,8.95,2,4.82,8.95,WEST,WEST,(6)1/4X6BLK DBL WALL ADH TUBE
VER-81458,(6)1/4X6RED DBL WALL ADH TUBE,8.95,2,4.82,8.95,WEST,WEST,(6)1/4X6RED DBL WALL ADH TUBE
VER-81461,(6)3/8X6BLK DBL WALL ADH TUBE,13.21,1,7.12,13.21,WEST,WEST,(6)3/8X6BLK DBL WALL ADH TUBE
VER-81462,(6)3/8X6RED DBL WALL ADH TUBE,13.21,2,7.12,13.21,WEST,WEST,(6)3/8X6RED DBL WALL ADH TUBE
VER-81465,(6)1/2X6BLK DBL WALL ADH TUBE,14.26,2,7.69,14.26,WEST,WEST,(6)1/2X6BLK DBL WALL ADH TUBE
VER-81466,(6)1/2X6RED DBL WALL ADH TUBE,14.26,2,7.69,14.26,WEST,WEST,(6)1/2X6RED DBL WALL ADH TUBE
VER-81468,1/2X48RED DBL WALL ADH TUBE,14.35,1,7.73,14.35,WEST,WEST,1/2X48RED DBL WALL ADH TUBE
VER-81471,3/4X48BLK DBL WALL ADH TUBE,19.87,0,10.71,19.87,WEST,WEST,3/4X48BLK DBL WALL ADH TUBE
VER-81472,3/4X48RED DBL WALL ADH TUBE,19.87,0,10.71,19.87,WEST,WEST,3/4X48RED DBL WALL ADH TUBE
VER-81479,(50)16-14 TO 22-18 CONNECTOR,77.64,1,41.84,77.64,WEST,WEST,(50)16-14 TO 22-18 CONNECTOR
VER-81481,(3)12-10 TO 16-14 CONNECTOR,8.83,2,4.76,8.83,WEST,WEST,(3)12-10 TO 16-14 CONNECTOR
VER-81485,(3)8AWG TO 12-10 CONNECTOR,13.31,3,7.17,13.31,WEST,WEST,(3)8AWG TO 12-10 CONNECTOR
VER-81489,(3)22-18 MALE HS AD INS DISCON,5.28,3,2.84,5.28,WEST,WEST,(3)22-18 MALE HS AD INS DISCON
VER-81490,(25)22-18 MALE HS INS DISCON,27.77,2,14.97,27.77,WEST,WEST,(25)22-18 MALE HS INS DISCON
VER-81493,(3)16-14 MALE HS INS DISCON,5.28,16,2.84,5.28,WEST,WEST,(3)16-14 MALE HS INS DISCON
VER-81501,(3)22-18 FEMALE HS INS DISCON,5.28,16,2.84,5.28,WEST,WEST,(3)22-18 FEMALE HS INS DISCON
VER-81505,(3)16-14 FEMALE HS INS DISCON,5.28,4,2.84,5.28,WEST,WEST,(3)16-14 FEMALE HS INS DISCON
VER-81506,(25)16-14 FEMALE HS INS DISCON,27.77,4,14.97,27.77,WEST,WEST,(25)16-14 FEMALE HS INS DISCON
VER-81593,(7)22-18AWG VINYL INS BUTT CON,3.04,0,1.64,3.04,WEST,WEST,(7)22-18AWG VINYL INS BUTT CON
VER-81597,(7)16-14AWG VINYL INS BUTT CON,3.04,3,1.64,3.04,WEST,WEST,(7)16-14AWG VINYL INS BUTT CON
VER-81712,5/16 BLK 8PT POST W/INSULATOR,33.60,2,18.11,33.60,WEST,WEST,5/16 BLK 8PT POST W/INSULATOR
VER-81733,(25)3/8 16-14AWG HS RING TERM,23.75,2,12.80,23.75,WEST,WEST,(25)3/8 16-14AWG HS RING TERM
VER-81736,(5)22-18 5/16 NY RNGTER DBLCR,4.69,4,2.53,4.69,WEST,WEST,(5)22-18 5/16 NY RNGTER DBLCR
VER-81742,150 1/4SELF EX SPLIT LOOM,112.91,0,60.85,112.91,WEST,WEST,150 1/4SELF EX SPLIT LOOM
VER-81746,150 3/8SELF EX SPLIT LOOM,112.91,0,60.85,112.91,WEST,WEST,150 3/8SELF EX SPLIT LOOM
VER-81749,50 1/2SELF EX SPLIT LOOM,54.83,3,29.55,54.83,WEST,WEST,50 1/2SELF EX SPLIT LOOM
VER-81757,50 3/4 SELF EXT SPLIT LOOM,59.32,1,31.97,59.32,WEST,WEST,50 3/4 SELF EXT SPLIT LOOM
VER-81765,(100)8 MOUNTING CABLE TIE BLK,23.43,2,12.63,23.43,WEST,WEST,(100)8 MOUNTING CABLE TIE BLK
VER-81767,(100)11 MNTING CABLE TIE BLK,65.10,2,35.08,65.10,WEST,WEST,(100)11 MNTING CABLE TIE BLK
VER-81772,(6)8 16-14AWG TERM DBL CRMP,4.99,3,2.69,4.99,WEST,WEST,(6)8 16-14AWG TERM DBL CRMP
VER-81789,(100)11120 NYL CABLE TIE BLK,19.86,1,10.70,19.86,WEST,WEST,(100)11120 NYL CABLE TIE BLK
VER-81796,(2) 8AWG 1/4 HEAVY DUTY LUG,4.69,2,2.53,4.69,WEST,WEST,(2) 8AWG 1/4 HEAVY DUTY LUG
VER-81800,(2) 8AWG 5/16 HEAVY DUTY LUG,4.69,0,2.53,4.69,WEST,WEST,(2) 8AWG 5/16 HEAVY DUTY LUG
VER-81804,(2) 8AWG 3/8 HEAVY DUTY LUG,4.98,1,2.68,4.98,WEST,WEST,(2) 8AWG 3/8 HEAVY DUTY LUG
VER-81808,(2)6AWG 1/4 HEAVY DUTY LUG,4.98,3,2.68,4.98,WEST,WEST,(2)6AWG 1/4 HEAVY DUTY LUG
VER-81812,(2)6AWG 5/16 HEAVY DUTY LUG,4.98,2,2.68,4.98,WEST,WEST,(2)6AWG 5/16 HEAVY DUTY LUG
VER-81815,(100)6AWG 5/16 HEAVY DUTY LUG,134.23,2,72.34,134.23,WEST,WEST,(100)6AWG 5/16 HEAVY DUTY LUG
VER-81816,(2)6AWG 3/8 HEAVY DUTY LUG,4.98,7,2.68,4.98,WEST,WEST,(2)6AWG 3/8 HEAVY DUTY LUG
VER-81904,(3)5/16 22-18 ADH HS RING TERM,4.31,4,2.32,4.31,WEST,WEST,(3)5/16 22-18 ADH HS RING TERM
VER-81922,(10) 8AWG 3/8 BATTERY LUG,16.28,3,8.77,16.28,WEST,WEST,(10) 8AWG 3/8 BATTERY LUG
VER-81923,(10) 6AWG 1/4 BATTERY LUG,16.28,3,8.77,16.28,WEST,WEST,(10) 6AWG 1/4 BATTERY LUG
VER-81924,(10) 6AWG 5/16 BATTERY LUG,16.28,2,8.77,16.28,WEST,WEST,(10) 6AWG 5/16 BATTERY LUG
VER-81925,(10) 6AWG 3/8 BATTERY LUG,16.28,1,8.77,16.28,WEST,WEST,(10) 6AWG 3/8 BATTERY LUG
VER-81928,(10) 4AWG 3/8 HEAVY DUTY LUG,19.79,1,10.66,19.79,WEST,WEST,(10) 4AWG 3/8 HEAVY DUTY LUG
VER-81931,(10) 2AWG 3/8 HEAVY DUTY LUG,24.75,1,13.34,24.75,WEST,WEST,(10) 2AWG 3/8 HEAVY DUTY LUG
VER-81934,(10) 1AWG 3/8 BATTERY LUG,24.75,0,13.34,24.75,WEST,WEST,(10) 1AWG 3/8 BATTERY LUG
VER-81947,(10) 4/0 5/16 BATTERY LUG,55.84,0,30.10,55.84,WEST,WEST,(10) 4/0 5/16 BATTERY LUG
VER-81954,3/8X48YEL DBL WALL ADH TUBE,13.31,0,7.17,13.31,WEST,WEST,3/8X48YEL DBL WALL ADH TUBE
VER-82006,(3)3/8 22-18 ADH HS RING TERM,4.31,10,2.32,4.31,WEST,WEST,(3)3/8 22-18 ADH HS RING TERM
VER-82010,(10)7/8 S/S CUSHION CLAMP,30.33,-2,16.34,30.33,WEST,WEST,(10)7/8 S/S CUSHION CLAMP
VER-82020,4 STD BUSBAR W/COVER 600AMP,264.44,0,142.51,264.44,WEST,WEST,4 STD BUSBAR W/COVER 600AMP
VER-82027,4-1AWG CABLE GLAND 1/2,8.38,2,4.52,8.38,WEST,WEST,4-1AWG CABLE GLAND 1/2
VER-82042,(1) 100A ANL FUSE,44.09,1,23.76,44.09,WEST,WEST,(1) 100A ANL FUSE
VER-82062,200A MRB FUSE,28.54,4,15.38,28.54,WEST,WEST,200A MRB FUSE
VER-82066,300A MRBF HOLDER SINGLE POST,36.36,6,19.59,36.36,WEST,WEST,300A MRBF HOLDER SINGLE POST
VER-82067,300A MRBF HOLDER DOUBLE POST,48.50,3,26.14,48.50,WEST,WEST,300A MRBF HOLDER DOUBLE POST
VER-82086,(2)8AWG 10 HEAVY DUTY LUG,4.69,2,2.53,4.69,WEST,WEST,(2)8AWG 10 HEAVY DUTY LUG
VER-82091,(2)6AWG 10 HEAVY DUTY LUG,4.98,3,2.68,4.98,WEST,WEST,(2)6AWG 10 HEAVY DUTY LUG
VER-82092,(10)6AWG 10 HEAVY DUTY LUG,16.28,1,8.77,16.28,WEST,WEST,(10)6AWG 10 HEAVY DUTY LUG
VER-82109,12 SCREW BUSBAR W/COVER 250AMP,111.19,2,59.92,111.19,WEST,WEST,12 SCREW BUSBAR W/COVER 250AMP
VER-82150,(2) 8AWG 1/2 BATTERY LUG,5.54,1,2.99,5.54,WEST,WEST,(2) 8AWG 1/2 BATTERY LUG
VER-82156,(10) 6AWG 1/2 BATTERY LUG,20.52,0,11.06,20.52,WEST,WEST,(10) 6AWG 1/2 BATTERY LUG
VER-82160,(2) 4AWG 10 BATTERY LUG,5.54,3,2.99,5.54,WEST,WEST,(2) 4AWG 10 BATTERY LUG
VER-82165,(2) 4AWG 1/4 HEAVY DUTY LUG,5.54,2,2.99,5.54,WEST,WEST,(2) 4AWG 1/4 HEAVY DUTY LUG
VER-82185,(2) 1/0 1/4 BATTERY LUG,7.80,1,4.20,7.80,WEST,WEST,(2) 1/0 1/4 BATTERY LUG
VER-82186,(10) 1/0 1/4 BATTERY LUG,30.41,1,16.39,30.41,WEST,WEST,(10) 1/0 1/4 BATTERY LUG
VER-82192,(25) 2/0 1/4 BATTERY LUG,87.61,1,47.21,87.61,WEST,WEST,(25) 2/0 1/4 BATTERY LUG
VER-82196,(10) 2/0 1/2 BATTERY LUG,36.74,1,19.80,36.74,WEST,WEST,(10) 2/0 1/2 BATTERY LUG
VER-82197,(25) 2/0 1/2 BATTERY LUG,87.61,1,47.21,87.61,WEST,WEST,(25) 2/0 1/2 BATTERY LUG
VER-82227,(25) 4/0 1/2 HEAVY DUTY LUG,136.72,0,73.68,136.72,WEST,WEST,(25) 4/0 1/2 HEAVY DUTY LUG
VER-82315,5/16 RED COMPACT POWER POST,11.56,2,6.23,11.56,WEST,WEST,5/16 RED COMPACT POWER POST
VER-82316,5/16 BLK COMPACT POWER POST,11.56,1,6.23,11.56,WEST,WEST,5/16 BLK COMPACT POWER POST
VER-82317,5/16 YEL COMPACT POWER POST,11.56,2,6.23,11.56,WEST,WEST,5/16 YEL COMPACT POWER POST
VER-82530,10 SCREW BUSBAR W/COVER 150AMP,62.32,0,33.59,62.32,WEST,WEST,10 SCREW BUSBAR W/COVER 150AMP
VES-010-13269-12,ANTENNA CABLE FOR CORTEX V1/M1,41.15,0,31.65,41.15,WEST,WEST,ANTENNA CABLE FOR CORTEX V1/M1
VES-010-13270-00,311011 CORTEX H1 BLKHD FIT KIT,31.28,0,24.06,31.28,WEST,WEST,311011 CORTEX H1 BLKHD FIT KIT
VES-010-13305-00,GA38 ANTENNA CORTEX V1/M1,141.10,0,108.54,141.10,WEST,WEST,GA38 ANTENNA CORTEX V1/M1
Vet-Fan12,12 Volt Ceiling Fan,215.00,2,138.12,0.00,WEST,WEST,12 Volt Ceiling Fan
VIC-GSM900100100,OUTDOOR 2G AND 3G GSM ANTENNA,47.78,0,32.58,47.78,WEST,WEST,OUTDOOR 2G AND 3G GSM ANTENNA
VIC-GSM900100400,OUTDOOR 4G GSM ANTENNA,47.78,0,32.58,47.78,WEST,WEST,OUTDOOR 4G GSM ANTENNA
VIC-GSM900200100,ACTIVE GPS ANTENNA,43.98,0,32.58,43.98,WEST,WEST,ACTIVE GPS ANTENNA
VIL-H051C-2003,SEAFARI MINI 550 COMPACT 110V,16682.88,0,15029.62,16682.88,WEST,WEST,SEAFARI MINI 550 COMPACT 110V
VIL-H611000004,REMOTE ASSY 80' LCD CONT.,699.14,0,559.31,699.14,WEST,WEST,REMOTE ASSY 80' LCD CONT.
VTS-BOWA0301,BWOPRO301 AC BOW THRUSTER 30KG,5050.52,0,3198.66,5050.52,WEST,WEST,BWOPRO301 AC BOW THRUSTER 30KG
VTS-FTR330/32,COOL.WATER STRAIN.11/4 PORTS,261.45,0,141.75,261.45,WEST,WEST,COOL.WATER STRAIN.11/4 PORTS
VTS-FTR3301,SET O-RING & COVER F/TYPE 330,66.67,2,36.14,66.67,WEST,WEST,SET O-RING & COVER F/TYPE 330
VTS-SET0044,24V THRUSTER SOLENOID,1621.36,0,879.05,1621.36,WEST,WEST,24V THRUSTER SOLENOID
VTS-SET0090,PROPELLER 6-BLADE 250mm,526.65,0,285.53,526.65,WEST,WEST,PROPELLER 6-BLADE 250mm
VTS-SET0148,THRUSTER ZINC,134.59,1,72.97,134.59,WEST,WEST,THRUSTER ZINC
VTS-SET0149,THRUSTER ZINC,149.63,3,81.13,149.63,WEST,WEST,THRUSTER ZINC
VTS-SET0150,THUSTER ZINC,159.24,1,86.34,159.24,WEST,WEST,THUSTER ZINC
VTS-SET0151,THRUSTER ZINC,176.26,3,95.56,176.26,WEST,WEST,THRUSTER ZINC
VTS-SET0152,THRUSTER ZINC,191.28,1,103.71,191.28,WEST,WEST,THRUSTER ZINC
VTS-SET0153,THRUSTER ZINC,134.59,3,72.97,134.59,WEST,WEST,THRUSTER ZINC
VTS-SET0221,THRUSTER ZINC,143.47,1,77.79,143.47,WEST,WEST,THRUSTER ZINC
VTS-WC24S2,TOILET TYPE WCS 24V STANDARD,3762.81,0,2040.07,3762.81,WEST,WEST,TOILET TYPE WCS 24V STANDARD
WES-LANTRNSTAND,BOOM LANTERN STAND,42.59,0,22.95,42.59,WEST,WEST,BOOM LANTERN STAND
WEX-13614M-C,WIPER BLADE 14BLK. 304 S/S,19.92,2,10.74,19.92,WEST,WEST,WIPER BLADE 14BLK. 304 S/S
WEX-13618M-C,WIPER BLADE 18BLK. 304 S/S,19.92,4,10.74,19.92,WEST,WEST,WIPER BLADE 18BLK. 304 S/S
WEX-200704DS,RAD.WIPER ARM 14-18 BLK S/S,78.64,0,42.38,78.64,WEST,WEST,RAD.WIPER ARM 14-18 BLK S/S
WEX-200712DS,PANTO ARM 26-32.304SS NO ADP,532.53,1,286.99,532.53,WEST,WEST,PANTO ARM 26-32.304SS NO ADP
WEX-4A2.12.R80CEB,WIPER MTR 12V 2SP 2SLD BLK,240.66,0,129.70,240.66,WEST,WEST,WIPER MTR 12V 2SP 2SLD BLK
WEX-4R2.12R110CEB,WIPER MTR 12V 2SP 2 BLK,208.77,0,112.51,208.77,WEST,WEST,WIPER MTR 12V 2SP 2 BLK
WEX-SP-30260003,SLAVE PIVOT ADAPTER KIT,43.70,1,23.55,43.70,WEST,WEST,SLAVE PIVOT ADAPTER KIT
WHA-74031,120V-1500W HEATING ELEMENT,59.87,1,32.26,59.87,WEST,WEST,120V-1500W HEATING ELEMENT
WHA-BP1552,PUMP GULPER 220 12V BILGE/WAST,488.53,0,263.28,488.53,WEST,WEST,PUMP GULPER 220 12V BILGE/WAST
WHI-62616,BINOCULAR & STORAGE RACK,181.66,0,97.90,181.66,WEST,WEST,BINOCULAR & STORAGE RACK
WHI-6384,T STRAP HINGE S/S 7 3/4,171.59,0,92.47,171.59,WEST,WEST,T STRAP HINGE S/S 7 3/4
WHI-6546,316 SS TH W/BARB 5/8x3-3/4,131.51,0,70.87,131.51,WEST,WEST,316 SS TH W/BARB 5/8x3-3/4
WHI-6547,316 SS TH W/BARB 3/4x3-3/4,135.92,0,73.25,135.92,WEST,WEST,316 SS TH W/BARB 3/4x3-3/4
WHI-6578X,DUPLEX SS 90 TH W/BARB 1,194.40,0,104.77,194.40,WEST,WEST,DUPLEX SS 90 TH W/BARB 1
WHI-6579X,DUPLEX SS 90 TH W/BARB 1-1/8,217.17,0,117.04,217.17,WEST,WEST,DUPLEX SS 90 TH W/BARB 1-1/8
WHI-6917,316 SS 1-1/8 THRU HULL,210.30,0,113.34,210.30,WEST,WEST,316 SS 1-1/8 THRU HULL
WHI-6918,316 SS 3/4 THRU HULL,155.96,0,84.05,155.96,WEST,WEST,316 SS 3/4 THRU HULL
WHI-6920,316 SS 1 THRU HULL,250.90,0,135.22,250.90,WEST,WEST,316 SS 1 THRU HULL
WHI-6921,316 SS 1-1/4 THRU HULL,251.25,0,135.40,251.25,WEST,WEST,316 SS 1-1/4 THRU HULL
WHI-6922,316 SS 1-1/2 THRU HULL,352.39,0,189.91,352.39,WEST,WEST,316 SS 1-1/2 THRU HULL
WHI-6923,316 SS 2 THRU HULL,314.98,0,169.75,314.98,WEST,WEST,316 SS 2 THRU HULL
WHI-G-31120SS,316 SS GAS SPRING 28X120 P1F,273.80,0,147.55,273.80,WEST,WEST,316 SS GAS SPRING 28X120 P1F
WHI-S-5001,C.P. BRASS FLAGPOLE SOCKET 3/4,34.94,0,18.83,34.94,WEST,WEST,C.P. BRASS FLAGPOLE SOCKET 3/4
WHI-S-5002,C.P. BRASS FLAGPOLE SOCKET 1,46.51,0,25.06,46.51,WEST,WEST,C.P. BRASS FLAGPOLE SOCKET 1
WHI-S-5002B,POLISHED BRASS FLG PL SCKT 1,58.43,0,31.49,58.43,WEST,WEST,POLISHED BRASS FLG PL SCKT 1
WHI-S-5003,C.P. BRASS FLGPOLE SOCKT 1-1/4,86.09,0,46.39,86.09,WEST,WEST,C.P. BRASS FLGPOLE SOCKT 1-1/4
WHI-S-5003B,POLISHED BR FLG PL SCKT 1-1/4,68.35,0,36.84,68.35,WEST,WEST,POLISHED BR FLG PL SCKT 1-1/4
WHI-S-6242,304S/S BOARDING HANDLE,745.89,0,401.98,745.89,WEST,WEST,304S/S BOARDING HANDLE
WIC-10194,OFFSHORE RESCUE KNIFE RED,186.05,0,98.04,186.05,WEST,WEST,OFFSHORE RESCUE KNIFE RED
WIC-10195,OFFSHORE RESCUE KNIFE BLACK,270.34,0,142.45,270.34,WEST,WEST,OFFSHORE RESCUE KNIFE BLACK
WIC-1216,S/S CHAIN SHACKLE-15/32,137.32,0,72.36,137.32,WEST,WEST,S/S CHAIN SHACKLE-15/32
WIC-1314,SLF-LK ALLN HD PIN LNG SHACKLE,74.37,0,39.19,74.37,WEST,WEST,SLF-LK ALLN HD PIN LNG SHACKLE
WIC-1416,S/S CHAIN SHACKLE-15/32,182.38,0,96.10,182.38,WEST,WEST,S/S CHAIN SHACKLE-15/32
WIC-20320,DECK FAIRLEAD 18MM MAXROPE 5MM,40.76,0,21.48,40.76,WEST,WEST,DECK FAIRLEAD 18MM MAXROPE 5MM
WIC-20501,STRAP CUTTER,171.64,0,90.45,171.64,WEST,WEST,STRAP CUTTER
WIC-21120,SINGLE ARTICULATED FAIRLEAD,56.95,0,30.01,56.95,WEST,WEST,SINGLE ARTICULATED FAIRLEAD
WIC-2957,QUICK RELEASE CARABINER WL:8T,3366.34,0,1773.88,3366.34,WEST,WEST,QUICK RELEASE CARABINER WL:8T
WIC-29944,5/16 CHAIN GRIP KIT,193.29,0,101.85,193.29,WEST,WEST,5/16 CHAIN GRIP KIT
WIC-29955,3/8 CHAIN GRIP KIT,207.20,0,109.18,207.20,WEST,WEST,3/8 CHAIN GRIP KIT
WIC-2996,CHAIN GRIP 12MM,184.85,0,97.41,184.85,WEST,WEST,CHAIN GRIP 12MM
WIC-29966,1/2 CHAIN GRIP KIT,284.17,0,149.74,284.17,WEST,WEST,1/2 CHAIN GRIP KIT
WIC-36020,3.0 TON TEXTILE SNATCH BLOCK,896.04,0,472.16,896.04,WEST,WEST,3.0 TON TEXTILE SNATCH BLOCK
WIC-36030,4.5 TON TEXTILE SNATCH BLOCK,1328.13,0,699.86,1328.13,WEST,WEST,4.5 TON TEXTILE SNATCH BLOCK
WIC-36040,7.0 TON TEXTILE SNATCH BLOCK,1970.50,0,1038.35,1970.50,WEST,WEST,7.0 TON TEXTILE SNATCH BLOCK
WIC-6525,U-BOLT,84.20,0,44.37,84.20,WEST,WEST,U-BOLT
WIC-6614,FAIRLEAD FOLDING PADEYE 6MM,158.85,0,83.71,158.85,WEST,WEST,FAIRLEAD FOLDING PADEYE 6MM
WIC-6615,FAIRLEAD FOLDING PADEYE 8MM,183.82,0,96.86,183.82,WEST,WEST,FAIRLEAD FOLDING PADEYE 8MM
WIC-6616,FAIRLEAD FOLDING PADEYE 10MM,292.73,0,154.26,292.73,WEST,WEST,FAIRLEAD FOLDING PADEYE 10MM
WIC-6635,ROUND PADEYE 57MM FIXED,95.26,0,50.20,95.26,WEST,WEST,ROUND PADEYE 57MM FIXED
WIC-6637,ROUND PADEYE DIA 76MM M10 SCRW,404.09,0,212.93,404.09,WEST,WEST,ROUND PADEYE DIA 76MM M10 SCRW
WIC-6638,ROUND PADEYE DIA 95MM M12 SCRW,751.97,0,396.25,751.97,WEST,WEST,ROUND PADEYE DIA 95MM M12 SCRW
WIC-6644,DIAMOND PADEYE ROUND L60 (M5),66.17,0,34.87,66.17,WEST,WEST,DIAMOND PADEYE ROUND L60 (M5)
WIC-6684,FOLDING PADEYE,77.35,0,40.76,77.35,WEST,WEST,FOLDING PADEYE
WIC-9605,WICHINOX CLEANER,57.10,0,30.09,57.10,WEST,WEST,WICHINOX CLEANER
WIS-3059-784,PTBL DBL DRINK HOLDR BRITE WHT,114.33,0,61.61,114.33,WEST,WEST,PTBL DBL DRINK HOLDR BRITE WHT
WIS-3126-990,HI-BACK RECL PONTOON HELM PLAT,1230.81,0,663.31,1230.81,WEST,WEST,HI-BACK RECL PONTOON HELM PLAT
WIS-3127-990,MID BACK PONTOON HELM PLATINUM,1060.82,0,571.70,1060.82,WEST,WEST,MID BACK PONTOON HELM PLATINUM
WIS-3340-784,QUANTUM SERIES BRITE WHITE,492.03,0,265.17,492.03,WEST,WEST,QUANTUM SERIES BRITE WHITE
WIS-3374-713,AEROX MID BACK SEAT GREEN,450.92,0,243.01,450.92,WEST,WEST,AEROX MID BACK SEAT GREEN
WIS-5613-246,SPORT BUCKET W/CAMO SWIVL SEAT,242.47,0,130.67,242.47,WEST,WEST,SPORT BUCKET W/CAMO SWIVL SEAT
WIS-8WD015-3-664,PILOT CHAIR W/ARMS GREY/CHARC,455.31,0,245.38,455.31,WEST,WEST,PILOT CHAIR W/ARMS GREY/CHARC
WIS-8WD1062LS-975,HIGHBACK SEAT GREY/CHAR/WHITE,162.27,0,87.45,162.27,WEST,WEST,HIGHBACK SEAT GREY/CHAR/WHITE
WIS-8WD147B,NO PINCH HINGE SET,95.39,0,51.41,95.39,WEST,WEST,NO PINCH HINGE SET
WIS-8WD1503-784,35 QT COOLER CUSHION WHT,154.29,0,83.15,154.29,WEST,WEST,35 QT COOLER CUSHION WHT
WIS-8WD1504-784,45 QT COOLER CUSHION WHT,179.78,0,96.88,179.78,WEST,WEST,45 QT COOLER CUSHION WHT
WIS-8WD1506-784,65 QT COOLER CUSHION WHT,200.72,0,108.17,200.72,WEST,WEST,65 QT COOLER CUSHION WHT
WIS-8WD7S,"7"""" SEAT SWIVEL BLACK          """,34.87,0,18.79,34.87,WEST,WEST,"7"""" SEAT SWIVEL BLACK          """
WIS-8WD7SQR,"7""""SWIVEL & QUICK RELEASE BLACK""",81.86,0,44.12,81.86,WEST,WEST,"7""""SWIVEL & QUICK RELEASE BLACK"""
WIS-BM3338-986,PREMIER BUCKET SEAT W/FLIPUP,931.13,0,501.80,931.13,WEST,WEST,PREMIER BUCKET SEAT W/FLIPUP
WON-1X10,WONDERFLEX HOSE TYPE 100EPDM,196.36,0,105.82,196.36,WEST,WEST,WONDERFLEX HOSE TYPE 100EPDM
WON-2-1/2X10,WONDERFLEX HOSE TYPE 100EPDM,423.38,1,228.17,423.38,WEST,WEST,WONDERFLEX HOSE TYPE 100EPDM
WON-2X10,WONDERFLEX HOSE TYPE 100EPDM,297.39,0,160.27,297.39,WEST,WEST,WONDERFLEX HOSE TYPE 100EPDM
WON-3/4X10,WONDERFLEX HOSE TYPE 100EPDM,178.77,0,96.34,178.77,WEST,WEST,WONDERFLEX HOSE TYPE 100EPDM
WPT-10017,2X 1/4 PTFE PACKING,9.69,4,5.22,9.69,WEST,WEST,2X 1/4 PTFE PACKING
WPT-10031,2X 3/16 TEFPACK PACKING,10.35,3,5.58,10.35,WEST,WEST,2X 3/16 TEFPACK PACKING
WPT-10273,10LB GRAPHTEX GTU 3/4,709.67,0,382.45,709.67,WEST,WEST,10LB GRAPHTEX GTU 3/4
WPT-20015,1/8X 2X 25 MUFFLER WRAP,23.33,0,12.57,23.33,WEST,WEST,1/8X 2X 25 MUFFLER WRAP
WPT-20028,1/8X 3X 25 MUFFLER WRAP,33.40,2,18.00,33.40,WEST,WEST,1/8X 3X 25 MUFFLER WRAP
WPT-32075,3-1/2 S/S PAINTERS TOOL,10.54,0,5.68,10.54,WEST,WEST,3-1/2 S/S PAINTERS TOOL
WRE-D11621-2,S/S LOCKING DECK FILL-DIESEL,859.40,0,463.15,859.40,WEST,WEST,S/S LOCKING DECK FILL-DIESEL
WRE-P11621-1-1/2,S/S LOCKING DECK FILL-PETROL,525.95,0,283.45,525.95,WEST,WEST,S/S LOCKING DECK FILL-PETROL
WRE-P11621-2-1/2,S/S LOCKING DECK FILL-PETROL,525.95,0,283.45,525.95,WEST,WEST,S/S LOCKING DECK FILL-PETROL
WRE-W11621-1-1/2,S/S LOCKING DECK FILL-WATER,525.95,0,283.45,525.95,WEST,WEST,S/S LOCKING DECK FILL-WATER
WRE-W11621-2-1/2,S/S LOCKING DECK FILL-WATER,525.95,0,283.45,525.95,WEST,WEST,S/S LOCKING DECK FILL-WATER
WSF-WS-RO-32OZ,RUST OFF 32OZ SPRAY BOTTLE,39.41,4,23.60,39.41,WEST,WEST,RUST OFF 32OZ SPRAY BOTTLE
WSF-WS-RO-5GAL,RUST OFF 5 GALLON,377.80,0,226.23,377.80,WEST,WEST,RUST OFF 5 GALLON
X60MM,"SHAFT ZINC ANODE, STREAM- 60MM",95.63,1,27.32,95.63,WEST,WEST,"SHAFT ZINC ANODE, STREAM- 60MM"
XAN-808-0232-01,TRUECHARGE2 BATT TEMP SENSOR,70.40,0,52.93,70.40,WEST,WEST,TRUECHARGE2 BATT TEMP SENSOR
XAN-808-1840,REMOTE DISPLAY PANEL,54.57,0,41.03,54.57,WEST,WEST,REMOTE DISPLAY PANEL
XAN-808-9001-01,12V INVERTER CONROLLER,46.87,0,35.24,46.87,WEST,WEST,12V INVERTER CONROLLER
XAN-817-2040-21,FREEDOM XC-24V 2000W INVERTER,1638.43,0,1231.90,1638.43,WEST,WEST,FREEDOM XC-24V 2000W INVERTER
XAN-884-0310-12,12V 310AH LITH BATTERY INT BMS,11636.56,0,8749.29,11636.56,WEST,WEST,12V 310AH LITH BATTERY INT BMS
YBM000-QT,MICRON-CSC-CA BLUE,100.44,0,73.40,100.44,WEST,WEST,MICRON-CSC-CA BLUE
YBM010-QT,BOTTOMKOTE-CA BLUE,66.94,0,46.34,66.94,WEST,WEST,BOTTOMKOTE-CA BLUE
YBM013-GAL,BOTTOMKOTE CA BLACK,200.81,-2,146.75,200.81,WEST,WEST,BOTTOMKOTE CA BLACK
YBM013-QT,BOTTOMKOTE CA BLACK,64.36,0,48.92,64.36,WEST,WEST,BOTTOMKOTE CA BLACK
YLK000-QT,TOPLAC PLUS SNOW WHITE,89.73,0,48.36,89.73,WEST,WEST,TOPLAC PLUS SNOW WHITE
YLK195-QT,TOPLAC PLUS OYSTER WHITE,89.72,1,48.73,89.72,WEST,WEST,TOPLAC PLUS OYSTER WHITE
YLK199-QT,TOPLOAC PLUS MATTERHORN WHITE,89.72,1,48.36,89.72,WEST,WEST,TOPLOAC PLUS MATTERHORN WHITE
YMA-013,Premium Wax w/Cleaner,0.00,0,0.00,0.00,WEST,WEST,Premium Wax w/Cleaner
ZAA-FI-ZAA-005,NOFLEX DIGEST.SEWGE TREAT 475G,25.86,4,15.12,25.86,WEST,WEST,NOFLEX DIGEST.SEWGE TREAT 475G
ZIP-2011071,CABLE COVER S KIT,60.22,0,36.06,60.22,WEST,WEST,CABLE COVER S KIT
ZIP-2011145,KIT BOX 300S,3956.56,0,2369.20,3956.56,WEST,WEST,KIT BOX 300S
ZIP-2011146,KIT BOX 450S,4373.75,0,2619.01,4373.75,WEST,WEST,KIT BOX 450S
ZIP-2011147,KIT BOX 600S,5368.37,0,3214.59,5368.37,WEST,WEST,KIT BOX 600S
ZIP-2011148,KIT BOX 750S,6152.21,0,3683.96,6152.21,WEST,WEST,KIT BOX 750S
ZIP-2011230,SERVO UNIT S,900.53,0,539.24,900.53,WEST,WEST,SERVO UNIT S
ZIP-2011232,INTERCEPTOR 300S,1107.48,0,663.16,1107.48,WEST,WEST,INTERCEPTOR 300S
ZIP-2011233,INTERCEPTOR 450S,1318.97,0,789.80,1318.97,WEST,WEST,INTERCEPTOR 450S
ZIP-2011234,INTERCEPTOR 600S,1830.64,0,1096.19,1830.64,WEST,WEST,INTERCEPTOR 600S
ZIP-2011235,INTERCEPTOR 750S,2242.24,0,1342.66,2242.24,WEST,WEST,INTERCEPTOR 750S
ZIP-2011238,CONTROL PANEL S SERIES,1726.03,0,1033.55,1726.03,WEST,WEST,CONTROL PANEL S SERIES
ZIP-2011239,DISTRIBUTION UNIT S,468.47,0,280.52,468.47,WEST,WEST,DISTRIBUTION UNIT S
ZIP-2011240,EXTERNAL GPS ANTENNA,675.40,0,404.43,675.40,WEST,WEST,EXTERNAL GPS ANTENNA
ZIP-2011252,INTERCEPTOR FRONT 300S,286.54,0,171.58,286.54,WEST,WEST,INTERCEPTOR FRONT 300S
ZIP-2011253,INTERCEPTOR FRONT 450S,363.86,0,217.88,363.86,WEST,WEST,INTERCEPTOR FRONT 450S
ZIP-2011254,INTERCEPTOR FRONT 600S,482.11,0,288.69,482.11,WEST,WEST,INTERCEPTOR FRONT 600S
ZIP-2011255,INTERCEPTOR FRONT 750S,573.08,0,343.16,573.08,WEST,WEST,INTERCEPTOR FRONT 750S
ZIP-2011257,M12 STANDARD CABLE 7M,156.91,0,93.96,156.91,WEST,WEST,M12 STANDARD CABLE 7M
ZIP-2011258,M12 EXTENSION CABLE 1.5M,102.34,0,61.28,102.34,WEST,WEST,M12 EXTENSION CABLE 1.5M
ZIP-2011259,M12 EXTENSION CABLE 3M,129.63,0,77.62,129.63,WEST,WEST,M12 EXTENSION CABLE 3M
ZIP-2011260,M12 EXTENSION CABLE 5M,156.91,0,93.96,156.91,WEST,WEST,M12 EXTENSION CABLE 5M
ZIP-2011261,M12 EXTENSION CABLE 10M,259.25,0,155.24,259.25,WEST,WEST,M12 EXTENSION CABLE 10M
ZIP-2011381,CONTROL PANEL COVER WHITE,48.18,0,28.85,48.18,WEST,WEST,CONTROL PANEL COVER WHITE
ZIP-2011382,CONTROL PANEL COVER LIGHT GRAY,48.18,0,28.85,48.18,WEST,WEST,CONTROL PANEL COVER LIGHT GRAY
ZIP-2011383,CONTROL PANEL COVER MID GRAY,48.18,0,28.85,48.18,WEST,WEST,CONTROL PANEL COVER MID GRAY
ZIP-2011384,CONTROL PANEL COVER DARK GRAY,48.18,0,28.85,48.18,WEST,WEST,CONTROL PANEL COVER DARK GRAY
ZIP-2011385,CONTROL PANEL COVER BLACK,48.18,0,28.85,48.18,WEST,WEST,CONTROL PANEL COVER BLACK
ZIP-2011409,SERIES S ROLLER SET,68.89,0,41.25,68.89,WEST,WEST,SERIES S ROLLER SET
ZIP-2011410,SERIES S CAP SET,151.55,0,90.75,151.55,WEST,WEST,SERIES S CAP SET
ZIP-2011411,SERIES S SCREW SET,156.09,0,93.47,156.09,WEST,WEST,SERIES S SCREW SET
ZIP-2011482,INTERCEPTOR 450S V13,1896.59,0,1135.68,1896.59,WEST,WEST,INTERCEPTOR 450S V13
ZIP-2011483,INTERCEPTOR 450S V16,1896.59,0,1135.68,1896.59,WEST,WEST,INTERCEPTOR 450S V16
ZIP-2011484,INTERCEPTOR 450S V19,1896.59,0,1135.68,1896.59,WEST,WEST,INTERCEPTOR 450S V19
ZIP-2011485,INTERCEPTOR 450S V22,1896.59,0,1135.68,1896.59,WEST,WEST,INTERCEPTOR 450S V22
ZIP-2011515,KIT BOX INTEGRATION 300S,4650.40,0,2784.67,4650.40,WEST,WEST,KIT BOX INTEGRATION 300S
ZIP-2011516,KIT BOX INTEGRATION 450S,5067.56,0,3034.47,5067.56,WEST,WEST,KIT BOX INTEGRATION 450S
ZIP-2011517,KIT BOX INTEGRATION 600S,6062.20,0,3630.06,6062.20,WEST,WEST,KIT BOX INTEGRATION 600S
ZIP-2011518,KIT BOX INTEGRATION 750S,6846.05,0,4099.43,6846.05,WEST,WEST,KIT BOX INTEGRATION 750S
ZIP-2011519,KIT BOX INTEGRATION 300S CHINE,5186.13,0,3105.47,5186.13,WEST,WEST,KIT BOX INTEGRATION 300S CHINE
ZIP-2011520,KIT BOX INTEGRATION 450S CHINE,5666.98,0,3393.40,5666.98,WEST,WEST,KIT BOX INTEGRATION 450S CHINE
ZIP-2011585,BTS ADAPTOR PLATE SET 300S,175.67,0,105.19,175.67,WEST,WEST,BTS ADAPTOR PLATE SET 300S
ZIP-2011586,BTS ADAPTOR PLATE SET 450S,215.18,0,128.85,215.18,WEST,WEST,BTS ADAPTOR PLATE SET 450S
ZIP-2011622,CONTROL GIMBAL BRACKET,106.98,0,64.06,106.98,WEST,WEST,CONTROL GIMBAL BRACKET
ZIP-2011732,KIT BOX 300S CHINE,4492.30,0,2690.00,4492.30,WEST,WEST,KIT BOX 300S CHINE
ZIP-2011733,KIT BOX 450S CHINE,4973.16,0,2977.94,4973.16,WEST,WEST,KIT BOX 450S CHINE
ZIP-2011744,INTERCEPTOR FRONT 450S CH PORT,417.82,0,250.19,417.82,WEST,WEST,INTERCEPTOR FRONT 450S CH PORT
ZIP-2012011,KIT BOX 600E,12093.64,0,7241.70,12093.64,WEST,WEST,KIT BOX 600E
ZIP-2012033,DISTRIBUTION UNIT E,832.31,0,498.39,832.31,WEST,WEST,DISTRIBUTION UNIT E
ZIP-2012034,DISTRIBUTION EXPANSION UNIT E,936.92,0,561.03,936.92,WEST,WEST,DISTRIBUTION EXPANSION UNIT E
ZIP-2012035,SERVO UNIT E SERIES,916.33,0,548.70,916.33,WEST,WEST,SERVO UNIT E SERIES
ZIP-2012036,CABLE COVER EXTENSION E KIT,101.00,0,60.48,101.00,WEST,WEST,CABLE COVER EXTENSION E KIT
ZIP-2012037,M12 E STANDARD CABLE 15M,327.47,0,196.09,327.47,WEST,WEST,M12 E STANDARD CABLE 15M
ZIP-2012045,INTERCEPTOR FRONT 600E,1002.87,0,600.52,1002.87,WEST,WEST,INTERCEPTOR FRONT 600E
ZIP-2012046,INTERCEPTOR FRONT 800E,1209.81,0,724.44,1209.81,WEST,WEST,INTERCEPTOR FRONT 800E
ZIP-2012051,INTERCEPTOR FRONT 600E CH PORT,1209.81,0,724.44,1209.81,WEST,WEST,INTERCEPTOR FRONT 600E CH PORT
ZIP-2012052,INTERCEPTOR FRONT 600E CH STBD,1209.81,0,724.44,1209.81,WEST,WEST,INTERCEPTOR FRONT 600E CH STBD
ZIP-2012213,KIT BOX 400E,8038.28,0,4813.34,8038.28,WEST,WEST,KIT BOX 400E
ZIP-2012214,KIT BOX 400E CHINE,9041.70,0,5414.19,9041.70,WEST,WEST,KIT BOX 400E CHINE
ZIP-2012215,INTERCEPTOR 400E,2731.17,0,1635.43,2731.17,WEST,WEST,INTERCEPTOR 400E
ZIP-2012218,INTERCEPTOR 400E FRONT,832.31,0,498.39,832.31,WEST,WEST,INTERCEPTOR 400E FRONT
ZIP-2012219,INTERCEPTOR FRONT 400E CH PORT,1091.56,0,653.63,1091.56,WEST,WEST,INTERCEPTOR FRONT 400E CH PORT
ZIP-2012220,INTERCEPTOR FRONT 400E CH STBD,1091.56,0,653.63,1091.56,WEST,WEST,INTERCEPTOR FRONT 400E CH STBD
ZIP-2012235,SERVO UNIT 400E,873.24,0,522.90,873.24,WEST,WEST,SERVO UNIT 400E
ZIP-2012241,INTEGRATOR MODULE,2444.63,0,1463.85,2444.63,WEST,WEST,INTEGRATOR MODULE
ZIP-2012270,KIT BOX INTEGRATION 400E,8038.28,0,4813.34,8038.28,WEST,WEST,KIT BOX INTEGRATION 400E
ZIP-2012271,KIT BOX INTEGRATION 600E,12093.64,0,7241.70,12093.64,WEST,WEST,KIT BOX INTEGRATION 600E
ZIP-2012272,KIT BOX INTEGRATION 800E,15018.24,0,8992.96,15018.24,WEST,WEST,KIT BOX INTEGRATION 800E
ZIP-2012273,KIT BOX INTEGRATION 1000E,17936.27,0,10740.28,17936.27,WEST,WEST,KIT BOX INTEGRATION 1000E
ZIP-2012274,KIT BOX INTEGRATION 400E CHINE,9041.70,0,5414.19,9041.70,WEST,WEST,KIT BOX INTEGRATION 400E CHINE
ZIP-2012275,KIT BOX INTEGRATION 600E CHINE,12998.24,0,7783.38,12998.24,WEST,WEST,KIT BOX INTEGRATION 600E CHINE
ZIP-2012401,MINI CONTROLLER,959.67,0,574.65,959.67,WEST,WEST,MINI CONTROLLER
ZNLM589350,LEWMAR BOWTHRUSTER ANODE,16.85,0,10.42,16.85,WEST,WEST,LEWMAR BOWTHRUSTER ANODE
